ISO-10303-21;
HEADER;
FILE_DESCRIPTION (( 'STEP AP214' ),
    '1' );
FILE_NAME ('PMEG4020EXEX.STEP',
    '2024-09-09T06:06:42',
    ( '' ),
    ( '' ),
    'SwSTEP 2.0',
    'SolidWorks 2023',
    '' );
FILE_SCHEMA (( 'AUTOMOTIVE_DESIGN' ));
ENDSEC;

DATA;
#1 = SURFACE_STYLE_USAGE ( .BOTH. , #509 ) ;
#2 = CIRCLE ( 'NONE', #550, 0.1199999999999998845 ) ;
#3 = VECTOR ( 'NONE', #75, 1000.000000000000227 ) ;
#4 =( NAMED_UNIT ( * ) SI_UNIT ( $, .STERADIAN. ) SOLID_ANGLE_UNIT ( ) );
#5 = ORIENTED_EDGE ( 'NONE', *, *, #3056, .F. ) ;
#6 = AXIS2_PLACEMENT_3D ( 'NONE', #2141, #1060, #2696 ) ;
#7 = STYLED_ITEM ( 'NONE', ( #1691 ), #514 ) ;
#8 = DIRECTION ( 'NONE',  ( -1.000000000000000000, 0.000000000000000000, 0.000000000000000000 ) ) ;
#9 = CIRCLE ( 'NONE', #665, 0.09999999999999999167 ) ;
#10 =( GEOMETRIC_REPRESENTATION_CONTEXT ( 3 ) GLOBAL_UNCERTAINTY_ASSIGNED_CONTEXT ( ( #2527 ) ) GLOBAL_UNIT_ASSIGNED_CONTEXT ( ( #385, #144, #2842 ) ) REPRESENTATION_CONTEXT ( 'NONE', 'WORKASPACE' ) );
#11 = VECTOR ( 'NONE', #2631, 1000.000000000000000 ) ;
#12 = VECTOR ( 'NONE', #2902, 1000.000000000000000 ) ;
#13 = VERTEX_POINT ( 'NONE', #1405 ) ;
#14 = ORIENTED_EDGE ( 'NONE', *, *, #2931, .F. ) ;
#15 = EDGE_CURVE ( 'NONE', #3069, #3255, #1939, .T. ) ;
#16 = VECTOR ( 'NONE', #1607, 1000.000000000000000 ) ;
#17 = SURFACE_SIDE_STYLE ('',( #2366 ) ) ;
#18 =( LENGTH_UNIT ( ) NAMED_UNIT ( * ) SI_UNIT ( .MILLI., .METRE. ) );
#19 = ORIENTED_EDGE ( 'NONE', *, *, #2390, .T. ) ;
#20 = PRESENTATION_STYLE_ASSIGNMENT (( #1614 ) ) ;
#21 = FACE_OUTER_BOUND ( 'NONE', #1657, .T. ) ;
#22 = EDGE_CURVE ( 'NONE', #2474, #408, #2044, .T. ) ;
#23 = ORIENTED_EDGE ( 'NONE', *, *, #2395, .T. ) ;
#24 = FACE_OUTER_BOUND ( 'NONE', #29, .T. ) ;
#25 = CARTESIAN_POINT ( 'NONE',  ( 0.3999999999999999667, 0.2299999999999999822, 0.5499999999999990452 ) ) ;
#26 = AXIS2_PLACEMENT_3D ( 'NONE', #1830, #2880, #453 ) ;
#27 = COLOUR_RGB ( '',0.2509803921568627416, 0.2509803921568627416, 0.2509803921568627416 ) ;
#28 = VERTEX_POINT ( 'NONE', #1904 ) ;
#29 = EDGE_LOOP ( 'NONE', ( #3454, #1093, #1306, #834 ) ) ;
#30 =( NAMED_UNIT ( * ) SI_UNIT ( $, .STERADIAN. ) SOLID_ANGLE_UNIT ( ) );
#31 = EDGE_LOOP ( 'NONE', ( #2714, #2698, #1038, #1163 ) ) ;
#32 = CARTESIAN_POINT ( 'NONE',  ( 1.197357702945150315, 0.9000000000000000222, 0.6973577029451504261 ) ) ;
#33 = FILL_AREA_STYLE_COLOUR ( '', #605 ) ;
#34 = CARTESIAN_POINT ( 'NONE',  ( -1.849999999999999867, 0.2299999999999999822, -0.2500000000000000000 ) ) ;
#35 =( LENGTH_UNIT ( ) NAMED_UNIT ( * ) SI_UNIT ( .MILLI., .METRE. ) );
#36 = EDGE_LOOP ( 'NONE', ( #532, #1357, #1424, #2854 ) ) ;
#37 =( LENGTH_UNIT ( ) NAMED_UNIT ( * ) SI_UNIT ( .MILLI., .METRE. ) );
#38 = LINE ( 'NONE', #3252, #1899 ) ;
#39 = PRESENTATION_STYLE_ASSIGNMENT (( #1624 ) ) ;
#40 = ORIENTED_EDGE ( 'NONE', *, *, #2465, .T. ) ;
#41 = MECHANICAL_DESIGN_GEOMETRIC_PRESENTATION_REPRESENTATION (  '', ( #867 ), #1714 ) ;
#42 = ORIENTED_EDGE ( 'NONE', *, *, #2022, .F. ) ;
#43 = ADVANCED_FACE ( 'NONE', ( #824 ), #2710, .T. ) ;
#44 = DIRECTION ( 'NONE',  ( 1.000000000000000000, 0.000000000000000000, 0.000000000000000000 ) ) ;
#45 = CARTESIAN_POINT ( 'NONE',  ( -1.100000000000000089, 0.2299999999999999822, 0.6500000000000001332 ) ) ;
#46 = FILL_AREA_STYLE_COLOUR ( '', #751 ) ;
#47 = PLANE ( 'NONE',  #2871 ) ;
#48 = CARTESIAN_POINT ( 'NONE',  ( -1.100000000000000089, 0.2299999999999999822, 0.000000000000000000 ) ) ;
#49 = ORIENTED_EDGE ( 'NONE', *, *, #1091, .F. ) ;
#50 =( GEOMETRIC_REPRESENTATION_CONTEXT ( 3 ) GLOBAL_UNCERTAINTY_ASSIGNED_CONTEXT ( ( #1374 ) ) GLOBAL_UNIT_ASSIGNED_CONTEXT ( ( #2213, #2971, #1333 ) ) REPRESENTATION_CONTEXT ( 'NONE', 'WORKASPACE' ) );
#51 = PLANE ( 'NONE',  #905 ) ;
#52 = EDGE_CURVE ( 'NONE', #2600, #921, #96, .T. ) ;
#53 = AXIS2_PLACEMENT_3D ( 'NONE', #1475, #373, #655 ) ;
#54 = CARTESIAN_POINT ( 'NONE',  ( -1.200000000000000178, 0.2299999999999999822, 0.5499999999999999334 ) ) ;
#55 = COLOUR_RGB ( '',0.7529411764705882248, 0.7529411764705882248, 0.7529411764705882248 ) ;
#56 = FACE_OUTER_BOUND ( 'NONE', #2735, .T. ) ;
#57 = CARTESIAN_POINT ( 'NONE',  ( -1.100000000000000089, 0.2299999999999999822, 0.000000000000000000 ) ) ;
#58 = DIRECTION ( 'NONE',  ( -1.000000000000000000, 0.000000000000000000, 0.000000000000000000 ) ) ;
#59 = AXIS2_PLACEMENT_3D ( 'NONE', #2585, #1784, #2280 ) ;
#60 = SURFACE_STYLE_FILL_AREA ( #1810 ) ;
#61 = COLOUR_RGB ( '',0.2509803921568627416, 0.2509803921568627416, 0.2509803921568627416 ) ;
#62 = ADVANCED_FACE ( 'NONE', ( #2745 ), #325, .F. ) ;
#63 = EDGE_LOOP ( 'NONE', ( #3034, #280, #2137 ) ) ;
#64 = VECTOR ( 'NONE', #2673, 1000.000000000000000 ) ;
#65 = ORIENTED_EDGE ( 'NONE', *, *, #2061, .F. ) ;
#66 = UNCERTAINTY_MEASURE_WITH_UNIT (LENGTH_MEASURE( 1.000000000000000082E-05 ), #2302, 'distance_accuracy_value', 'NONE');
#67 =( NAMED_UNIT ( * ) SI_UNIT ( $, .STERADIAN. ) SOLID_ANGLE_UNIT ( ) );
#68 = PRESENTATION_STYLE_ASSIGNMENT (( #2443 ) ) ;
#69 = ORIENTED_EDGE ( 'NONE', *, *, #2716, .T. ) ;
#70 = FILL_AREA_STYLE ('',( #1896 ) ) ;
#71 = PRESENTATION_STYLE_ASSIGNMENT (( #1083 ) ) ;
#72 = CARTESIAN_POINT ( 'NONE',  ( 1.197357702945149871, 0.7925434155921183832, -0.8167003303893430877 ) ) ;
#73 = AXIS2_PLACEMENT_3D ( 'NONE', #3260, #838, #2159 ) ;
#74 = CARTESIAN_POINT ( 'NONE',  ( 0.2999999999999992673, 0.2299999999999999822, -0.6499999999999998002 ) ) ;
#75 = DIRECTION ( 'NONE',  ( 0.1039620511844977224, 0.9891328443778538704, -0.1039620511844976947 ) ) ;
#76 =( LENGTH_UNIT ( ) NAMED_UNIT ( * ) SI_UNIT ( .MILLI., .METRE. ) );
#77 = ADVANCED_FACE ( 'NONE', ( #616 ), #1415, .F. ) ;
#78 = DIRECTION ( 'NONE',  ( 0.000000000000000000, 1.000000000000000000, -0.000000000000000000 ) ) ;
#79 = EDGE_CURVE ( 'NONE', #3241, #13, #2891, .T. ) ;
#80 = ORIENTED_EDGE ( 'NONE', *, *, #2061, .T. ) ;
#81 = ADVANCED_FACE ( 'NONE', ( #1196 ), #1710, .T. ) ;
#82 = DIRECTION ( 'NONE',  ( 0.000000000000000000, 0.000000000000000000, 1.000000000000000000 ) ) ;
#83 = CARTESIAN_POINT ( 'NONE',  ( 0.3999999999999999667, 0.000000000000000000, 0.5499999999999990452 ) ) ;
#84 = FILL_AREA_STYLE ('',( #3423 ) ) ;
#85 = VECTOR ( 'NONE', #1469, 1000.000000000000000 ) ;
#86 = PRESENTATION_STYLE_ASSIGNMENT (( #2475 ) ) ;
#87 = UNCERTAINTY_MEASURE_WITH_UNIT (LENGTH_MEASURE( 1.000000000000000082E-05 ), #3109, 'distance_accuracy_value', 'NONE');
#88 = FILL_AREA_STYLE ('',( #1355 ) ) ;
#89 = MECHANICAL_DESIGN_GEOMETRIC_PRESENTATION_REPRESENTATION (  '', ( #865 ), #2101 ) ;
#90 = CARTESIAN_POINT ( 'NONE',  ( 1.386069125664689539, 0.1325434155921184354, -0.4499999999999999001 ) ) ;
#91 = ORIENTED_EDGE ( 'NONE', *, *, #1304, .F. ) ;
#92 = STYLED_ITEM ( 'NONE', ( #3342 ), #1413 ) ;
#93 = CARTESIAN_POINT ( 'NONE',  ( -1.849999999999999867, 0.000000000000000000, 0.2500000000000000000 ) ) ;
#94 = AXIS2_PLACEMENT_3D ( 'NONE', #1300, #2389, #1490 ) ;
#95 = AXIS2_PLACEMENT_3D ( 'NONE', #1873, #1350, #3457 ) ;
#96 = CIRCLE ( 'NONE', #2342, 0.1199999999999999956 ) ;
#97 = VERTEX_POINT ( 'NONE', #2333 ) ;
#98 = EDGE_CURVE ( 'NONE', #204, #1845, #964, .T. ) ;
#99 = SURFACE_SIDE_STYLE ('',( #3268 ) ) ;
#100 = FILL_AREA_STYLE_COLOUR ( '', #2636 ) ;
#101 = MECHANICAL_DESIGN_GEOMETRIC_PRESENTATION_REPRESENTATION (  '', ( #207 ), #3031 ) ;
#102 = UNCERTAINTY_MEASURE_WITH_UNIT (LENGTH_MEASURE( 1.000000000000000082E-05 ), #240, 'distance_accuracy_value', 'NONE');
#103 = FILL_AREA_STYLE ('',( #619 ) ) ;
#104 = ORIENTED_EDGE ( 'NONE', *, *, #336, .T. ) ;
#105 = SURFACE_SIDE_STYLE ('',( #1961 ) ) ;
#106 = ORIENTED_EDGE ( 'NONE', *, *, #2465, .F. ) ;
#107 = MECHANICAL_DESIGN_GEOMETRIC_PRESENTATION_REPRESENTATION (  '', ( #2059 ), #3307 ) ;
#108 = CARTESIAN_POINT ( 'NONE',  ( 1.266726498220496655, 0.000000000000000000, 0.4499999999999999001 ) ) ;
#109 = AXIS2_PLACEMENT_3D ( 'NONE', #407, #1426, #908 ) ;
#110 = EDGE_CURVE ( 'NONE', #408, #3084, #2374, .T. ) ;
#111 = STYLED_ITEM ( 'NONE', ( #2299 ), #557 ) ;
#112 = EDGE_LOOP ( 'NONE', ( #175, #813, #940, #3194, #970, #1891, #1030, #301, #525, #2123, #1008, #2096, #2269, #2998, #3257, #2444, #787, #3327, #742, #2946, #1838, #1855 ) ) ;
#113 = FILL_AREA_STYLE ('',( #130 ) ) ;
#114 = MECHANICAL_DESIGN_GEOMETRIC_PRESENTATION_REPRESENTATION (  '', ( #2814 ), #3042 ) ;
#115 = DIRECTION ( 'NONE',  ( 0.000000000000000000, 0.000000000000000000, 1.000000000000000000 ) ) ;
#116 = DIRECTION ( 'NONE',  ( 1.000000000000000000, 0.000000000000000000, 0.000000000000000000 ) ) ;
#117 = SURFACE_STYLE_USAGE ( .BOTH. , #2519 ) ;
#118 = MECHANICAL_DESIGN_GEOMETRIC_PRESENTATION_REPRESENTATION (  '', ( #1561 ), #2200 ) ;
#119 = CARTESIAN_POINT ( 'NONE',  ( 1.266726498220496655, 0.1199999999999999956, 0.9000000000000000222 ) ) ;
#120 = EDGE_CURVE ( 'NONE', #3035, #3089, #2602, .T. ) ;
#121 = VECTOR ( 'NONE', #1143, 1000.000000000000000 ) ;
#122 = VERTEX_POINT ( 'NONE', #182 ) ;
#123 = CARTESIAN_POINT ( 'NONE',  ( -1.316700330389343199, 0.7925434155921182722, 0.9000000000000000222 ) ) ;
#124 = ORIENTED_EDGE ( 'NONE', *, *, #1039, .F. ) ;
#125 =( LENGTH_UNIT ( ) NAMED_UNIT ( * ) SI_UNIT ( .MILLI., .METRE. ) );
#126 = SURFACE_SIDE_STYLE ('',( #3309 ) ) ;
#127 = CARTESIAN_POINT ( 'NONE',  ( 0.000000000000000000, 0.2299999999999999822, 0.4500000000000000111 ) ) ;
#128 = UNCERTAINTY_MEASURE_WITH_UNIT (LENGTH_MEASURE( 1.000000000000000082E-05 ), #1041, 'distance_accuracy_value', 'NONE');
#129 = VERTEX_POINT ( 'NONE', #774 ) ;
#130 = FILL_AREA_STYLE_COLOUR ( '', #2341 ) ;
#131 = VECTOR ( 'NONE', #1746, 1000.000000000000000 ) ;
#132 = FILL_AREA_STYLE_COLOUR ( '', #2529 ) ;
#133 =( GEOMETRIC_REPRESENTATION_CONTEXT ( 3 ) GLOBAL_UNCERTAINTY_ASSIGNED_CONTEXT ( ( #1116 ) ) GLOBAL_UNIT_ASSIGNED_CONTEXT ( ( #2297, #2796, #368 ) ) REPRESENTATION_CONTEXT ( 'NONE', 'WORKASPACE' ) );
#134 = DIRECTION ( 'NONE',  ( -0.000000000000000000, -1.000000000000000000, -0.000000000000000000 ) ) ;
#135 = EDGE_LOOP ( 'NONE', ( #2189, #1908, #962, #1399, #1312 ) ) ;
#136 = DIRECTION ( 'NONE',  ( 0.000000000000000000, 0.000000000000000000, -1.000000000000000000 ) ) ;
#137 = VECTOR ( 'NONE', #1653, 1000.000000000000000 ) ;
#138 = UNCERTAINTY_MEASURE_WITH_UNIT (LENGTH_MEASURE( 1.000000000000000082E-05 ), #37, 'distance_accuracy_value', 'NONE');
#139 = SURFACE_STYLE_USAGE ( .BOTH. , #938 ) ;
#140 = CARTESIAN_POINT ( 'NONE',  ( 1.386069125664689539, 0.1325434155921184354, -0.7667264982204968771 ) ) ;
#141 = AXIS2_PLACEMENT_3D ( 'NONE', #451, #995, #487 ) ;
#142 = ORIENTED_EDGE ( 'NONE', *, *, #1538, .T. ) ;
#143 = DIRECTION ( 'NONE',  ( 0.000000000000000000, -0.000000000000000000, 1.000000000000000000 ) ) ;
#144 =( NAMED_UNIT ( * ) PLANE_ANGLE_UNIT ( ) SI_UNIT ( $, .RADIAN. ) );
#145 = AXIS2_PLACEMENT_3D ( 'NONE', #119, #966, #2266 ) ;
#146 = DIRECTION ( 'NONE',  ( -0.000000000000000000, -1.000000000000000000, 0.000000000000000000 ) ) ;
#147 = SURFACE_STYLE_USAGE ( .BOTH. , #946 ) ;
#148 =( NAMED_UNIT ( * ) SI_UNIT ( $, .STERADIAN. ) SOLID_ANGLE_UNIT ( ) );
#149 =( NAMED_UNIT ( * ) PLANE_ANGLE_UNIT ( ) SI_UNIT ( $, .RADIAN. ) );
#150 = EDGE_CURVE ( 'NONE', #1013, #1944, #1246, .T. ) ;
#151 = PRESENTATION_STYLE_ASSIGNMENT (( #2234 ) ) ;
#152 = ADVANCED_FACE ( 'NONE', ( #457 ), #3249, .F. ) ;
#153 = AXIS2_PLACEMENT_3D ( 'NONE', #2165, #2740, #2685 ) ;
#154 = ORIENTED_EDGE ( 'NONE', *, *, #473, .T. ) ;
#155 = SURFACE_STYLE_USAGE ( .BOTH. , #105 ) ;
#156 = STYLED_ITEM ( 'NONE', ( #2904 ), #2119 ) ;
#157 = LINE ( 'NONE', #1464, #217 ) ;
#158 = VERTEX_POINT ( 'NONE', #72 ) ;
#159 = DIRECTION ( 'NONE',  ( 0.000000000000000000, 1.000000000000000000, -0.000000000000000000 ) ) ;
#160 = CARTESIAN_POINT ( 'NONE',  ( 1.000000000000000000, 0.2299999999999999822, 0.000000000000000000 ) ) ;
#161 = MECHANICAL_DESIGN_GEOMETRIC_PRESENTATION_REPRESENTATION (  '', ( #2754 ), #2122 ) ;
#162 = CARTESIAN_POINT ( 'NONE',  ( 2.013518320330222978E-16, 0.2299999999999999822, 0.6499999999999999112 ) ) ;
#163 = AXIS2_PLACEMENT_3D ( 'NONE', #177, #3091, #3075 ) ;
#164 = SURFACE_STYLE_USAGE ( .BOTH. , #2584 ) ;
#165 = LINE ( 'NONE', #435, #988 ) ;
#166 = VECTOR ( 'NONE', #488, 1000.000000000000000 ) ;
#167 = VECTOR ( 'NONE', #461, 1000.000000000000000 ) ;
#168 = SURFACE_SIDE_STYLE ('',( #1474 ) ) ;
#169 = ORIENTED_EDGE ( 'NONE', *, *, #1201, .T. ) ;
#170 = EDGE_CURVE ( 'NONE', #956, #2038, #915, .T. ) ;
#171 = LINE ( 'NONE', #2097, #2748 ) ;
#172 = AXIS2_PLACEMENT_3D ( 'NONE', #1929, #3018, #1647 ) ;
#173 = FACE_OUTER_BOUND ( 'NONE', #538, .T. ) ;
#174 = ORIENTED_EDGE ( 'NONE', *, *, #336, .F. ) ;
#175 = ORIENTED_EDGE ( 'NONE', *, *, #2112, .F. ) ;
#176 = CARTESIAN_POINT ( 'NONE',  ( 0.000000000000000000, 0.2299999999999999822, 0.4500000000000000111 ) ) ;
#177 = CARTESIAN_POINT ( 'NONE',  ( 0.000000000000000000, 0.2299999999999999822, 0.000000000000000000 ) ) ;
#178 = CARTESIAN_POINT ( 'NONE',  ( -1.375826025888894355, 0.2299999999999999822, -0.4500000000000000111 ) ) ;
#179 = DIRECTION ( 'NONE',  ( 0.000000000000000000, -1.000000000000000000, 0.000000000000000000 ) ) ;
#180 = FILL_AREA_STYLE ('',( #474 ) ) ;
#181 = DIRECTION ( 'NONE',  ( -1.000000000000000000, -0.000000000000000000, -0.000000000000000000 ) ) ;
#182 = CARTESIAN_POINT ( 'NONE',  ( 0.3999999999999999667, 0.000000000000000000, -0.5499999999999990452 ) ) ;
#183 = FILL_AREA_STYLE ('',( #2355 ) ) ;
#184 =( LENGTH_UNIT ( ) NAMED_UNIT ( * ) SI_UNIT ( .MILLI., .METRE. ) );
#185 = EDGE_CURVE ( 'NONE', #1440, #1944, #1645, .T. ) ;
#186 =( NAMED_UNIT ( * ) PLANE_ANGLE_UNIT ( ) SI_UNIT ( $, .RADIAN. ) );
#187 = ORIENTED_EDGE ( 'NONE', *, *, #1638, .F. ) ;
#188 = EDGE_CURVE ( 'NONE', #408, #122, #1919, .T. ) ;
#189 = PRESENTATION_STYLE_ASSIGNMENT (( #3140 ) ) ;
#190 = ORIENTED_EDGE ( 'NONE', *, *, #1133, .F. ) ;
#191 = DIRECTION ( 'NONE',  ( -1.000000000000000000, 0.000000000000000000, 0.000000000000000000 ) ) ;
#192 = SURFACE_SIDE_STYLE ('',( #1826 ) ) ;
#193 = SURFACE_STYLE_USAGE ( .BOTH. , #3460 ) ;
#194 =( LENGTH_UNIT ( ) NAMED_UNIT ( * ) SI_UNIT ( .MILLI., .METRE. ) );
#195 = CARTESIAN_POINT ( 'NONE',  ( -1.100000000000000089, 0.000000000000000000, -0.000000000000000000 ) ) ;
#196 = DIRECTION ( 'NONE',  ( 0.000000000000000000, 0.000000000000000000, -1.000000000000000000 ) ) ;
#197 = FILL_AREA_STYLE ('',( #738 ) ) ;
#198 = CARTESIAN_POINT ( 'NONE',  ( -1.399999999999999911, 0.7925434155921182722, 0.8167003303893430877 ) ) ;
#199 = PRESENTATION_STYLE_ASSIGNMENT (( #3394 ) ) ;
#200 = COLOUR_RGB ( '',0.2509803921568627416, 0.2509803921568627416, 0.2509803921568627416 ) ;
#201 = EDGE_CURVE ( 'NONE', #2028, #1794, #3318, .T. ) ;
#202 = AXIS2_PLACEMENT_3D ( 'NONE', #351, #1968, #3058 ) ;
#203 = CLOSED_SHELL ( 'NONE', ( #1978, #2828, #2385, #1098, #81, #1413, #1289, #3028, #2502, #221, #2875, #1931, #1461, #725, #43, #3312, #3164, #2686, #2471, #2119, #2608, #3324, #1185, #942, #669, #1621, #1643, #481, #2799, #1432, #2085, #2158, #1152, #1674, #909, #557, #775, #1610, #3372, #2305, #152, #1486, #973, #1917, #508, #1373, #1331 ) ) ;
#204 = VERTEX_POINT ( 'NONE', #1384 ) ;
#205 =( NAMED_UNIT ( * ) PLANE_ANGLE_UNIT ( ) SI_UNIT ( $, .RADIAN. ) );
#206 = PRESENTATION_STYLE_ASSIGNMENT (( #3175 ) ) ;
#207 = STYLED_ITEM ( 'NONE', ( #2010 ), #2085 ) ;
#208 = LINE ( 'NONE', #2610, #1049 ) ;
#209 = ORIENTED_EDGE ( 'NONE', *, *, #2395, .F. ) ;
#210 = PRESENTATION_LAYER_ASSIGNMENT (  '', '', ( #544 ) ) ;
#211 = SURFACE_STYLE_FILL_AREA ( #486 ) ;
#212 = CARTESIAN_POINT ( 'NONE',  ( 1.000000000000000000, 0.000000000000000000, -0.3499999999999992006 ) ) ;
#213 = DIRECTION ( 'NONE',  ( 1.000000000000000000, -0.000000000000000000, -0.000000000000000000 ) ) ;
#214 = CYLINDRICAL_SURFACE ( 'NONE', #3355, 0.09999999999999999167 ) ;
#215 = CIRCLE ( 'NONE', #659, 0.1000000000000000472 ) ;
#216 = PRODUCT_DEFINITION_SHAPE ( 'NONE', 'NONE',  #1933 ) ;
#217 = VECTOR ( 'NONE', #2327, 1000.000000000000000 ) ;
#218 = DIRECTION ( 'NONE',  ( 0.1039620511844977224, -0.9891328443778539814, 0.1039620511844977224 ) ) ;
#219 = VECTOR ( 'NONE', #115, 1000.000000000000000 ) ;
#220 = SURFACE_STYLE_FILL_AREA ( #1525 ) ;
#221 = ADVANCED_FACE ( 'NONE', ( #1401 ), #1706, .F. ) ;
#222 = ORIENTED_EDGE ( 'NONE', *, *, #1658, .T. ) ;
#223 = COLOUR_RGB ( '',0.7529411764705882248, 0.7529411764705882248, 0.7529411764705882248 ) ;
#224 = CARTESIAN_POINT ( 'NONE',  ( 1.100000000000000755, 0.2299999999999999822, 0.4499999999999999001 ) ) ;
#225 = DIRECTION ( 'NONE',  ( -0.000000000000000000, -1.000000000000000000, -0.000000000000000000 ) ) ;
#226 = FILL_AREA_STYLE ('',( #729 ) ) ;
#227 = SURFACE_SIDE_STYLE ('',( #2640 ) ) ;
#228 = CIRCLE ( 'NONE', #2758, 0.1199999999999999678 ) ;
#229 = ORIENTED_EDGE ( 'NONE', *, *, #1222, .T. ) ;
#230 = EDGE_CURVE ( 'NONE', #3183, #3218, #2896, .T. ) ;
#231 = PRESENTATION_LAYER_ASSIGNMENT (  '', '', ( #1561 ) ) ;
#232 = VERTEX_POINT ( 'NONE', #1468 ) ;
#233 = PRESENTATION_LAYER_ASSIGNMENT (  '', '', ( #3107 ) ) ;
#234 = DIRECTION ( 'NONE',  ( -0.000000000000000000, -1.000000000000000000, -0.000000000000000000 ) ) ;
#235 =( NAMED_UNIT ( * ) SI_UNIT ( $, .STERADIAN. ) SOLID_ANGLE_UNIT ( ) );
#236 = CARTESIAN_POINT ( 'NONE',  ( 1.100000000000000089, 0.2299999999999999822, -0.3499999999999998668 ) ) ;
#237 = LINE ( 'NONE', #1902, #1973 ) ;
#238 = SURFACE_STYLE_USAGE ( .BOTH. , #999 ) ;
#239 = VERTEX_POINT ( 'NONE', #178 ) ;
#240 =( LENGTH_UNIT ( ) NAMED_UNIT ( * ) SI_UNIT ( .MILLI., .METRE. ) );
#241 =( NAMED_UNIT ( * ) PLANE_ANGLE_UNIT ( ) SI_UNIT ( $, .RADIAN. ) );
#242 = ORIENTED_EDGE ( 'NONE', *, *, #2675, .T. ) ;
#243 = VERTEX_POINT ( 'NONE', #3092 ) ;
#244 = PRESENTATION_STYLE_ASSIGNMENT (( #2912 ) ) ;
#245 = CARTESIAN_POINT ( 'NONE',  ( 1.375826025888894355, 0.2299999999999999822, 0.9000000000000000222 ) ) ;
#246 = VERTEX_POINT ( 'NONE', #683 ) ;
#247 = SURFACE_STYLE_FILL_AREA ( #770 ) ;
#248 = DIRECTION ( 'NONE',  ( 0.000000000000000000, 0.000000000000000000, 1.000000000000000000 ) ) ;
#249 = STYLED_ITEM ( 'NONE', ( #2225 ), #1373 ) ;
#250 = ADVANCED_FACE ( 'NONE', ( #1206 ), #3335, .F. ) ;
#251 = CARTESIAN_POINT ( 'NONE',  ( -6.505213034913027837E-17, 0.2299999999999999822, -0.4499999999999997335 ) ) ;
#252 = PRESENTATION_LAYER_ASSIGNMENT (  '', '', ( #1025 ) ) ;
#253 = ORIENTED_EDGE ( 'NONE', *, *, #805, .T. ) ;
#254 = DIRECTION ( 'NONE',  ( -0.000000000000000000, -0.000000000000000000, 1.000000000000000000 ) ) ;
#255 = VECTOR ( 'NONE', #1704, 1000.000000000000000 ) ;
#256 = PRESENTATION_LAYER_ASSIGNMENT (  '', '', ( #754 ) ) ;
#257 = ADVANCED_FACE ( 'NONE', ( #2583 ), #3130, .T. ) ;
#258 = UNCERTAINTY_MEASURE_WITH_UNIT (LENGTH_MEASURE( 1.000000000000000082E-05 ), #586, 'distance_accuracy_value', 'NONE');
#259 = EDGE_LOOP ( 'NONE', ( #3420, #1372, #1221, #1409 ) ) ;
#260 = ORIENTED_EDGE ( 'NONE', *, *, #1272, .F. ) ;
#261 =( NAMED_UNIT ( * ) PLANE_ANGLE_UNIT ( ) SI_UNIT ( $, .RADIAN. ) );
#262 = DIRECTION ( 'NONE',  ( -0.1039620511844974865, -0.9891328443778540924, -0.1039620511844975836 ) ) ;
#263 = ORIENTED_EDGE ( 'NONE', *, *, #3414, .T. ) ;
#264 = CARTESIAN_POINT ( 'NONE',  ( 0.3999999999999999667, 0.000000000000000000, -0.5499999999999990452 ) ) ;
#265 = DIRECTION ( 'NONE',  ( 1.000000000000000000, 0.000000000000000000, -0.000000000000000000 ) ) ;
#266 = PLANE ( 'NONE',  #1148 ) ;
#267 = DIRECTION ( 'NONE',  ( 1.000000000000000000, 0.000000000000000000, 0.000000000000000000 ) ) ;
#268 =( GEOMETRIC_REPRESENTATION_CONTEXT ( 3 ) GLOBAL_UNCERTAINTY_ASSIGNED_CONTEXT ( ( #563 ) ) GLOBAL_UNIT_ASSIGNED_CONTEXT ( ( #668, #975, #386 ) ) REPRESENTATION_CONTEXT ( 'NONE', 'WORKASPACE' ) );
#269 = CARTESIAN_POINT ( 'NONE',  ( 0.000000000000000000, 0.7800000000000000266, -0.6973577029451504261 ) ) ;
#270 = ORIENTED_EDGE ( 'NONE', *, *, #1349, .F. ) ;
#271 = LINE ( 'NONE', #2996, #2824 ) ;
#272 = VECTOR ( 'NONE', #1701, 1000.000000000000000 ) ;
#273 = MECHANICAL_DESIGN_GEOMETRIC_PRESENTATION_REPRESENTATION (  '', ( #781 ), #2125 ) ;
#274 = CARTESIAN_POINT ( 'NONE',  ( 1.000000000000000000, 0.2299999999999999822, 0.3499999999999992006 ) ) ;
#275 = VECTOR ( 'NONE', #2851, 1000.000000000000000 ) ;
#276 = EDGE_CURVE ( 'NONE', #3089, #243, #883, .T. ) ;
#277 =( GEOMETRIC_REPRESENTATION_CONTEXT ( 3 ) GLOBAL_UNCERTAINTY_ASSIGNED_CONTEXT ( ( #3064 ) ) GLOBAL_UNIT_ASSIGNED_CONTEXT ( ( #892, #2031, #2525 ) ) REPRESENTATION_CONTEXT ( 'NONE', 'WORKASPACE' ) );
#278 =( NAMED_UNIT ( * ) PLANE_ANGLE_UNIT ( ) SI_UNIT ( $, .RADIAN. ) );
#279 = AXIS2_PLACEMENT_3D ( 'NONE', #2897, #234, #1535 ) ;
#280 = ORIENTED_EDGE ( 'NONE', *, *, #2436, .T. ) ;
#281 = VERTEX_POINT ( 'NONE', #1504 ) ;
#282 = STYLED_ITEM ( 'NONE', ( #844 ), #449 ) ;
#283 =( NAMED_UNIT ( * ) PLANE_ANGLE_UNIT ( ) SI_UNIT ( $, .RADIAN. ) );
#284 = DIRECTION ( 'NONE',  ( -0.000000000000000000, -1.000000000000000000, -0.000000000000000000 ) ) ;
#285 = ORIENTED_EDGE ( 'NONE', *, *, #416, .T. ) ;
#286 = CARTESIAN_POINT ( 'NONE',  ( 1.000000000000000000, 0.2299999999999999822, 0.3499999999999992006 ) ) ;
#287 = APPLICATION_PROTOCOL_DEFINITION ( 'draft international standard', 'automotive_design', 1998, #2893 ) ;
#288 = AXIS2_PLACEMENT_3D ( 'NONE', #2197, #2940, #795 ) ;
#289 = FACE_OUTER_BOUND ( 'NONE', #1751, .T. ) ;
#290 = LINE ( 'NONE', #74, #2030 ) ;
#291 =( NAMED_UNIT ( * ) SI_UNIT ( $, .STERADIAN. ) SOLID_ANGLE_UNIT ( ) );
#292 = EDGE_CURVE ( 'NONE', #3023, #803, #2, .T. ) ;
#293 = DIRECTION ( 'NONE',  ( 1.445602896647340149E-16, -0.000000000000000000, 1.000000000000000000 ) ) ;
#294 = VECTOR ( 'NONE', #1804, 1000.000000000000000 ) ;
#295 = ORIENTED_EDGE ( 'NONE', *, *, #3402, .F. ) ;
#296 = ORIENTED_EDGE ( 'NONE', *, *, #2752, .T. ) ;
#297 = ADVANCED_FACE ( 'NONE', ( #1228 ), #961, .F. ) ;
#298 = STYLED_ITEM ( 'NONE', ( #3354 ), #81 ) ;
#299 = CARTESIAN_POINT ( 'NONE',  ( -1.386069125664689539, 0.1325434155921184354, 0.7667264982204968771 ) ) ;
#300 = SURFACE_STYLE_USAGE ( .BOTH. , #1895 ) ;
#301 = ORIENTED_EDGE ( 'NONE', *, *, #476, .T. ) ;
#302 = FACE_OUTER_BOUND ( 'NONE', #2980, .T. ) ;
#303 = STYLED_ITEM ( 'NONE', ( #3044 ), #221 ) ;
#304 = DIRECTION ( 'NONE',  ( -1.000000000000000000, 0.000000000000000000, 3.097720492815728645E-16 ) ) ;
#305 = CARTESIAN_POINT ( 'NONE',  ( -1.197357702945150315, 0.9000000000000000222, 0.6973577029451504261 ) ) ;
#306 =( GEOMETRIC_REPRESENTATION_CONTEXT ( 3 ) GLOBAL_UNCERTAINTY_ASSIGNED_CONTEXT ( ( #361 ) ) GLOBAL_UNIT_ASSIGNED_CONTEXT ( ( #3019, #2210, #1081 ) ) REPRESENTATION_CONTEXT ( 'NONE', 'WORKASPACE' ) );
#307 = SURFACE_SIDE_STYLE ('',( #2731 ) ) ;
#308 = PRESENTATION_LAYER_ASSIGNMENT (  '', '', ( #3350 ) ) ;
#309 = CARTESIAN_POINT ( 'NONE',  ( 0.3999999999999999667, 0.2299999999999999822, -0.5499999999999990452 ) ) ;
#310 = ORIENTED_EDGE ( 'NONE', *, *, #15, .F. ) ;
#311 = ORIENTED_EDGE ( 'NONE', *, *, #1021, .F. ) ;
#312 = UNCERTAINTY_MEASURE_WITH_UNIT (LENGTH_MEASURE( 1.000000000000000082E-05 ), #3146, 'distance_accuracy_value', 'NONE');
#313 = FACE_OUTER_BOUND ( 'NONE', #675, .T. ) ;
#314 = CARTESIAN_POINT ( 'NONE',  ( 1.401289868016742268, -0.01227227440913169522, 0.7819472405725496067 ) ) ;
#315 = ORIENTED_EDGE ( 'NONE', *, *, #871, .T. ) ;
#316 = AXIS2_PLACEMENT_3D ( 'NONE', #771, #2915, #1027 ) ;
#317 = VECTOR ( 'NONE', #2544, 1000.000000000000000 ) ;
#318 =( LENGTH_UNIT ( ) NAMED_UNIT ( * ) SI_UNIT ( .MILLI., .METRE. ) );
#319 = SURFACE_STYLE_USAGE ( .BOTH. , #2480 ) ;
#320 = UNCERTAINTY_MEASURE_WITH_UNIT (LENGTH_MEASURE( 1.000000000000000082E-05 ), #318, 'distance_accuracy_value', 'NONE');
#321 = MECHANICAL_DESIGN_GEOMETRIC_PRESENTATION_REPRESENTATION (  '', ( #2178 ), #2295 ) ;
#322 = DIRECTION ( 'NONE',  ( 1.000000000000000000, -0.000000000000000000, -0.000000000000000000 ) ) ;
#323 =( NAMED_UNIT ( * ) SI_UNIT ( $, .STERADIAN. ) SOLID_ANGLE_UNIT ( ) );
#324 = EDGE_CURVE ( 'NONE', #3246, #2219, #1587, .T. ) ;
#325 = PLANE ( 'NONE',  #3066 ) ;
#326 =( LENGTH_UNIT ( ) NAMED_UNIT ( * ) SI_UNIT ( .MILLI., .METRE. ) );
#327 = STYLED_ITEM ( 'NONE', ( #1955 ), #3273 ) ;
#328 = FACE_OUTER_BOUND ( 'NONE', #1865, .T. ) ;
#329 =( GEOMETRIC_REPRESENTATION_CONTEXT ( 3 ) GLOBAL_UNCERTAINTY_ASSIGNED_CONTEXT ( ( #3285 ) ) GLOBAL_UNIT_ASSIGNED_CONTEXT ( ( #2284, #1437, #1182 ) ) REPRESENTATION_CONTEXT ( 'NONE', 'WORKASPACE' ) );
#330 = ORIENTED_EDGE ( 'NONE', *, *, #1681, .F. ) ;
#331 = VECTOR ( 'NONE', #1205, 1000.000000000000000 ) ;
#332 = UNCERTAINTY_MEASURE_WITH_UNIT (LENGTH_MEASURE( 1.000000000000000082E-05 ), #2501, 'distance_accuracy_value', 'NONE');
#333 = AXIS2_PLACEMENT_3D ( 'NONE', #3003, #1631, #2161 ) ;
#334 = VECTOR ( 'NONE', #2466, 1000.000000000000000 ) ;
#335 = CARTESIAN_POINT ( 'NONE',  ( -1.399999999999999911, 0.000000000000000000, 0.9000000000000000222 ) ) ;
#336 = EDGE_CURVE ( 'NONE', #1941, #2956, #2352, .T. ) ;
#337 = ORIENTED_EDGE ( 'NONE', *, *, #863, .T. ) ;
#338 = AXIS2_PLACEMENT_3D ( 'NONE', #1104, #1383, #527 ) ;
#339 = FILL_AREA_STYLE ('',( #2775 ) ) ;
#340 = DIRECTION ( 'NONE',  ( 0.000000000000000000, 0.000000000000000000, 1.000000000000000000 ) ) ;
#341 =( GEOMETRIC_REPRESENTATION_CONTEXT ( 3 ) GLOBAL_UNCERTAINTY_ASSIGNED_CONTEXT ( ( #405 ) ) GLOBAL_UNIT_ASSIGNED_CONTEXT ( ( #2718, #3310, #67 ) ) REPRESENTATION_CONTEXT ( 'NONE', 'WORKASPACE' ) );
#342 = PLANE ( 'NONE',  #2340 ) ;
#343 = ORIENTED_EDGE ( 'NONE', *, *, #1799, .T. ) ;
#344 =( NAMED_UNIT ( * ) SI_UNIT ( $, .STERADIAN. ) SOLID_ANGLE_UNIT ( ) );
#345 = CARTESIAN_POINT ( 'NONE',  ( -1.399999999999999911, 0.000000000000000000, 0.9000000000000000222 ) ) ;
#346 = CARTESIAN_POINT ( 'NONE',  ( 1.197357702945150315, 0.7800000000000000266, -0.6973577029451504261 ) ) ;
#347 = ORIENTED_EDGE ( 'NONE', *, *, #356, .T. ) ;
#348 = CARTESIAN_POINT ( 'NONE',  ( -1.849999999999999867, 0.000000000000000000, 0.4500000000000000111 ) ) ;
#349 = FILL_AREA_STYLE ('',( #2209 ) ) ;
#350 = ORIENTED_EDGE ( 'NONE', *, *, #2124, .T. ) ;
#351 = CARTESIAN_POINT ( 'NONE',  ( 1.266726498220496655, 0.1199999999999999956, 0.4499999999999999001 ) ) ;
#352 = CARTESIAN_POINT ( 'NONE',  ( 1.850000000000000089, 0.000000000000000000, 0.4500000000000000111 ) ) ;
#353 = PLANE ( 'NONE',  #2245 ) ;
#354 =( LENGTH_UNIT ( ) NAMED_UNIT ( * ) SI_UNIT ( .MILLI., .METRE. ) );
#355 = VERTEX_POINT ( 'NONE', #1024 ) ;
#356 = EDGE_CURVE ( 'NONE', #3255, #591, #2934, .T. ) ;
#357 = SURFACE_STYLE_FILL_AREA ( #1150 ) ;
#358 = EDGE_LOOP ( 'NONE', ( #663, #3124, #981, #3433, #1667 ) ) ;
#359 = STYLED_ITEM ( 'NONE', ( #68 ), #1331 ) ;
#360 = CARTESIAN_POINT ( 'NONE',  ( 1.000000000000000000, 0.2299999999999999822, -0.3499999999999992006 ) ) ;
#361 = UNCERTAINTY_MEASURE_WITH_UNIT (LENGTH_MEASURE( 1.000000000000000082E-05 ), #3019, 'distance_accuracy_value', 'NONE');
#362 = ORIENTED_EDGE ( 'NONE', *, *, #1989, .F. ) ;
#363 = CARTESIAN_POINT ( 'NONE',  ( 1.850000000000000089, 0.000000000000000000, -0.4500000000000000111 ) ) ;
#364 = ADVANCED_FACE ( 'NONE', ( #3441 ), #1329, .F. ) ;
#365 = PRESENTATION_LAYER_ASSIGNMENT (  '', '', ( #2910 ) ) ;
#366 = DIRECTION ( 'NONE',  ( -0.000000000000000000, -0.000000000000000000, 1.000000000000000000 ) ) ;
#367 = UNCERTAINTY_MEASURE_WITH_UNIT (LENGTH_MEASURE( 1.000000000000000082E-05 ), #873, 'distance_accuracy_value', 'NONE');
#368 =( NAMED_UNIT ( * ) SI_UNIT ( $, .STERADIAN. ) SOLID_ANGLE_UNIT ( ) );
#369 = SURFACE_STYLE_FILL_AREA ( #1417 ) ;
#370 = VECTOR ( 'NONE', #2361, 1000.000000000000000 ) ;
#371 = SURFACE_STYLE_USAGE ( .BOTH. , #3377 ) ;
#372 = ORIENTED_EDGE ( 'NONE', *, *, #2977, .F. ) ;
#373 = DIRECTION ( 'NONE',  ( 0.000000000000000000, 1.000000000000000000, -0.000000000000000000 ) ) ;
#374 = ORIENTED_EDGE ( 'NONE', *, *, #949, .F. ) ;
#375 = EDGE_CURVE ( 'NONE', #204, #2462, #1846, .T. ) ;
#376 = AXIS2_PLACEMENT_3D ( 'NONE', #2918, #2955, #530 ) ;
#377 = PRESENTATION_STYLE_ASSIGNMENT (( #2524 ) ) ;
#378 = DIRECTION ( 'NONE',  ( -0.000000000000000000, -1.000000000000000000, 0.000000000000000000 ) ) ;
#379 = CARTESIAN_POINT ( 'NONE',  ( -1.262492646016870834, 0.1602824129106107387, -0.7624926460168710562 ) ) ;
#380 = VECTOR ( 'NONE', #2289, 1000.000000000000227 ) ;
#381 = COLOUR_RGB ( '',0.2509803921568627416, 0.2509803921568627416, 0.2509803921568627416 ) ;
#382 = VERTEX_POINT ( 'NONE', #789 ) ;
#383 = MECHANICAL_DESIGN_GEOMETRIC_PRESENTATION_REPRESENTATION (  '', ( #3259 ), #3153 ) ;
#384 = AXIS2_PLACEMENT_3D ( 'NONE', #2256, #378, #1425 ) ;
#385 =( LENGTH_UNIT ( ) NAMED_UNIT ( * ) SI_UNIT ( .MILLI., .METRE. ) );
#386 =( NAMED_UNIT ( * ) SI_UNIT ( $, .STERADIAN. ) SOLID_ANGLE_UNIT ( ) );
#387 = LINE ( 'NONE', #2321, #1635 ) ;
#388 = EDGE_CURVE ( 'NONE', #2033, #13, #1067, .T. ) ;
#389 = SURFACE_STYLE_FILL_AREA ( #3079 ) ;
#390 = FILL_AREA_STYLE ('',( #1144 ) ) ;
#391 =( NAMED_UNIT ( * ) SI_UNIT ( $, .STERADIAN. ) SOLID_ANGLE_UNIT ( ) );
#392 =( GEOMETRIC_REPRESENTATION_CONTEXT ( 3 ) GLOBAL_UNCERTAINTY_ASSIGNED_CONTEXT ( ( #2812 ) ) GLOBAL_UNIT_ASSIGNED_CONTEXT ( ( #2039, #1073, #1594 ) ) REPRESENTATION_CONTEXT ( 'NONE', 'WORKASPACE' ) );
#393 = LINE ( 'NONE', #123, #1094 ) ;
#394 = DIRECTION ( 'NONE',  ( 0.000000000000000000, 0.000000000000000000, 1.000000000000000000 ) ) ;
#395 = FILL_AREA_STYLE ('',( #939 ) ) ;
#396 = EDGE_CURVE ( 'NONE', #3183, #158, #1859, .T. ) ;
#397 = VERTEX_POINT ( 'NONE', #545 ) ;
#398 = CARTESIAN_POINT ( 'NONE',  ( -1.200000000000000178, 0.000000000000000000, -0.5499999999999999334 ) ) ;
#399 = DIRECTION ( 'NONE',  ( -0.000000000000000000, -1.000000000000000000, 0.000000000000000000 ) ) ;
#400 = EDGE_CURVE ( 'NONE', #780, #1151, #2616, .T. ) ;
#401 = FACE_OUTER_BOUND ( 'NONE', #259, .T. ) ;
#402 = PLANE ( 'NONE',  #3021 ) ;
#403 = CYLINDRICAL_SURFACE ( 'NONE', #3040, 0.09999999999999993616 ) ;
#404 = ORIENTED_EDGE ( 'NONE', *, *, #2581, .T. ) ;
#405 = UNCERTAINTY_MEASURE_WITH_UNIT (LENGTH_MEASURE( 1.000000000000000082E-05 ), #2718, 'distance_accuracy_value', 'NONE');
#406 = FILL_AREA_STYLE_COLOUR ( '', #1554 ) ;
#407 = CARTESIAN_POINT ( 'NONE',  ( 1.197357702945150315, 0.7800000000000000266, 0.6973577029451503151 ) ) ;
#408 = VERTEX_POINT ( 'NONE', #2703 ) ;
#409 = VECTOR ( 'NONE', #191, 1000.000000000000000 ) ;
#410 = COLOUR_RGB ( '',0.2509803921568627416, 0.2509803921568627416, 0.2509803921568627416 ) ;
#411 = LINE ( 'NONE', #3145, #121 ) ;
#412 = CYLINDRICAL_SURFACE ( 'NONE', #26, 0.09999999999999999167 ) ;
#413 = SPHERICAL_SURFACE ( 'NONE', #59, 0.1199999999999999956 ) ;
#414 = FILL_AREA_STYLE_COLOUR ( '', #2042 ) ;
#415 = CARTESIAN_POINT ( 'NONE',  ( -1.266726498220496655, 0.000000000000000000, -0.9000000000000000222 ) ) ;
#416 = EDGE_CURVE ( 'NONE', #2523, #921, #1680, .T. ) ;
#417 = DIRECTION ( 'NONE',  ( 0.1039620511844974587, -0.9891328443778539814, -0.1039620511844979306 ) ) ;
#418 = VECTOR ( 'NONE', #181, 1000.000000000000000 ) ;
#419 = ORIENTED_EDGE ( 'NONE', *, *, #2989, .T. ) ;
#420 = FACE_OUTER_BOUND ( 'NONE', #1115, .T. ) ;
#421 = EDGE_CURVE ( 'NONE', #3089, #2523, #579, .T. ) ;
#422 = MECHANICAL_DESIGN_GEOMETRIC_PRESENTATION_REPRESENTATION (  '', ( #773 ), #2064 ) ;
#423 =( NAMED_UNIT ( * ) PLANE_ANGLE_UNIT ( ) SI_UNIT ( $, .RADIAN. ) );
#424 = STYLED_ITEM ( 'NONE', ( #3166 ), #297 ) ;
#425 = ORIENTED_EDGE ( 'NONE', *, *, #1756, .T. ) ;
#426 = ORIENTED_EDGE ( 'NONE', *, *, #2781, .T. ) ;
#427 = CYLINDRICAL_SURFACE ( 'NONE', #1580, 0.09999999999999999167 ) ;
#428 = DIRECTION ( 'NONE',  ( 0.000000000000000000, 1.000000000000000000, -0.000000000000000000 ) ) ;
#429 = DIRECTION ( 'NONE',  ( -0.000000000000000000, -1.000000000000000000, -0.000000000000000000 ) ) ;
#430 = PRESENTATION_LAYER_ASSIGNMENT (  '', '', ( #7 ) ) ;
#431 = DIRECTION ( 'NONE',  ( -0.000000000000000000, -1.000000000000000000, -0.000000000000000000 ) ) ;
#432 = COLOUR_RGB ( '',0.2509803921568627416, 0.2509803921568627416, 0.2509803921568627416 ) ;
#433 = COLOUR_RGB ( '',0.2509803921568627416, 0.2509803921568627416, 0.2509803921568627416 ) ;
#434 = FILL_AREA_STYLE ('',( #1453 ) ) ;
#435 = CARTESIAN_POINT ( 'NONE',  ( 2.013518320330222978E-16, 0.2299999999999999822, -0.6499999999999999112 ) ) ;
#436 = PRESENTATION_STYLE_ASSIGNMENT (( #686 ) ) ;
#437 = CYLINDRICAL_SURFACE ( 'NONE', #145, 0.1199999999999998845 ) ;
#438 = ADVANCED_FACE ( 'NONE', ( #1100 ), #47, .T. ) ;
#439 = FACE_OUTER_BOUND ( 'NONE', #441, .T. ) ;
#440 = COLOUR_RGB ( '',0.2509803921568627416, 0.2509803921568627416, 0.2509803921568627416 ) ;
#441 = EDGE_LOOP ( 'NONE', ( #2889, #311, #1568, #1583 ) ) ;
#442 = PRESENTATION_STYLE_ASSIGNMENT (( #2326 ) ) ;
#443 = SURFACE_SIDE_STYLE ('',( #709 ) ) ;
#444 =( NAMED_UNIT ( * ) SI_UNIT ( $, .STERADIAN. ) SOLID_ANGLE_UNIT ( ) );
#445 = FILL_AREA_STYLE_COLOUR ( '', #493 ) ;
#446 = ORIENTED_EDGE ( 'NONE', *, *, #827, .T. ) ;
#447 = DIRECTION ( 'NONE',  ( -0.000000000000000000, -1.000000000000000000, -0.000000000000000000 ) ) ;
#448 = EDGE_CURVE ( 'NONE', #281, #204, #2211, .T. ) ;
#449 = MANIFOLD_SOLID_BREP ( 'Wrap1', #203 ) ;
#450 = LINE ( 'NONE', #1843, #1344 ) ;
#451 = CARTESIAN_POINT ( 'NONE',  ( -1.399999999999999911, 0.000000000000000000, -0.9000000000000000222 ) ) ;
#452 = DIRECTION ( 'NONE',  ( 0.000000000000000000, 0.000000000000000000, -1.000000000000000000 ) ) ;
#453 = DIRECTION ( 'NONE',  ( 0.000000000000000000, 0.000000000000000000, -1.000000000000000000 ) ) ;
#454 = FILL_AREA_STYLE_COLOUR ( '', #1772 ) ;
#455 = LINE ( 'NONE', #198, #418 ) ;
#456 = MECHANICAL_DESIGN_GEOMETRIC_PRESENTATION_REPRESENTATION (  '', ( #574 ), #2217 ) ;
#457 = FACE_OUTER_BOUND ( 'NONE', #2398, .T. ) ;
#458 = VECTOR ( 'NONE', #1010, 1000.000000000000000 ) ;
#459 = FACE_OUTER_BOUND ( 'NONE', #1963, .T. ) ;
#460 = DIRECTION ( 'NONE',  ( -0.000000000000000000, -1.000000000000000000, -0.000000000000000000 ) ) ;
#461 = DIRECTION ( 'NONE',  ( 0.000000000000000000, 0.000000000000000000, 1.000000000000000000 ) ) ;
#462 = STYLED_ITEM ( 'NONE', ( #2538 ), #77 ) ;
#463 = ORIENTED_EDGE ( 'NONE', *, *, #2014, .F. ) ;
#464 = EDGE_CURVE ( 'NONE', #1481, #2835, #1962, .T. ) ;
#465 =( NAMED_UNIT ( * ) PLANE_ANGLE_UNIT ( ) SI_UNIT ( $, .RADIAN. ) );
#466 = ORIENTED_EDGE ( 'NONE', *, *, #3179, .T. ) ;
#467 = SURFACE_SIDE_STYLE ('',( #2596 ) ) ;
#468 = DIRECTION ( 'NONE',  ( 0.000000000000000000, -0.000000000000000000, -1.000000000000000000 ) ) ;
#469 = CARTESIAN_POINT ( 'NONE',  ( -1.266726498220496655, 0.1199999999999999956, 0.9000000000000000222 ) ) ;
#470 = DIRECTION ( 'NONE',  ( -1.000000000000000000, 0.000000000000000000, 1.445602896647340396E-16 ) ) ;
#471 = DIRECTION ( 'NONE',  ( 1.000000000000000000, 0.000000000000000000, 0.000000000000000000 ) ) ;
#472 = ORIENTED_EDGE ( 'NONE', *, *, #416, .F. ) ;
#473 = EDGE_CURVE ( 'NONE', #1135, #97, #1576, .T. ) ;
#474 = FILL_AREA_STYLE_COLOUR ( '', #200 ) ;
#475 = VECTOR ( 'NONE', #460, 1000.000000000000000 ) ;
#476 = EDGE_CURVE ( 'NONE', #3230, #2142, #1848, .T. ) ;
#477 = CYLINDRICAL_SURFACE ( 'NONE', #1315, 0.1199999999999999678 ) ;
#478 = VECTOR ( 'NONE', #1224, 1000.000000000000000 ) ;
#479 =( NAMED_UNIT ( * ) PLANE_ANGLE_UNIT ( ) SI_UNIT ( $, .RADIAN. ) );
#480 = EDGE_LOOP ( 'NONE', ( #425, #1188, #260, #1661 ) ) ;
#481 = ADVANCED_FACE ( 'NONE', ( #21 ), #549, .T. ) ;
#482 = FACE_OUTER_BOUND ( 'NONE', #1077, .T. ) ;
#483 =( NAMED_UNIT ( * ) SI_UNIT ( $, .STERADIAN. ) SOLID_ANGLE_UNIT ( ) );
#484 = ORIENTED_EDGE ( 'NONE', *, *, #2938, .F. ) ;
#485 = DIRECTION ( 'NONE',  ( -1.000000000000000000, 0.000000000000000000, -0.000000000000000000 ) ) ;
#486 = FILL_AREA_STYLE ('',( #2911 ) ) ;
#487 = DIRECTION ( 'NONE',  ( 0.000000000000000000, 0.9945218953682734009, 0.1045284632676534986 ) ) ;
#488 = DIRECTION ( 'NONE',  ( 0.000000000000000000, 0.000000000000000000, -1.000000000000000000 ) ) ;
#489 = CARTESIAN_POINT ( 'NONE',  ( -1.316700330389343199, 0.7925434155921183832, -0.6973577029451505371 ) ) ;
#490 =( LENGTH_UNIT ( ) NAMED_UNIT ( * ) SI_UNIT ( .MILLI., .METRE. ) );
#491 = STYLED_ITEM ( 'NONE', ( #2408 ), #3370 ) ;
#492 = MECHANICAL_DESIGN_GEOMETRIC_PRESENTATION_REPRESENTATION (  '', ( #7 ), #1613 ) ;
#493 = COLOUR_RGB ( '',0.2509803921568627416, 0.2509803921568627416, 0.2509803921568627416 ) ;
#494 = DIRECTION ( 'NONE',  ( 0.9945218953682734009, -0.1045284632676533321, 0.000000000000000000 ) ) ;
#495 = VECTOR ( 'NONE', #1131, 1000.000000000000000 ) ;
#496 = ORIENTED_EDGE ( 'NONE', *, *, #1382, .T. ) ;
#497 = PRESENTATION_LAYER_ASSIGNMENT (  '', '', ( #2013 ) ) ;
#498 = LINE ( 'NONE', #2923, #1112 ) ;
#499 = ORIENTED_EDGE ( 'NONE', *, *, #1089, .T. ) ;
#500 = DIRECTION ( 'NONE',  ( 0.000000000000000000, 0.000000000000000000, 1.000000000000000000 ) ) ;
#501 = ORIENTED_EDGE ( 'NONE', *, *, #2964, .T. ) ;
#502 = STYLED_ITEM ( 'NONE', ( #1665 ), #2597 ) ;
#503 = ORIENTED_EDGE ( 'NONE', *, *, #324, .T. ) ;
#504 = FACE_OUTER_BOUND ( 'NONE', #1192, .T. ) ;
#505 = EDGE_CURVE ( 'NONE', #1233, #1295, #1863, .T. ) ;
#506 =( NAMED_UNIT ( * ) SI_UNIT ( $, .STERADIAN. ) SOLID_ANGLE_UNIT ( ) );
#507 = CYLINDRICAL_SURFACE ( 'NONE', #2674, 0.1000000000000000472 ) ;
#508 = ADVANCED_FACE ( 'NONE', ( #289 ), #2461, .F. ) ;
#509 = SURFACE_SIDE_STYLE ('',( #2169 ) ) ;
#510 = CARTESIAN_POINT ( 'NONE',  ( 0.2999999999999992673, 0.000000000000000000, -0.6499999999999998002 ) ) ;
#511 = VERTEX_POINT ( 'NONE', #2512 ) ;
#512 = CARTESIAN_POINT ( 'NONE',  ( -6.505213034913027837E-17, 0.2299999999999999822, 0.4499999999999997335 ) ) ;
#513 = COLOUR_RGB ( '',0.7529411764705882248, 0.7529411764705882248, 0.7529411764705882248 ) ;
#514 = MANIFOLD_SOLID_BREP ( 'Boss-Extrude2[1]', #700 ) ;
#515 = CARTESIAN_POINT ( 'NONE',  ( 0.000000000000000000, 0.2299999999999999822, -0.4500000000000000111 ) ) ;
#516 = SURFACE_STYLE_USAGE ( .BOTH. , #2179 ) ;
#517 = DIRECTION ( 'NONE',  ( 0.000000000000000000, 0.000000000000000000, 1.000000000000000000 ) ) ;
#518 = EDGE_LOOP ( 'NONE', ( #2357, #1120, #1684, #1769, #2008 ) ) ;
#519 = EDGE_LOOP ( 'NONE', ( #65, #187, #620, #3039 ) ) ;
#520 = FILL_AREA_STYLE_COLOUR ( '', #433 ) ;
#521 = CIRCLE ( 'NONE', #971, 0.09999999999999993616 ) ;
#522 = PLANE ( 'NONE',  #2546 ) ;
#523 =( NAMED_UNIT ( * ) SI_UNIT ( $, .STERADIAN. ) SOLID_ANGLE_UNIT ( ) );
#524 = CARTESIAN_POINT ( 'NONE',  ( -1.399999999999999911, 0.7925434155921182722, -0.8167003303893430877 ) ) ;
#525 = ORIENTED_EDGE ( 'NONE', *, *, #2655, .T. ) ;
#526 = LINE ( 'NONE', #2707, #1590 ) ;
#527 = DIRECTION ( 'NONE',  ( 0.000000000000000000, 0.000000000000000000, 1.000000000000000000 ) ) ;
#528 = EDGE_CURVE ( 'NONE', #728, #1135, #1489, .T. ) ;
#529 = MECHANICAL_DESIGN_GEOMETRIC_PRESENTATION_REPRESENTATION (  '', ( #92 ), #3388 ) ;
#530 = DIRECTION ( 'NONE',  ( 0.000000000000000000, 0.000000000000000000, 1.000000000000000000 ) ) ;
#531 = AXIS2_PLACEMENT_3D ( 'NONE', #2739, #2684, #2723 ) ;
#532 = ORIENTED_EDGE ( 'NONE', *, *, #276, .T. ) ;
#533 = PLANE ( 'NONE',  #3162 ) ;
#534 = PRESENTATION_LAYER_ASSIGNMENT (  '', '', ( #1773 ) ) ;
#535 = MECHANICAL_DESIGN_GEOMETRIC_PRESENTATION_REPRESENTATION (  '', ( #3350 ), #2103 ) ;
#536 = STYLED_ITEM ( 'NONE', ( #151 ), #62 ) ;
#537 = DIRECTION ( 'NONE',  ( 0.9945218953682734009, -0.1045284632676535680, 0.000000000000000000 ) ) ;
#538 = EDGE_LOOP ( 'NONE', ( #731, #757, #3187, #1977 ) ) ;
#539 = DIRECTION ( 'NONE',  ( 1.000000000000000000, 0.000000000000000000, -1.445602896647340149E-16 ) ) ;
#540 = CARTESIAN_POINT ( 'NONE',  ( -1.200000000000000844, 0.2299999999999999822, 0.4500000000000000111 ) ) ;
#541 = ORIENTED_EDGE ( 'NONE', *, *, #732, .T. ) ;
#542 = ORIENTED_EDGE ( 'NONE', *, *, #914, .F. ) ;
#543 = FILL_AREA_STYLE ('',( #1628 ) ) ;
#544 = STYLED_ITEM ( 'NONE', ( #189 ), #1829 ) ;
#545 = CARTESIAN_POINT ( 'NONE',  ( 1.850000000000000089, 0.2299999999999999822, -0.2500000000000000000 ) ) ;
#546 = DIRECTION ( 'NONE',  ( 0.000000000000000000, 0.000000000000000000, -1.000000000000000000 ) ) ;
#547 = ADVANCED_FACE ( 'NONE', ( #2264 ), #2567, .F. ) ;
#548 = FILL_AREA_STYLE ('',( #2953 ) ) ;
#549 = SPHERICAL_SURFACE ( 'NONE', #996, 0.1199999999999999956 ) ;
#550 = AXIS2_PLACEMENT_3D ( 'NONE', #3375, #1800, #2806 ) ;
#551 = AXIS2_PLACEMENT_3D ( 'NONE', #703, #1454, #116 ) ;
#552 = CARTESIAN_POINT ( 'NONE',  ( 1.375826025888894355, 0.2299999999999999822, 0.4499999999999999556 ) ) ;
#553 = DIRECTION ( 'NONE',  ( 1.000000000000000000, 0.000000000000000000, 1.445602896647340396E-16 ) ) ;
#554 = CARTESIAN_POINT ( 'NONE',  ( 1.000000000000000000, 0.000000000000000000, -0.000000000000000000 ) ) ;
#555 = STYLED_ITEM ( 'NONE', ( #3359 ), #2686 ) ;
#556 = AXIS2_PLACEMENT_3D ( 'NONE', #1240, #3421, #485 ) ;
#557 = ADVANCED_FACE ( 'NONE', ( #2782 ), #932, .F. ) ;
#558 = CARTESIAN_POINT ( 'NONE',  ( -1.699999999999999956, 0.000000000000000000, 0.000000000000000000 ) ) ;
#559 = CIRCLE ( 'NONE', #1957, 0.1199999999999999956 ) ;
#560 = CARTESIAN_POINT ( 'NONE',  ( 0.2999999999999999889, 0.2299999999999999822, -0.5499999999999998224 ) ) ;
#561 = VERTEX_POINT ( 'NONE', #950 ) ;
#562 = EDGE_LOOP ( 'NONE', ( #1623, #2104, #2653 ) ) ;
#563 = UNCERTAINTY_MEASURE_WITH_UNIT (LENGTH_MEASURE( 1.000000000000000082E-05 ), #668, 'distance_accuracy_value', 'NONE');
#564 = PLANE ( 'NONE',  #1167 ) ;
#565 = STYLED_ITEM ( 'NONE', ( #1326 ), #2502 ) ;
#566 = DIRECTION ( 'NONE',  ( 0.000000000000000000, 0.000000000000000000, 1.000000000000000000 ) ) ;
#567 = ORIENTED_EDGE ( 'NONE', *, *, #2207, .T. ) ;
#568 = EDGE_CURVE ( 'NONE', #122, #2606, #2026, .T. ) ;
#569 = CARTESIAN_POINT ( 'NONE',  ( 1.266726498220496655, 0.1199999999999999956, 0.7667264982204968771 ) ) ;
#570 = DIRECTION ( 'NONE',  ( -0.000000000000000000, -1.000000000000000000, -0.000000000000000000 ) ) ;
#571 = SURFACE_SIDE_STYLE ('',( #3287 ) ) ;
#572 = CARTESIAN_POINT ( 'NONE',  ( -1.100000000000000089, 0.000000000000000000, -0.000000000000000000 ) ) ;
#573 =( NAMED_UNIT ( * ) PLANE_ANGLE_UNIT ( ) SI_UNIT ( $, .RADIAN. ) );
#574 = STYLED_ITEM ( 'NONE', ( #3319 ), #1185 ) ;
#575 = ORIENTED_EDGE ( 'NONE', *, *, #1595, .T. ) ;
#576 = VERTEX_POINT ( 'NONE', #651 ) ;
#577 = UNCERTAINTY_MEASURE_WITH_UNIT (LENGTH_MEASURE( 1.000000000000000082E-05 ), #597, 'distance_accuracy_value', 'NONE');
#578 = DIRECTION ( 'NONE',  ( 3.097720492815728645E-16, -0.000000000000000000, 1.000000000000000000 ) ) ;
#579 = LINE ( 'NONE', #314, #2429 ) ;
#580 = ORIENTED_EDGE ( 'NONE', *, *, #2430, .T. ) ;
#581 = DIRECTION ( 'NONE',  ( 0.000000000000000000, -0.000000000000000000, 1.000000000000000000 ) ) ;
#582 = PRESENTATION_LAYER_ASSIGNMENT (  '', '', ( #2095 ) ) ;
#583 = EDGE_CURVE ( 'NONE', #1777, #921, #3117, .T. ) ;
#584 = SURFACE_STYLE_USAGE ( .BOTH. , #2665 ) ;
#585 = PRESENTATION_STYLE_ASSIGNMENT (( #319 ) ) ;
#586 =( LENGTH_UNIT ( ) NAMED_UNIT ( * ) SI_UNIT ( .MILLI., .METRE. ) );
#587 = DIRECTION ( 'NONE',  ( 0.000000000000000000, 0.000000000000000000, -1.000000000000000000 ) ) ;
#588 = DIRECTION ( 'NONE',  ( -1.000000000000000000, 0.000000000000000000, -1.445602896647340149E-16 ) ) ;
#589 = EDGE_CURVE ( 'NONE', #1505, #1698, #618, .T. ) ;
#590 = MECHANICAL_DESIGN_GEOMETRIC_PRESENTATION_REPRESENTATION (  '', ( #868 ), #3136 ) ;
#591 = VERTEX_POINT ( 'NONE', #2768 ) ;
#592 = ORIENTED_EDGE ( 'NONE', *, *, #583, .F. ) ;
#593 = CARTESIAN_POINT ( 'NONE',  ( -1.399999999999999911, 0.1199999999999999956, -0.7667264982204968771 ) ) ;
#594 = SURFACE_STYLE_FILL_AREA ( #349 ) ;
#595 = DIRECTION ( 'NONE',  ( 0.000000000000000000, 0.000000000000000000, -1.000000000000000000 ) ) ;
#596 = ORIENTED_EDGE ( 'NONE', *, *, #836, .T. ) ;
#597 =( LENGTH_UNIT ( ) NAMED_UNIT ( * ) SI_UNIT ( .MILLI., .METRE. ) );
#598 = COLOUR_RGB ( '',0.2509803921568627416, 0.2509803921568627416, 0.2509803921568627416 ) ;
#599 = DIRECTION ( 'NONE',  ( -1.000000000000000000, 0.000000000000000000, -3.097720492815728645E-16 ) ) ;
#600 = UNCERTAINTY_MEASURE_WITH_UNIT (LENGTH_MEASURE( 1.000000000000000082E-05 ), #2335, 'distance_accuracy_value', 'NONE');
#601 = FILL_AREA_STYLE_COLOUR ( '', #3360 ) ;
#602 = ORIENTED_EDGE ( 'NONE', *, *, #2752, .F. ) ;
#603 = MECHANICAL_DESIGN_GEOMETRIC_PRESENTATION_REPRESENTATION (  '', ( #714 ), #2860 ) ;
#604 = DIRECTION ( 'NONE',  ( 0.000000000000000000, 1.000000000000000000, -0.000000000000000000 ) ) ;
#605 = COLOUR_RGB ( '',0.2509803921568627416, 0.2509803921568627416, 0.2509803921568627416 ) ;
#606 = ORIENTED_EDGE ( 'NONE', *, *, #1222, .F. ) ;
#607 = COLOUR_RGB ( '',0.2509803921568627416, 0.2509803921568627416, 0.2509803921568627416 ) ;
#608 = VECTOR ( 'NONE', #1552, 1000.000000000000000 ) ;
#609 = PRESENTATION_STYLE_ASSIGNMENT (( #2223 ) ) ;
#610 = EDGE_LOOP ( 'NONE', ( #1114, #1155, #2338, #263 ) ) ;
#611 = MECHANICAL_DESIGN_GEOMETRIC_PRESENTATION_REPRESENTATION (  '', ( #2311 ), #1227 ) ;
#612 = DIRECTION ( 'NONE',  ( -0.000000000000000000, -1.000000000000000000, 0.000000000000000000 ) ) ;
#613 = DIRECTION ( 'NONE',  ( 0.000000000000000000, -1.000000000000000000, 0.000000000000000000 ) ) ;
#614 = EDGE_CURVE ( 'NONE', #1719, #2551, #3168, .T. ) ;
#615 = LINE ( 'NONE', #2709, #3118 ) ;
#616 = FACE_OUTER_BOUND ( 'NONE', #31, .T. ) ;
#617 = CARTESIAN_POINT ( 'NONE',  ( 0.2999999999999999889, 0.2299999999999999822, 0.5499999999999998224 ) ) ;
#618 = LINE ( 'NONE', #1208, #1216 ) ;
#619 = FILL_AREA_STYLE_COLOUR ( '', #2757 ) ;
#620 = ORIENTED_EDGE ( 'NONE', *, *, #923, .F. ) ;
#621 = LINE ( 'NONE', #3033, #1945 ) ;
#622 = EDGE_LOOP ( 'NONE', ( #3225, #1369, #2928, #1872 ) ) ;
#623 = SURFACE_SIDE_STYLE ('',( #2271 ) ) ;
#624 =( GEOMETRIC_REPRESENTATION_CONTEXT ( 3 ) GLOBAL_UNCERTAINTY_ASSIGNED_CONTEXT ( ( #3451 ) ) GLOBAL_UNIT_ASSIGNED_CONTEXT ( ( #1985, #1728, #737 ) ) REPRESENTATION_CONTEXT ( 'NONE', 'WORKASPACE' ) );
#625 = EDGE_CURVE ( 'NONE', #28, #799, #2056, .T. ) ;
#626 = DIRECTION ( 'NONE',  ( 0.000000000000000000, 1.000000000000000000, -0.000000000000000000 ) ) ;
#627 = DIRECTION ( 'NONE',  ( -1.000000000000000000, 0.000000000000000000, 0.000000000000000000 ) ) ;
#628 = ORIENTED_EDGE ( 'NONE', *, *, #3147, .T. ) ;
#629 = SURFACE_STYLE_USAGE ( .BOTH. , #1430 ) ;
#630 =( LENGTH_UNIT ( ) NAMED_UNIT ( * ) SI_UNIT ( .MILLI., .METRE. ) );
#631 = FILL_AREA_STYLE_COLOUR ( '', #1189 ) ;
#632 = PLANE ( 'NONE',  #646 ) ;
#633 = CARTESIAN_POINT ( 'NONE',  ( -1.849999999999999867, 0.2299999999999999822, 0.09999999999999995004 ) ) ;
#634 = SURFACE_STYLE_USAGE ( .BOTH. , #1958 ) ;
#635 = SURFACE_STYLE_USAGE ( .BOTH. , #168 ) ;
#636 = DIRECTION ( 'NONE',  ( 0.000000000000000000, -9.035018104045870941E-16, 1.000000000000000000 ) ) ;
#637 = ORIENTED_EDGE ( 'NONE', *, *, #2349, .F. ) ;
#638 =( NAMED_UNIT ( * ) PLANE_ANGLE_UNIT ( ) SI_UNIT ( $, .RADIAN. ) );
#639 = PRESENTATION_LAYER_ASSIGNMENT (  '', '', ( #359 ) ) ;
#640 =( GEOMETRIC_REPRESENTATION_CONTEXT ( 3 ) GLOBAL_UNCERTAINTY_ASSIGNED_CONTEXT ( ( #1581 ) ) GLOBAL_UNIT_ASSIGNED_CONTEXT ( ( #1366, #1633, #1121 ) ) REPRESENTATION_CONTEXT ( 'NONE', 'WORKASPACE' ) );
#641 = SURFACE_STYLE_USAGE ( .BOTH. , #126 ) ;
#642 = CYLINDRICAL_SURFACE ( 'NONE', #3038, 0.1199999999999999678 ) ;
#643 = UNCERTAINTY_MEASURE_WITH_UNIT (LENGTH_MEASURE( 1.000000000000000082E-05 ), #788, 'distance_accuracy_value', 'NONE');
#644 = ORIENTED_EDGE ( 'NONE', *, *, #2652, .F. ) ;
#645 = PRESENTATION_STYLE_ASSIGNMENT (( #629 ) ) ;
#646 = AXIS2_PLACEMENT_3D ( 'NONE', #1009, #998, #1574 ) ;
#647 = EDGE_CURVE ( 'NONE', #2734, #561, #3184, .T. ) ;
#648 =( GEOMETRIC_REPRESENTATION_CONTEXT ( 3 ) GLOBAL_UNCERTAINTY_ASSIGNED_CONTEXT ( ( #1180 ) ) GLOBAL_UNIT_ASSIGNED_CONTEXT ( ( #2488, #1134, #1321 ) ) REPRESENTATION_CONTEXT ( 'NONE', 'WORKASPACE' ) );
#649 = UNCERTAINTY_MEASURE_WITH_UNIT (LENGTH_MEASURE( 1.000000000000000082E-05 ), #2469, 'distance_accuracy_value', 'NONE');
#650 = DIRECTION ( 'NONE',  ( 0.000000000000000000, 1.000000000000000000, -0.000000000000000000 ) ) ;
#651 = CARTESIAN_POINT ( 'NONE',  ( 1.100000000000000755, 0.2299999999999999822, -0.4499999999999999001 ) ) ;
#652 = AXIS2_PLACEMENT_3D ( 'NONE', #1005, #2609, #1035 ) ;
#653 =( NAMED_UNIT ( * ) PLANE_ANGLE_UNIT ( ) SI_UNIT ( $, .RADIAN. ) );
#654 = EDGE_LOOP ( 'NONE', ( #124, #606, #2903, #23 ) ) ;
#655 = DIRECTION ( 'NONE',  ( 0.000000000000000000, 0.000000000000000000, 1.000000000000000000 ) ) ;
#656 = EDGE_CURVE ( 'NONE', #803, #2172, #1258, .T. ) ;
#657 = VERTEX_POINT ( 'NONE', #965 ) ;
#658 = UNCERTAINTY_MEASURE_WITH_UNIT (LENGTH_MEASURE( 1.000000000000000082E-05 ), #1074, 'distance_accuracy_value', 'NONE');
#659 = AXIS2_PLACEMENT_3D ( 'NONE', #1986, #1485, #1729 ) ;
#660 =( NAMED_UNIT ( * ) SI_UNIT ( $, .STERADIAN. ) SOLID_ANGLE_UNIT ( ) );
#661 = CARTESIAN_POINT ( 'NONE',  ( 1.251684537930382257, 0.2756581078982073274, 0.8710271653745755849 ) ) ;
#662 = VECTOR ( 'NONE', #3123, 1000.000000000000000 ) ;
#663 = ORIENTED_EDGE ( 'NONE', *, *, #2900, .T. ) ;
#664 = CARTESIAN_POINT ( 'NONE',  ( -1.100000000000000089, 0.000000000000000000, 0.5500000000000007105 ) ) ;
#665 = AXIS2_PLACEMENT_3D ( 'NONE', #902, #78, #866 ) ;
#666 = STYLED_ITEM ( 'NONE', ( #1603 ), #1717 ) ;
#667 = CARTESIAN_POINT ( 'NONE',  ( 0.2999999999999999889, 0.2299999999999999822, 0.5499999999999998224 ) ) ;
#668 =( LENGTH_UNIT ( ) NAMED_UNIT ( * ) SI_UNIT ( .MILLI., .METRE. ) );
#669 = ADVANCED_FACE ( 'NONE', ( #1820 ), #477, .T. ) ;
#670 = DIRECTION ( 'NONE',  ( -1.000000000000000000, 0.000000000000000000, 1.445602896647340396E-16 ) ) ;
#671 = STYLED_ITEM ( 'NONE', ( #3059 ), #1524 ) ;
#672 = PRESENTATION_STYLE_ASSIGNMENT (( #117 ) ) ;
#673 = FACE_OUTER_BOUND ( 'NONE', #2083, .T. ) ;
#674 = AXIS2_PLACEMENT_3D ( 'NONE', #2138, #2154, #1619 ) ;
#675 = EDGE_LOOP ( 'NONE', ( #1808, #602, #3438, #1361 ) ) ;
#676 = CARTESIAN_POINT ( 'NONE',  ( 1.100000000000000755, 0.000000000000000000, 0.4499999999999999001 ) ) ;
#677 =( LENGTH_UNIT ( ) NAMED_UNIT ( * ) SI_UNIT ( .MILLI., .METRE. ) );
#678 = DIRECTION ( 'NONE',  ( -0.000000000000000000, -1.000000000000000000, -0.000000000000000000 ) ) ;
#679 = ORIENTED_EDGE ( 'NONE', *, *, #448, .T. ) ;
#680 = LINE ( 'NONE', #894, #255 ) ;
#681 = MECHANICAL_DESIGN_GEOMETRIC_PRESENTATION_REPRESENTATION (  '', ( #1812 ), #624 ) ;
#682 =( NAMED_UNIT ( * ) PLANE_ANGLE_UNIT ( ) SI_UNIT ( $, .RADIAN. ) );
#683 = CARTESIAN_POINT ( 'NONE',  ( -0.8226479965721844589, 0.9000000000000000222, -0.6973577029451504261 ) ) ;
#684 = SURFACE_SIDE_STYLE ('',( #1506 ) ) ;
#685 =( NAMED_UNIT ( * ) SI_UNIT ( $, .STERADIAN. ) SOLID_ANGLE_UNIT ( ) );
#686 = SURFACE_STYLE_USAGE ( .BOTH. , #2883 ) ;
#687 = DIRECTION ( 'NONE',  ( 0.000000000000000000, 1.000000000000000000, -0.000000000000000000 ) ) ;
#688 = CARTESIAN_POINT ( 'NONE',  ( -1.849999999999999867, 0.2299999999999999822, 0.000000000000000000 ) ) ;
#689 = EDGE_LOOP ( 'NONE', ( #3429, #1316, #3283 ) ) ;
#690 = FILL_AREA_STYLE_COLOUR ( '', #1487 ) ;
#691 = CARTESIAN_POINT ( 'NONE',  ( 1.850000000000000089, 0.2299999999999999822, 0.000000000000000000 ) ) ;
#692 = CARTESIAN_POINT ( 'NONE',  ( -1.200000000000000178, 0.2299999999999999822, -0.5499999999999999334 ) ) ;
#693 = AXIS2_PLACEMENT_3D ( 'NONE', #2160, #3244, #566 ) ;
#694 = ORIENTED_EDGE ( 'NONE', *, *, #3336, .F. ) ;
#695 = VECTOR ( 'NONE', #3404, 1000.000000000000000 ) ;
#696 =( NAMED_UNIT ( * ) SI_UNIT ( $, .STERADIAN. ) SOLID_ANGLE_UNIT ( ) );
#697 = CARTESIAN_POINT ( 'NONE',  ( 1.699999999999999956, 0.000000000000000000, -0.1000000000000000194 ) ) ;
#698 = VECTOR ( 'NONE', #733, 1000.000000000000000 ) ;
#699 =( GEOMETRIC_REPRESENTATION_CONTEXT ( 3 ) GLOBAL_UNCERTAINTY_ASSIGNED_CONTEXT ( ( #1702 ) ) GLOBAL_UNIT_ASSIGNED_CONTEXT ( ( #125, #638, #3226 ) ) REPRESENTATION_CONTEXT ( 'NONE', 'WORKASPACE' ) );
#700 = CLOSED_SHELL ( 'NONE', ( #3273, #438, #3443, #250, #3238, #1717, #3100, #1760, #2597, #1898, #1456, #875, #2310, #3063, #364, #297, #1524, #62 ) ) ;
#701 = SURFACE_STYLE_FILL_AREA ( #1242 ) ;
#702 = FACE_OUTER_BOUND ( 'NONE', #112, .T. ) ;
#703 = CARTESIAN_POINT ( 'NONE',  ( 1.197357702945150315, 0.7800000000000000266, 0.000000000000000000 ) ) ;
#704 = CARTESIAN_POINT ( 'NONE',  ( -1.281947240572549385, -0.02481569000125013330, 0.7819472405725494957 ) ) ;
#705 = DIRECTION ( 'NONE',  ( 0.000000000000000000, 0.000000000000000000, -1.000000000000000000 ) ) ;
#706 = SURFACE_SIDE_STYLE ('',( #3378 ) ) ;
#707 = ORIENTED_EDGE ( 'NONE', *, *, #1423, .F. ) ;
#708 = DIRECTION ( 'NONE',  ( 1.000000000000000000, 0.000000000000000000, -1.445602896647340149E-16 ) ) ;
#709 = SURFACE_STYLE_FILL_AREA ( #2922 ) ;
#710 = EDGE_CURVE ( 'NONE', #511, #3069, #972, .T. ) ;
#711 =( LENGTH_UNIT ( ) NAMED_UNIT ( * ) SI_UNIT ( .MILLI., .METRE. ) );
#712 = SURFACE_STYLE_USAGE ( .BOTH. , #3418 ) ;
#713 = AXIS2_PLACEMENT_3D ( 'NONE', #2319, #431, #3384 ) ;
#714 = STYLED_ITEM ( 'NONE', ( #3114 ), #3312 ) ;
#715 = ORIENTED_EDGE ( 'NONE', *, *, #1349, .T. ) ;
#716 = FILL_AREA_STYLE_COLOUR ( '', #2677 ) ;
#717 = CARTESIAN_POINT ( 'NONE',  ( 1.197357702945150315, 0.9000000000000000222, 0.000000000000000000 ) ) ;
#718 = VECTOR ( 'NONE', #1755, 1000.000000000000000 ) ;
#719 = SURFACE_SIDE_STYLE ('',( #2599 ) ) ;
#720 = AXIS2_PLACEMENT_3D ( 'NONE', #1141, #2495, #599 ) ;
#721 = DIRECTION ( 'NONE',  ( 0.000000000000000000, 0.1045284632676533182, 0.9945218953682734009 ) ) ;
#722 = CARTESIAN_POINT ( 'NONE',  ( 1.197357702945150315, 0.7800000000000000266, 0.6973577029451504261 ) ) ;
#723 =( LENGTH_UNIT ( ) NAMED_UNIT ( * ) SI_UNIT ( .MILLI., .METRE. ) );
#724 = SURFACE_STYLE_USAGE ( .BOTH. , #1523 ) ;
#725 = ADVANCED_FACE ( 'NONE', ( #459 ), #3427, .T. ) ;
#726 = ORIENTED_EDGE ( 'NONE', *, *, #2045, .T. ) ;
#727 = VECTOR ( 'NONE', #2976, 1000.000000000000000 ) ;
#728 = VERTEX_POINT ( 'NONE', #2292 ) ;
#729 = FILL_AREA_STYLE_COLOUR ( '', #1666 ) ;
#730 = DIRECTION ( 'NONE',  ( 0.000000000000000000, 0.000000000000000000, -1.000000000000000000 ) ) ;
#731 = ORIENTED_EDGE ( 'NONE', *, *, #2440, .T. ) ;
#732 = EDGE_CURVE ( 'NONE', #1187, #561, #2401, .T. ) ;
#733 = DIRECTION ( 'NONE',  ( 0.000000000000000000, 0.000000000000000000, -1.000000000000000000 ) ) ;
#734 = CARTESIAN_POINT ( 'NONE',  ( 1.699999999999999956, 0.2299999999999999822, 0.1000000000000000194 ) ) ;
#735 = FILL_AREA_STYLE_COLOUR ( '', #2905 ) ;
#736 = FILL_AREA_STYLE ('',( #2073 ) ) ;
#737 =( NAMED_UNIT ( * ) SI_UNIT ( $, .STERADIAN. ) SOLID_ANGLE_UNIT ( ) );
#738 = FILL_AREA_STYLE_COLOUR ( '', #3237 ) ;
#739 = STYLED_ITEM ( 'NONE', ( #1433 ), #1098 ) ;
#740 = DIRECTION ( 'NONE',  ( -0.1045284632676534986, -0.9945218953682734009, -0.000000000000000000 ) ) ;
#741 = DIRECTION ( 'NONE',  ( -0.000000000000000000, -1.000000000000000000, -0.000000000000000000 ) ) ;
#742 = ORIENTED_EDGE ( 'NONE', *, *, #871, .F. ) ;
#743 =( LENGTH_UNIT ( ) NAMED_UNIT ( * ) SI_UNIT ( .MILLI., .METRE. ) );
#744 = SURFACE_SIDE_STYLE ('',( #3234 ) ) ;
#745 = AXIS2_PLACEMENT_3D ( 'NONE', #1105, #613, #2742 ) ;
#746 = ORIENTED_EDGE ( 'NONE', *, *, #2216, .F. ) ;
#747 = SURFACE_STYLE_FILL_AREA ( #1548 ) ;
#748 = DIRECTION ( 'NONE',  ( 0.1039620511844975281, -0.9891328443778539814, -0.1039620511844977918 ) ) ;
#749 =( NAMED_UNIT ( * ) PLANE_ANGLE_UNIT ( ) SI_UNIT ( $, .RADIAN. ) );
#750 = EDGE_CURVE ( 'NONE', #803, #1582, #1982, .T. ) ;
#751 = COLOUR_RGB ( '',0.2509803921568627416, 0.2509803921568627416, 0.2509803921568627416 ) ;
#752 = CARTESIAN_POINT ( 'NONE',  ( 1.266726498220496655, 0.000000000000000000, 0.7667264982204968771 ) ) ;
#753 = CARTESIAN_POINT ( 'NONE',  ( -1.849999999999999867, 0.000000000000000000, -0.2500000000000000000 ) ) ;
#754 = STYLED_ITEM ( 'NONE', ( #199 ), #1486 ) ;
#755 = EDGE_CURVE ( 'NONE', #397, #1675, #3332, .T. ) ;
#756 = ORIENTED_EDGE ( 'NONE', *, *, #1700, .F. ) ;
#757 = ORIENTED_EDGE ( 'NONE', *, *, #760, .F. ) ;
#758 = CARTESIAN_POINT ( 'NONE',  ( -1.100000000000000089, 0.2299999999999999822, 0.6500000000000001332 ) ) ;
#759 = DIRECTION ( 'NONE',  ( -1.000000000000000000, 0.000000000000000000, 0.000000000000000000 ) ) ;
#760 = EDGE_CURVE ( 'NONE', #2172, #3183, #2552, .T. ) ;
#761 = VECTOR ( 'NONE', #2307, 1000.000000000000000 ) ;
#762 = DIRECTION ( 'NONE',  ( 0.000000000000000000, 1.000000000000000000, -0.000000000000000000 ) ) ;
#763 = ORIENTED_EDGE ( 'NONE', *, *, #1527, .F. ) ;
#764 = ORIENTED_EDGE ( 'NONE', *, *, #1731, .F. ) ;
#765 = EDGE_CURVE ( 'NONE', #3447, #243, #1532, .T. ) ;
#766 = COLOUR_RGB ( '',0.7529411764705882248, 0.7529411764705882248, 0.7529411764705882248 ) ;
#767 = LINE ( 'NONE', #717, #828 ) ;
#768 = CARTESIAN_POINT ( 'NONE',  ( 1.266726498220496211, 0.1199999999999999956, -0.7667264982204968771 ) ) ;
#769 = CYLINDRICAL_SURFACE ( 'NONE', #1086, 0.1000000000000000472 ) ;
#770 = FILL_AREA_STYLE ('',( #454 ) ) ;
#771 = CARTESIAN_POINT ( 'NONE',  ( -1.266726498220496655, 0.1199999999999999956, 0.7667264982204968771 ) ) ;
#772 = COLOUR_RGB ( '',0.2509803921568627416, 0.2509803921568627416, 0.2509803921568627416 ) ;
#773 = STYLED_ITEM ( 'NONE', ( #672 ), #547 ) ;
#774 = CARTESIAN_POINT ( 'NONE',  ( -1.849999999999999867, 0.000000000000000000, -0.4500000000000000111 ) ) ;
#775 = ADVANCED_FACE ( 'NONE', ( #3314 ), #2001, .F. ) ;
#776 = CARTESIAN_POINT ( 'NONE',  ( 2.013518320330222978E-16, 0.000000000000000000, 0.6499999999999999112 ) ) ;
#777 = LINE ( 'NONE', #3152, #167 ) ;
#778 = VECTOR ( 'NONE', #1262, 1000.000000000000000 ) ;
#779 = PRESENTATION_LAYER_ASSIGNMENT (  '', '', ( #3259 ) ) ;
#780 = VERTEX_POINT ( 'NONE', #3090 ) ;
#781 = STYLED_ITEM ( 'NONE', ( #2687 ), #481 ) ;
#782 = ORIENTED_EDGE ( 'NONE', *, *, #1304, .T. ) ;
#783 = SURFACE_SIDE_STYLE ('',( #2201 ) ) ;
#784 = DIRECTION ( 'NONE',  ( -0.000000000000000000, -1.000000000000000000, -0.000000000000000000 ) ) ;
#785 = ORIENTED_EDGE ( 'NONE', *, *, #3071, .T. ) ;
#786 = CIRCLE ( 'NONE', #2821, 0.1199999999999999678 ) ;
#787 = ORIENTED_EDGE ( 'NONE', *, *, #2251, .F. ) ;
#788 =( LENGTH_UNIT ( ) NAMED_UNIT ( * ) SI_UNIT ( .MILLI., .METRE. ) );
#789 = CARTESIAN_POINT ( 'NONE',  ( 0.2999999999999992673, 0.2299999999999999822, 0.6499999999999998002 ) ) ;
#790 = ORIENTED_EDGE ( 'NONE', *, *, #2168, .T. ) ;
#791 = PRESENTATION_STYLE_ASSIGNMENT (( #1573 ) ) ;
#792 =( NAMED_UNIT ( * ) PLANE_ANGLE_UNIT ( ) SI_UNIT ( $, .RADIAN. ) );
#793 =( LENGTH_UNIT ( ) NAMED_UNIT ( * ) SI_UNIT ( .MILLI., .METRE. ) );
#794 = PRESENTATION_STYLE_ASSIGNMENT (( #2153 ) ) ;
#795 = DIRECTION ( 'NONE',  ( 0.000000000000000000, 0.000000000000000000, 1.000000000000000000 ) ) ;
#796 = CARTESIAN_POINT ( 'NONE',  ( -1.266726498220496655, 0.1199999999999999956, -0.4500000000000001221 ) ) ;
#797 = DIRECTION ( 'NONE',  ( 0.000000000000000000, 0.000000000000000000, 1.000000000000000000 ) ) ;
#798 = ORIENTED_EDGE ( 'NONE', *, *, #1595, .F. ) ;
#799 = VERTEX_POINT ( 'NONE', #664 ) ;
#800 = CARTESIAN_POINT ( 'NONE',  ( -1.266726498220496655, 0.1200000000000000233, 0.7667264982204968771 ) ) ;
#801 = DIRECTION ( 'NONE',  ( 0.000000000000000000, -0.1045284632676533182, 0.9945218953682734009 ) ) ;
#802 =( NAMED_UNIT ( * ) PLANE_ANGLE_UNIT ( ) SI_UNIT ( $, .RADIAN. ) );
#803 = VERTEX_POINT ( 'NONE', #1742 ) ;
#804 = LINE ( 'NONE', #1611, #2041 ) ;
#805 = EDGE_CURVE ( 'NONE', #1295, #129, #680, .T. ) ;
#806 = DIRECTION ( 'NONE',  ( -0.000000000000000000, -1.000000000000000000, -0.000000000000000000 ) ) ;
#807 = COLOUR_RGB ( '',0.2509803921568627416, 0.2509803921568627416, 0.2509803921568627416 ) ;
#808 = VECTOR ( 'NONE', #447, 1000.000000000000000 ) ;
#809 = ORIENTED_EDGE ( 'NONE', *, *, #3056, .T. ) ;
#810 = DIRECTION ( 'NONE',  ( 0.1039620511844976947, -0.9891328443778538704, -0.1039620511844977224 ) ) ;
#811 = MECHANICAL_DESIGN_GEOMETRIC_PRESENTATION_REPRESENTATION (  '', ( #925 ), #1878 ) ;
#812 = EDGE_CURVE ( 'NONE', #2121, #281, #2260, .T. ) ;
#813 = ORIENTED_EDGE ( 'NONE', *, *, #2569, .T. ) ;
#814 = VERTEX_POINT ( 'NONE', #1949 ) ;
#815 = AXIS2_PLACEMENT_3D ( 'NONE', #1697, #2522, #636 ) ;
#816 = SURFACE_SIDE_STYLE ('',( #1947 ) ) ;
#817 = SURFACE_SIDE_STYLE ('',( #1097 ) ) ;
#818 = FILL_AREA_STYLE_COLOUR ( '', #891 ) ;
#819 = ORIENTED_EDGE ( 'NONE', *, *, #895, .T. ) ;
#820 = FACE_OUTER_BOUND ( 'NONE', #1449, .T. ) ;
#821 = FILL_AREA_STYLE ('',( #2193 ) ) ;
#822 = VECTOR ( 'NONE', #1903, 1000.000000000000000 ) ;
#823 =( NAMED_UNIT ( * ) SI_UNIT ( $, .STERADIAN. ) SOLID_ANGLE_UNIT ( ) );
#824 = FACE_OUTER_BOUND ( 'NONE', #1541, .T. ) ;
#825 = CARTESIAN_POINT ( 'NONE',  ( 1.251684537930381369, 0.2756581078982072719, -0.8710271653745755849 ) ) ;
#826 = AXIS2_PLACEMENT_3D ( 'NONE', #692, #2594, #500 ) ;
#827 = EDGE_CURVE ( 'NONE', #1777, #2715, #2230, .T. ) ;
#828 = VECTOR ( 'NONE', #468, 1000.000000000000000 ) ;
#829 = COLOUR_RGB ( '',0.7529411764705882248, 0.7529411764705882248, 0.7529411764705882248 ) ;
#830 = COLOUR_RGB ( '',0.7529411764705882248, 0.7529411764705882248, 0.7529411764705882248 ) ;
#831 = ORIENTED_EDGE ( 'NONE', *, *, #185, .F. ) ;
#832 = DIRECTION ( 'NONE',  ( 0.000000000000000000, 0.000000000000000000, -1.000000000000000000 ) ) ;
#833 = ORIENTED_EDGE ( 'NONE', *, *, #2900, .F. ) ;
#834 = ORIENTED_EDGE ( 'NONE', *, *, #2415, .T. ) ;
#835 = UNCERTAINTY_MEASURE_WITH_UNIT (LENGTH_MEASURE( 1.000000000000000082E-05 ), #2726, 'distance_accuracy_value', 'NONE');
#836 = EDGE_CURVE ( 'NONE', #3392, #129, #2787, .T. ) ;
#837 =( NAMED_UNIT ( * ) SI_UNIT ( $, .STERADIAN. ) SOLID_ANGLE_UNIT ( ) );
#838 = DIRECTION ( 'NONE',  ( 1.000000000000000000, 1.807003620809174188E-15, 1.899237336874567960E-16 ) ) ;
#839 = AXIS2_PLACEMENT_3D ( 'NONE', #3030, #2235, #882 ) ;
#840 = CARTESIAN_POINT ( 'NONE',  ( 1.850000000000000089, 0.2299999999999999822, 0.000000000000000000 ) ) ;
#841 = SURFACE_STYLE_FILL_AREA ( #70 ) ;
#842 = SURFACE_STYLE_FILL_AREA ( #1122 ) ;
#843 = MECHANICAL_DESIGN_GEOMETRIC_PRESENTATION_REPRESENTATION (  '', ( #3107 ), #2023 ) ;
#844 = PRESENTATION_STYLE_ASSIGNMENT (( #584 ) ) ;
#845 = DIRECTION ( 'NONE',  ( 1.000000000000000000, -0.000000000000000000, -1.816957101924879354E-15 ) ) ;
#846 = ADVANCED_FACE ( 'NONE', ( #1815 ), #427, .T. ) ;
#847 = DIRECTION ( 'NONE',  ( 0.000000000000000000, 0.000000000000000000, -1.000000000000000000 ) ) ;
#848 = CARTESIAN_POINT ( 'NONE',  ( -1.849999999999999867, 0.2299999999999999822, 0.09999999999999995004 ) ) ;
#849 = ORIENTED_EDGE ( 'NONE', *, *, #3300, .F. ) ;
#850 = CARTESIAN_POINT ( 'NONE',  ( -1.399999999999999911, 0.1325434155921184076, -0.8860691256646896496 ) ) ;
#851 = ORIENTED_EDGE ( 'NONE', *, *, #2620, .F. ) ;
#852 = UNCERTAINTY_MEASURE_WITH_UNIT (LENGTH_MEASURE( 1.000000000000000082E-05 ), #2037, 'distance_accuracy_value', 'NONE');
#853 = DIRECTION ( 'NONE',  ( 0.000000000000000000, 0.1045284632676533182, 0.9945218953682734009 ) ) ;
#854 = CARTESIAN_POINT ( 'NONE',  ( 1.386069125664689539, 0.1325434155921184354, 0.7667264982204968771 ) ) ;
#855 =( LENGTH_UNIT ( ) NAMED_UNIT ( * ) SI_UNIT ( .MILLI., .METRE. ) );
#856 = ORIENTED_EDGE ( 'NONE', *, *, #2669, .F. ) ;
#857 = EDGE_CURVE ( 'NONE', #2835, #1013, #1778, .T. ) ;
#858 = AXIS2_PLACEMENT_3D ( 'NONE', #1634, #1901, #340 ) ;
#859 = SURFACE_STYLE_FILL_AREA ( #1124 ) ;
#860 = SURFACE_SIDE_STYLE ('',( #1692 ) ) ;
#861 = SURFACE_SIDE_STYLE ('',( #2434 ) ) ;
#862 = FILL_AREA_STYLE_COLOUR ( '', #2487 ) ;
#863 = EDGE_CURVE ( 'NONE', #2835, #3437, #3144, .T. ) ;
#864 = PRESENTATION_LAYER_ASSIGNMENT (  '', '', ( #1311 ) ) ;
#865 = STYLED_ITEM ( 'NONE', ( #791 ), #909 ) ;
#866 = DIRECTION ( 'NONE',  ( 0.000000000000000000, 0.000000000000000000, 1.000000000000000000 ) ) ;
#867 = STYLED_ITEM ( 'NONE', ( #645 ), #775 ) ;
#868 = STYLED_ITEM ( 'NONE', ( #20 ), #1456 ) ;
#869 = DIRECTION ( 'NONE',  ( 0.000000000000000000, -1.000000000000000000, 0.000000000000000000 ) ) ;
#870 = ORIENTED_EDGE ( 'NONE', *, *, #2732, .T. ) ;
#871 = EDGE_CURVE ( 'NONE', #3193, #122, #521, .T. ) ;
#872 = ADVANCED_BREP_SHAPE_REPRESENTATION ( 'PMEG4020EXEX', ( #514, #2839, #449, #153 ), #50 ) ;
#873 =( LENGTH_UNIT ( ) NAMED_UNIT ( * ) SI_UNIT ( .MILLI., .METRE. ) );
#874 = CARTESIAN_POINT ( 'NONE',  ( -1.266726498220496655, 0.000000000000000000, -0.9000000000000000222 ) ) ;
#875 = ADVANCED_FACE ( 'NONE', ( #1801 ), #507, .F. ) ;
#876 = VERTEX_POINT ( 'NONE', #489 ) ;
#877 = DIRECTION ( 'NONE',  ( -0.000000000000000000, -1.000000000000000000, -0.000000000000000000 ) ) ;
#878 = SURFACE_STYLE_FILL_AREA ( #339 ) ;
#879 =( NAMED_UNIT ( * ) PLANE_ANGLE_UNIT ( ) SI_UNIT ( $, .RADIAN. ) );
#880 = DIRECTION ( 'NONE',  ( 1.000000000000000000, -3.614007241618349165E-15, -3.798474673749129018E-16 ) ) ;
#881 = LINE ( 'NONE', #1618, #822 ) ;
#882 = DIRECTION ( 'NONE',  ( -0.1045284632676534986, 0.9945218953682734009, 0.000000000000000000 ) ) ;
#883 = CIRCLE ( 'NONE', #1435, 0.1199999999999999678 ) ;
#884 = VECTOR ( 'NONE', #963, 1000.000000000000000 ) ;
#885 = DIRECTION ( 'NONE',  ( 0.000000000000000000, 0.000000000000000000, 1.000000000000000000 ) ) ;
#886 = CARTESIAN_POINT ( 'NONE',  ( 1.399999999999999911, 0.000000000000000000, -0.7667264982204968771 ) ) ;
#887 = PRESENTATION_LAYER_ASSIGNMENT (  '', '', ( #1439 ) ) ;
#888 = VECTOR ( 'NONE', #1990, 1000.000000000000000 ) ;
#889 = ORIENTED_EDGE ( 'NONE', *, *, #1788, .T. ) ;
#890 = AXIS2_PLACEMENT_3D ( 'NONE', #2383, #3216, #1517 ) ;
#891 = COLOUR_RGB ( '',0.7529411764705882248, 0.7529411764705882248, 0.7529411764705882248 ) ;
#892 =( LENGTH_UNIT ( ) NAMED_UNIT ( * ) SI_UNIT ( .MILLI., .METRE. ) );
#893 = ORIENTED_EDGE ( 'NONE', *, *, #1989, .T. ) ;
#894 = CARTESIAN_POINT ( 'NONE',  ( -1.849999999999999867, 0.2299999999999999822, -0.4500000000000000111 ) ) ;
#895 = EDGE_CURVE ( 'NONE', #953, #728, #2134, .T. ) ;
#896 = PLANE ( 'NONE',  #163 ) ;
#897 =( LENGTH_UNIT ( ) NAMED_UNIT ( * ) SI_UNIT ( .MILLI., .METRE. ) );
#898 = FILL_AREA_STYLE_COLOUR ( '', #1017 ) ;
#899 = AXIS2_PLACEMENT_3D ( 'NONE', #2128, #1817, #2878 ) ;
#900 =( NAMED_UNIT ( * ) SI_UNIT ( $, .STERADIAN. ) SOLID_ANGLE_UNIT ( ) );
#901 = UNCERTAINTY_MEASURE_WITH_UNIT (LENGTH_MEASURE( 1.000000000000000082E-05 ), #711, 'distance_accuracy_value', 'NONE');
#902 = CARTESIAN_POINT ( 'NONE',  ( 1.100000000000000089, 0.000000000000000000, -0.3499999999999998668 ) ) ;
#903 = FILL_AREA_STYLE_COLOUR ( '', #1375 ) ;
#904 = VERTEX_POINT ( 'NONE', #2371 ) ;
#905 = AXIS2_PLACEMENT_3D ( 'NONE', #2150, #1879, #546 ) ;
#906 = PRESENTATION_LAYER_ASSIGNMENT (  '', '', ( #3174 ) ) ;
#907 = PRESENTATION_STYLE_ASSIGNMENT (( #139 ) ) ;
#908 = DIRECTION ( 'NONE',  ( 0.000000000000000000, -9.035018104045870941E-16, 1.000000000000000000 ) ) ;
#909 = ADVANCED_FACE ( 'NONE', ( #2898 ), #1507, .F. ) ;
#910 = EDGE_LOOP ( 'NONE', ( #2080, #40, #242, #1068 ) ) ;
#911 = DIRECTION ( 'NONE',  ( 1.000000000000000000, 0.000000000000000000, 0.000000000000000000 ) ) ;
#912 = CARTESIAN_POINT ( 'NONE',  ( 1.699999999999999956, 0.2299999999999999822, 0.000000000000000000 ) ) ;
#913 =( LENGTH_UNIT ( ) NAMED_UNIT ( * ) SI_UNIT ( .MILLI., .METRE. ) );
#914 = EDGE_CURVE ( 'NONE', #2951, #956, #2053, .T. ) ;
#915 = CIRCLE ( 'NONE', #858, 0.09999999999999999167 ) ;
#916 = CARTESIAN_POINT ( 'NONE',  ( 0.000000000000000000, 0.000000000000000000, 0.000000000000000000 ) ) ;
#917 = DIRECTION ( 'NONE',  ( 0.000000000000000000, 1.000000000000000000, -0.000000000000000000 ) ) ;
#918 = SURFACE_STYLE_FILL_AREA ( #2336 ) ;
#919 = FILL_AREA_STYLE_COLOUR ( '', #829 ) ;
#920 = FACE_OUTER_BOUND ( 'NONE', #518, .T. ) ;
#921 = VERTEX_POINT ( 'NONE', #752 ) ;
#922 = FILL_AREA_STYLE ('',( #1168 ) ) ;
#923 = EDGE_CURVE ( 'NONE', #3089, #3447, #3134, .T. ) ;
#924 =( NAMED_UNIT ( * ) PLANE_ANGLE_UNIT ( ) SI_UNIT ( $, .RADIAN. ) );
#925 = STYLED_ITEM ( 'NONE', ( #2346 ), #846 ) ;
#926 = UNCERTAINTY_MEASURE_WITH_UNIT (LENGTH_MEASURE( 1.000000000000000082E-05 ), #855, 'distance_accuracy_value', 'NONE');
#927 =( NAMED_UNIT ( * ) PLANE_ANGLE_UNIT ( ) SI_UNIT ( $, .RADIAN. ) );
#928 = DIRECTION ( 'NONE',  ( 1.807003620809174188E-15, 0.000000000000000000, 1.000000000000000000 ) ) ;
#929 =( GEOMETRIC_REPRESENTATION_CONTEXT ( 3 ) GLOBAL_UNCERTAINTY_ASSIGNED_CONTEXT ( ( #577 ) ) GLOBAL_UNIT_ASSIGNED_CONTEXT ( ( #597, #3299, #2227 ) ) REPRESENTATION_CONTEXT ( 'NONE', 'WORKASPACE' ) );
#930 = CARTESIAN_POINT ( 'NONE',  ( 0.2999999999999999889, 0.000000000000000000, -0.5499999999999998224 ) ) ;
#931 = AXIS2_PLACEMENT_3D ( 'NONE', #1199, #604, #2771 ) ;
#932 = PLANE ( 'NONE',  #2301 ) ;
#933 = FILL_AREA_STYLE ('',( #2604 ) ) ;
#934 = DIRECTION ( 'NONE',  ( 0.000000000000000000, 0.000000000000000000, -1.000000000000000000 ) ) ;
#935 = SURFACE_STYLE_USAGE ( .BOTH. , #1422 ) ;
#936 = UNCERTAINTY_MEASURE_WITH_UNIT (LENGTH_MEASURE( 1.000000000000000082E-05 ), #993, 'distance_accuracy_value', 'NONE');
#937 = PRESENTATION_LAYER_ASSIGNMENT (  '', '', ( #1951 ) ) ;
#938 = SURFACE_SIDE_STYLE ('',( #3358 ) ) ;
#939 = FILL_AREA_STYLE_COLOUR ( '', #772 ) ;
#940 = ORIENTED_EDGE ( 'NONE', *, *, #3022, .T. ) ;
#941 = DIRECTION ( 'NONE',  ( 0.000000000000000000, -0.1045284632676534847, -0.9945218953682734009 ) ) ;
#942 = ADVANCED_FACE ( 'NONE', ( #2649 ), #1297, .T. ) ;
#943 = AXIS2_PLACEMENT_3D ( 'NONE', #2359, #1867, #537 ) ;
#944 = DIRECTION ( 'NONE',  ( 0.000000000000000000, 0.000000000000000000, 1.000000000000000000 ) ) ;
#945 = FACE_OUTER_BOUND ( 'NONE', #3121, .T. ) ;
#946 = SURFACE_SIDE_STYLE ('',( #701 ) ) ;
#947 = CARTESIAN_POINT ( 'NONE',  ( 1.266726498220496655, 0.1200000000000000233, -0.7667264982204968771 ) ) ;
#948 =( LENGTH_UNIT ( ) NAMED_UNIT ( * ) SI_UNIT ( .MILLI., .METRE. ) );
#949 = EDGE_CURVE ( 'NONE', #1602, #1505, #804, .T. ) ;
#950 = CARTESIAN_POINT ( 'NONE',  ( -1.100000000000000089, 0.000000000000000000, -0.5500000000000007105 ) ) ;
#951 = PRESENTATION_LAYER_ASSIGNMENT (  '', '', ( #502 ) ) ;
#952 = VECTOR ( 'NONE', #1088, 1000.000000000000000 ) ;
#953 = VERTEX_POINT ( 'NONE', #264 ) ;
#954 = SURFACE_STYLE_FILL_AREA ( #3369 ) ;
#955 = LINE ( 'NONE', #1496, #3150 ) ;
#956 = VERTEX_POINT ( 'NONE', #1139 ) ;
#957 = DIRECTION ( 'NONE',  ( -0.000000000000000000, -1.000000000000000000, -0.000000000000000000 ) ) ;
#958 = CYLINDRICAL_SURFACE ( 'NONE', #1441, 0.09999999999999993616 ) ;
#959 = AXIS2_PLACEMENT_3D ( 'NONE', #2564, #179, #2262 ) ;
#960 = FILL_AREA_STYLE ('',( #1695 ) ) ;
#961 = PLANE ( 'NONE',  #3317 ) ;
#962 = ORIENTED_EDGE ( 'NONE', *, *, #2655, .F. ) ;
#963 = DIRECTION ( 'NONE',  ( 0.000000000000000000, 0.000000000000000000, -1.000000000000000000 ) ) ;
#964 = LINE ( 'NONE', #2110, #458 ) ;
#965 = CARTESIAN_POINT ( 'NONE',  ( 0.2999999999999992673, 0.000000000000000000, -0.6499999999999998002 ) ) ;
#966 = DIRECTION ( 'NONE',  ( 0.000000000000000000, 0.000000000000000000, -1.000000000000000000 ) ) ;
#967 = SURFACE_STYLE_USAGE ( .BOTH. , #706 ) ;
#968 = PLANE ( 'NONE',  #1209 ) ;
#969 = DIRECTION ( 'NONE',  ( -0.1039620511844976947, -0.9891328443778538704, 0.1039620511844977224 ) ) ;
#970 = ORIENTED_EDGE ( 'NONE', *, *, #3349, .T. ) ;
#971 = AXIS2_PLACEMENT_3D ( 'NONE', #2613, #1256, #990 ) ;
#972 = CIRCLE ( 'NONE', #94, 0.09999999999999999167 ) ;
#973 = ADVANCED_FACE ( 'NONE', ( #820 ), #51, .F. ) ;
#974 = SURFACE_SIDE_STYLE ('',( #1761 ) ) ;
#975 =( NAMED_UNIT ( * ) PLANE_ANGLE_UNIT ( ) SI_UNIT ( $, .RADIAN. ) );
#976 = LINE ( 'NONE', #3131, #131 ) ;
#977 = SURFACE_STYLE_FILL_AREA ( #180 ) ;
#978 = LINE ( 'NONE', #1245, #1266 ) ;
#979 = CIRCLE ( 'NONE', #53, 0.1500000000000000777 ) ;
#980 = FACE_OUTER_BOUND ( 'NONE', #2157, .T. ) ;
#981 = ORIENTED_EDGE ( 'NONE', *, *, #3147, .F. ) ;
#982 = LINE ( 'NONE', #2081, #2855 ) ;
#983 = VECTOR ( 'NONE', #2399, 1000.000000000000000 ) ;
#984 = EDGE_CURVE ( 'NONE', #511, #3230, #2706, .T. ) ;
#985 = DIRECTION ( 'NONE',  ( 3.097720492815728645E-16, 0.000000000000000000, -1.000000000000000000 ) ) ;
#986 = CARTESIAN_POINT ( 'NONE',  ( 1.100000000000000089, 0.000000000000000000, -0.3499999999999998668 ) ) ;
#987 = PRESENTATION_LAYER_ASSIGNMENT (  '', '', ( #424 ) ) ;
#988 = VECTOR ( 'NONE', #1179, 1000.000000000000000 ) ;
#989 = ORIENTED_EDGE ( 'NONE', *, *, #647, .T. ) ;
#990 = DIRECTION ( 'NONE',  ( 1.084202172485505223E-15, 0.000000000000000000, 1.000000000000000000 ) ) ;
#991 = SURFACE_STYLE_FILL_AREA ( #1797 ) ;
#992 =( GEOMETRIC_REPRESENTATION_CONTEXT ( 3 ) GLOBAL_UNCERTAINTY_ASSIGNED_CONTEXT ( ( #3371 ) ) GLOBAL_UNIT_ASSIGNED_CONTEXT ( ( #1036, #241, #1600 ) ) REPRESENTATION_CONTEXT ( 'NONE', 'WORKASPACE' ) );
#993 =( LENGTH_UNIT ( ) NAMED_UNIT ( * ) SI_UNIT ( .MILLI., .METRE. ) );
#994 = STYLED_ITEM ( 'NONE', ( #2680 ), #1621 ) ;
#995 = DIRECTION ( 'NONE',  ( 0.000000000000000000, 0.1045284632676534986, -0.9945218953682734009 ) ) ;
#996 = AXIS2_PLACEMENT_3D ( 'NONE', #569, #267, #2409 ) ;
#997 = AXIS2_PLACEMENT_3D ( 'NONE', #691, #2773, #2506 ) ;
#998 = DIRECTION ( 'NONE',  ( 0.000000000000000000, 1.000000000000000000, -0.000000000000000000 ) ) ;
#999 = SURFACE_SIDE_STYLE ('',( #220 ) ) ;
#1000 = ORIENTED_EDGE ( 'NONE', *, *, #120, .T. ) ;
#1001 = ORIENTED_EDGE ( 'NONE', *, *, #2207, .F. ) ;
#1002 = CARTESIAN_POINT ( 'NONE',  ( -1.266726498220496655, 0.1199999999999999956, 0.7667264982204968771 ) ) ;
#1003 = COLOUR_RGB ( '',0.7529411764705882248, 0.7529411764705882248, 0.7529411764705882248 ) ;
#1004 = AXIS2_PLACEMENT_3D ( 'NONE', #1659, #1905, #1924 ) ;
#1005 = CARTESIAN_POINT ( 'NONE',  ( -1.197357702945150315, 0.7800000000000000266, -0.6973577029451505371 ) ) ;
#1006 = ORIENTED_EDGE ( 'NONE', *, *, #2862, .F. ) ;
#1007 = PRESENTATION_STYLE_ASSIGNMENT (( #2644 ) ) ;
#1008 = ORIENTED_EDGE ( 'NONE', *, *, #2705, .T. ) ;
#1009 = CARTESIAN_POINT ( 'NONE',  ( 0.000000000000000000, 0.2299999999999999822, 0.000000000000000000 ) ) ;
#1010 = DIRECTION ( 'NONE',  ( -0.000000000000000000, -1.000000000000000000, -0.000000000000000000 ) ) ;
#1011 = DIRECTION ( 'NONE',  ( -0.1039620511844976808, -0.9891328443778539814, -0.1039620511844974587 ) ) ;
#1012 = CARTESIAN_POINT ( 'NONE',  ( -1.100000000000000089, 0.2299999999999999822, 0.000000000000000000 ) ) ;
#1013 = VERTEX_POINT ( 'NONE', #2445 ) ;
#1014 = CARTESIAN_POINT ( 'NONE',  ( 1.100000000000000755, 0.000000000000000000, 0.4499999999999999001 ) ) ;
#1015 = EDGE_CURVE ( 'NONE', #2988, #1941, #3002, .T. ) ;
#1016 = FACE_OUTER_BOUND ( 'NONE', #2939, .T. ) ;
#1017 = COLOUR_RGB ( '',0.2509803921568627416, 0.2509803921568627416, 0.2509803921568627416 ) ;
#1018 = PRESENTATION_STYLE_ASSIGNMENT (( #2380 ) ) ;
#1019 = ORIENTED_EDGE ( 'NONE', *, *, #3275, .T. ) ;
#1020 = ORIENTED_EDGE ( 'NONE', *, *, #2837, .F. ) ;
#1021 = EDGE_CURVE ( 'NONE', #2956, #728, #2859, .T. ) ;
#1022 =( NAMED_UNIT ( * ) PLANE_ANGLE_UNIT ( ) SI_UNIT ( $, .RADIAN. ) );
#1023 = CIRCLE ( 'NONE', #2458, 0.1500000000000000777 ) ;
#1024 = CARTESIAN_POINT ( 'NONE',  ( -1.200000000000000844, 0.2299999999999999822, 0.4500000000000000111 ) ) ;
#1025 = STYLED_ITEM ( 'NONE', ( #86 ), #942 ) ;
#1026 = CARTESIAN_POINT ( 'NONE',  ( 0.3999999999999999667, 0.000000000000000000, -0.000000000000000000 ) ) ;
#1027 = DIRECTION ( 'NONE',  ( 0.000000000000000000, 0.000000000000000000, 1.000000000000000000 ) ) ;
#1028 = COLOUR_RGB ( '',0.2509803921568627416, 0.2509803921568627416, 0.2509803921568627416 ) ;
#1029 = SURFACE_STYLE_USAGE ( .BOTH. , #1577 ) ;
#1030 = ORIENTED_EDGE ( 'NONE', *, *, #1567, .T. ) ;
#1031 = FACE_OUTER_BOUND ( 'NONE', #1650, .T. ) ;
#1032 = MECHANICAL_DESIGN_GEOMETRIC_PRESENTATION_REPRESENTATION (  '', ( #3302 ), #2576 ) ;
#1033 = CYLINDRICAL_SURFACE ( 'NONE', #1166, 0.1200000000000000927 ) ;
#1034 = PRESENTATION_LAYER_ASSIGNMENT (  '', '', ( #2579 ) ) ;
#1035 = DIRECTION ( 'NONE',  ( 0.000000000000000000, 1.000000000000000000, 9.035018104045870941E-16 ) ) ;
#1036 =( LENGTH_UNIT ( ) NAMED_UNIT ( * ) SI_UNIT ( .MILLI., .METRE. ) );
#1037 = ORIENTED_EDGE ( 'NONE', *, *, #2781, .F. ) ;
#1038 = ORIENTED_EDGE ( 'NONE', *, *, #812, .F. ) ;
#1039 = EDGE_CURVE ( 'NONE', #657, #953, #1462, .T. ) ;
#1040 = LINE ( 'NONE', #2126, #1774 ) ;
#1041 =( LENGTH_UNIT ( ) NAMED_UNIT ( * ) SI_UNIT ( .MILLI., .METRE. ) );
#1042 = DIRECTION ( 'NONE',  ( 0.000000000000000000, 0.000000000000000000, 1.000000000000000000 ) ) ;
#1043 = CARTESIAN_POINT ( 'NONE',  ( 1.850000000000000089, 0.2299999999999999822, 0.4500000000000000111 ) ) ;
#1044 = CARTESIAN_POINT ( 'NONE',  ( 1.849999999999999867, 0.2299999999999999822, 0.09999999999999996392 ) ) ;
#1045 = VERTEX_POINT ( 'NONE', #3113 ) ;
#1046 = EDGE_CURVE ( 'NONE', #3437, #1440, #387, .T. ) ;
#1047 =( NAMED_UNIT ( * ) SI_UNIT ( $, .STERADIAN. ) SOLID_ANGLE_UNIT ( ) );
#1048 = FACE_OUTER_BOUND ( 'NONE', #2034, .T. ) ;
#1049 = VECTOR ( 'NONE', #730, 1000.000000000000000 ) ;
#1050 = MECHANICAL_DESIGN_GEOMETRIC_PRESENTATION_REPRESENTATION (  '', ( #1394 ), #2127 ) ;
#1051 = PRESENTATION_STYLE_ASSIGNMENT (( #1 ) ) ;
#1052 = FILL_AREA_STYLE_COLOUR ( '', #1683 ) ;
#1053 = MECHANICAL_DESIGN_GEOMETRIC_PRESENTATION_REPRESENTATION (  '', ( #2869 ), #2760 ) ;
#1054 = AXIS2_PLACEMENT_3D ( 'NONE', #269, #1593, #2391 ) ;
#1055 = EDGE_LOOP ( 'NONE', ( #2801, #2545, #2783, #1871, #1308, #3125, #142, #1324, #496, #3178, #2460, #2632 ) ) ;
#1056 = DIRECTION ( 'NONE',  ( 1.445602896647340149E-16, 0.000000000000000000, -1.000000000000000000 ) ) ;
#1057 = MECHANICAL_DESIGN_GEOMETRIC_PRESENTATION_REPRESENTATION (  '', ( #282 ), #2432 ) ;
#1058 =( NAMED_UNIT ( * ) PLANE_ANGLE_UNIT ( ) SI_UNIT ( $, .RADIAN. ) );
#1059 = ORIENTED_EDGE ( 'NONE', *, *, #2390, .F. ) ;
#1060 = DIRECTION ( 'NONE',  ( 0.000000000000000000, 0.000000000000000000, 1.000000000000000000 ) ) ;
#1061 = ORIENTED_EDGE ( 'NONE', *, *, #150, .T. ) ;
#1062 = AXIS2_PLACEMENT_3D ( 'NONE', #2442, #1604, #2701 ) ;
#1063 = ORIENTED_EDGE ( 'NONE', *, *, #1816, .F. ) ;
#1064 = FILL_AREA_STYLE ('',( #1664 ) ) ;
#1065 = CARTESIAN_POINT ( 'NONE',  ( 0.2999999999999992673, 0.2299999999999999822, -0.6499999999999998002 ) ) ;
#1066 = CARTESIAN_POINT ( 'NONE',  ( 1.000000000000000000, 0.2299999999999999822, 0.000000000000000000 ) ) ;
#1067 = LINE ( 'NONE', #2148, #11 ) ;
#1068 = ORIENTED_EDGE ( 'NONE', *, *, #3395, .T. ) ;
#1069 =( LENGTH_UNIT ( ) NAMED_UNIT ( * ) SI_UNIT ( .MILLI., .METRE. ) );
#1070 =( NAMED_UNIT ( * ) PLANE_ANGLE_UNIT ( ) SI_UNIT ( $, .RADIAN. ) );
#1071 = AXIS2_PLACEMENT_3D ( 'NONE', #2076, #2388, #1508 ) ;
#1072 = ORIENTED_EDGE ( 'NONE', *, *, #760, .T. ) ;
#1073 =( NAMED_UNIT ( * ) PLANE_ANGLE_UNIT ( ) SI_UNIT ( $, .RADIAN. ) );
#1074 =( LENGTH_UNIT ( ) NAMED_UNIT ( * ) SI_UNIT ( .MILLI., .METRE. ) );
#1075 = AXIS2_PLACEMENT_3D ( 'NONE', #633, #3097, #3339 ) ;
#1076 = FILL_AREA_STYLE_COLOUR ( '', #1270 ) ;
#1077 = EDGE_LOOP ( 'NONE', ( #3326, #1690, #1165, #2508 ) ) ;
#1078 = ORIENTED_EDGE ( 'NONE', *, *, #2906, .T. ) ;
#1079 = DIRECTION ( 'NONE',  ( 0.000000000000000000, 0.000000000000000000, 1.000000000000000000 ) ) ;
#1080 = CARTESIAN_POINT ( 'NONE',  ( -1.381835273461063718, 0.1728258285027291508, -0.7624926460168712783 ) ) ;
#1081 =( NAMED_UNIT ( * ) SI_UNIT ( $, .STERADIAN. ) SOLID_ANGLE_UNIT ( ) );
#1082 = ORIENTED_EDGE ( 'NONE', *, *, #755, .F. ) ;
#1083 = SURFACE_STYLE_USAGE ( .BOTH. , #1918 ) ;
#1084 =( NAMED_UNIT ( * ) SI_UNIT ( $, .STERADIAN. ) SOLID_ANGLE_UNIT ( ) );
#1085 = DIRECTION ( 'NONE',  ( 0.000000000000000000, 0.000000000000000000, -1.000000000000000000 ) ) ;
#1086 = AXIS2_PLACEMENT_3D ( 'NONE', #2719, #284, #595 ) ;
#1087 = DIRECTION ( 'NONE',  ( -0.000000000000000000, -1.000000000000000000, 0.000000000000000000 ) ) ;
#1088 = DIRECTION ( 'NONE',  ( 0.000000000000000000, 0.000000000000000000, 1.000000000000000000 ) ) ;
#1089 = EDGE_CURVE ( 'NONE', #2528, #2689, #1132, .T. ) ;
#1090 = LINE ( 'NONE', #2712, #495 ) ;
#1091 = EDGE_CURVE ( 'NONE', #2038, #1234, #1783, .T. ) ;
#1092 = ORIENTED_EDGE ( 'NONE', *, *, #568, .T. ) ;
#1093 = ORIENTED_EDGE ( 'NONE', *, *, #805, .F. ) ;
#1094 = VECTOR ( 'NONE', #2818, 1000.000000000000000 ) ;
#1095 = SURFACE_STYLE_USAGE ( .BOTH. , #3000 ) ;
#1096 = DIRECTION ( 'NONE',  ( -0.1039620511844977224, -0.9891328443778538704, -0.1039620511844976947 ) ) ;
#1097 = SURFACE_STYLE_FILL_AREA ( #3001 ) ;
#1098 = ADVANCED_FACE ( 'NONE', ( #702 ), #1178, .T. ) ;
#1099 =( GEOMETRIC_REPRESENTATION_CONTEXT ( 3 ) GLOBAL_UNCERTAINTY_ASSIGNED_CONTEXT ( ( #901 ) ) GLOBAL_UNIT_ASSIGNED_CONTEXT ( ( #711, #2907, #2625 ) ) REPRESENTATION_CONTEXT ( 'NONE', 'WORKASPACE' ) );
#1100 = FACE_OUTER_BOUND ( 'NONE', #610, .T. ) ;
#1101 = ORIENTED_EDGE ( 'NONE', *, *, #812, .T. ) ;
#1102 =( NAMED_UNIT ( * ) PLANE_ANGLE_UNIT ( ) SI_UNIT ( $, .RADIAN. ) );
#1103 = PLANE ( 'NONE',  #2347 ) ;
#1104 = CARTESIAN_POINT ( 'NONE',  ( 1.100000000000000089, 0.000000000000000000, 0.3499999999999998668 ) ) ;
#1105 = CARTESIAN_POINT ( 'NONE',  ( 0.000000000000000000, 0.9000000000000000222, 0.000000000000000000 ) ) ;
#1106 = VECTOR ( 'NONE', #3132, 1000.000000000000000 ) ;
#1107 = SURFACE_STYLE_USAGE ( .BOTH. , #860 ) ;
#1108 = DIRECTION ( 'NONE',  ( 0.000000000000000000, 0.000000000000000000, 1.000000000000000000 ) ) ;
#1109 = CARTESIAN_POINT ( 'NONE',  ( -1.197357702945150315, 0.9000000000000000222, 0.000000000000000000 ) ) ;
#1110 = MECHANICAL_DESIGN_GEOMETRIC_PRESENTATION_REPRESENTATION (  '', ( #1391 ), #992 ) ;
#1111 = LINE ( 'NONE', #850, #2012 ) ;
#1112 = VECTOR ( 'NONE', #1562, 1000.000000000000000 ) ;
#1113 = PRESENTATION_LAYER_ASSIGNMENT (  '', '', ( #2642 ) ) ;
#1114 = ORIENTED_EDGE ( 'NONE', *, *, #614, .F. ) ;
#1115 = EDGE_LOOP ( 'NONE', ( #1172, #2312, #2804 ) ) ;
#1116 = UNCERTAINTY_MEASURE_WITH_UNIT (LENGTH_MEASURE( 1.000000000000000082E-05 ), #2297, 'distance_accuracy_value', 'NONE');
#1117 = CIRCLE ( 'NONE', #2638, 0.09999999999999999167 ) ;
#1118 = CARTESIAN_POINT ( 'NONE',  ( 1.386069125664689539, 0.1325434155921184354, -0.9000000000000000222 ) ) ;
#1119 = VECTOR ( 'NONE', #1096, 1000.000000000000227 ) ;
#1120 = ORIENTED_EDGE ( 'NONE', *, *, #3195, .T. ) ;
#1121 =( NAMED_UNIT ( * ) SI_UNIT ( $, .STERADIAN. ) SOLID_ANGLE_UNIT ( ) );
#1122 = FILL_AREA_STYLE ('',( #2991 ) ) ;
#1123 =( GEOMETRIC_REPRESENTATION_CONTEXT ( 3 ) GLOBAL_UNCERTAINTY_ASSIGNED_CONTEXT ( ( #138 ) ) GLOBAL_UNIT_ASSIGNED_CONTEXT ( ( #37, #2464, #2394 ) ) REPRESENTATION_CONTEXT ( 'NONE', 'WORKASPACE' ) );
#1124 = FILL_AREA_STYLE ('',( #898 ) ) ;
#1125 = UNCERTAINTY_MEASURE_WITH_UNIT (LENGTH_MEASURE( 1.000000000000000082E-05 ), #897, 'distance_accuracy_value', 'NONE');
#1126 =( NAMED_UNIT ( * ) PLANE_ANGLE_UNIT ( ) SI_UNIT ( $, .RADIAN. ) );
#1127 = DIRECTION ( 'NONE',  ( -0.000000000000000000, -1.000000000000000000, -0.000000000000000000 ) ) ;
#1128 = ORIENTED_EDGE ( 'NONE', *, *, #1164, .F. ) ;
#1129 = DIRECTION ( 'NONE',  ( -1.000000000000000000, 0.000000000000000000, -0.000000000000000000 ) ) ;
#1130 = EDGE_CURVE ( 'NONE', #1481, #2219, #1195, .T. ) ;
#1131 = DIRECTION ( 'NONE',  ( 0.1045284632676534986, -0.9945218953682734009, 1.511066492818150016E-17 ) ) ;
#1132 = CIRCLE ( 'NONE', #1575, 0.1199999999999998845 ) ;
#1133 = EDGE_CURVE ( 'NONE', #2840, #1135, #976, .T. ) ;
#1134 =( NAMED_UNIT ( * ) PLANE_ANGLE_UNIT ( ) SI_UNIT ( $, .RADIAN. ) );
#1135 = VERTEX_POINT ( 'NONE', #2829 ) ;
#1136 = UNCERTAINTY_MEASURE_WITH_UNIT (LENGTH_MEASURE( 1.000000000000000082E-05 ), #2535, 'distance_accuracy_value', 'NONE');
#1137 = SURFACE_STYLE_FILL_AREA ( #543 ) ;
#1138 = ORIENTED_EDGE ( 'NONE', *, *, #2627, .F. ) ;
#1139 = CARTESIAN_POINT ( 'NONE',  ( 1.000000000000000000, 0.000000000000000000, 0.3499999999999992006 ) ) ;
#1140 = CARTESIAN_POINT ( 'NONE',  ( -1.200000000000000844, 0.000000000000000000, 0.4500000000000000111 ) ) ;
#1141 = CARTESIAN_POINT ( 'NONE',  ( 2.013518320330222978E-16, 0.2299999999999999822, -0.6499999999999999112 ) ) ;
#1142 = CARTESIAN_POINT ( 'NONE',  ( 0.000000000000000000, 0.000000000000000000, 0.000000000000000000 ) ) ;
#1143 = DIRECTION ( 'NONE',  ( -0.000000000000000000, -1.000000000000000000, -0.000000000000000000 ) ) ;
#1144 = FILL_AREA_STYLE_COLOUR ( '', #61 ) ;
#1145 =( GEOMETRIC_REPRESENTATION_CONTEXT ( 3 ) GLOBAL_UNCERTAINTY_ASSIGNED_CONTEXT ( ( #926 ) ) GLOBAL_UNIT_ASSIGNED_CONTEXT ( ( #855, #2753, #2493 ) ) REPRESENTATION_CONTEXT ( 'NONE', 'WORKASPACE' ) );
#1146 = LINE ( 'NONE', #886, #1497 ) ;
#1147 = PRESENTATION_LAYER_ASSIGNMENT (  '', '', ( #925 ) ) ;
#1148 = AXIS2_PLACEMENT_3D ( 'NONE', #2431, #2446, #3347 ) ;
#1149 = COLOUR_RGB ( '',0.2509803921568627416, 0.2509803921568627416, 0.2509803921568627416 ) ;
#1150 = FILL_AREA_STYLE ('',( #2237 ) ) ;
#1151 = VERTEX_POINT ( 'NONE', #3365 ) ;
#1152 = ADVANCED_FACE ( 'NONE', ( #401 ), #412, .F. ) ;
#1153 =( NAMED_UNIT ( * ) PLANE_ANGLE_UNIT ( ) SI_UNIT ( $, .RADIAN. ) );
#1154 = DIRECTION ( 'NONE',  ( -0.000000000000000000, 0.1045284632676534986, 0.9945218953682734009 ) ) ;
#1155 = ORIENTED_EDGE ( 'NONE', *, *, #1201, .F. ) ;
#1156 =( GEOMETRIC_REPRESENTATION_CONTEXT ( 3 ) GLOBAL_UNCERTAINTY_ASSIGNED_CONTEXT ( ( #2537 ) ) GLOBAL_UNIT_ASSIGNED_CONTEXT ( ( #3236, #1909, #1926 ) ) REPRESENTATION_CONTEXT ( 'NONE', 'WORKASPACE' ) );
#1157 = PRODUCT_RELATED_PRODUCT_CATEGORY ( 'part', '', ( #3207 ) ) ;
#1158 = SURFACE_STYLE_USAGE ( .BOTH. , #3353 ) ;
#1159 = AXIS2_PLACEMENT_3D ( 'NONE', #912, #2051, #452 ) ;
#1160 = MECHANICAL_DESIGN_GEOMETRIC_PRESENTATION_REPRESENTATION (  '', ( #1546 ), #2586 ) ;
#1161 = CARTESIAN_POINT ( 'NONE',  ( -1.316700330389343199, 0.7925434155921183832, 0.6973577029451503151 ) ) ;
#1162 = VECTOR ( 'NONE', #1218, 1000.000000000000000 ) ;
#1163 = ORIENTED_EDGE ( 'NONE', *, *, #1385, .T. ) ;
#1164 = EDGE_CURVE ( 'NONE', #2734, #2751, #1521, .T. ) ;
#1165 = ORIENTED_EDGE ( 'NONE', *, *, #1538, .F. ) ;
#1166 = AXIS2_PLACEMENT_3D ( 'NONE', #2140, #1852, #8 ) ;
#1167 = AXIS2_PLACEMENT_3D ( 'NONE', #2184, #578, #1754 ) ;
#1168 = FILL_AREA_STYLE_COLOUR ( '', #410 ) ;
#1169 = SURFACE_STYLE_USAGE ( .BOTH. , #2016 ) ;
#1170 = UNCERTAINTY_MEASURE_WITH_UNIT (LENGTH_MEASURE( 1.000000000000000082E-05 ), #1992, 'distance_accuracy_value', 'NONE');
#1171 = EDGE_CURVE ( 'NONE', #2751, #3411, #237, .T. ) ;
#1172 = ORIENTED_EDGE ( 'NONE', *, *, #2931, .T. ) ;
#1173 = CARTESIAN_POINT ( 'NONE',  ( 0.000000000000000000, 0.2299999999999999822, 0.4500000000000000111 ) ) ;
#1174 = CARTESIAN_POINT ( 'NONE',  ( -1.200000000000000844, 0.2299999999999999822, -0.4500000000000000111 ) ) ;
#1175 = VECTOR ( 'NONE', #3228, 1000.000000000000000 ) ;
#1176 = DIRECTION ( 'NONE',  ( 0.1039620511844973616, -0.9891328443778539814, 0.1039620511844975559 ) ) ;
#1177 = CIRCLE ( 'NONE', #1291, 0.1199999999999998845 ) ;
#1178 = PLANE ( 'NONE',  #959 ) ;
#1179 = DIRECTION ( 'NONE',  ( 1.000000000000000000, 0.000000000000000000, 3.097720492815728645E-16 ) ) ;
#1180 = UNCERTAINTY_MEASURE_WITH_UNIT (LENGTH_MEASURE( 1.000000000000000082E-05 ), #2488, 'distance_accuracy_value', 'NONE');
#1181 = SURFACE_SIDE_STYLE ('',( #1730 ) ) ;
#1182 =( NAMED_UNIT ( * ) SI_UNIT ( $, .STERADIAN. ) SOLID_ANGLE_UNIT ( ) );
#1183 =( NAMED_UNIT ( * ) SI_UNIT ( $, .STERADIAN. ) SOLID_ANGLE_UNIT ( ) );
#1184 = CARTESIAN_POINT ( 'NONE',  ( -1.200000000000000844, 0.2299999999999999822, -0.4500000000000000111 ) ) ;
#1185 = ADVANCED_FACE ( 'NONE', ( #1354 ), #2727, .T. ) ;
#1186 = DIRECTION ( 'NONE',  ( -1.000000000000000000, -0.000000000000000000, -0.000000000000000000 ) ) ;
#1187 = VERTEX_POINT ( 'NONE', #3286 ) ;
#1188 = ORIENTED_EDGE ( 'NONE', *, *, #1448, .F. ) ;
#1189 = COLOUR_RGB ( '',0.2509803921568627416, 0.2509803921568627416, 0.2509803921568627416 ) ;
#1190 = VECTOR ( 'NONE', #1265, 1000.000000000000000 ) ;
#1191 = DIRECTION ( 'NONE',  ( -0.1039620511844977224, -0.9891328443778539814, -0.1039620511844977224 ) ) ;
#1192 = EDGE_LOOP ( 'NONE', ( #785, #484, #2756, #2667 ) ) ;
#1193 = MECHANICAL_DESIGN_GEOMETRIC_PRESENTATION_REPRESENTATION (  '', ( #298 ), #1516 ) ;
#1194 = FILL_AREA_STYLE ('',( #132 ) ) ;
#1195 = LINE ( 'NONE', #2330, #2945 ) ;
#1196 = FACE_OUTER_BOUND ( 'NONE', #1741, .T. ) ;
#1197 = EDGE_CURVE ( 'NONE', #3361, #3447, #2482, .T. ) ;
#1198 = ORIENTED_EDGE ( 'NONE', *, *, #2705, .F. ) ;
#1199 = CARTESIAN_POINT ( 'NONE',  ( -1.200000000000000178, 0.000000000000000000, 0.5499999999999999334 ) ) ;
#1200 =( GEOMETRIC_REPRESENTATION_CONTEXT ( 3 ) GLOBAL_UNCERTAINTY_ASSIGNED_CONTEXT ( ( #2273 ) ) GLOBAL_UNIT_ASSIGNED_CONTEXT ( ( #194, #2949, #523 ) ) REPRESENTATION_CONTEXT ( 'NONE', 'WORKASPACE' ) );
#1201 = EDGE_CURVE ( 'NONE', #1515, #1719, #615, .T. ) ;
#1202 = VECTOR ( 'NONE', #705, 1000.000000000000000 ) ;
#1203 = CARTESIAN_POINT ( 'NONE',  ( 1.266726498220496655, 0.000000000000000000, -0.4499999999999999001 ) ) ;
#1204 = ORIENTED_EDGE ( 'NONE', *, *, #464, .F. ) ;
#1205 = DIRECTION ( 'NONE',  ( 0.000000000000000000, 0.000000000000000000, 1.000000000000000000 ) ) ;
#1206 = FACE_OUTER_BOUND ( 'NONE', #1294, .T. ) ;
#1207 = CIRCLE ( 'NONE', #316, 0.1199999999999999956 ) ;
#1208 = CARTESIAN_POINT ( 'NONE',  ( 1.699999999999999956, 0.000000000000000000, -0.000000000000000000 ) ) ;
#1209 = AXIS2_PLACEMENT_3D ( 'NONE', #2046, #985, #1791 ) ;
#1210 = CARTESIAN_POINT ( 'NONE',  ( 0.000000000000000000, 0.2299999999999999822, 0.000000000000000000 ) ) ;
#1211 = ORIENTED_EDGE ( 'NONE', *, *, #1247, .F. ) ;
#1212 = FILL_AREA_STYLE ('',( #903 ) ) ;
#1213 = STYLED_ITEM ( 'NONE', ( #2171 ), #3238 ) ;
#1214 = UNCERTAINTY_MEASURE_WITH_UNIT (LENGTH_MEASURE( 1.000000000000000082E-05 ), #2424, 'distance_accuracy_value', 'NONE');
#1215 = PRESENTATION_LAYER_ASSIGNMENT (  '', '', ( #1391 ) ) ;
#1216 = VECTOR ( 'NONE', #2005, 1000.000000000000000 ) ;
#1217 = CARTESIAN_POINT ( 'NONE',  ( 1.849999999999999867, 0.000000000000000000, -0.09999999999999996392 ) ) ;
#1218 = DIRECTION ( 'NONE',  ( -1.000000000000000000, 0.000000000000000000, 0.000000000000000000 ) ) ;
#1219 = VECTOR ( 'NONE', #2692, 1000.000000000000227 ) ;
#1220 = STYLED_ITEM ( 'NONE', ( #609 ), #1674 ) ;
#1221 = ORIENTED_EDGE ( 'NONE', *, *, #1731, .T. ) ;
#1222 = EDGE_CURVE ( 'NONE', #2988, #657, #290, .T. ) ;
#1223 = ORIENTED_EDGE ( 'NONE', *, *, #3275, .F. ) ;
#1224 = DIRECTION ( 'NONE',  ( 0.000000000000000000, 0.000000000000000000, 1.000000000000000000 ) ) ;
#1225 = MECHANICAL_DESIGN_GEOMETRIC_PRESENTATION_REPRESENTATION (  '', ( #2591 ), #3308 ) ;
#1226 = LINE ( 'NONE', #160, #219 ) ;
#1227 =( GEOMETRIC_REPRESENTATION_CONTEXT ( 3 ) GLOBAL_UNCERTAINTY_ASSIGNED_CONTEXT ( ( #2762 ) ) GLOBAL_UNIT_ASSIGNED_CONTEXT ( ( #2721, #1916, #30 ) ) REPRESENTATION_CONTEXT ( 'NONE', 'WORKASPACE' ) );
#1228 = FACE_OUTER_BOUND ( 'NONE', #1641, .T. ) ;
#1229 = DIRECTION ( 'NONE',  ( 1.084202172485505223E-15, 0.000000000000000000, 1.000000000000000000 ) ) ;
#1230 = CARTESIAN_POINT ( 'NONE',  ( 1.850000000000000089, 0.000000000000000000, 0.000000000000000000 ) ) ;
#1231 =( NAMED_UNIT ( * ) PLANE_ANGLE_UNIT ( ) SI_UNIT ( $, .RADIAN. ) );
#1232 = SURFACE_STYLE_USAGE ( .BOTH. , #1473 ) ;
#1233 = VERTEX_POINT ( 'NONE', #34 ) ;
#1234 = VERTEX_POINT ( 'NONE', #352 ) ;
#1235 = SPHERICAL_SURFACE ( 'NONE', #1722, 0.1199999999999999956 ) ;
#1236 = ADVANCED_FACE ( 'NONE', ( #56 ), #342, .F. ) ;
#1237 = SURFACE_STYLE_USAGE ( .BOTH. , #3191 ) ;
#1238 = EDGE_LOOP ( 'NONE', ( #1001, #756, #1531, #2114 ) ) ;
#1239 =( NAMED_UNIT ( * ) PLANE_ANGLE_UNIT ( ) SI_UNIT ( $, .RADIAN. ) );
#1240 = CARTESIAN_POINT ( 'NONE',  ( 0.000000000000000000, 0.2299999999999999822, -0.4500000000000000111 ) ) ;
#1241 = FILL_AREA_STYLE ('',( #862 ) ) ;
#1242 = FILL_AREA_STYLE ('',( #1984 ) ) ;
#1243 = SURFACE_STYLE_FILL_AREA ( #1484 ) ;
#1244 = CARTESIAN_POINT ( 'NONE',  ( 1.100000000000000089, 0.2299999999999999822, 0.3499999999999998668 ) ) ;
#1245 = CARTESIAN_POINT ( 'NONE',  ( 1.386069125664689539, 0.1325434155921184354, -0.9000000000000000222 ) ) ;
#1246 = LINE ( 'NONE', #2882, #2267 ) ;
#1247 = EDGE_CURVE ( 'NONE', #158, #1544, #2099, .T. ) ;
#1248 =( NAMED_UNIT ( * ) PLANE_ANGLE_UNIT ( ) SI_UNIT ( $, .RADIAN. ) );
#1249 = LINE ( 'NONE', #415, #1202 ) ;
#1250 = ORIENTED_EDGE ( 'NONE', *, *, #2716, .F. ) ;
#1251 = CARTESIAN_POINT ( 'NONE',  ( 0.000000000000000000, 0.000000000000000000, -0.4500000000000000111 ) ) ;
#1252 = CARTESIAN_POINT ( 'NONE',  ( 0.000000000000000000, 0.9000000000000000222, 0.6973577029451504261 ) ) ;
#1253 = EDGE_CURVE ( 'NONE', #281, #1234, #2630, .T. ) ;
#1254 =( GEOMETRIC_REPRESENTATION_CONTEXT ( 3 ) GLOBAL_UNCERTAINTY_ASSIGNED_CONTEXT ( ( #2803 ) ) GLOBAL_UNIT_ASSIGNED_CONTEXT ( ( #2367, #749, #2147 ) ) REPRESENTATION_CONTEXT ( 'NONE', 'WORKASPACE' ) );
#1255 = VERTEX_POINT ( 'NONE', #2682 ) ;
#1256 = DIRECTION ( 'NONE',  ( -0.000000000000000000, -1.000000000000000000, 0.000000000000000000 ) ) ;
#1257 = FILL_AREA_STYLE_COLOUR ( '', #2129 ) ;
#1258 = CIRCLE ( 'NONE', #3135, 0.1200000000000000788 ) ;
#1259 = AXIS2_PLACEMENT_3D ( 'NONE', #2499, #1087, #3251 ) ;
#1260 = DIRECTION ( 'NONE',  ( -0.000000000000000000, -1.000000000000000000, -0.000000000000000000 ) ) ;
#1261 = PLANE ( 'NONE',  #141 ) ;
#1262 = DIRECTION ( 'NONE',  ( 0.000000000000000000, 0.000000000000000000, -1.000000000000000000 ) ) ;
#1263 = CARTESIAN_POINT ( 'NONE',  ( -1.200000000000000178, 0.2299999999999999822, -0.5499999999999999334 ) ) ;
#1264 = DIRECTION ( 'NONE',  ( 0.000000000000000000, 1.000000000000000000, -0.000000000000000000 ) ) ;
#1265 = DIRECTION ( 'NONE',  ( 0.000000000000000000, 0.000000000000000000, 1.000000000000000000 ) ) ;
#1266 = VECTOR ( 'NONE', #1522, 1000.000000000000000 ) ;
#1267 =( NAMED_UNIT ( * ) SI_UNIT ( $, .STERADIAN. ) SOLID_ANGLE_UNIT ( ) );
#1268 = VERTEX_POINT ( 'NONE', #1534 ) ;
#1269 = ORIENTED_EDGE ( 'NONE', *, *, #2977, .T. ) ;
#1270 = COLOUR_RGB ( '',0.2509803921568627416, 0.2509803921568627416, 0.2509803921568627416 ) ;
#1271 = DIRECTION ( 'NONE',  ( 1.000000000000000000, 0.000000000000000000, 3.097720492815728645E-16 ) ) ;
#1272 = EDGE_CURVE ( 'NONE', #1602, #397, #1023, .T. ) ;
#1273 = CYLINDRICAL_SURFACE ( 'NONE', #3250, 0.1500000000000000777 ) ;
#1274 = CARTESIAN_POINT ( 'NONE',  ( -1.281947240572549385, -0.01227227440913171604, 0.9012898680167422683 ) ) ;
#1275 = MECHANICAL_DESIGN_GEOMETRIC_PRESENTATION_REPRESENTATION (  '', ( #1951 ), #2060 ) ;
#1276 = ORIENTED_EDGE ( 'NONE', *, *, #150, .F. ) ;
#1277 = FACE_OUTER_BOUND ( 'NONE', #3224, .T. ) ;
#1278 = ADVANCED_FACE ( 'NONE', ( #3440 ), #2663, .F. ) ;
#1279 = DIRECTION ( 'NONE',  ( -0.000000000000000000, -1.000000000000000000, 0.000000000000000000 ) ) ;
#1280 = PRESENTATION_LAYER_ASSIGNMENT (  '', '', ( #666 ) ) ;
#1281 = DIRECTION ( 'NONE',  ( -0.000000000000000000, -1.000000000000000000, -0.000000000000000000 ) ) ;
#1282 = CARTESIAN_POINT ( 'NONE',  ( -1.200000000000000178, 0.2299999999999999822, 0.5499999999999999334 ) ) ;
#1283 = DIRECTION ( 'NONE',  ( 0.000000000000000000, -0.1045284632676535264, -0.9945218953682734009 ) ) ;
#1284 = STYLED_ITEM ( 'NONE', ( #1007 ), #1610 ) ;
#1285 = ORIENTED_EDGE ( 'NONE', *, *, #2620, .T. ) ;
#1286 = ORIENTED_EDGE ( 'NONE', *, *, #1130, .F. ) ;
#1287 = LINE ( 'NONE', #3430, #761 ) ;
#1288 = PRESENTATION_LAYER_ASSIGNMENT (  '', '', ( #2373 ) ) ;
#1289 = ADVANCED_FACE ( 'NONE', ( #1310 ), #1261, .T. ) ;
#1290 = SURFACE_STYLE_FILL_AREA ( #2670 ) ;
#1291 = AXIS2_PLACEMENT_3D ( 'NONE', #2690, #2730, #2668 ) ;
#1292 = DIRECTION ( 'NONE',  ( -0.000000000000000000, -1.000000000000000000, -0.000000000000000000 ) ) ;
#1293 = FILL_AREA_STYLE_COLOUR ( '', #2190 ) ;
#1294 = EDGE_LOOP ( 'NONE', ( #1825, #3052, #1410, #580 ) ) ;
#1295 = VERTEX_POINT ( 'NONE', #2087 ) ;
#1296 = SURFACE_SIDE_STYLE ('',( #2368 ) ) ;
#1297 = CYLINDRICAL_SURFACE ( 'NONE', #531, 0.1199999999999999956 ) ;
#1298 = FILL_AREA_STYLE_COLOUR ( '', #1436 ) ;
#1299 = AXIS2_PLACEMENT_3D ( 'NONE', #3062, #1386, #847 ) ;
#1300 = CARTESIAN_POINT ( 'NONE',  ( 1.100000000000000089, 0.2299999999999999822, 0.3499999999999998668 ) ) ;
#1301 =( NAMED_UNIT ( * ) PLANE_ANGLE_UNIT ( ) SI_UNIT ( $, .RADIAN. ) );
#1302 = VERTEX_POINT ( 'NONE', #2072 ) ;
#1303 = PRESENTATION_STYLE_ASSIGNMENT (( #2413 ) ) ;
#1304 = EDGE_CURVE ( 'NONE', #1675, #576, #2895, .T. ) ;
#1305 = SURFACE_SIDE_STYLE ('',( #1290 ) ) ;
#1306 = ORIENTED_EDGE ( 'NONE', *, *, #2862, .T. ) ;
#1307 = ORIENTED_EDGE ( 'NONE', *, *, #3115, .F. ) ;
#1308 = ORIENTED_EDGE ( 'NONE', *, *, #22, .T. ) ;
#1309 =( NAMED_UNIT ( * ) SI_UNIT ( $, .STERADIAN. ) SOLID_ANGLE_UNIT ( ) );
#1310 = FACE_OUTER_BOUND ( 'NONE', #2729, .T. ) ;
#1311 = STYLED_ITEM ( 'NONE', ( #2130 ), #1289 ) ;
#1312 = ORIENTED_EDGE ( 'NONE', *, *, #15, .T. ) ;
#1313 = PRESENTATION_LAYER_ASSIGNMENT (  '', '', ( #865 ) ) ;
#1314 = FILL_AREA_STYLE ('',( #1298 ) ) ;
#1315 = AXIS2_PLACEMENT_3D ( 'NONE', #1509, #218, #1283 ) ;
#1316 = ORIENTED_EDGE ( 'NONE', *, *, #765, .T. ) ;
#1317 = FILL_AREA_STYLE_COLOUR ( '', #1654 ) ;
#1318 = DIRECTION ( 'NONE',  ( -0.000000000000000000, -0.000000000000000000, 1.000000000000000000 ) ) ;
#1319 = ORIENTED_EDGE ( 'NONE', *, *, #3071, .F. ) ;
#1320 = COLOUR_RGB ( '',0.2509803921568627416, 0.2509803921568627416, 0.2509803921568627416 ) ;
#1321 =( NAMED_UNIT ( * ) SI_UNIT ( $, .STERADIAN. ) SOLID_ANGLE_UNIT ( ) );
#1322 = SPHERICAL_SURFACE ( 'NONE', #2808, 0.1199999999999999956 ) ;
#1323 = VERTEX_POINT ( 'NONE', #212 ) ;
#1324 = ORIENTED_EDGE ( 'NONE', *, *, #2691, .T. ) ;
#1325 = LINE ( 'NONE', #3227, #1338 ) ;
#1326 = PRESENTATION_STYLE_ASSIGNMENT (( #2629 ) ) ;
#1327 = SURFACE_STYLE_FILL_AREA ( #2386 ) ;
#1328 = AXIS2_PLACEMENT_3D ( 'NONE', #848, #1127, #3007 ) ;
#1329 = CYLINDRICAL_SURFACE ( 'NONE', #279, 0.1500000000000000777 ) ;
#1330 = ORIENTED_EDGE ( 'NONE', *, *, #3395, .F. ) ;
#1331 = ADVANCED_FACE ( 'NONE', ( #1277 ), #769, .T. ) ;
#1332 = SURFACE_SIDE_STYLE ('',( #841 ) ) ;
#1333 =( NAMED_UNIT ( * ) SI_UNIT ( $, .STERADIAN. ) SOLID_ANGLE_UNIT ( ) );
#1334 =( GEOMETRIC_REPRESENTATION_CONTEXT ( 3 ) GLOBAL_UNCERTAINTY_ASSIGNED_CONTEXT ( ( #3104 ) ) GLOBAL_UNIT_ASSIGNED_CONTEXT ( ( #1740, #924, #2548 ) ) REPRESENTATION_CONTEXT ( 'NONE', 'WORKASPACE' ) );
#1335 = CARTESIAN_POINT ( 'NONE',  ( -1.266726498220496655, 0.000000000000000000, 0.4500000000000000111 ) ) ;
#1336 = VECTOR ( 'NONE', #3120, 1000.000000000000000 ) ;
#1337 = FILL_AREA_STYLE ('',( #2725 ) ) ;
#1338 = VECTOR ( 'NONE', #3279, 1000.000000000000000 ) ;
#1339 = AXIS2_PLACEMENT_3D ( 'NONE', #1044, #1279, #2131 ) ;
#1340 = ORIENTED_EDGE ( 'NONE', *, *, #2124, .F. ) ;
#1341 = SURFACE_STYLE_FILL_AREA ( #2747 ) ;
#1342 = VECTOR ( 'NONE', #304, 1000.000000000000000 ) ;
#1343 = FILL_AREA_STYLE_COLOUR ( '', #1789 ) ;
#1344 = VECTOR ( 'NONE', #2948, 1000.000000000000000 ) ;
#1345 = PRESENTATION_STYLE_ASSIGNMENT (( #516 ) ) ;
#1346 = ORIENTED_EDGE ( 'NONE', *, *, #755, .T. ) ;
#1347 = PRESENTATION_LAYER_ASSIGNMENT (  '', '', ( #1966 ) ) ;
#1348 = ORIENTED_EDGE ( 'NONE', *, *, #2573, .T. ) ;
#1349 = EDGE_CURVE ( 'NONE', #1675, #1547, #2738, .T. ) ;
#1350 = DIRECTION ( 'NONE',  ( 1.000000000000000000, -0.000000000000000000, 0.000000000000000000 ) ) ;
#1351 = DIRECTION ( 'NONE',  ( -0.000000000000000000, -1.000000000000000000, -0.000000000000000000 ) ) ;
#1352 = SURFACE_STYLE_FILL_AREA ( #821 ) ;
#1353 = VECTOR ( 'NONE', #2279, 1000.000000000000000 ) ;
#1354 = FACE_OUTER_BOUND ( 'NONE', #562, .T. ) ;
#1355 = FILL_AREA_STYLE_COLOUR ( '', #3363 ) ;
#1356 = EDGE_CURVE ( 'NONE', #1582, #239, #1605, .T. ) ;
#1357 = ORIENTED_EDGE ( 'NONE', *, *, #2675, .F. ) ;
#1358 = LINE ( 'NONE', #558, #334 ) ;
#1359 = FILL_AREA_STYLE_COLOUR ( '', #1598 ) ;
#1360 = VERTEX_POINT ( 'NONE', #1648 ) ;
#1361 = ORIENTED_EDGE ( 'NONE', *, *, #2837, .T. ) ;
#1362 = UNCERTAINTY_MEASURE_WITH_UNIT (LENGTH_MEASURE( 1.000000000000000082E-05 ), #18, 'distance_accuracy_value', 'NONE');
#1363 = AXIS2_PLACEMENT_3D ( 'NONE', #2246, #1935, #2761 ) ;
#1364 = LINE ( 'NONE', #874, #1803 ) ;
#1365 = ORIENTED_EDGE ( 'NONE', *, *, #52, .T. ) ;
#1366 =( LENGTH_UNIT ( ) NAMED_UNIT ( * ) SI_UNIT ( .MILLI., .METRE. ) );
#1367 = DIRECTION ( 'NONE',  ( 0.000000000000000000, 1.000000000000000000, -0.000000000000000000 ) ) ;
#1368 =( NAMED_UNIT ( * ) PLANE_ANGLE_UNIT ( ) SI_UNIT ( $, .RADIAN. ) );
#1369 = ORIENTED_EDGE ( 'NONE', *, *, #2989, .F. ) ;
#1370 = CARTESIAN_POINT ( 'NONE',  ( -1.197357702945150315, 0.7800000000000000266, 0.6973577029451503151 ) ) ;
#1371 = EDGE_LOOP ( 'NONE', ( #679, #2853, #1566, #2222, #1346, #782, #1721, #1427, #3373, #1101 ) ) ;
#1372 = ORIENTED_EDGE ( 'NONE', *, *, #3265, .F. ) ;
#1373 = ADVANCED_FACE ( 'NONE', ( #313 ), #1379, .F. ) ;
#1374 = UNCERTAINTY_MEASURE_WITH_UNIT (LENGTH_MEASURE( 1.000000000000000082E-05 ), #2213, 'distance_accuracy_value', 'NONE');
#1375 = COLOUR_RGB ( '',0.7529411764705882248, 0.7529411764705882248, 0.7529411764705882248 ) ;
#1376 = CARTESIAN_POINT ( 'NONE',  ( 1.699999999999999956, 0.000000000000000000, 0.1000000000000000194 ) ) ;
#1377 = FILL_AREA_STYLE ('',( #2092 ) ) ;
#1378 = DIRECTION ( 'NONE',  ( 0.000000000000000000, 0.000000000000000000, -1.000000000000000000 ) ) ;
#1379 = PLANE ( 'NONE',  #693 ) ;
#1380 = MECHANICAL_DESIGN_GEOMETRIC_PRESENTATION_REPRESENTATION (  '', ( #544 ), #1099 ) ;
#1381 = FILL_AREA_STYLE ('',( #818 ) ) ;
#1382 = EDGE_CURVE ( 'NONE', #2595, #1481, #2459, .T. ) ;
#1383 = DIRECTION ( 'NONE',  ( 0.000000000000000000, 1.000000000000000000, -0.000000000000000000 ) ) ;
#1384 = CARTESIAN_POINT ( 'NONE',  ( 1.850000000000000089, 0.2299999999999999822, 0.2500000000000000000 ) ) ;
#1385 = EDGE_CURVE ( 'NONE', #2121, #2038, #2188, .T. ) ;
#1386 = DIRECTION ( 'NONE',  ( 1.000000000000000000, 0.000000000000000000, 0.000000000000000000 ) ) ;
#1387 = CARTESIAN_POINT ( 'NONE',  ( -1.401289868016742268, -0.01227227440913170216, 0.7819472405725494957 ) ) ;
#1388 = MECHANICAL_DESIGN_GEOMETRIC_PRESENTATION_REPRESENTATION (  '', ( #111 ), #329 ) ;
#1389 = ORIENTED_EDGE ( 'NONE', *, *, #3432, .F. ) ;
#1390 = CARTESIAN_POINT ( 'NONE',  ( -1.200000000000000178, 0.2299999999999999822, -0.5499999999999999334 ) ) ;
#1391 = STYLED_ITEM ( 'NONE', ( #1018 ), #2828 ) ;
#1392 = CIRCLE ( 'NONE', #2063, 0.09999999999999993616 ) ;
#1393 = PRESENTATION_STYLE_ASSIGNMENT (( #2451 ) ) ;
#1394 = STYLED_ITEM ( 'NONE', ( #2816 ), #3100 ) ;
#1395 = EDGE_LOOP ( 'NONE', ( #2132, #1860, #575, #2393 ) ) ;
#1396 = DIRECTION ( 'NONE',  ( -0.1039620511844974587, -0.9891328443778539814, 0.1039620511844975559 ) ) ;
#1397 = CARTESIAN_POINT ( 'NONE',  ( 1.266726498220496655, 0.000000000000000000, -0.7667264982204968771 ) ) ;
#1398 = MECHANICAL_DESIGN_GEOMETRIC_PRESENTATION_REPRESENTATION (  '', ( #502 ), #341 ) ;
#1399 = ORIENTED_EDGE ( 'NONE', *, *, #2145, .F. ) ;
#1400 = CARTESIAN_POINT ( 'NONE',  ( 0.2999999999999999889, 0.000000000000000000, 0.5499999999999998224 ) ) ;
#1401 = FACE_OUTER_BOUND ( 'NONE', #2659, .T. ) ;
#1402 = UNCERTAINTY_MEASURE_WITH_UNIT (LENGTH_MEASURE( 1.000000000000000082E-05 ), #2228, 'distance_accuracy_value', 'NONE');
#1403 = FILL_AREA_STYLE_COLOUR ( '', #513 ) ;
#1404 = DIRECTION ( 'NONE',  ( -1.000000000000000000, 0.000000000000000000, 0.000000000000000000 ) ) ;
#1405 = CARTESIAN_POINT ( 'NONE',  ( -1.699999999999999956, 0.2299999999999999822, 0.1000000000000000194 ) ) ;
#1406 = PRESENTATION_STYLE_ASSIGNMENT (( #1676 ) ) ;
#1407 = DIRECTION ( 'NONE',  ( 1.000000000000000000, 0.000000000000000000, -0.000000000000000000 ) ) ;
#1408 = DIRECTION ( 'NONE',  ( 9.084785509624380993E-16, 0.000000000000000000, -1.000000000000000000 ) ) ;
#1409 = ORIENTED_EDGE ( 'NONE', *, *, #1726, .T. ) ;
#1410 = ORIENTED_EDGE ( 'NONE', *, *, #3300, .T. ) ;
#1411 = CARTESIAN_POINT ( 'NONE',  ( 1.197357702945150315, 0.7800000000000000266, 0.6973577029451504261 ) ) ;
#1412 = SURFACE_STYLE_USAGE ( .BOTH. , #1669 ) ;
#1413 = ADVANCED_FACE ( 'NONE', ( #2079 ), #437, .T. ) ;
#1414 = UNCERTAINTY_MEASURE_WITH_UNIT (LENGTH_MEASURE( 1.000000000000000082E-05 ), #3068, 'distance_accuracy_value', 'NONE');
#1415 = PLANE ( 'NONE',  #2151 ) ;
#1416 = CARTESIAN_POINT ( 'NONE',  ( 0.000000000000000000, 0.2299999999999999822, -0.4500000000000000111 ) ) ;
#1417 = FILL_AREA_STYLE ('',( #2500 ) ) ;
#1418 = PRESENTATION_LAYER_ASSIGNMENT (  '', '', ( #2963 ) ) ;
#1419 = CARTESIAN_POINT ( 'NONE',  ( -1.197357702945150315, 0.7925434155921183832, 0.8167003303893430877 ) ) ;
#1420 = PRESENTATION_LAYER_ASSIGNMENT (  '', '', ( #867 ) ) ;
#1421 = PRESENTATION_LAYER_ASSIGNMENT (  '', '', ( #536 ) ) ;
#1422 = SURFACE_SIDE_STYLE ('',( #357 ) ) ;
#1423 = EDGE_CURVE ( 'NONE', #1578, #1440, #1249, .T. ) ;
#1424 = ORIENTED_EDGE ( 'NONE', *, *, #2581, .F. ) ;
#1425 = DIRECTION ( 'NONE',  ( 0.000000000000000000, 0.000000000000000000, 1.000000000000000000 ) ) ;
#1426 = DIRECTION ( 'NONE',  ( 1.000000000000000000, 0.000000000000000000, -0.000000000000000000 ) ) ;
#1427 = ORIENTED_EDGE ( 'NONE', *, *, #1527, .T. ) ;
#1428 = AXIS2_PLACEMENT_3D ( 'NONE', #2798, #869, #3082 ) ;
#1429 = MECHANICAL_DESIGN_GEOMETRIC_PRESENTATION_REPRESENTATION (  '', ( #2910 ), #929 ) ;
#1430 = SURFACE_SIDE_STYLE ('',( #2277 ) ) ;
#1431 = CARTESIAN_POINT ( 'NONE',  ( 1.000000000000000000, 0.000000000000000000, -0.000000000000000000 ) ) ;
#1432 = ADVANCED_FACE ( 'NONE', ( #2833 ), #402, .F. ) ;
#1433 = PRESENTATION_STYLE_ASSIGNMENT (( #1763 ) ) ;
#1434 = CYLINDRICAL_SURFACE ( 'NONE', #551, 0.1200000000000000927 ) ;
#1435 = AXIS2_PLACEMENT_3D ( 'NONE', #2858, #1176, #721 ) ;
#1436 = COLOUR_RGB ( '',0.7529411764705882248, 0.7529411764705882248, 0.7529411764705882248 ) ;
#1437 =( NAMED_UNIT ( * ) PLANE_ANGLE_UNIT ( ) SI_UNIT ( $, .RADIAN. ) );
#1438 = CARTESIAN_POINT ( 'NONE',  ( 0.2999999999999999889, 0.2299999999999999822, 0.5499999999999998224 ) ) ;
#1439 = STYLED_ITEM ( 'NONE', ( #2098 ), #2839 ) ;
#1440 = VERTEX_POINT ( 'NONE', #1335 ) ;
#1441 = AXIS2_PLACEMENT_3D ( 'NONE', #667, #2598, #1743 ) ;
#1442 = DIRECTION ( 'NONE',  ( 0.000000000000000000, 0.000000000000000000, 1.000000000000000000 ) ) ;
#1443 = ORIENTED_EDGE ( 'NONE', *, *, #1756, .F. ) ;
#1444 = AXIS2_PLACEMENT_3D ( 'NONE', #3054, #626, #2786 ) ;
#1445 = DIRECTION ( 'NONE',  ( -0.000000000000000000, -1.000000000000000000, -0.000000000000000000 ) ) ;
#1446 = SURFACE_STYLE_FILL_AREA ( #395 ) ;
#1447 = UNCERTAINTY_MEASURE_WITH_UNIT (LENGTH_MEASURE( 1.000000000000000082E-05 ), #184, 'distance_accuracy_value', 'NONE');
#1448 = EDGE_CURVE ( 'NONE', #397, #2468, #526, .T. ) ;
#1449 = EDGE_LOOP ( 'NONE', ( #1092, #42, #1892, #3213 ) ) ;
#1450 = CARTESIAN_POINT ( 'NONE',  ( -1.386069125664689539, 0.1325434155921184354, 0.9000000000000000222 ) ) ;
#1451 =( GEOMETRIC_REPRESENTATION_CONTEXT ( 3 ) GLOBAL_UNCERTAINTY_ASSIGNED_CONTEXT ( ( #1753 ) ) GLOBAL_UNIT_ASSIGNED_CONTEXT ( ( #326, #2767, #2485 ) ) REPRESENTATION_CONTEXT ( 'NONE', 'WORKASPACE' ) );
#1452 = CIRCLE ( 'NONE', #2376, 0.09999999999999999167 ) ;
#1453 = FILL_AREA_STYLE_COLOUR ( '', #2497 ) ;
#1454 = DIRECTION ( 'NONE',  ( -0.000000000000000000, 0.000000000000000000, 1.000000000000000000 ) ) ;
#1455 = SURFACE_SIDE_STYLE ('',( #389 ) ) ;
#1456 = ADVANCED_FACE ( 'NONE', ( #1591 ), #266, .T. ) ;
#1457 = DIRECTION ( 'NONE',  ( 2.331034670843836111E-14, 0.000000000000000000, 1.000000000000000000 ) ) ;
#1458 = PRESENTATION_STYLE_ASSIGNMENT (( #1232 ) ) ;
#1459 = FILL_AREA_STYLE ('',( #1734 ) ) ;
#1460 = UNCERTAINTY_MEASURE_WITH_UNIT (LENGTH_MEASURE( 1.000000000000000082E-05 ), #2958, 'distance_accuracy_value', 'NONE');
#1461 = ADVANCED_FACE ( 'NONE', ( #1964 ), #1857, .T. ) ;
#1462 = CIRCLE ( 'NONE', #3282, 0.09999999999999993616 ) ;
#1463 = FACE_OUTER_BOUND ( 'NONE', #2874, .T. ) ;
#1464 = CARTESIAN_POINT ( 'NONE',  ( -1.100000000000000089, 0.2299999999999999822, 0.6500000000000001332 ) ) ;
#1465 = ORIENTED_EDGE ( 'NONE', *, *, #2315, .T. ) ;
#1466 = CARTESIAN_POINT ( 'NONE',  ( 1.850000000000000089, 0.2299999999999999822, 0.000000000000000000 ) ) ;
#1467 = DIRECTION ( 'NONE',  ( 2.331034670843836111E-14, 0.000000000000000000, 1.000000000000000000 ) ) ;
#1468 = CARTESIAN_POINT ( 'NONE',  ( 0.2999999999999992673, 0.000000000000000000, 0.6499999999999998002 ) ) ;
#1469 = DIRECTION ( 'NONE',  ( -0.000000000000000000, -1.000000000000000000, -0.000000000000000000 ) ) ;
#1470 =( NAMED_UNIT ( * ) PLANE_ANGLE_UNIT ( ) SI_UNIT ( $, .RADIAN. ) );
#1471 = PRESENTATION_LAYER_ASSIGNMENT (  '', '', ( #303 ) ) ;
#1472 = CARTESIAN_POINT ( 'NONE',  ( 1.849999999999999867, 0.2299999999999999822, -0.09999999999999996392 ) ) ;
#1473 = SURFACE_SIDE_STYLE ('',( #918 ) ) ;
#1474 = SURFACE_STYLE_FILL_AREA ( #1459 ) ;
#1475 = CARTESIAN_POINT ( 'NONE',  ( -1.849999999999999867, 0.2299999999999999822, -0.09999999999999993616 ) ) ;
#1476 = AXIS2_PLACEMENT_3D ( 'NONE', #1066, #2426, #2405 ) ;
#1477 = VECTOR ( 'NONE', #1482, 1000.000000000000000 ) ;
#1478 = FACE_OUTER_BOUND ( 'NONE', #2378, .T. ) ;
#1479 = LINE ( 'NONE', #1998, #662 ) ;
#1480 = EDGE_CURVE ( 'NONE', #129, #1187, #1040, .T. ) ;
#1481 = VERTEX_POINT ( 'NONE', #2947 ) ;
#1482 = DIRECTION ( 'NONE',  ( 0.000000000000000000, 0.000000000000000000, -1.000000000000000000 ) ) ;
#1483 = VECTOR ( 'NONE', #2619, 1000.000000000000000 ) ;
#1484 = FILL_AREA_STYLE ('',( #631 ) ) ;
#1485 = DIRECTION ( 'NONE',  ( 0.000000000000000000, 1.000000000000000000, -0.000000000000000000 ) ) ;
#1486 = ADVANCED_FACE ( 'NONE', ( #482 ), #958, .F. ) ;
#1487 = COLOUR_RGB ( '',0.2509803921568627416, 0.2509803921568627416, 0.2509803921568627416 ) ;
#1488 = SURFACE_STYLE_FILL_AREA ( #3367 ) ;
#1489 = CIRCLE ( 'NONE', #2248, 0.09999999999999993616 ) ;
#1490 = DIRECTION ( 'NONE',  ( 0.000000000000000000, 0.000000000000000000, 1.000000000000000000 ) ) ;
#1491 = EDGE_CURVE ( 'NONE', #2951, #2121, #1117, .T. ) ;
#1492 = VECTOR ( 'NONE', #670, 1000.000000000000000 ) ;
#1493 = VECTOR ( 'NONE', #969, 1000.000000000000227 ) ;
#1494 = COLOUR_RGB ( '',0.7529411764705882248, 0.7529411764705882248, 0.7529411764705882248 ) ;
#1495 = CARTESIAN_POINT ( 'NONE',  ( -0.8226479965721844589, 0.9000000000000000222, 0.6973577029451504261 ) ) ;
#1496 = CARTESIAN_POINT ( 'NONE',  ( -1.699999999999999956, 0.2299999999999999822, 0.1000000000000000194 ) ) ;
#1497 = VECTOR ( 'NONE', #1407, 1000.000000000000000 ) ;
#1498 = VECTOR ( 'NONE', #944, 1000.000000000000000 ) ;
#1499 = VERTEX_POINT ( 'NONE', #1174 ) ;
#1500 = ORIENTED_EDGE ( 'NONE', *, *, #2938, .T. ) ;
#1501 =( LENGTH_UNIT ( ) NAMED_UNIT ( * ) SI_UNIT ( .MILLI., .METRE. ) );
#1502 = VECTOR ( 'NONE', #2666, 1000.000000000000000 ) ;
#1503 = AXIS2_PLACEMENT_3D ( 'NONE', #54, #3005, #2741 ) ;
#1504 = CARTESIAN_POINT ( 'NONE',  ( 1.850000000000000089, 0.2299999999999999822, 0.4500000000000000111 ) ) ;
#1505 = VERTEX_POINT ( 'NONE', #697 ) ;
#1506 = SURFACE_STYLE_FILL_AREA ( #434 ) ;
#1507 = CYLINDRICAL_SURFACE ( 'NONE', #2566, 0.09999999999999999167 ) ;
#1508 = DIRECTION ( 'NONE',  ( -1.000000000000000000, 0.000000000000000000, 0.000000000000000000 ) ) ;
#1509 = CARTESIAN_POINT ( 'NONE',  ( 1.281947240572549385, -0.02481569000125012289, 0.7819472405725496067 ) ) ;
#1510 = COLOUR_RGB ( '',0.2509803921568627416, 0.2509803921568627416, 0.2509803921568627416 ) ;
#1511 = CARTESIAN_POINT ( 'NONE',  ( 0.3999999999999999667, 0.2299999999999999822, 0.5499999999999990452 ) ) ;
#1512 = ORIENTED_EDGE ( 'NONE', *, *, #2646, .F. ) ;
#1513 = FACE_OUTER_BOUND ( 'NONE', #3013, .T. ) ;
#1514 = CARTESIAN_POINT ( 'NONE',  ( 1.399999999999999911, 2.028764761827744124E-17, -0.4499999999999999001 ) ) ;
#1515 = VERTEX_POINT ( 'NONE', #1969 ) ;
#1516 =( GEOMETRIC_REPRESENTATION_CONTEXT ( 3 ) GLOBAL_UNCERTAINTY_ASSIGNED_CONTEXT ( ( #2183 ) ) GLOBAL_UNIT_ASSIGNED_CONTEXT ( ( #1748, #1765, #2847 ) ) REPRESENTATION_CONTEXT ( 'NONE', 'WORKASPACE' ) );
#1517 = DIRECTION ( 'NONE',  ( 0.000000000000000000, 0.1045284632676533182, -0.9945218953682734009 ) ) ;
#1518 = CARTESIAN_POINT ( 'NONE',  ( -1.197357702945150537, 0.7800000000000000266, -0.6973577029451503151 ) ) ;
#1519 = FILL_AREA_STYLE_COLOUR ( '', #807 ) ;
#1520 = COLOUR_RGB ( '',0.7529411764705882248, 0.7529411764705882248, 0.7529411764705882248 ) ;
#1521 = LINE ( 'NONE', #2618, #2607 ) ;
#1522 = DIRECTION ( 'NONE',  ( 0.000000000000000000, 0.000000000000000000, -1.000000000000000000 ) ) ;
#1523 = SURFACE_SIDE_STYLE ('',( #2375 ) ) ;
#1524 = ADVANCED_FACE ( 'NONE', ( #2530 ), #896, .T. ) ;
#1525 = FILL_AREA_STYLE ('',( #2885 ) ) ;
#1526 = ORIENTED_EDGE ( 'NONE', *, *, #1046, .T. ) ;
#1527 = EDGE_CURVE ( 'NONE', #904, #2951, #2827, .T. ) ;
#1528 = SURFACE_SIDE_STYLE ('',( #2084 ) ) ;
#1529 = CARTESIAN_POINT ( 'NONE',  ( -1.100000000000000089, 0.2299999999999999822, -0.6500000000000001332 ) ) ;
#1530 = PRESENTATION_LAYER_ASSIGNMENT (  '', '', ( #249 ) ) ;
#1531 = ORIENTED_EDGE ( 'NONE', *, *, #3169, .T. ) ;
#1532 = CIRCLE ( 'NONE', #1936, 0.1199999999999999956 ) ;
#1533 = DIRECTION ( 'NONE',  ( 1.000000000000000000, 0.000000000000000000, 0.000000000000000000 ) ) ;
#1534 = CARTESIAN_POINT ( 'NONE',  ( 1.100000000000000755, 0.000000000000000000, -0.4499999999999999001 ) ) ;
#1535 = DIRECTION ( 'NONE',  ( 0.000000000000000000, 0.000000000000000000, -1.000000000000000000 ) ) ;
#1536 = ORIENTED_EDGE ( 'NONE', *, *, #1385, .F. ) ;
#1537 = CARTESIAN_POINT ( 'NONE',  ( 0.3999999999999999667, 0.2299999999999999822, 0.000000000000000000 ) ) ;
#1538 = EDGE_CURVE ( 'NONE', #3084, #382, #1392, .T. ) ;
#1539 = COLOUR_RGB ( '',0.2509803921568627416, 0.2509803921568627416, 0.2509803921568627416 ) ;
#1540 =( LENGTH_UNIT ( ) NAMED_UNIT ( * ) SI_UNIT ( .MILLI., .METRE. ) );
#1541 = EDGE_LOOP ( 'NONE', ( #1686, #1330, #2439, #2467, #1632 ) ) ;
#1542 =( GEOMETRIC_REPRESENTATION_CONTEXT ( 3 ) GLOBAL_UNCERTAINTY_ASSIGNED_CONTEXT ( ( #2249 ) ) GLOBAL_UNIT_ASSIGNED_CONTEXT ( ( #2713, #278, #1599 ) ) REPRESENTATION_CONTEXT ( 'NONE', 'WORKASPACE' ) );
#1543 = SURFACE_STYLE_USAGE ( .BOTH. , #744 ) ;
#1544 = VERTEX_POINT ( 'NONE', #2018 ) ;
#1545 = FILL_AREA_STYLE ('',( #1293 ) ) ;
#1546 = STYLED_ITEM ( 'NONE', ( #3366 ), #3324 ) ;
#1547 = VERTEX_POINT ( 'NONE', #363 ) ;
#1548 = FILL_AREA_STYLE ('',( #2805 ) ) ;
#1549 = PRESENTATION_LAYER_ASSIGNMENT (  '', '', ( #3093 ) ) ;
#1550 = FACE_OUTER_BOUND ( 'NONE', #3160, .T. ) ;
#1551 = PRESENTATION_LAYER_ASSIGNMENT (  '', '', ( #994 ) ) ;
#1552 = DIRECTION ( 'NONE',  ( 0.000000000000000000, -0.000000000000000000, -1.000000000000000000 ) ) ;
#1553 = AXIS2_PLACEMENT_3D ( 'NONE', #1767, #417, #2337 ) ;
#1554 = COLOUR_RGB ( '',0.7529411764705882248, 0.7529411764705882248, 0.7529411764705882248 ) ;
#1555 = DIRECTION ( 'NONE',  ( 0.000000000000000000, 0.000000000000000000, 1.000000000000000000 ) ) ;
#1556 = CARTESIAN_POINT ( 'NONE',  ( -1.100000000000000089, 0.000000000000000000, -0.6500000000000001332 ) ) ;
#1557 = FILL_AREA_STYLE ('',( #1052 ) ) ;
#1558 = ORIENTED_EDGE ( 'NONE', *, *, #984, .F. ) ;
#1559 = ORIENTED_EDGE ( 'NONE', *, *, #1723, .F. ) ;
#1560 = PLANE ( 'NONE',  #2490 ) ;
#1561 = STYLED_ITEM ( 'NONE', ( #2350 ), #2471 ) ;
#1562 = DIRECTION ( 'NONE',  ( 1.000000000000000000, 0.000000000000000000, 3.097720492815728645E-16 ) ) ;
#1563 = CIRCLE ( 'NONE', #674, 0.09999999999999993616 ) ;
#1564 = LINE ( 'NONE', #1252, #2633 ) ;
#1565 =( LENGTH_UNIT ( ) NAMED_UNIT ( * ) SI_UNIT ( .MILLI., .METRE. ) );
#1566 = ORIENTED_EDGE ( 'NONE', *, *, #3179, .F. ) ;
#1567 = EDGE_CURVE ( 'NONE', #3296, #3230, #2788, .T. ) ;
#1568 = ORIENTED_EDGE ( 'NONE', *, *, #2358, .T. ) ;
#1569 = FILL_AREA_STYLE ('',( #520 ) ) ;
#1570 = FILL_AREA_STYLE ('',( #2384 ) ) ;
#1571 = CARTESIAN_POINT ( 'NONE',  ( 1.849999999999999867, 0.2299999999999999822, -0.09999999999999996392 ) ) ;
#1572 = CARTESIAN_POINT ( 'NONE',  ( -1.699999999999999956, 0.2299999999999999822, 0.000000000000000000 ) ) ;
#1573 = SURFACE_STYLE_USAGE ( .BOTH. , #3463 ) ;
#1574 = DIRECTION ( 'NONE',  ( 0.000000000000000000, 0.000000000000000000, 1.000000000000000000 ) ) ;
#1575 = AXIS2_PLACEMENT_3D ( 'NONE', #947, #366, #3095 ) ;
#1576 = LINE ( 'NONE', #776, #1342 ) ;
#1577 = SURFACE_SIDE_STYLE ('',( #3428 ) ) ;
#1578 = VERTEX_POINT ( 'NONE', #2580 ) ;
#1579 = FACE_OUTER_BOUND ( 'NONE', #2241, .T. ) ;
#1580 = AXIS2_PLACEMENT_3D ( 'NONE', #3400, #957, #3126 ) ;
#1581 = UNCERTAINTY_MEASURE_WITH_UNIT (LENGTH_MEASURE( 1.000000000000000082E-05 ), #1366, 'distance_accuracy_value', 'NONE');
#1582 = VERTEX_POINT ( 'NONE', #3110 ) ;
#1583 = ORIENTED_EDGE ( 'NONE', *, *, #1133, .T. ) ;
#1584 = VERTEX_POINT ( 'NONE', #1759 ) ;
#1585 = CYLINDRICAL_SURFACE ( 'NONE', #890, 0.1199999999999999678 ) ;
#1586 = VECTOR ( 'NONE', #1915, 1000.000000000000000 ) ;
#1587 = LINE ( 'NONE', #2970, #166 ) ;
#1588 = ORIENTED_EDGE ( 'NONE', *, *, #1870, .T. ) ;
#1589 = MECHANICAL_DESIGN_GEOMETRIC_PRESENTATION_REPRESENTATION (  '', ( #2166 ), #1994 ) ;
#1590 = VECTOR ( 'NONE', #806, 1000.000000000000000 ) ;
#1591 = FACE_OUTER_BOUND ( 'NONE', #2428, .T. ) ;
#1592 = SURFACE_SIDE_STYLE ('',( #1352 ) ) ;
#1593 = DIRECTION ( 'NONE',  ( 1.000000000000000000, 0.000000000000000000, 0.000000000000000000 ) ) ;
#1594 =( NAMED_UNIT ( * ) SI_UNIT ( $, .STERADIAN. ) SOLID_ANGLE_UNIT ( ) );
#1595 = EDGE_CURVE ( 'NONE', #1360, #511, #1226, .T. ) ;
#1596 = FILL_AREA_STYLE ('',( #1343 ) ) ;
#1597 = ORIENTED_EDGE ( 'NONE', *, *, #1700, .T. ) ;
#1598 = COLOUR_RGB ( '',0.2509803921568627416, 0.2509803921568627416, 0.2509803921568627416 ) ;
#1599 =( NAMED_UNIT ( * ) SI_UNIT ( $, .STERADIAN. ) SOLID_ANGLE_UNIT ( ) );
#1600 =( NAMED_UNIT ( * ) SI_UNIT ( $, .STERADIAN. ) SOLID_ANGLE_UNIT ( ) );
#1601 = EDGE_LOOP ( 'NONE', ( #3346, #1063, #1715, #253 ) ) ;
#1602 = VERTEX_POINT ( 'NONE', #2316 ) ;
#1603 = PRESENTATION_STYLE_ASSIGNMENT (( #1095 ) ) ;
#1604 = DIRECTION ( 'NONE',  ( -0.000000000000000000, -1.000000000000000000, -0.000000000000000000 ) ) ;
#1605 = LINE ( 'NONE', #2457, #1586 ) ;
#1606 = PRESENTATION_LAYER_ASSIGNMENT (  '', '', ( #1213 ) ) ;
#1607 = DIRECTION ( 'NONE',  ( 0.000000000000000000, 0.000000000000000000, -1.000000000000000000 ) ) ;
#1608 = DIRECTION ( 'NONE',  ( 0.000000000000000000, 0.000000000000000000, -1.000000000000000000 ) ) ;
#1609 = ORIENTED_EDGE ( 'NONE', *, *, #421, .T. ) ;
#1610 = ADVANCED_FACE ( 'NONE', ( #2035 ), #2261, .F. ) ;
#1611 = CARTESIAN_POINT ( 'NONE',  ( 1.699999999999999956, 0.2299999999999999822, -0.1000000000000000194 ) ) ;
#1612 = MECHANICAL_DESIGN_GEOMETRIC_PRESENTATION_REPRESENTATION (  '', ( #1220 ), #1897 ) ;
#1613 =( GEOMETRIC_REPRESENTATION_CONTEXT ( 3 ) GLOBAL_UNCERTAINTY_ASSIGNED_CONTEXT ( ( #1402 ) ) GLOBAL_UNIT_ASSIGNED_CONTEXT ( ( #2228, #3043, #2214 ) ) REPRESENTATION_CONTEXT ( 'NONE', 'WORKASPACE' ) );
#1614 = SURFACE_STYLE_USAGE ( .BOTH. , #1882 ) ;
#1615 = COLOUR_RGB ( '',0.2509803921568627416, 0.2509803921568627416, 0.2509803921568627416 ) ;
#1616 = CIRCLE ( 'NONE', #2195, 0.09999999999999999167 ) ;
#1617 = DIRECTION ( 'NONE',  ( -0.000000000000000000, -1.000000000000000000, -0.000000000000000000 ) ) ;
#1618 = CARTESIAN_POINT ( 'NONE',  ( 1.100000000000000755, 0.2299999999999999822, -0.4499999999999999001 ) ) ;
#1619 = DIRECTION ( 'NONE',  ( 2.331034670843836111E-14, 0.000000000000000000, 1.000000000000000000 ) ) ;
#1620 = FACE_OUTER_BOUND ( 'NONE', #2182, .T. ) ;
#1621 = ADVANCED_FACE ( 'NONE', ( #504 ), #1585, .T. ) ;
#1622 = VECTOR ( 'NONE', #429, 1000.000000000000000 ) ;
#1623 = ORIENTED_EDGE ( 'NONE', *, *, #292, .T. ) ;
#1624 = SURFACE_STYLE_USAGE ( .BOTH. , #783 ) ;
#1625 = ORIENTED_EDGE ( 'NONE', *, *, #2550, .T. ) ;
#1626 = VECTOR ( 'NONE', #3129, 1000.000000000000000 ) ;
#1627 = ORIENTED_EDGE ( 'NONE', *, *, #3380, .T. ) ;
#1628 = FILL_AREA_STYLE_COLOUR ( '', #607 ) ;
#1629 = CARTESIAN_POINT ( 'NONE',  ( 1.266726498220496655, 0.1325434155921184076, 0.8860691256646896496 ) ) ;
#1630 = DIRECTION ( 'NONE',  ( -0.000000000000000000, -1.000000000000000000, -0.000000000000000000 ) ) ;
#1631 = DIRECTION ( 'NONE',  ( 0.000000000000000000, -0.000000000000000000, -1.000000000000000000 ) ) ;
#1632 = ORIENTED_EDGE ( 'NONE', *, *, #1862, .F. ) ;
#1633 =( NAMED_UNIT ( * ) PLANE_ANGLE_UNIT ( ) SI_UNIT ( $, .RADIAN. ) );
#1634 = CARTESIAN_POINT ( 'NONE',  ( 1.100000000000000089, 0.000000000000000000, 0.3499999999999998668 ) ) ;
#1635 = VECTOR ( 'NONE', #2296, 1000.000000000000000 ) ;
#1636 =( NAMED_UNIT ( * ) PLANE_ANGLE_UNIT ( ) SI_UNIT ( $, .RADIAN. ) );
#1637 = CARTESIAN_POINT ( 'NONE',  ( 0.000000000000000000, 0.7800000000000000266, 0.6973577029451504261 ) ) ;
#1638 = EDGE_CURVE ( 'NONE', #3447, #1544, #767, .T. ) ;
#1639 = SURFACE_SIDE_STYLE ('',( #1696 ) ) ;
#1640 = CYLINDRICAL_SURFACE ( 'NONE', #2351, 0.09999999999999993616 ) ;
#1641 = EDGE_LOOP ( 'NONE', ( #809, #1138, #3277, #3176 ) ) ;
#1642 = ORIENTED_EDGE ( 'NONE', *, *, #230, .T. ) ;
#1643 = ADVANCED_FACE ( 'NONE', ( #2930 ), #2662, .T. ) ;
#1644 = UNCERTAINTY_MEASURE_WITH_UNIT (LENGTH_MEASURE( 1.000000000000000082E-05 ), #76, 'distance_accuracy_value', 'NONE');
#1645 = CIRCLE ( 'NONE', #2276, 0.1199999999999998845 ) ;
#1646 = CARTESIAN_POINT ( 'NONE',  ( 1.000000000000000000, 0.2299999999999999822, 0.000000000000000000 ) ) ;
#1647 = DIRECTION ( 'NONE',  ( 0.9945218953682734009, 0.1045284632676534570, 0.000000000000000000 ) ) ;
#1648 = CARTESIAN_POINT ( 'NONE',  ( 1.000000000000000000, 0.2299999999999999822, -0.3499999999999992006 ) ) ;
#1649 = SURFACE_STYLE_FILL_AREA ( #1381 ) ;
#1650 = EDGE_LOOP ( 'NONE', ( #503, #1286, #2203, #3276 ) ) ;
#1651 =( NAMED_UNIT ( * ) SI_UNIT ( $, .STERADIAN. ) SOLID_ANGLE_UNIT ( ) );
#1652 = MECHANICAL_DESIGN_GEOMETRIC_PRESENTATION_REPRESENTATION (  '', ( #1311 ), #1254 ) ;
#1653 = DIRECTION ( 'NONE',  ( 0.000000000000000000, 0.000000000000000000, -1.000000000000000000 ) ) ;
#1654 = COLOUR_RGB ( '',0.2509803921568627416, 0.2509803921568627416, 0.2509803921568627416 ) ;
#1655 = UNCERTAINTY_MEASURE_WITH_UNIT (LENGTH_MEASURE( 1.000000000000000082E-05 ), #2647, 'distance_accuracy_value', 'NONE');
#1656 = LINE ( 'NONE', #1387, #3 ) ;
#1657 = EDGE_LOOP ( 'NONE', ( #404, #1365, #472 ) ) ;
#1658 = EDGE_CURVE ( 'NONE', #3057, #2965, #228, .T. ) ;
#1659 = CARTESIAN_POINT ( 'NONE',  ( 1.266726498220496655, 0.1199999999999999956, -0.7667264982204968771 ) ) ;
#1660 = AXIS2_PLACEMENT_3D ( 'NONE', #2664, #1264, #2650 ) ;
#1661 = ORIENTED_EDGE ( 'NONE', *, *, #949, .T. ) ;
#1662 = UNCERTAINTY_MEASURE_WITH_UNIT (LENGTH_MEASURE( 1.000000000000000082E-05 ), #2728, 'distance_accuracy_value', 'NONE');
#1663 = CIRCLE ( 'NONE', #931, 0.1000000000000000472 ) ;
#1664 = FILL_AREA_STYLE_COLOUR ( '', #223 ) ;
#1665 = PRESENTATION_STYLE_ASSIGNMENT (( #2456 ) ) ;
#1666 = COLOUR_RGB ( '',0.7529411764705882248, 0.7529411764705882248, 0.7529411764705882248 ) ;
#1667 = ORIENTED_EDGE ( 'NONE', *, *, #1356, .F. ) ;
#1668 = EDGE_CURVE ( 'NONE', #2612, #1578, #2198, .T. ) ;
#1669 = SURFACE_SIDE_STYLE ('',( #878 ) ) ;
#1670 = VECTOR ( 'NONE', #784, 1000.000000000000000 ) ;
#1671 = SURFACE_STYLE_USAGE ( .BOTH. , #99 ) ;
#1672 = FILL_AREA_STYLE ('',( #601 ) ) ;
#1673 = STYLED_ITEM ( 'NONE', ( #1051 ), #508 ) ;
#1674 = ADVANCED_FACE ( 'NONE', ( #2737 ), #2144, .T. ) ;
#1675 = VERTEX_POINT ( 'NONE', #2455 ) ;
#1676 = SURFACE_STYLE_USAGE ( .BOTH. , #719 ) ;
#1677 = MECHANICAL_DESIGN_GEOMETRIC_PRESENTATION_REPRESENTATION (  '', ( #2700 ), #2479 ) ;
#1678 = AXIS2_PLACEMENT_3D ( 'NONE', #1646, #44, #1913 ) ;
#1679 = DIRECTION ( 'NONE',  ( 0.000000000000000000, 0.000000000000000000, 1.000000000000000000 ) ) ;
#1680 = CIRCLE ( 'NONE', #333, 0.1199999999999998845 ) ;
#1681 = EDGE_CURVE ( 'NONE', #1544, #246, #3036, .T. ) ;
#1682 = PRESENTATION_STYLE_ASSIGNMENT (( #1925 ) ) ;
#1683 = COLOUR_RGB ( '',0.7529411764705882248, 0.7529411764705882248, 0.7529411764705882248 ) ;
#1684 = ORIENTED_EDGE ( 'NONE', *, *, #3265, .T. ) ;
#1685 = LINE ( 'NONE', #3344, #317 ) ;
#1686 = ORIENTED_EDGE ( 'NONE', *, *, #3041, .T. ) ;
#1687 = CARTESIAN_POINT ( 'NONE',  ( 0.000000000000000000, 0.9000000000000000222, -0.6973577029451504261 ) ) ;
#1688 = CYLINDRICAL_SURFACE ( 'NONE', #1062, 0.09999999999999993616 ) ;
#1689 = CIRCLE ( 'NONE', #73, 0.1199999999999999956 ) ;
#1690 = ORIENTED_EDGE ( 'NONE', *, *, #2334, .F. ) ;
#1691 = PRESENTATION_STYLE_ASSIGNMENT (( #1412 ) ) ;
#1692 = SURFACE_STYLE_FILL_AREA ( #3046 ) ;
#1693 = DIRECTION ( 'NONE',  ( 0.000000000000000000, 0.000000000000000000, 1.000000000000000000 ) ) ;
#1694 = FILL_AREA_STYLE ('',( #2484 ) ) ;
#1695 = FILL_AREA_STYLE_COLOUR ( '', #3325 ) ;
#1696 = SURFACE_STYLE_FILL_AREA ( #2520 ) ;
#1697 = CARTESIAN_POINT ( 'NONE',  ( -1.197357702945150315, 0.7800000000000000266, 0.6973577029451503151 ) ) ;
#1698 = VERTEX_POINT ( 'NONE', #1376 ) ;
#1699 = MECHANICAL_DESIGN_GEOMETRIC_PRESENTATION_REPRESENTATION (  '', ( #462 ), #2447 ) ;
#1700 = EDGE_CURVE ( 'NONE', #2143, #97, #1325, .T. ) ;
#1701 = DIRECTION ( 'NONE',  ( -0.000000000000000000, -1.000000000000000000, -0.000000000000000000 ) ) ;
#1702 = UNCERTAINTY_MEASURE_WITH_UNIT (LENGTH_MEASURE( 1.000000000000000082E-05 ), #125, 'distance_accuracy_value', 'NONE');
#1703 = EDGE_LOOP ( 'NONE', ( #2226, #1536, #2643, #3214 ) ) ;
#1704 = DIRECTION ( 'NONE',  ( -0.000000000000000000, -1.000000000000000000, -0.000000000000000000 ) ) ;
#1705 = CARTESIAN_POINT ( 'NONE',  ( 0.2999999999999999889, 0.2299999999999999822, 0.5499999999999998224 ) ) ;
#1706 = PLANE ( 'NONE',  #745 ) ;
#1707 = PRESENTATION_STYLE_ASSIGNMENT (( #164 ) ) ;
#1708 = SURFACE_STYLE_FILL_AREA ( #2811 ) ;
#1709 = UNCERTAINTY_MEASURE_WITH_UNIT (LENGTH_MEASURE( 1.000000000000000082E-05 ), #677, 'distance_accuracy_value', 'NONE');
#1710 = CYLINDRICAL_SURFACE ( 'NONE', #1071, 0.1199999999999998845 ) ;
#1711 = COLOUR_RGB ( '',0.2509803921568627416, 0.2509803921568627416, 0.2509803921568627416 ) ;
#1712 = MECHANICAL_DESIGN_GEOMETRIC_PRESENTATION_REPRESENTATION (  '', ( #2789 ), #2848 ) ;
#1713 = DIRECTION ( 'NONE',  ( 0.000000000000000000, 0.000000000000000000, 1.000000000000000000 ) ) ;
#1714 =( GEOMETRIC_REPRESENTATION_CONTEXT ( 3 ) GLOBAL_UNCERTAINTY_ASSIGNED_CONTEXT ( ( #87 ) ) GLOBAL_UNIT_ASSIGNED_CONTEXT ( ( #3109, #927, #2841 ) ) REPRESENTATION_CONTEXT ( 'NONE', 'WORKASPACE' ) );
#1715 = ORIENTED_EDGE ( 'NONE', *, *, #505, .T. ) ;
#1716 = COLOUR_RGB ( '',0.7529411764705882248, 0.7529411764705882248, 0.7529411764705882248 ) ;
#1717 = ADVANCED_FACE ( 'NONE', ( #1874 ), #564, .T. ) ;
#1718 = CARTESIAN_POINT ( 'NONE',  ( 1.100000000000000755, 0.000000000000000000, -0.4499999999999999001 ) ) ;
#1719 = VERTEX_POINT ( 'NONE', #348 ) ;
#1720 = CIRCLE ( 'NONE', #1660, 0.1500000000000000777 ) ;
#1721 = ORIENTED_EDGE ( 'NONE', *, *, #3436, .T. ) ;
#1722 = AXIS2_PLACEMENT_3D ( 'NONE', #1002, #3188, #2635 ) ;
#1723 = EDGE_CURVE ( 'NONE', #1845, #1698, #2068, .T. ) ;
#1724 = SURFACE_STYLE_USAGE ( .BOTH. , #2244 ) ;
#1725 = PRESENTATION_LAYER_ASSIGNMENT (  '', '', ( #3085 ) ) ;
#1726 = EDGE_CURVE ( 'NONE', #1360, #3296, #2559, .T. ) ;
#1727 =( NAMED_UNIT ( * ) SI_UNIT ( $, .STERADIAN. ) SOLID_ANGLE_UNIT ( ) );
#1728 =( NAMED_UNIT ( * ) PLANE_ANGLE_UNIT ( ) SI_UNIT ( $, .RADIAN. ) );
#1729 = DIRECTION ( 'NONE',  ( 0.000000000000000000, 0.000000000000000000, 1.000000000000000000 ) ) ;
#1730 = SURFACE_STYLE_FILL_AREA ( #1694 ) ;
#1731 = EDGE_CURVE ( 'NONE', #2438, #1360, #1616, .T. ) ;
#1732 = COLOUR_RGB ( '',0.7529411764705882248, 0.7529411764705882248, 0.7529411764705882248 ) ;
#1733 = CARTESIAN_POINT ( 'NONE',  ( 1.266726498220496655, 0.000000000000000000, 0.9000000000000000222 ) ) ;
#1734 = FILL_AREA_STYLE_COLOUR ( '', #1615 ) ;
#1735 = ORIENTED_EDGE ( 'NONE', *, *, #2450, .T. ) ;
#1736 = VECTOR ( 'NONE', #2208, 1000.000000000000000 ) ;
#1737 = CARTESIAN_POINT ( 'NONE',  ( -1.386069125664689539, 0.1325434155921184354, 0.4500000000000000111 ) ) ;
#1738 = CIRCLE ( 'NONE', #2423, 0.1500000000000000777 ) ;
#1739 = CARTESIAN_POINT ( 'NONE',  ( 1.100000000000000089, 0.2299999999999999822, -0.3499999999999998668 ) ) ;
#1740 =( LENGTH_UNIT ( ) NAMED_UNIT ( * ) SI_UNIT ( .MILLI., .METRE. ) );
#1741 = EDGE_LOOP ( 'NONE', ( #2817, #2290, #463, #499 ) ) ;
#1742 = CARTESIAN_POINT ( 'NONE',  ( -1.386069125664689539, 0.1325434155921184354, -0.7667264982204969881 ) ) ;
#1743 = DIRECTION ( 'NONE',  ( 0.000000000000000000, 0.000000000000000000, -1.000000000000000000 ) ) ;
#1744 = CIRCLE ( 'NONE', #2770, 0.1199999999999999678 ) ;
#1745 = COLOUR_RGB ( '',0.2509803921568627416, 0.2509803921568627416, 0.2509803921568627416 ) ;
#1746 = DIRECTION ( 'NONE',  ( -0.000000000000000000, -1.000000000000000000, -0.000000000000000000 ) ) ;
#1747 = FACE_OUTER_BOUND ( 'NONE', #1371, .T. ) ;
#1748 =( LENGTH_UNIT ( ) NAMED_UNIT ( * ) SI_UNIT ( .MILLI., .METRE. ) );
#1749 =( LENGTH_UNIT ( ) NAMED_UNIT ( * ) SI_UNIT ( .MILLI., .METRE. ) );
#1750 = LINE ( 'NONE', #1184, #275 ) ;
#1751 = EDGE_LOOP ( 'NONE', ( #1078, #1059, #694, #296 ) ) ;
#1752 = CARTESIAN_POINT ( 'NONE',  ( -1.699999999999999956, 0.2299999999999999822, -0.1000000000000000194 ) ) ;
#1753 = UNCERTAINTY_MEASURE_WITH_UNIT (LENGTH_MEASURE( 1.000000000000000082E-05 ), #326, 'distance_accuracy_value', 'NONE');
#1754 = DIRECTION ( 'NONE',  ( 1.000000000000000000, 0.000000000000000000, -3.097720492815728645E-16 ) ) ;
#1755 = DIRECTION ( 'NONE',  ( -0.000000000000000000, -1.000000000000000000, -0.000000000000000000 ) ) ;
#1756 = EDGE_CURVE ( 'NONE', #1505, #2468, #3155, .T. ) ;
#1757 = ORIENTED_EDGE ( 'NONE', *, *, #3139, .T. ) ;
#1758 = DIRECTION ( 'NONE',  ( 0.000000000000000000, 0.000000000000000000, 1.000000000000000000 ) ) ;
#1759 = CARTESIAN_POINT ( 'NONE',  ( -1.699999999999999956, 0.000000000000000000, -0.1000000000000000194 ) ) ;
#1760 = ADVANCED_FACE ( 'NONE', ( #1463 ), #2288, .T. ) ;
#1761 = SURFACE_STYLE_FILL_AREA ( #960 ) ;
#1762 = PRESENTATION_STYLE_ASSIGNMENT (( #147 ) ) ;
#1763 = SURFACE_STYLE_USAGE ( .BOTH. , #684 ) ;
#1764 = LINE ( 'NONE', #1230, #884 ) ;
#1765 =( NAMED_UNIT ( * ) PLANE_ANGLE_UNIT ( ) SI_UNIT ( $, .RADIAN. ) );
#1766 = DIRECTION ( 'NONE',  ( 0.000000000000000000, 0.000000000000000000, 1.000000000000000000 ) ) ;
#1767 = CARTESIAN_POINT ( 'NONE',  ( 1.197357702945150315, 0.7800000000000000266, -0.6973577029451503151 ) ) ;
#1768 = ORIENTED_EDGE ( 'NONE', *, *, #2011, .F. ) ;
#1769 = ORIENTED_EDGE ( 'NONE', *, *, #3349, .F. ) ;
#1770 = SURFACE_SIDE_STYLE ('',( #954 ) ) ;
#1771 = VECTOR ( 'NONE', #2107, 1000.000000000000000 ) ;
#1772 = COLOUR_RGB ( '',0.2509803921568627416, 0.2509803921568627416, 0.2509803921568627416 ) ;
#1773 = STYLED_ITEM ( 'NONE', ( #2077 ), #725 ) ;
#1774 = VECTOR ( 'NONE', #3215, 1000.000000000000000 ) ;
#1775 = SURFACE_STYLE_FILL_AREA ( #2100 ) ;
#1776 =( NAMED_UNIT ( * ) SI_UNIT ( $, .STERADIAN. ) SOLID_ANGLE_UNIT ( ) );
#1777 = VERTEX_POINT ( 'NONE', #108 ) ;
#1778 = LINE ( 'NONE', #176, #409 ) ;
#1779 = FILL_AREA_STYLE ('',( #2553 ) ) ;
#1780 = CARTESIAN_POINT ( 'NONE',  ( -1.200000000000000844, 0.2299999999999999822, -0.4500000000000000111 ) ) ;
#1781 = ORIENTED_EDGE ( 'NONE', *, *, #476, .F. ) ;
#1782 = ADVANCED_FACE ( 'NONE', ( #1478 ), #1997, .F. ) ;
#1783 = LINE ( 'NONE', #3385, #1353 ) ;
#1784 = DIRECTION ( 'NONE',  ( 1.000000000000000000, -0.000000000000000000, 0.000000000000000000 ) ) ;
#1785 = MECHANICAL_DESIGN_GEOMETRIC_PRESENTATION_REPRESENTATION (  '', ( #2579 ), #392 ) ;
#1786 = DIRECTION ( 'NONE',  ( 0.000000000000000000, 0.000000000000000000, 1.000000000000000000 ) ) ;
#1787 = EDGE_LOOP ( 'NONE', ( #1307, #3108, #1840, #2489 ) ) ;
#1788 = EDGE_CURVE ( 'NONE', #2766, #780, #2985, .T. ) ;
#1789 = COLOUR_RGB ( '',0.7529411764705882248, 0.7529411764705882248, 0.7529411764705882248 ) ;
#1790 = MECHANICAL_DESIGN_GEOMETRIC_PRESENTATION_REPRESENTATION (  '', ( #1673 ), #2536 ) ;
#1791 = DIRECTION ( 'NONE',  ( -1.000000000000000000, 0.000000000000000000, -3.097720492815728645E-16 ) ) ;
#1792 = AXIS2_PLACEMENT_3D ( 'NONE', #796, #1318, #759 ) ;
#1793 = VECTOR ( 'NONE', #1445, 1000.000000000000000 ) ;
#1794 = VERTEX_POINT ( 'NONE', #3396 ) ;
#1795 =( GEOMETRIC_REPRESENTATION_CONTEXT ( 3 ) GLOBAL_UNCERTAINTY_ASSIGNED_CONTEXT ( ( #1362 ) ) GLOBAL_UNIT_ASSIGNED_CONTEXT ( ( #18, #2950, #506 ) ) REPRESENTATION_CONTEXT ( 'NONE', 'WORKASPACE' ) );
#1796 = SURFACE_STYLE_USAGE ( .BOTH. , #467 ) ;
#1797 = FILL_AREA_STYLE ('',( #1257 ) ) ;
#1798 =( NAMED_UNIT ( * ) SI_UNIT ( $, .STERADIAN. ) SOLID_ANGLE_UNIT ( ) );
#1799 = EDGE_CURVE ( 'NONE', #876, #3218, #3201, .T. ) ;
#1800 = DIRECTION ( 'NONE',  ( 9.084785509624380993E-16, 0.000000000000000000, -1.000000000000000000 ) ) ;
#1801 = FACE_OUTER_BOUND ( 'NONE', #2622, .T. ) ;
#1802 = SURFACE_SIDE_STYLE ('',( #2135 ) ) ;
#1803 = VECTOR ( 'NONE', #2185, 1000.000000000000000 ) ;
#1804 = DIRECTION ( 'NONE',  ( -0.000000000000000000, -0.000000000000000000, 1.000000000000000000 ) ) ;
#1805 = CARTESIAN_POINT ( 'NONE',  ( -1.100000000000000089, 0.2299999999999999822, 0.5500000000000007105 ) ) ;
#1806 = STYLED_ITEM ( 'NONE', ( #1303 ), #2305 ) ;
#1807 = CYLINDRICAL_SURFACE ( 'NONE', #2186, 0.09999999999999999167 ) ;
#1808 = ORIENTED_EDGE ( 'NONE', *, *, #400, .T. ) ;
#1809 = LINE ( 'NONE', #1251, #3304 ) ;
#1810 = FILL_AREA_STYLE ('',( #3157 ) ) ;
#1811 = DIRECTION ( 'NONE',  ( 0.000000000000000000, 0.000000000000000000, -1.000000000000000000 ) ) ;
#1812 = STYLED_ITEM ( 'NONE', ( #1707 ), #1152 ) ;
#1813 = ORIENTED_EDGE ( 'NONE', *, *, #2807, .T. ) ;
#1814 = MECHANICAL_DESIGN_GEOMETRIC_PRESENTATION_REPRESENTATION (  '', ( #3174 ), #3345 ) ;
#1815 = FACE_OUTER_BOUND ( 'NONE', #1703, .T. ) ;
#1816 = EDGE_CURVE ( 'NONE', #1233, #3392, #2343, .T. ) ;
#1817 = DIRECTION ( 'NONE',  ( -9.084785509624380993E-16, 0.000000000000000000, 1.000000000000000000 ) ) ;
#1818 =( NAMED_UNIT ( * ) PLANE_ANGLE_UNIT ( ) SI_UNIT ( $, .RADIAN. ) );
#1819 = SURFACE_SIDE_STYLE ('',( #2109 ) ) ;
#1820 = FACE_OUTER_BOUND ( 'NONE', #36, .T. ) ;
#1821 = VECTOR ( 'NONE', #570, 1000.000000000000000 ) ;
#1822 = ORIENTED_EDGE ( 'NONE', *, *, #1164, .T. ) ;
#1823 = DIRECTION ( 'NONE',  ( -1.000000000000000000, 0.000000000000000000, 3.097720492815728645E-16 ) ) ;
#1824 = FACE_OUTER_BOUND ( 'NONE', #622, .T. ) ;
#1825 = ORIENTED_EDGE ( 'NONE', *, *, #2831, .F. ) ;
#1826 = SURFACE_STYLE_FILL_AREA ( #1569 ) ;
#1827 =( GEOMETRIC_REPRESENTATION_CONTEXT ( 3 ) GLOBAL_UNCERTAINTY_ASSIGNED_CONTEXT ( ( #600 ) ) GLOBAL_UNIT_ASSIGNED_CONTEXT ( ( #2335, #1231, #1267 ) ) REPRESENTATION_CONTEXT ( 'NONE', 'WORKASPACE' ) );
#1828 = LINE ( 'NONE', #2404, #2075 ) ;
#1829 = ADVANCED_FACE ( 'NONE', ( #1824 ), #1273, .F. ) ;
#1830 = CARTESIAN_POINT ( 'NONE',  ( 1.100000000000000089, 0.2299999999999999822, -0.3499999999999998668 ) ) ;
#1831 = SURFACE_SIDE_STYLE ('',( #3386 ) ) ;
#1832 = MECHANICAL_DESIGN_GEOMETRIC_PRESENTATION_REPRESENTATION (  '', ( #491 ), #1943 ) ;
#1833 = CARTESIAN_POINT ( 'NONE',  ( -1.197357702945150315, 0.9000000000000000222, -0.6973577029451504261 ) ) ;
#1834 = ORIENTED_EDGE ( 'NONE', *, *, #448, .F. ) ;
#1835 = DIRECTION ( 'NONE',  ( -0.000000000000000000, -1.000000000000000000, -0.000000000000000000 ) ) ;
#1836 = UNCERTAINTY_MEASURE_WITH_UNIT (LENGTH_MEASURE( 1.000000000000000082E-05 ), #2164, 'distance_accuracy_value', 'NONE');
#1837 = LINE ( 'NONE', #1495, #370 ) ;
#1838 = ORIENTED_EDGE ( 'NONE', *, *, #400, .F. ) ;
#1839 =( GEOMETRIC_REPRESENTATION_CONTEXT ( 3 ) GLOBAL_UNCERTAINTY_ASSIGNED_CONTEXT ( ( #1912 ) ) GLOBAL_UNIT_ASSIGNED_CONTEXT ( ( #35, #1636, #323 ) ) REPRESENTATION_CONTEXT ( 'NONE', 'WORKASPACE' ) );
#1840 = ORIENTED_EDGE ( 'NONE', *, *, #79, .T. ) ;
#1841 = SURFACE_STYLE_USAGE ( .BOTH. , #192 ) ;
#1842 = VECTOR ( 'NONE', #2802, 1000.000000000000000 ) ;
#1843 = CARTESIAN_POINT ( 'NONE',  ( 1.399999999999999911, 0.1325434155921184076, 0.8860691256646896496 ) ) ;
#1844 = PRESENTATION_LAYER_ASSIGNMENT (  '', '', ( #671 ) ) ;
#1845 = VERTEX_POINT ( 'NONE', #3434 ) ;
#1846 = CIRCLE ( 'NONE', #1339, 0.1500000000000000500 ) ;
#1847 = SURFACE_STYLE_USAGE ( .BOTH. , #1831 ) ;
#1848 = CIRCLE ( 'NONE', #338, 0.09999999999999999167 ) ;
#1849 = SURFACE_STYLE_FILL_AREA ( #1337 ) ;
#1850 = ORIENTED_EDGE ( 'NONE', *, *, #2794, .F. ) ;
#1851 = LINE ( 'NONE', #1109, #2711 ) ;
#1852 = DIRECTION ( 'NONE',  ( 0.000000000000000000, 0.000000000000000000, -1.000000000000000000 ) ) ;
#1853 = EDGE_LOOP ( 'NONE', ( #831, #707, #2058, #2402 ) ) ;
#1854 = PRESENTATION_STYLE_ASSIGNMENT (( #712 ) ) ;
#1855 = ORIENTED_EDGE ( 'NONE', *, *, #1788, .F. ) ;
#1856 = ORIENTED_EDGE ( 'NONE', *, *, #396, .F. ) ;
#1857 = SPHERICAL_SURFACE ( 'NONE', #95, 0.1199999999999999956 ) ;
#1858 = CYLINDRICAL_SURFACE ( 'NONE', #2993, 0.1199999999999998845 ) ;
#1859 = LINE ( 'NONE', #524, #2308 ) ;
#1860 = ORIENTED_EDGE ( 'NONE', *, *, #1726, .F. ) ;
#1861 = FILL_AREA_STYLE_COLOUR ( '', #1539 ) ;
#1862 = EDGE_CURVE ( 'NONE', #2181, #3361, #1564, .T. ) ;
#1863 = LINE ( 'NONE', #2974, #3311 ) ;
#1864 = PLANE ( 'NONE',  #376 ) ;
#1865 = EDGE_LOOP ( 'NONE', ( #1868, #1735, #2454 ) ) ;
#1866 = DIRECTION ( 'NONE',  ( 0.000000000000000000, 0.000000000000000000, -1.000000000000000000 ) ) ;
#1867 = DIRECTION ( 'NONE',  ( -0.1039620511844979028, -0.9891328443778539814, 0.1039620511844977779 ) ) ;
#1868 = ORIENTED_EDGE ( 'NONE', *, *, #3041, .F. ) ;
#1869 = SPHERICAL_SURFACE ( 'NONE', #815, 0.1199999999999999956 ) ;
#1870 = EDGE_CURVE ( 'NONE', #3361, #246, #1837, .T. ) ;
#1871 = ORIENTED_EDGE ( 'NONE', *, *, #3336, .T. ) ;
#1872 = ORIENTED_EDGE ( 'NONE', *, *, #98, .T. ) ;
#1873 = CARTESIAN_POINT ( 'NONE',  ( -1.197357702945150315, 0.7800000000000000266, -0.6973577029451503151 ) ) ;
#1874 = FACE_OUTER_BOUND ( 'NONE', #2683, .T. ) ;
#1875 = FILL_AREA_STYLE ('',( #3280 ) ) ;
#1876 = SURFACE_SIDE_STYLE ('',( #1327 ) ) ;
#1877 = EDGE_LOOP ( 'NONE', ( #1348, #372, #1930, #2238 ) ) ;
#1878 =( GEOMETRIC_REPRESENTATION_CONTEXT ( 3 ) GLOBAL_UNCERTAINTY_ASSIGNED_CONTEXT ( ( #2941 ) ) GLOBAL_UNIT_ASSIGNED_CONTEXT ( ( #1501, #1239, #696 ) ) REPRESENTATION_CONTEXT ( 'NONE', 'WORKASPACE' ) );
#1879 = DIRECTION ( 'NONE',  ( 1.000000000000000000, 0.000000000000000000, 0.000000000000000000 ) ) ;
#1880 = AXIS2_PLACEMENT_3D ( 'NONE', #1173, #143, #2242 ) ;
#1881 =( GEOMETRIC_REPRESENTATION_CONTEXT ( 3 ) GLOBAL_UNCERTAINTY_ASSIGNED_CONTEXT ( ( #1644 ) ) GLOBAL_UNIT_ASSIGNED_CONTEXT ( ( #76, #3219, #1885 ) ) REPRESENTATION_CONTEXT ( 'NONE', 'WORKASPACE' ) );
#1882 = SURFACE_SIDE_STYLE ('',( #2973 ) ) ;
#1883 =( NAMED_UNIT ( * ) SI_UNIT ( $, .STERADIAN. ) SOLID_ANGLE_UNIT ( ) );
#1884 = FACE_OUTER_BOUND ( 'NONE', #1238, .T. ) ;
#1885 =( NAMED_UNIT ( * ) SI_UNIT ( $, .STERADIAN. ) SOLID_ANGLE_UNIT ( ) );
#1886 = LINE ( 'NONE', #572, #727 ) ;
#1887 = AXIS2_PLACEMENT_3D ( 'NONE', #2590, #2623, #708 ) ;
#1888 = LINE ( 'NONE', #515, #2298 ) ;
#1889 = MECHANICAL_DESIGN_GEOMETRIC_PRESENTATION_REPRESENTATION (  '', ( #2002 ), #1156 ) ;
#1890 = SURFACE_STYLE_USAGE ( .BOTH. , #2695 ) ;
#1891 = ORIENTED_EDGE ( 'NONE', *, *, #3010, .T. ) ;
#1892 = ORIENTED_EDGE ( 'NONE', *, *, #110, .F. ) ;
#1893 =( LENGTH_UNIT ( ) NAMED_UNIT ( * ) SI_UNIT ( .MILLI., .METRE. ) );
#1894 = COLOUR_RGB ( '',0.2509803921568627416, 0.2509803921568627416, 0.2509803921568627416 ) ;
#1895 = SURFACE_SIDE_STYLE ('',( #1649 ) ) ;
#1896 = FILL_AREA_STYLE_COLOUR ( '', #2510 ) ;
#1897 =( GEOMETRIC_REPRESENTATION_CONTEXT ( 3 ) GLOBAL_UNCERTAINTY_ASSIGNED_CONTEXT ( ( #367 ) ) GLOBAL_UNIT_ASSIGNED_CONTEXT ( ( #873, #261, #837 ) ) REPRESENTATION_CONTEXT ( 'NONE', 'WORKASPACE' ) );
#1898 = ADVANCED_FACE ( 'NONE', ( #1016 ), #968, .T. ) ;
#1899 = VECTOR ( 'NONE', #2486, 1000.000000000000000 ) ;
#1900 =( NAMED_UNIT ( * ) PLANE_ANGLE_UNIT ( ) SI_UNIT ( $, .RADIAN. ) );
#1901 = DIRECTION ( 'NONE',  ( 0.000000000000000000, 1.000000000000000000, -0.000000000000000000 ) ) ;
#1902 = CARTESIAN_POINT ( 'NONE',  ( -1.100000000000000089, 0.2299999999999999822, -0.6500000000000001332 ) ) ;
#1903 = DIRECTION ( 'NONE',  ( -0.000000000000000000, -1.000000000000000000, -0.000000000000000000 ) ) ;
#1904 = CARTESIAN_POINT ( 'NONE',  ( -1.100000000000000089, 0.2299999999999999822, 0.5500000000000007105 ) ) ;
#1905 = DIRECTION ( 'NONE',  ( 1.000000000000000000, 0.000000000000000000, -3.633914203849755553E-15 ) ) ;
#1906 = ADVANCED_FACE ( 'NONE', ( #1513 ), #3417, .F. ) ;
#1907 =( NAMED_UNIT ( * ) SI_UNIT ( $, .STERADIAN. ) SOLID_ANGLE_UNIT ( ) );
#1908 = ORIENTED_EDGE ( 'NONE', *, *, #827, .F. ) ;
#1909 =( NAMED_UNIT ( * ) PLANE_ANGLE_UNIT ( ) SI_UNIT ( $, .RADIAN. ) );
#1910 = ORIENTED_EDGE ( 'NONE', *, *, #2315, .F. ) ;
#1911 = ORIENTED_EDGE ( 'NONE', *, *, #1799, .F. ) ;
#1912 = UNCERTAINTY_MEASURE_WITH_UNIT (LENGTH_MEASURE( 1.000000000000000082E-05 ), #35, 'distance_accuracy_value', 'NONE');
#1913 = DIRECTION ( 'NONE',  ( 0.000000000000000000, 0.000000000000000000, -1.000000000000000000 ) ) ;
#1914 = PRESENTATION_STYLE_ASSIGNMENT (( #3037 ) ) ;
#1915 = DIRECTION ( 'NONE',  ( 0.1045284632676534986, 0.9945218953682734009, -0.000000000000000000 ) ) ;
#1916 =( NAMED_UNIT ( * ) PLANE_ANGLE_UNIT ( ) SI_UNIT ( $, .RADIAN. ) );
#1917 = ADVANCED_FACE ( 'NONE', ( #3254 ), #1640, .F. ) ;
#1918 = SURFACE_SIDE_STYLE ('',( #842 ) ) ;
#1919 = LINE ( 'NONE', #2791, #1821 ) ;
#1920 = PRESENTATION_LAYER_ASSIGNMENT (  '', '', ( #574 ) ) ;
#1921 =( NAMED_UNIT ( * ) PLANE_ANGLE_UNIT ( ) SI_UNIT ( $, .RADIAN. ) );
#1922 = DIRECTION ( 'NONE',  ( 0.000000000000000000, 0.000000000000000000, -1.000000000000000000 ) ) ;
#1923 = DIRECTION ( 'NONE',  ( 1.000000000000000000, 0.000000000000000000, -0.000000000000000000 ) ) ;
#1924 = DIRECTION ( 'NONE',  ( -3.614007241618348376E-15, 0.000000000000000000, -1.000000000000000000 ) ) ;
#1925 = SURFACE_STYLE_USAGE ( .BOTH. , #307 ) ;
#1926 =( NAMED_UNIT ( * ) SI_UNIT ( $, .STERADIAN. ) SOLID_ANGLE_UNIT ( ) );
#1927 = EDGE_LOOP ( 'NONE', ( #2212, #2929, #851, #849, #2313, #1910, #2382, #174, #2381, #1340, #1128, #1250, #1006, #2543, #362, #2825 ) ) ;
#1928 = MECHANICAL_DESIGN_GEOMETRIC_PRESENTATION_REPRESENTATION (  '', ( #303 ), #2392 ) ;
#1929 = CARTESIAN_POINT ( 'NONE',  ( 1.266726498220496655, 0.1200000000000000233, 0.7667264982204968771 ) ) ;
#1930 = ORIENTED_EDGE ( 'NONE', *, *, #2180, .F. ) ;
#1931 = ADVANCED_FACE ( 'NONE', ( #328 ), #1869, .T. ) ;
#1932 = MECHANICAL_DESIGN_GEOMETRIC_PRESENTATION_REPRESENTATION (  '', ( #1025 ), #640 ) ;
#1933 = PRODUCT_DEFINITION ( 'UNKNOWN', '', #2746, #2944 ) ;
#1934 =( NAMED_UNIT ( * ) PLANE_ANGLE_UNIT ( ) SI_UNIT ( $, .RADIAN. ) );
#1935 = DIRECTION ( 'NONE',  ( 3.097720492815728645E-16, -0.000000000000000000, 1.000000000000000000 ) ) ;
#1936 = AXIS2_PLACEMENT_3D ( 'NONE', #1411, #911, #2017 ) ;
#1937 = UNCERTAINTY_MEASURE_WITH_UNIT (LENGTH_MEASURE( 1.000000000000000082E-05 ), #1749, 'distance_accuracy_value', 'NONE');
#1938 = SURFACE_STYLE_USAGE ( .BOTH. , #571 ) ;
#1939 = LINE ( 'NONE', #3288, #3390 ) ;
#1940 = CARTESIAN_POINT ( 'NONE',  ( 1.699999999999999956, 0.2299999999999999822, 0.1000000000000000194 ) ) ;
#1941 = VERTEX_POINT ( 'NONE', #309 ) ;
#1942 =( NAMED_UNIT ( * ) PLANE_ANGLE_UNIT ( ) SI_UNIT ( $, .RADIAN. ) );
#1943 =( GEOMETRIC_REPRESENTATION_CONTEXT ( 3 ) GLOBAL_UNCERTAINTY_ASSIGNED_CONTEXT ( ( #2736 ) ) GLOBAL_UNIT_ASSIGNED_CONTEXT ( ( #490, #2387, #2372 ) ) REPRESENTATION_CONTEXT ( 'NONE', 'WORKASPACE' ) );
#1944 = VERTEX_POINT ( 'NONE', #1737 ) ;
#1945 = VECTOR ( 'NONE', #1442, 1000.000000000000000 ) ;
#1946 = COLOUR_RGB ( '',0.7529411764705882248, 0.7529411764705882248, 0.7529411764705882248 ) ;
#1947 = SURFACE_STYLE_FILL_AREA ( #1875 ) ;
#1948 = ORIENTED_EDGE ( 'NONE', *, *, #3297, .F. ) ;
#1949 = CARTESIAN_POINT ( 'NONE',  ( -1.266726498220496655, 0.1325434155921184076, 0.8860691256646896496 ) ) ;
#1950 = APPLICATION_PROTOCOL_DEFINITION ( 'draft international standard', 'automotive_design', 1998, #3189 ) ;
#1951 = STYLED_ITEM ( 'NONE', ( #2621 ), #3231 ) ;
#1952 = SURFACE_STYLE_USAGE ( .BOTH. , #3061 ) ;
#1953 = AXIS2_PLACEMENT_3D ( 'NONE', #986, #762, #517 ) ;
#1954 = DIRECTION ( 'NONE',  ( 3.614007241618348376E-15, 1.000000000000000000, 0.000000000000000000 ) ) ;
#1955 = PRESENTATION_STYLE_ASSIGNMENT (( #1938 ) ) ;
#1956 = DIRECTION ( 'NONE',  ( -0.000000000000000000, -1.000000000000000000, -0.000000000000000000 ) ) ;
#1957 = AXIS2_PLACEMENT_3D ( 'NONE', #1370, #3274, #3032 ) ;
#1958 = SURFACE_SIDE_STYLE ('',( #3341 ) ) ;
#1959 = COLOUR_RGB ( '',0.7529411764705882248, 0.7529411764705882248, 0.7529411764705882248 ) ;
#1960 = PRESENTATION_LAYER_ASSIGNMENT (  '', '', ( #2591 ) ) ;
#1961 = SURFACE_STYLE_FILL_AREA ( #1212 ) ;
#1962 = CIRCLE ( 'NONE', #1503, 0.1000000000000000472 ) ;
#1963 = EDGE_LOOP ( 'NONE', ( #222, #1223, #14, #2521 ) ) ;
#1964 = FACE_OUTER_BOUND ( 'NONE', #3171, .T. ) ;
#1965 = LINE ( 'NONE', #127, #2062 ) ;
#1966 = STYLED_ITEM ( 'NONE', ( #1914 ), #2608 ) ;
#1967 = ORIENTED_EDGE ( 'NONE', *, *, #2274, .F. ) ;
#1968 = DIRECTION ( 'NONE',  ( -1.445602896647340149E-16, -0.000000000000000000, 1.000000000000000000 ) ) ;
#1969 = CARTESIAN_POINT ( 'NONE',  ( -1.849999999999999867, 0.2299999999999999822, 0.4500000000000000111 ) ) ;
#1970 = EDGE_CURVE ( 'NONE', #2965, #876, #393, .T. ) ;
#1971 = DIRECTION ( 'NONE',  ( 0.000000000000000000, 0.000000000000000000, 1.000000000000000000 ) ) ;
#1972 =( NAMED_UNIT ( * ) PLANE_ANGLE_UNIT ( ) SI_UNIT ( $, .RADIAN. ) );
#1973 = VECTOR ( 'NONE', #2764, 1000.000000000000000 ) ;
#1974 = DIRECTION ( 'NONE',  ( 0.000000000000000000, 1.000000000000000000, -0.000000000000000000 ) ) ;
#1975 = EDGE_LOOP ( 'NONE', ( #2255, #80, #1319 ) ) ;
#1976 = FACE_OUTER_BOUND ( 'NONE', #2449, .T. ) ;
#1977 = ORIENTED_EDGE ( 'NONE', *, *, #2511, .F. ) ;
#1978 = ADVANCED_FACE ( 'NONE', ( #1976 ), #3291, .F. ) ;
#1979 = DIRECTION ( 'NONE',  ( 1.000000000000000000, 0.000000000000000000, 0.000000000000000000 ) ) ;
#1980 = UNCERTAINTY_MEASURE_WITH_UNIT (LENGTH_MEASURE( 1.000000000000000082E-05 ), #3196, 'distance_accuracy_value', 'NONE');
#1981 = ORIENTED_EDGE ( 'NONE', *, *, #3297, .T. ) ;
#1982 = LINE ( 'NONE', #1450, #478 ) ;
#1983 =( LENGTH_UNIT ( ) NAMED_UNIT ( * ) SI_UNIT ( .MILLI., .METRE. ) );
#1984 = FILL_AREA_STYLE_COLOUR ( '', #3181 ) ;
#1985 =( LENGTH_UNIT ( ) NAMED_UNIT ( * ) SI_UNIT ( .MILLI., .METRE. ) );
#1986 = CARTESIAN_POINT ( 'NONE',  ( -1.200000000000000178, 0.2299999999999999822, 0.5499999999999999334 ) ) ;
#1987 = UNCERTAINTY_MEASURE_WITH_UNIT (LENGTH_MEASURE( 1.000000000000000082E-05 ), #3393, 'distance_accuracy_value', 'NONE');
#1988 = FILL_AREA_STYLE_COLOUR ( '', #3340 ) ;
#1989 = EDGE_CURVE ( 'NONE', #2033, #1233, #979, .T. ) ;
#1990 = DIRECTION ( 'NONE',  ( 0.000000000000000000, 0.000000000000000000, 1.000000000000000000 ) ) ;
#1991 = VECTOR ( 'NONE', #1608, 1000.000000000000000 ) ;
#1992 =( LENGTH_UNIT ( ) NAMED_UNIT ( * ) SI_UNIT ( .MILLI., .METRE. ) );
#1993 = CARTESIAN_POINT ( 'NONE',  ( 0.000000000000000000, 0.2299999999999999822, -0.4500000000000000111 ) ) ;
#1994 =( GEOMETRIC_REPRESENTATION_CONTEXT ( 3 ) GLOBAL_UNCERTAINTY_ASSIGNED_CONTEXT ( ( #3045 ) ) GLOBAL_UNIT_ASSIGNED_CONTEXT ( ( #1540, #1248, #3444 ) ) REPRESENTATION_CONTEXT ( 'NONE', 'WORKASPACE' ) );
#1995 = VERTEX_POINT ( 'NONE', #1718 ) ;
#1996 = ORIENTED_EDGE ( 'NONE', *, *, #750, .T. ) ;
#1997 = PLANE ( 'NONE',  #997 ) ;
#1998 = CARTESIAN_POINT ( 'NONE',  ( 2.013518320330222978E-16, 0.2299999999999999822, 0.6499999999999999112 ) ) ;
#1999 = ORIENTED_EDGE ( 'NONE', *, *, #188, .F. ) ;
#2000 = VECTOR ( 'NONE', #1186, 1000.000000000000000 ) ;
#2001 = PLANE ( 'NONE',  #1880 ) ;
#2002 = STYLED_ITEM ( 'NONE', ( #2221 ), #1917 ) ;
#2003 = SURFACE_SIDE_STYLE ('',( #2329 ) ) ;
#2004 = DIRECTION ( 'NONE',  ( -0.000000000000000000, -1.000000000000000000, 0.000000000000000000 ) ) ;
#2005 = DIRECTION ( 'NONE',  ( 0.000000000000000000, 0.000000000000000000, 1.000000000000000000 ) ) ;
#2006 = PRESENTATION_LAYER_ASSIGNMENT (  '', '', ( #111 ) ) ;
#2007 = CIRCLE ( 'NONE', #1953, 0.09999999999999999167 ) ;
#2008 = ORIENTED_EDGE ( 'NONE', *, *, #2282, .F. ) ;
#2009 =( GEOMETRIC_REPRESENTATION_CONTEXT ( 3 ) GLOBAL_UNCERTAINTY_ASSIGNED_CONTEXT ( ( #3330 ) ) GLOBAL_UNIT_ASSIGNED_CONTEXT ( ( #1983, #3316, #2562 ) ) REPRESENTATION_CONTEXT ( 'NONE', 'WORKASPACE' ) );
#2010 = PRESENTATION_STYLE_ASSIGNMENT (( #935 ) ) ;
#2011 = EDGE_CURVE ( 'NONE', #1234, #1845, #3102, .T. ) ;
#2012 = VECTOR ( 'NONE', #2252, 1000.000000000000000 ) ;
#2013 = STYLED_ITEM ( 'NONE', ( #3106 ), #1782 ) ;
#2014 = EDGE_CURVE ( 'NONE', #2528, #2661, #621, .T. ) ;
#2015 = DIRECTION ( 'NONE',  ( 0.000000000000000000, 0.000000000000000000, -1.000000000000000000 ) ) ;
#2016 = SURFACE_SIDE_STYLE ('',( #1446 ) ) ;
#2017 = DIRECTION ( 'NONE',  ( 0.000000000000000000, 0.000000000000000000, -1.000000000000000000 ) ) ;
#2018 = CARTESIAN_POINT ( 'NONE',  ( 1.197357702945150315, 0.9000000000000000222, -0.6973577029451504261 ) ) ;
#2019 = CIRCLE ( 'NONE', #172, 0.1200000000000000788 ) ;
#2020 = CARTESIAN_POINT ( 'NONE',  ( 0.2999999999999992673, 0.2299999999999999822, -0.6499999999999998002 ) ) ;
#2021 = FILL_AREA_STYLE ('',( #3351 ) ) ;
#2022 = EDGE_CURVE ( 'NONE', #3084, #2606, #1685, .T. ) ;
#2023 =( GEOMETRIC_REPRESENTATION_CONTEXT ( 3 ) GLOBAL_UNCERTAINTY_ASSIGNED_CONTEXT ( ( #2287 ) ) GLOBAL_UNIT_ASSIGNED_CONTEXT ( ( #3048, #682, #1798 ) ) REPRESENTATION_CONTEXT ( 'NONE', 'WORKASPACE' ) );
#2024 = DIRECTION ( 'NONE',  ( 1.084202172485505223E-15, 0.000000000000000000, 1.000000000000000000 ) ) ;
#2025 = FILL_AREA_STYLE ('',( #2555 ) ) ;
#2026 = LINE ( 'NONE', #3049, #888 ) ;
#2027 =( NAMED_UNIT ( * ) PLANE_ANGLE_UNIT ( ) SI_UNIT ( $, .RADIAN. ) );
#2028 = VERTEX_POINT ( 'NONE', #2503 ) ;
#2029 = UNCERTAINTY_MEASURE_WITH_UNIT (LENGTH_MEASURE( 1.000000000000000082E-05 ), #1893, 'distance_accuracy_value', 'NONE');
#2030 = VECTOR ( 'NONE', #3025, 1000.000000000000000 ) ;
#2031 =( NAMED_UNIT ( * ) PLANE_ANGLE_UNIT ( ) SI_UNIT ( $, .RADIAN. ) );
#2032 = CARTESIAN_POINT ( 'NONE',  ( 1.386069125664689539, 0.1325434155921184354, 0.4499999999999999001 ) ) ;
#2033 = VERTEX_POINT ( 'NONE', #1752 ) ;
#2034 = EDGE_LOOP ( 'NONE', ( #3253, #3398, #1204, #2722 ) ) ;
#2035 = FACE_OUTER_BOUND ( 'NONE', #358, .T. ) ;
#2036 = SURFACE_SIDE_STYLE ('',( #2278 ) ) ;
#2037 =( LENGTH_UNIT ( ) NAMED_UNIT ( * ) SI_UNIT ( .MILLI., .METRE. ) );
#2038 = VERTEX_POINT ( 'NONE', #676 ) ;
#2039 =( LENGTH_UNIT ( ) NAMED_UNIT ( * ) SI_UNIT ( .MILLI., .METRE. ) );
#2040 = MECHANICAL_DESIGN_GEOMETRIC_PRESENTATION_REPRESENTATION (  '', ( #2565 ), #1200 ) ;
#2041 = VECTOR ( 'NONE', #877, 1000.000000000000000 ) ;
#2042 = COLOUR_RGB ( '',0.2509803921568627416, 0.2509803921568627416, 0.2509803921568627416 ) ;
#2043 = MECHANICAL_DESIGN_GEOMETRIC_PRESENTATION_REPRESENTATION (  '', ( #754 ), #10 ) ;
#2044 = CIRCLE ( 'NONE', #1259, 0.09999999999999993616 ) ;
#2045 = EDGE_CURVE ( 'NONE', #246, #3218, #2784, .T. ) ;
#2046 = CARTESIAN_POINT ( 'NONE',  ( 2.013518320330222978E-16, 0.2299999999999999822, -0.6499999999999999112 ) ) ;
#2047 = LINE ( 'NONE', #2872, #64 ) ;
#2048 = ORIENTED_EDGE ( 'NONE', *, *, #2831, .T. ) ;
#2049 = EDGE_CURVE ( 'NONE', #2219, #3437, #1663, .T. ) ;
#2050 = PRESENTATION_LAYER_ASSIGNMENT (  '', '', ( #2972 ) ) ;
#2051 = DIRECTION ( 'NONE',  ( 1.000000000000000000, 0.000000000000000000, 0.000000000000000000 ) ) ;
#2052 = DIRECTION ( 'NONE',  ( -0.000000000000000000, -1.000000000000000000, 0.000000000000000000 ) ) ;
#2053 = LINE ( 'NONE', #3148, #2163 ) ;
#2054 = DIRECTION ( 'NONE',  ( 0.000000000000000000, 0.000000000000000000, -1.000000000000000000 ) ) ;
#2055 = PRESENTATION_LAYER_ASSIGNMENT (  '', '', ( #207 ) ) ;
#2056 = LINE ( 'NONE', #1805, #2863 ) ;
#2057 = ORIENTED_EDGE ( 'NONE', *, *, #3195, .F. ) ;
#2058 = ORIENTED_EDGE ( 'NONE', *, *, #1668, .F. ) ;
#2059 = STYLED_ITEM ( 'NONE', ( #2844 ), #257 ) ;
#2060 =( GEOMETRIC_REPRESENTATION_CONTEXT ( 3 ) GLOBAL_UNCERTAINTY_ASSIGNED_CONTEXT ( ( #3014 ) ) GLOBAL_UNIT_ASSIGNED_CONTEXT ( ( #3170, #479, #3232 ) ) REPRESENTATION_CONTEXT ( 'NONE', 'WORKASPACE' ) );
#2061 = EDGE_CURVE ( 'NONE', #1544, #3035, #3143, .T. ) ;
#2062 = VECTOR ( 'NONE', #627, 1000.000000000000000 ) ;
#2063 = AXIS2_PLACEMENT_3D ( 'NONE', #1705, #399, #1467 ) ;
#2064 =( GEOMETRIC_REPRESENTATION_CONTEXT ( 3 ) GLOBAL_UNCERTAINTY_ASSIGNED_CONTEXT ( ( #1937 ) ) GLOBAL_UNIT_ASSIGNED_CONTEXT ( ( #1749, #1972, #344 ) ) REPRESENTATION_CONTEXT ( 'NONE', 'WORKASPACE' ) );
#2065 = CARTESIAN_POINT ( 'NONE',  ( -1.849999999999999867, 0.2299999999999999822, -0.2500000000000000000 ) ) ;
#2066 = CARTESIAN_POINT ( 'NONE',  ( 1.100000000000000755, 0.2299999999999999822, -0.4499999999999999001 ) ) ;
#2067 =( GEOMETRIC_REPRESENTATION_CONTEXT ( 3 ) GLOBAL_UNCERTAINTY_ASSIGNED_CONTEXT ( ( #1460 ) ) GLOBAL_UNIT_ASSIGNED_CONTEXT ( ( #2958, #1058, #483 ) ) REPRESENTATION_CONTEXT ( 'NONE', 'WORKASPACE' ) );
#2068 = CIRCLE ( 'NONE', #384, 0.1500000000000000500 ) ;
#2069 = ORIENTED_EDGE ( 'NONE', *, *, #1638, .T. ) ;
#2070 = FILL_AREA_STYLE ('',( #716 ) ) ;
#2071 = SURFACE_SIDE_STYLE ('',( #991 ) ) ;
#2072 = CARTESIAN_POINT ( 'NONE',  ( -1.200000000000000844, 0.000000000000000000, 0.4500000000000000111 ) ) ;
#2073 = FILL_AREA_STYLE_COLOUR ( '', #1959 ) ;
#2074 = ORIENTED_EDGE ( 'NONE', *, *, #3115, .T. ) ;
#2075 = VECTOR ( 'NONE', #1260, 1000.000000000000000 ) ;
#2076 = CARTESIAN_POINT ( 'NONE',  ( 1.266726498220496655, 0.1199999999999999956, 0.9000000000000000222 ) ) ;
#2077 = PRESENTATION_STYLE_ASSIGNMENT (( #724 ) ) ;
#2078 = CIRCLE ( 'NONE', #2549, 0.09999999999999993616 ) ;
#2079 = FACE_OUTER_BOUND ( 'NONE', #2419, .T. ) ;
#2080 = ORIENTED_EDGE ( 'NONE', *, *, #2763, .T. ) ;
#2081 = CARTESIAN_POINT ( 'NONE',  ( 2.013518320330222978E-16, 0.000000000000000000, 0.6499999999999999112 ) ) ;
#2082 = CARTESIAN_POINT ( 'NONE',  ( 0.2999999999999992673, 0.2299999999999999822, 0.6499999999999998002 ) ) ;
#2083 = EDGE_LOOP ( 'NONE', ( #1642, #2345, #330, #1211, #1856 ) ) ;
#2084 = SURFACE_STYLE_FILL_AREA ( #226 ) ;
#2085 = ADVANCED_FACE ( 'NONE', ( #920 ), #3356, .T. ) ;
#2086 = ORIENTED_EDGE ( 'NONE', *, *, #2807, .F. ) ;
#2087 = CARTESIAN_POINT ( 'NONE',  ( -1.849999999999999867, 0.2299999999999999822, -0.4500000000000000111 ) ) ;
#2088 = SURFACE_STYLE_USAGE ( .BOTH. , #2036 ) ;
#2089 = DIRECTION ( 'NONE',  ( -0.000000000000000000, -1.000000000000000000, -0.000000000000000000 ) ) ;
#2090 = FILL_AREA_STYLE ('',( #1861 ) ) ;
#2091 = EDGE_CURVE ( 'NONE', #232, #3246, #982, .T. ) ;
#2092 = FILL_AREA_STYLE_COLOUR ( '', #27 ) ;
#2093 = DIRECTION ( 'NONE',  ( 0.000000000000000000, 0.000000000000000000, -1.000000000000000000 ) ) ;
#2094 = FACE_OUTER_BOUND ( 'NONE', #3382, .T. ) ;
#2095 = STYLED_ITEM ( 'NONE', ( #1762 ), #250 ) ;
#2096 = ORIENTED_EDGE ( 'NONE', *, *, #1423, .T. ) ;
#2097 = CARTESIAN_POINT ( 'NONE',  ( 1.100000000000000755, 0.2299999999999999822, 0.4499999999999999001 ) ) ;
#2098 = PRESENTATION_STYLE_ASSIGNMENT (( #1543 ) ) ;
#2099 = CIRCLE ( 'NONE', #2281, 0.1199999999999999956 ) ;
#2100 = FILL_AREA_STYLE ('',( #2592 ) ) ;
#2101 =( GEOMETRIC_REPRESENTATION_CONTEXT ( 3 ) GLOBAL_UNCERTAINTY_ASSIGNED_CONTEXT ( ( #2116 ) ) GLOBAL_UNIT_ASSIGNED_CONTEXT ( ( #2935, #2353, #235 ) ) REPRESENTATION_CONTEXT ( 'NONE', 'WORKASPACE' ) );
#2102 = ORIENTED_EDGE ( 'NONE', *, *, #1816, .T. ) ;
#2103 =( GEOMETRIC_REPRESENTATION_CONTEXT ( 3 ) GLOBAL_UNCERTAINTY_ASSIGNED_CONTEXT ( ( #1447 ) ) GLOBAL_UNIT_ASSIGNED_CONTEXT ( ( #184, #653, #391 ) ) REPRESENTATION_CONTEXT ( 'NONE', 'WORKASPACE' ) );
#2104 = ORIENTED_EDGE ( 'NONE', *, *, #656, .T. ) ;
#2105 =( NAMED_UNIT ( * ) PLANE_ANGLE_UNIT ( ) SI_UNIT ( $, .RADIAN. ) );
#2106 =( NAMED_UNIT ( * ) PLANE_ANGLE_UNIT ( ) SI_UNIT ( $, .RADIAN. ) );
#2107 = DIRECTION ( 'NONE',  ( -0.000000000000000000, -1.000000000000000000, -0.000000000000000000 ) ) ;
#2108 = PRESENTATION_STYLE_ASSIGNMENT (( #3424 ) ) ;
#2109 = SURFACE_STYLE_FILL_AREA ( #2090 ) ;
#2110 = CARTESIAN_POINT ( 'NONE',  ( 1.850000000000000089, 0.2299999999999999822, 0.2500000000000000000 ) ) ;
#2111 = DIRECTION ( 'NONE',  ( -0.000000000000000000, -1.000000000000000000, -0.000000000000000000 ) ) ;
#2112 = EDGE_CURVE ( 'NONE', #2421, #2766, #1809, .T. ) ;
#2113 = AXIS2_PLACEMENT_3D ( 'NONE', #346, #1408, #2286 ) ;
#2114 = ORIENTED_EDGE ( 'NONE', *, *, #625, .T. ) ;
#2115 = CARTESIAN_POINT ( 'NONE',  ( 2.013518320330222978E-16, 0.000000000000000000, -0.6499999999999999112 ) ) ;
#2116 = UNCERTAINTY_MEASURE_WITH_UNIT (LENGTH_MEASURE( 1.000000000000000082E-05 ), #2935, 'distance_accuracy_value', 'NONE');
#2117 =( GEOMETRIC_REPRESENTATION_CONTEXT ( 3 ) GLOBAL_UNCERTAINTY_ASSIGNED_CONTEXT ( ( #1662 ) ) GLOBAL_UNIT_ASSIGNED_CONTEXT ( ( #2728, #1368, #291 ) ) REPRESENTATION_CONTEXT ( 'NONE', 'WORKASPACE' ) );
#2118 = ORIENTED_EDGE ( 'NONE', *, *, #1448, .T. ) ;
#2119 = ADVANCED_FACE ( 'NONE', ( #420 ), #1235, .T. ) ;
#2120 = LINE ( 'NONE', #2066, #2532 ) ;
#2121 = VERTEX_POINT ( 'NONE', #224 ) ;
#2122 =( GEOMETRIC_REPRESENTATION_CONTEXT ( 3 ) GLOBAL_UNCERTAINTY_ASSIGNED_CONTEXT ( ( #2574 ) ) GLOBAL_UNIT_ASSIGNED_CONTEXT ( ( #1565, #465, #2658 ) ) REPRESENTATION_CONTEXT ( 'NONE', 'WORKASPACE' ) );
#2123 = ORIENTED_EDGE ( 'NONE', *, *, #583, .T. ) ;
#2124 = EDGE_CURVE ( 'NONE', #2751, #2988, #1287, .T. ) ;
#2125 =( GEOMETRIC_REPRESENTATION_CONTEXT ( 3 ) GLOBAL_UNCERTAINTY_ASSIGNED_CONTEXT ( ( #2481 ) ) GLOBAL_UNIT_ASSIGNED_CONTEXT ( ( #793, #1900, #1883 ) ) REPRESENTATION_CONTEXT ( 'NONE', 'WORKASPACE' ) );
#2126 = CARTESIAN_POINT ( 'NONE',  ( 0.000000000000000000, 0.000000000000000000, -0.4500000000000000111 ) ) ;
#2127 =( GEOMETRIC_REPRESENTATION_CONTEXT ( 3 ) GLOBAL_UNCERTAINTY_ASSIGNED_CONTEXT ( ( #852 ) ) GLOBAL_UNIT_ASSIGNED_CONTEXT ( ( #2037, #3343, #3391 ) ) REPRESENTATION_CONTEXT ( 'NONE', 'WORKASPACE' ) );
#2128 = CARTESIAN_POINT ( 'NONE',  ( -1.197357702945150315, 0.7800000000000000266, 0.6973577029451504261 ) ) ;
#2129 = COLOUR_RGB ( '',0.2509803921568627416, 0.2509803921568627416, 0.2509803921568627416 ) ;
#2130 = PRESENTATION_STYLE_ASSIGNMENT (( #2615 ) ) ;
#2131 = DIRECTION ( 'NONE',  ( 0.000000000000000000, 0.000000000000000000, 1.000000000000000000 ) ) ;
#2132 = ORIENTED_EDGE ( 'NONE', *, *, #1567, .F. ) ;
#2133 = VECTOR ( 'NONE', #3403, 1000.000000000000000 ) ;
#2134 = LINE ( 'NONE', #1026, #695 ) ;
#2135 = SURFACE_STYLE_FILL_AREA ( #1314 ) ;
#2136 = PRESENTATION_LAYER_ASSIGNMENT (  '', '', ( #2311 ) ) ;
#2137 = ORIENTED_EDGE ( 'NONE', *, *, #1089, .F. ) ;
#2138 = CARTESIAN_POINT ( 'NONE',  ( 0.2999999999999999889, 0.000000000000000000, 0.5499999999999998224 ) ) ;
#2139 = COLOUR_RGB ( '',0.2509803921568627416, 0.2509803921568627416, 0.2509803921568627416 ) ;
#2140 = CARTESIAN_POINT ( 'NONE',  ( -1.197357702945150315, 0.7800000000000000266, 0.000000000000000000 ) ) ;
#2141 = CARTESIAN_POINT ( 'NONE',  ( -1.266726498220496655, 0.1199999999999999956, 0.9000000000000000222 ) ) ;
#2142 = VERTEX_POINT ( 'NONE', #1014 ) ;
#2143 = VERTEX_POINT ( 'NONE', #758 ) ;
#2144 = PLANE ( 'NONE',  #1678 ) ;
#2145 = EDGE_CURVE ( 'NONE', #3069, #2142, #171, .T. ) ;
#2146 = CARTESIAN_POINT ( 'NONE',  ( -1.200000000000000844, 0.2299999999999999822, -0.4500000000000000111 ) ) ;
#2147 =( NAMED_UNIT ( * ) SI_UNIT ( $, .STERADIAN. ) SOLID_ANGLE_UNIT ( ) );
#2148 = CARTESIAN_POINT ( 'NONE',  ( -1.699999999999999956, 0.2299999999999999822, 0.000000000000000000 ) ) ;
#2149 = ORIENTED_EDGE ( 'NONE', *, *, #2415, .F. ) ;
#2150 = CARTESIAN_POINT ( 'NONE',  ( 0.3999999999999999667, 0.2299999999999999822, 0.000000000000000000 ) ) ;
#2151 = AXIS2_PLACEMENT_3D ( 'NONE', #2250, #2263, #3065 ) ;
#2152 =( NAMED_UNIT ( * ) SI_UNIT ( $, .STERADIAN. ) SOLID_ANGLE_UNIT ( ) );
#2153 = SURFACE_STYLE_USAGE ( .BOTH. , #861 ) ;
#2154 = DIRECTION ( 'NONE',  ( -0.000000000000000000, -1.000000000000000000, 0.000000000000000000 ) ) ;
#2155 = SURFACE_STYLE_FILL_AREA ( #2452 ) ;
#2156 = ORIENTED_EDGE ( 'NONE', *, *, #857, .F. ) ;
#2157 = EDGE_LOOP ( 'NONE', ( #1813, #856, #3455, #870 ) ) ;
#2158 = ADVANCED_FACE ( 'NONE', ( #2920 ), #1560, .T. ) ;
#2159 = DIRECTION ( 'NONE',  ( 1.807003620809174188E-15, -1.000000000000000000, 0.000000000000000000 ) ) ;
#2160 = CARTESIAN_POINT ( 'NONE',  ( -1.100000000000000089, 0.2299999999999999822, 0.000000000000000000 ) ) ;
#2161 = DIRECTION ( 'NONE',  ( 1.000000000000000000, 0.000000000000000000, 0.000000000000000000 ) ) ;
#2162 = ORIENTED_EDGE ( 'NONE', *, *, #230, .F. ) ;
#2163 = VECTOR ( 'NONE', #1281, 1000.000000000000000 ) ;
#2164 =( LENGTH_UNIT ( ) NAMED_UNIT ( * ) SI_UNIT ( .MILLI., .METRE. ) );
#2165 = CARTESIAN_POINT ( 'NONE',  ( 0.000000000000000000, 0.000000000000000000, 0.000000000000000000 ) ) ;
#2166 = STYLED_ITEM ( 'NONE', ( #436 ), #669 ) ;
#2167 = CLOSED_SHELL ( 'NONE', ( #1782, #1829, #257, #547, #3220, #1906, #3231, #1278, #846, #77, #3370, #1236 ) ) ;
#2168 = EDGE_CURVE ( 'NONE', #158, #1255, #3233, .T. ) ;
#2169 = SURFACE_STYLE_FILL_AREA ( #2954 ) ;
#2170 = DIRECTION ( 'NONE',  ( 0.000000000000000000, 0.000000000000000000, 1.000000000000000000 ) ) ;
#2171 = PRESENTATION_STYLE_ASSIGNMENT (( #2233 ) ) ;
#2172 = VERTEX_POINT ( 'NONE', #3448 ) ;
#2173 = SURFACE_SIDE_STYLE ('',( #1341 ) ) ;
#2174 =( GEOMETRIC_REPRESENTATION_CONTEXT ( 3 ) GLOBAL_UNCERTAINTY_ASSIGNED_CONTEXT ( ( #1987 ) ) GLOBAL_UNIT_ASSIGNED_CONTEXT ( ( #3393, #205, #3413 ) ) REPRESENTATION_CONTEXT ( 'NONE', 'WORKASPACE' ) );
#2175 = UNCERTAINTY_MEASURE_WITH_UNIT (LENGTH_MEASURE( 1.000000000000000082E-05 ), #2516, 'distance_accuracy_value', 'NONE');
#2176 = CARTESIAN_POINT ( 'NONE',  ( 1.316700330389343199, 0.7925434155921183832, -0.6973577029451503151 ) ) ;
#2177 = ORIENTED_EDGE ( 'NONE', *, *, #2916, .T. ) ;
#2178 = STYLED_ITEM ( 'NONE', ( #2925 ), #1898 ) ;
#2179 = SURFACE_SIDE_STYLE ('',( #60 ) ) ;
#2180 = EDGE_CURVE ( 'NONE', #2528, #1255, #2204, .T. ) ;
#2181 = VERTEX_POINT ( 'NONE', #305 ) ;
#2182 = EDGE_LOOP ( 'NONE', ( #2679, #1061, #501, #1019, #2259, #3027, #1996, #2558 ) ) ;
#2183 = UNCERTAINTY_MEASURE_WITH_UNIT (LENGTH_MEASURE( 1.000000000000000082E-05 ), #1748, 'distance_accuracy_value', 'NONE');
#2184 = CARTESIAN_POINT ( 'NONE',  ( 2.013518320330222978E-16, 0.2299999999999999822, 0.6499999999999999112 ) ) ;
#2185 = DIRECTION ( 'NONE',  ( 0.000000000000000000, 0.000000000000000000, -1.000000000000000000 ) ) ;
#2186 = AXIS2_PLACEMENT_3D ( 'NONE', #2483, #2744, #1922 ) ;
#2187 = DIRECTION ( 'NONE',  ( -1.000000000000000000, 0.000000000000000000, 0.000000000000000000 ) ) ;
#2188 = LINE ( 'NONE', #2884, #475 ) ;
#2189 = ORIENTED_EDGE ( 'NONE', *, *, #3016, .T. ) ;
#2190 = COLOUR_RGB ( '',0.2509803921568627416, 0.2509803921568627416, 0.2509803921568627416 ) ;
#2191 =( GEOMETRIC_REPRESENTATION_CONTEXT ( 3 ) GLOBAL_UNCERTAINTY_ASSIGNED_CONTEXT ( ( #1980 ) ) GLOBAL_UNIT_ASSIGNED_CONTEXT ( ( #3196, #3401, #2894 ) ) REPRESENTATION_CONTEXT ( 'NONE', 'WORKASPACE' ) );
#2192 = CIRCLE ( 'NONE', #943, 0.1200000000000000788 ) ;
#2193 = FILL_AREA_STYLE_COLOUR ( '', #440 ) ;
#2194 = CARTESIAN_POINT ( 'NONE',  ( -1.197357702945150315, 0.7800000000000000266, -0.6973577029451504261 ) ) ;
#2195 = AXIS2_PLACEMENT_3D ( 'NONE', #1739, #2822, #2547 ) ;
#2196 = FILL_AREA_STYLE ('',( #2995 ) ) ;
#2197 = CARTESIAN_POINT ( 'NONE',  ( -1.100000000000000089, 0.2299999999999999822, 0.000000000000000000 ) ) ;
#2198 = CIRCLE ( 'NONE', #3103, 0.1199999999999998845 ) ;
#2199 = DIRECTION ( 'NONE',  ( -0.9945218953682734009, 0.1045284632676534986, 0.000000000000000000 ) ) ;
#2200 =( GEOMETRIC_REPRESENTATION_CONTEXT ( 3 ) GLOBAL_UNCERTAINTY_ASSIGNED_CONTEXT ( ( #936 ) ) GLOBAL_UNIT_ASSIGNED_CONTEXT ( ( #993, #1022, #3163 ) ) REPRESENTATION_CONTEXT ( 'NONE', 'WORKASPACE' ) );
#2201 = SURFACE_STYLE_FILL_AREA ( #3222 ) ;
#2202 = EDGE_CURVE ( 'NONE', #1515, #3241, #271, .T. ) ;
#2203 = ORIENTED_EDGE ( 'NONE', *, *, #1382, .F. ) ;
#2204 = CIRCLE ( 'NONE', #1004, 0.1199999999999999956 ) ;
#2205 = EDGE_LOOP ( 'NONE', ( #2156, #337, #1526, #2325, #1276 ) ) ;
#2206 = UNCERTAINTY_MEASURE_WITH_UNIT (LENGTH_MEASURE( 1.000000000000000082E-05 ), #3186, 'distance_accuracy_value', 'NONE');
#2207 = EDGE_CURVE ( 'NONE', #97, #799, #1886, .T. ) ;
#2208 = DIRECTION ( 'NONE',  ( -1.000000000000000000, -0.000000000000000000, -0.000000000000000000 ) ) ;
#2209 = FILL_AREA_STYLE_COLOUR ( '', #1003 ) ;
#2210 =( NAMED_UNIT ( * ) PLANE_ANGLE_UNIT ( ) SI_UNIT ( $, .RADIAN. ) );
#2211 = LINE ( 'NONE', #840, #16 ) ;
#2212 = ORIENTED_EDGE ( 'NONE', *, *, #79, .F. ) ;
#2213 =( LENGTH_UNIT ( ) NAMED_UNIT ( * ) SI_UNIT ( .MILLI., .METRE. ) );
#2214 =( NAMED_UNIT ( * ) SI_UNIT ( $, .STERADIAN. ) SOLID_ANGLE_UNIT ( ) );
#2215 = DIRECTION ( 'NONE',  ( 1.000000000000000000, 0.000000000000000000, 0.000000000000000000 ) ) ;
#2216 = EDGE_CURVE ( 'NONE', #1323, #956, #3009, .T. ) ;
#2217 =( GEOMETRIC_REPRESENTATION_CONTEXT ( 3 ) GLOBAL_UNCERTAINTY_ASSIGNED_CONTEXT ( ( #258 ) ) GLOBAL_UNIT_ASSIGNED_CONTEXT ( ( #586, #1126, #900 ) ) REPRESENTATION_CONTEXT ( 'NONE', 'WORKASPACE' ) );
#2218 = LINE ( 'NONE', #3026, #1106 ) ;
#2219 = VERTEX_POINT ( 'NONE', #2957 ) ;
#2220 = DIRECTION ( 'NONE',  ( 0.000000000000000000, 1.000000000000000000, -0.000000000000000000 ) ) ;
#2221 = PRESENTATION_STYLE_ASSIGNMENT (( #1890 ) ) ;
#2222 = ORIENTED_EDGE ( 'NONE', *, *, #1272, .T. ) ;
#2223 = SURFACE_STYLE_USAGE ( .BOTH. , #3017 ) ;
#2224 = DIRECTION ( 'NONE',  ( 0.000000000000000000, -0.9945218953682734009, 0.1045284632676534986 ) ) ;
#2225 = PRESENTATION_STYLE_ASSIGNMENT (( #3262 ) ) ;
#2226 = ORIENTED_EDGE ( 'NONE', *, *, #170, .T. ) ;
#2227 =( NAMED_UNIT ( * ) SI_UNIT ( $, .STERADIAN. ) SOLID_ANGLE_UNIT ( ) );
#2228 =( LENGTH_UNIT ( ) NAMED_UNIT ( * ) SI_UNIT ( .MILLI., .METRE. ) );
#2229 =( NAMED_UNIT ( * ) SI_UNIT ( $, .STERADIAN. ) SOLID_ANGLE_UNIT ( ) );
#2230 = CIRCLE ( 'NONE', #202, 0.1199999999999998845 ) ;
#2231 = PRESENTATION_LAYER_ASSIGNMENT (  '', '', ( #2285 ) ) ;
#2232 = CARTESIAN_POINT ( 'NONE',  ( 1.197357702945149871, 0.7800000000000000266, -0.6973577029451503151 ) ) ;
#2233 = SURFACE_STYLE_USAGE ( .BOTH. , #3047 ) ;
#2234 = SURFACE_STYLE_USAGE ( .BOTH. , #1181 ) ;
#2235 = DIRECTION ( 'NONE',  ( 0.9945218953682734009, 0.1045284632676534986, 0.000000000000000000 ) ) ;
#2236 = CARTESIAN_POINT ( 'NONE',  ( 0.2999999999999992673, 0.2299999999999999822, -0.6499999999999998002 ) ) ;
#2237 = FILL_AREA_STYLE_COLOUR ( '', #1320 ) ;
#2238 = ORIENTED_EDGE ( 'NONE', *, *, #3022, .F. ) ;
#2239 =( GEOMETRIC_REPRESENTATION_CONTEXT ( 3 ) GLOBAL_UNCERTAINTY_ASSIGNED_CONTEXT ( ( #1414 ) ) GLOBAL_UNIT_ASSIGNED_CONTEXT ( ( #3068, #1942, #2253 ) ) REPRESENTATION_CONTEXT ( 'NONE', 'WORKASPACE' ) );
#2240 = LINE ( 'NONE', #1080, #1119 ) ;
#2241 = EDGE_LOOP ( 'NONE', ( #2886, #1967, #1911, #3073 ) ) ;
#2242 = DIRECTION ( 'NONE',  ( 1.000000000000000000, 0.000000000000000000, -0.000000000000000000 ) ) ;
#2243 = PRESENTATION_LAYER_ASSIGNMENT (  '', '', ( #2059 ) ) ;
#2244 = SURFACE_SIDE_STYLE ('',( #2293 ) ) ;
#2245 = AXIS2_PLACEMENT_3D ( 'NONE', #57, #1404, #1693 ) ;
#2246 = CARTESIAN_POINT ( 'NONE',  ( 2.013518320330222978E-16, 0.2299999999999999822, 0.6499999999999999112 ) ) ;
#2247 = SURFACE_STYLE_FILL_AREA ( #2025 ) ;
#2248 = AXIS2_PLACEMENT_3D ( 'NONE', #1400, #612, #1457 ) ;
#2249 = UNCERTAINTY_MEASURE_WITH_UNIT (LENGTH_MEASURE( 1.000000000000000082E-05 ), #2713, 'distance_accuracy_value', 'NONE');
#2250 = CARTESIAN_POINT ( 'NONE',  ( -6.505213034913027837E-17, 0.2299999999999999822, 0.4499999999999997335 ) ) ;
#2251 = EDGE_CURVE ( 'NONE', #2606, #232, #1563, .T. ) ;
#2252 = DIRECTION ( 'NONE',  ( -1.000000000000000000, 0.000000000000000000, 0.000000000000000000 ) ) ;
#2253 =( NAMED_UNIT ( * ) SI_UNIT ( $, .STERADIAN. ) SOLID_ANGLE_UNIT ( ) );
#2254 = ORIENTED_EDGE ( 'NONE', *, *, #22, .F. ) ;
#2255 = ORIENTED_EDGE ( 'NONE', *, *, #1247, .T. ) ;
#2256 = CARTESIAN_POINT ( 'NONE',  ( 1.849999999999999867, 0.000000000000000000, 0.09999999999999996392 ) ) ;
#2257 = LINE ( 'NONE', #2838, #1842 ) ;
#2258 = VECTOR ( 'NONE', #810, 1000.000000000000227 ) ;
#2259 = ORIENTED_EDGE ( 'NONE', *, *, #1970, .T. ) ;
#2260 = LINE ( 'NONE', #2314, #3352 ) ;
#2261 = PLANE ( 'NONE',  #556 ) ;
#2262 = DIRECTION ( 'NONE',  ( 0.000000000000000000, -0.000000000000000000, -1.000000000000000000 ) ) ;
#2263 = DIRECTION ( 'NONE',  ( 1.445602896647340149E-16, 0.000000000000000000, -1.000000000000000000 ) ) ;
#2264 = FACE_OUTER_BOUND ( 'NONE', #480, .T. ) ;
#2265 = AXIS2_PLACEMENT_3D ( 'NONE', #2810, #2052, #1229 ) ;
#2266 = DIRECTION ( 'NONE',  ( -1.000000000000000000, 0.000000000000000000, 0.000000000000000000 ) ) ;
#2267 = VECTOR ( 'NONE', #740, 1000.000000000000000 ) ;
#2268 = PRESENTATION_STYLE_ASSIGNMENT (( #155 ) ) ;
#2269 = ORIENTED_EDGE ( 'NONE', *, *, #1046, .F. ) ;
#2270 = MECHANICAL_DESIGN_GEOMETRIC_PRESENTATION_REPRESENTATION (  '', ( #536 ), #133 ) ;
#2271 = SURFACE_STYLE_FILL_AREA ( #922 ) ;
#2272 = DIRECTION ( 'NONE',  ( -0.000000000000000000, -1.000000000000000000, 0.000000000000000000 ) ) ;
#2273 = UNCERTAINTY_MEASURE_WITH_UNIT (LENGTH_MEASURE( 1.000000000000000082E-05 ), #194, 'distance_accuracy_value', 'NONE');
#2274 = EDGE_CURVE ( 'NONE', #3218, #2181, #1851, .T. ) ;
#2275 = EDGE_LOOP ( 'NONE', ( #2634, #542, #763, #2304 ) ) ;
#2276 = AXIS2_PLACEMENT_3D ( 'NONE', #3301, #2776, #2215 ) ;
#2277 = SURFACE_STYLE_FILL_AREA ( #113 ) ;
#2278 = SURFACE_STYLE_FILL_AREA ( #1194 ) ;
#2279 = DIRECTION ( 'NONE',  ( 1.000000000000000000, 0.000000000000000000, 1.445602896647340396E-16 ) ) ;
#2280 = DIRECTION ( 'NONE',  ( 0.000000000000000000, 9.035018104045870941E-16, 1.000000000000000000 ) ) ;
#2281 = AXIS2_PLACEMENT_3D ( 'NONE', #2232, #880, #1954 ) ;
#2282 = EDGE_CURVE ( 'NONE', #2960, #2661, #1177, .T. ) ;
#2283 = SURFACE_STYLE_USAGE ( .BOTH. , #1455 ) ;
#2284 =( LENGTH_UNIT ( ) NAMED_UNIT ( * ) SI_UNIT ( .MILLI., .METRE. ) );
#2285 = STYLED_ITEM ( 'NONE', ( #377 ), #1461 ) ;
#2286 = DIRECTION ( 'NONE',  ( -1.000000000000000000, 0.000000000000000000, -9.035018104045863052E-16 ) ) ;
#2287 = UNCERTAINTY_MEASURE_WITH_UNIT (LENGTH_MEASURE( 1.000000000000000082E-05 ), #3048, 'distance_accuracy_value', 'NONE');
#2288 = PLANE ( 'NONE',  #3099 ) ;
#2289 = DIRECTION ( 'NONE',  ( -0.1039620511844976947, 0.9891328443778538704, -0.1039620511844977224 ) ) ;
#2290 = ORIENTED_EDGE ( 'NONE', *, *, #2282, .T. ) ;
#2291 = MECHANICAL_DESIGN_GEOMETRIC_PRESENTATION_REPRESENTATION (  '', ( #156 ), #2174 ) ;
#2292 = CARTESIAN_POINT ( 'NONE',  ( 0.3999999999999999667, 0.000000000000000000, 0.5499999999999990452 ) ) ;
#2293 = SURFACE_STYLE_FILL_AREA ( #1779 ) ;
#2294 = PLANE ( 'NONE',  #839 ) ;
#2295 =( GEOMETRIC_REPRESENTATION_CONTEXT ( 3 ) GLOBAL_UNCERTAINTY_ASSIGNED_CONTEXT ( ( #102 ) ) GLOBAL_UNIT_ASSIGNED_CONTEXT ( ( #240, #423, #444 ) ) REPRESENTATION_CONTEXT ( 'NONE', 'WORKASPACE' ) );
#2296 = DIRECTION ( 'NONE',  ( -1.000000000000000000, 0.000000000000000000, 0.000000000000000000 ) ) ;
#2297 =( LENGTH_UNIT ( ) NAMED_UNIT ( * ) SI_UNIT ( .MILLI., .METRE. ) );
#2298 = VECTOR ( 'NONE', #3221, 1000.000000000000000 ) ;
#2299 = PRESENTATION_STYLE_ASSIGNMENT (( #634 ) ) ;
#2300 = SURFACE_STYLE_FILL_AREA ( #933 ) ;
#2301 = AXIS2_PLACEMENT_3D ( 'NONE', #2541, #917, #885 ) ;
#2302 =( LENGTH_UNIT ( ) NAMED_UNIT ( * ) SI_UNIT ( .MILLI., .METRE. ) );
#2303 = CIRCLE ( 'NONE', #826, 0.09999999999999999167 ) ;
#2304 = ORIENTED_EDGE ( 'NONE', *, *, #2669, .T. ) ;
#2305 = ADVANCED_FACE ( 'NONE', ( #1031 ), #3204, .F. ) ;
#2306 =( GEOMETRIC_REPRESENTATION_CONTEXT ( 3 ) GLOBAL_UNCERTAINTY_ASSIGNED_CONTEXT ( ( #643 ) ) GLOBAL_UNIT_ASSIGNED_CONTEXT ( ( #788, #2877, #2348 ) ) REPRESENTATION_CONTEXT ( 'NONE', 'WORKASPACE' ) );
#2307 = DIRECTION ( 'NONE',  ( 1.000000000000000000, 0.000000000000000000, 3.097720492815728645E-16 ) ) ;
#2308 = VECTOR ( 'NONE', #213, 1000.000000000000000 ) ;
#2309 = VECTOR ( 'NONE', #3305, 1000.000000000000000 ) ;
#2310 = ADVANCED_FACE ( 'NONE', ( #24 ), #533, .T. ) ;
#2311 = STYLED_ITEM ( 'NONE', ( #2987 ), #438 ) ;
#2312 = ORIENTED_EDGE ( 'NONE', *, *, #1668, .T. ) ;
#2313 = ORIENTED_EDGE ( 'NONE', *, *, #3169, .F. ) ;
#2314 = CARTESIAN_POINT ( 'NONE',  ( -6.505213034913027837E-17, 0.2299999999999999822, 0.4499999999999997335 ) ) ;
#2315 = EDGE_CURVE ( 'NONE', #2840, #2143, #2563, .T. ) ;
#2316 = CARTESIAN_POINT ( 'NONE',  ( 1.699999999999999956, 0.2299999999999999822, -0.1000000000000000194 ) ) ;
#2317 = PRESENTATION_LAYER_ASSIGNMENT (  '', '', ( #565 ) ) ;
#2318 = PRESENTATION_STYLE_ASSIGNMENT (( #2780 ) ) ;
#2319 = CARTESIAN_POINT ( 'NONE',  ( -1.200000000000000178, 0.2299999999999999822, 0.5499999999999999334 ) ) ;
#2320 = ORIENTED_EDGE ( 'NONE', *, *, #1480, .T. ) ;
#2321 = CARTESIAN_POINT ( 'NONE',  ( 0.000000000000000000, 0.000000000000000000, 0.4500000000000000111 ) ) ;
#2322 =( NAMED_UNIT ( * ) SI_UNIT ( $, .STERADIAN. ) SOLID_ANGLE_UNIT ( ) );
#2323 = CARTESIAN_POINT ( 'NONE',  ( -1.849999999999999867, 0.000000000000000000, -0.000000000000000000 ) ) ;
#2324 = FILL_AREA_STYLE ('',( #919 ) ) ;
#2325 = ORIENTED_EDGE ( 'NONE', *, *, #185, .T. ) ;
#2326 = SURFACE_STYLE_USAGE ( .BOTH. , #1770 ) ;
#2327 = DIRECTION ( 'NONE',  ( -0.000000000000000000, -1.000000000000000000, -0.000000000000000000 ) ) ;
#2328 = ORIENTED_EDGE ( 'NONE', *, *, #710, .T. ) ;
#2329 = SURFACE_STYLE_FILL_AREA ( #2021 ) ;
#2330 = CARTESIAN_POINT ( 'NONE',  ( -1.100000000000000089, 0.2299999999999999822, 0.5500000000000007105 ) ) ;
#2331 = DIRECTION ( 'NONE',  ( 0.000000000000000000, 0.000000000000000000, -1.000000000000000000 ) ) ;
#2332 =( NAMED_UNIT ( * ) PLANE_ANGLE_UNIT ( ) SI_UNIT ( $, .RADIAN. ) );
#2333 = CARTESIAN_POINT ( 'NONE',  ( -1.100000000000000089, 0.000000000000000000, 0.6500000000000001332 ) ) ;
#2334 = EDGE_CURVE ( 'NONE', #382, #232, #411, .T. ) ;
#2335 =( LENGTH_UNIT ( ) NAMED_UNIT ( * ) SI_UNIT ( .MILLI., .METRE. ) );
#2336 = FILL_AREA_STYLE ('',( #3119 ) ) ;
#2337 = DIRECTION ( 'NONE',  ( 0.000000000000000000, -0.1045284632676533182, 0.9945218953682734009 ) ) ;
#2338 = ORIENTED_EDGE ( 'NONE', *, *, #2202, .T. ) ;
#2339 = SURFACE_STYLE_USAGE ( .BOTH. , #2887 ) ;
#2340 = AXIS2_PLACEMENT_3D ( 'NONE', #1142, #1367, #2170 ) ;
#2341 = COLOUR_RGB ( '',0.2509803921568627416, 0.2509803921568627416, 0.2509803921568627416 ) ;
#2342 = AXIS2_PLACEMENT_3D ( 'NONE', #3270, #1923, #587 ) ;
#2343 = LINE ( 'NONE', #2065, #983 ) ;
#2344 = FILL_AREA_STYLE ('',( #445 ) ) ;
#2345 = ORIENTED_EDGE ( 'NONE', *, *, #2045, .F. ) ;
#2346 = PRESENTATION_STYLE_ASSIGNMENT (( #1796 ) ) ;
#2347 = AXIS2_PLACEMENT_3D ( 'NONE', #2476, #581, #265 ) ;
#2348 =( NAMED_UNIT ( * ) SI_UNIT ( $, .STERADIAN. ) SOLID_ANGLE_UNIT ( ) );
#2349 = EDGE_CURVE ( 'NONE', #2365, #2028, #1452, .T. ) ;
#2350 = PRESENTATION_STYLE_ASSIGNMENT (( #193 ) ) ;
#2351 = AXIS2_PLACEMENT_3D ( 'NONE', #560, #2733, #832 ) ;
#2352 = LINE ( 'NONE', #3182, #2133 ) ;
#2353 =( NAMED_UNIT ( * ) PLANE_ANGLE_UNIT ( ) SI_UNIT ( $, .RADIAN. ) );
#2354 = AXIS2_PLACEMENT_3D ( 'NONE', #2961, #293, #539 ) ;
#2355 = FILL_AREA_STYLE_COLOUR ( '', #2792 ) ;
#2356 =( NAMED_UNIT ( * ) PLANE_ANGLE_UNIT ( ) SI_UNIT ( $, .RADIAN. ) );
#2357 = ORIENTED_EDGE ( 'NONE', *, *, #2759, .T. ) ;
#2358 = EDGE_CURVE ( 'NONE', #2956, #2840, #2078, .T. ) ;
#2359 = CARTESIAN_POINT ( 'NONE',  ( -1.266726498220496655, 0.1199999999999999956, 0.7667264982204968771 ) ) ;
#2360 = MECHANICAL_DESIGN_GEOMETRIC_PRESENTATION_REPRESENTATION (  '', ( #1284 ), #2191 ) ;
#2361 = DIRECTION ( 'NONE',  ( 0.000000000000000000, 0.000000000000000000, -1.000000000000000000 ) ) ;
#2362 = CARTESIAN_POINT ( 'NONE',  ( -1.100000000000000089, 0.2299999999999999822, -0.6500000000000001332 ) ) ;
#2363 = MECHANICAL_DESIGN_GEOMETRIC_PRESENTATION_REPRESENTATION (  '', ( #3093 ), #2067 ) ;
#2364 = AXIS2_PLACEMENT_3D ( 'NONE', #1217, #2272, #394 ) ;
#2365 = VERTEX_POINT ( 'NONE', #1780 ) ;
#2366 = SURFACE_STYLE_FILL_AREA ( #1570 ) ;
#2367 =( LENGTH_UNIT ( ) NAMED_UNIT ( * ) SI_UNIT ( .MILLI., .METRE. ) );
#2368 = SURFACE_STYLE_FILL_AREA ( #736 ) ;
#2369 = ORIENTED_EDGE ( 'NONE', *, *, #473, .F. ) ;
#2370 = MECHANICAL_DESIGN_GEOMETRIC_PRESENTATION_REPRESENTATION (  '', ( #2533 ), #2306 ) ;
#2371 = CARTESIAN_POINT ( 'NONE',  ( 1.000000000000000000, 0.2299999999999999822, -0.3499999999999992006 ) ) ;
#2372 =( NAMED_UNIT ( * ) SI_UNIT ( $, .STERADIAN. ) SOLID_ANGLE_UNIT ( ) );
#2373 = STYLED_ITEM ( 'NONE', ( #1406 ), #2385 ) ;
#2374 = LINE ( 'NONE', #1537, #1190 ) ;
#2375 = SURFACE_STYLE_FILL_AREA ( #2603 ) ;
#2376 = AXIS2_PLACEMENT_3D ( 'NONE', #1390, #2220, #3289 ) ;
#2377 = LINE ( 'NONE', #1012, #1502 ) ;
#2378 = EDGE_LOOP ( 'NONE', ( #2672, #2772, #1834, #3331 ) ) ;
#2379 = SURFACE_STYLE_FILL_AREA ( #2868 ) ;
#2380 = SURFACE_STYLE_USAGE ( .BOTH. , #227 ) ;
#2381 = ORIENTED_EDGE ( 'NONE', *, *, #1015, .F. ) ;
#2382 = ORIENTED_EDGE ( 'NONE', *, *, #2358, .F. ) ;
#2383 = CARTESIAN_POINT ( 'NONE',  ( 1.251684537930382257, 0.2631146923060889709, -0.7516845379303828123 ) ) ;
#2384 = FILL_AREA_STYLE_COLOUR ( '', #2139 ) ;
#2385 = ADVANCED_FACE ( 'NONE', ( #945 ), #2294, .T. ) ;
#2386 = FILL_AREA_STYLE ('',( #735 ) ) ;
#2387 =( NAMED_UNIT ( * ) PLANE_ANGLE_UNIT ( ) SI_UNIT ( $, .RADIAN. ) );
#2388 = DIRECTION ( 'NONE',  ( 0.000000000000000000, 0.000000000000000000, -1.000000000000000000 ) ) ;
#2389 = DIRECTION ( 'NONE',  ( 0.000000000000000000, 1.000000000000000000, -0.000000000000000000 ) ) ;
#2390 = EDGE_CURVE ( 'NONE', #2474, #3193, #2582, .T. ) ;
#2391 = DIRECTION ( 'NONE',  ( 0.000000000000000000, 0.000000000000000000, -1.000000000000000000 ) ) ;
#2392 =( GEOMETRIC_REPRESENTATION_CONTEXT ( 3 ) GLOBAL_UNCERTAINTY_ASSIGNED_CONTEXT ( ( #2717 ) ) GLOBAL_UNIT_ASSIGNED_CONTEXT ( ( #630, #2992, #2496 ) ) REPRESENTATION_CONTEXT ( 'NONE', 'WORKASPACE' ) );
#2393 = ORIENTED_EDGE ( 'NONE', *, *, #984, .T. ) ;
#2394 =( NAMED_UNIT ( * ) SI_UNIT ( $, .STERADIAN. ) SOLID_ANGLE_UNIT ( ) );
#2395 = EDGE_CURVE ( 'NONE', #1941, #953, #3111, .T. ) ;
#2396 =( NAMED_UNIT ( * ) PLANE_ANGLE_UNIT ( ) SI_UNIT ( $, .RADIAN. ) );
#2397 = MECHANICAL_DESIGN_GEOMETRIC_PRESENTATION_REPRESENTATION (  '', ( #3235 ), #3445 ) ;
#2398 = EDGE_LOOP ( 'NONE', ( #2560, #1512, #3081, #2968 ) ) ;
#2399 = DIRECTION ( 'NONE',  ( -0.000000000000000000, -1.000000000000000000, -0.000000000000000000 ) ) ;
#2400 = EDGE_LOOP ( 'NONE', ( #3008, #374, #466, #419 ) ) ;
#2401 = CIRCLE ( 'NONE', #2850, 0.09999999999999999167 ) ;
#2402 = ORIENTED_EDGE ( 'NONE', *, *, #2964, .F. ) ;
#2403 = SURFACE_STYLE_USAGE ( .BOTH. , #2071 ) ;
#2404 = CARTESIAN_POINT ( 'NONE',  ( -1.200000000000000844, 0.2299999999999999822, 0.4500000000000000111 ) ) ;
#2405 = DIRECTION ( 'NONE',  ( 0.000000000000000000, 0.000000000000000000, -1.000000000000000000 ) ) ;
#2406 = ORIENTED_EDGE ( 'NONE', *, *, #396, .T. ) ;
#2407 = DIRECTION ( 'NONE',  ( -0.000000000000000000, -1.000000000000000000, -0.000000000000000000 ) ) ;
#2408 = PRESENTATION_STYLE_ASSIGNMENT (( #3426 ) ) ;
#2409 = DIRECTION ( 'NONE',  ( 0.000000000000000000, 0.000000000000000000, -1.000000000000000000 ) ) ;
#2410 = STYLED_ITEM ( 'NONE', ( #39 ), #1931 ) ;
#2411 = LINE ( 'NONE', #251, #12 ) ;
#2412 = EDGE_LOOP ( 'NONE', ( #1781, #1558, #2328, #3203 ) ) ;
#2413 = SURFACE_STYLE_USAGE ( .BOTH. , #2173 ) ;
#2414 = FILL_AREA_STYLE_COLOUR ( '', #3406 ) ;
#2415 = EDGE_CURVE ( 'NONE', #1499, #1187, #3383, .T. ) ;
#2416 = UNCERTAINTY_MEASURE_WITH_UNIT (LENGTH_MEASURE( 1.000000000000000082E-05 ), #2601, 'distance_accuracy_value', 'NONE');
#2417 = PRESENTATION_LAYER_ASSIGNMENT (  '', '', ( #327 ) ) ;
#2418 = ORIENTED_EDGE ( 'NONE', *, *, #647, .F. ) ;
#2419 = EDGE_LOOP ( 'NONE', ( #592, #446, #295, #285 ) ) ;
#2420 = CIRCLE ( 'NONE', #3205, 0.1000000000000000472 ) ;
#2421 = VERTEX_POINT ( 'NONE', #3439 ) ;
#2422 = CARTESIAN_POINT ( 'NONE',  ( -1.197357702945150315, 0.7800000000000000266, 0.6973577029451503151 ) ) ;
#2423 = AXIS2_PLACEMENT_3D ( 'NONE', #2588, #1974, #1786 ) ;
#2424 =( LENGTH_UNIT ( ) NAMED_UNIT ( * ) SI_UNIT ( .MILLI., .METRE. ) );
#2425 = PRESENTATION_LAYER_ASSIGNMENT (  '', '', ( #2533 ) ) ;
#2426 = DIRECTION ( 'NONE',  ( 1.000000000000000000, 0.000000000000000000, 0.000000000000000000 ) ) ;
#2427 = DIRECTION ( 'NONE',  ( 0.000000000000000000, 0.000000000000000000, -1.000000000000000000 ) ) ;
#2428 = EDGE_LOOP ( 'NONE', ( #1850, #2418, #1822, #3239 ) ) ;
#2429 = VECTOR ( 'NONE', #2473, 1000.000000000000227 ) ;
#2430 = EDGE_CURVE ( 'NONE', #355, #1302, #1828, .T. ) ;
#2431 = CARTESIAN_POINT ( 'NONE',  ( -1.100000000000000089, 0.2299999999999999822, 0.000000000000000000 ) ) ;
#2432 =( GEOMETRIC_REPRESENTATION_CONTEXT ( 3 ) GLOBAL_UNCERTAINTY_ASSIGNED_CONTEXT ( ( #320 ) ) GLOBAL_UNIT_ASSIGNED_CONTEXT ( ( #318, #1070, #2152 ) ) REPRESENTATION_CONTEXT ( 'NONE', 'WORKASPACE' ) );
#2433 =( NAMED_UNIT ( * ) SI_UNIT ( $, .STERADIAN. ) SOLID_ANGLE_UNIT ( ) );
#2434 = SURFACE_STYLE_FILL_AREA ( #2196 ) ;
#2435 = MECHANICAL_DESIGN_GEOMETRIC_PRESENTATION_REPRESENTATION (  '', ( #565 ), #2651 ) ;
#2436 = EDGE_CURVE ( 'NONE', #1255, #2689, #1744, .T. ) ;
#2437 = LINE ( 'NONE', #3415, #1219 ) ;
#2438 = VERTEX_POINT ( 'NONE', #2681 ) ;
#2439 = ORIENTED_EDGE ( 'NONE', *, *, #765, .F. ) ;
#2440 = EDGE_CURVE ( 'NONE', #876, #3183, #786, .T. ) ;
#2441 =( NAMED_UNIT ( * ) PLANE_ANGLE_UNIT ( ) SI_UNIT ( $, .RADIAN. ) );
#2442 = CARTESIAN_POINT ( 'NONE',  ( 0.2999999999999999889, 0.2299999999999999822, -0.5499999999999998224 ) ) ;
#2443 = SURFACE_STYLE_USAGE ( .BOTH. , #2702 ) ;
#2444 = ORIENTED_EDGE ( 'NONE', *, *, #2091, .F. ) ;
#2445 = CARTESIAN_POINT ( 'NONE',  ( -1.375826025888894355, 0.2299999999999999822, 0.4500000000000000111 ) ) ;
#2446 = DIRECTION ( 'NONE',  ( -1.000000000000000000, 0.000000000000000000, 0.000000000000000000 ) ) ;
#2447 =( GEOMETRIC_REPRESENTATION_CONTEXT ( 3 ) GLOBAL_UNCERTAINTY_ASSIGNED_CONTEXT ( ( #3278 ) ) GLOBAL_UNIT_ASSIGNED_CONTEXT ( ( #948, #2813, #2779 ) ) REPRESENTATION_CONTEXT ( 'NONE', 'WORKASPACE' ) );
#2448 = CARTESIAN_POINT ( 'NONE',  ( 0.000000000000000000, 0.9000000000000000222, 0.6973577029451504261 ) ) ;
#2449 = EDGE_LOOP ( 'NONE', ( #3138, #1588, #726, #2909 ) ) ;
#2450 = EDGE_CURVE ( 'NONE', #2181, #2965, #3159, .T. ) ;
#2451 = SURFACE_STYLE_USAGE ( .BOTH. , #1639 ) ;
#2452 = FILL_AREA_STYLE ('',( #1076 ) ) ;
#2453 = EDGE_LOOP ( 'NONE', ( #315, #1999, #2254, #19 ) ) ;
#2454 = ORIENTED_EDGE ( 'NONE', *, *, #1658, .F. ) ;
#2455 = CARTESIAN_POINT ( 'NONE',  ( 1.850000000000000089, 0.2299999999999999822, -0.4500000000000000111 ) ) ;
#2456 = SURFACE_STYLE_USAGE ( .BOTH. , #2470 ) ;
#2457 = CARTESIAN_POINT ( 'NONE',  ( -1.399999999999999911, 0.000000000000000000, -0.4500000000000001221 ) ) ;
#2458 = AXIS2_PLACEMENT_3D ( 'NONE', #1571, #2933, #3229 ) ;
#2459 = LINE ( 'NONE', #48, #1991 ) ;
#2460 = ORIENTED_EDGE ( 'NONE', *, *, #857, .T. ) ;
#2461 = PLANE ( 'NONE',  #720 ) ;
#2462 = VERTEX_POINT ( 'NONE', #734 ) ;
#2463 = CIRCLE ( 'NONE', #3456, 0.09999999999999999167 ) ;
#2464 =( NAMED_UNIT ( * ) PLANE_ANGLE_UNIT ( ) SI_UNIT ( $, .RADIAN. ) );
#2465 = EDGE_CURVE ( 'NONE', #814, #2600, #450, .T. ) ;
#2466 = DIRECTION ( 'NONE',  ( 0.000000000000000000, 0.000000000000000000, 1.000000000000000000 ) ) ;
#2467 = ORIENTED_EDGE ( 'NONE', *, *, #1197, .F. ) ;
#2468 = VERTEX_POINT ( 'NONE', #2614 ) ;
#2469 =( LENGTH_UNIT ( ) NAMED_UNIT ( * ) SI_UNIT ( .MILLI., .METRE. ) );
#2470 = SURFACE_SIDE_STYLE ('',( #594 ) ) ;
#2471 = ADVANCED_FACE ( 'NONE', ( #1550 ), #1858, .T. ) ;
#2472 = PRESENTATION_LAYER_ASSIGNMENT (  '', '', ( #491 ) ) ;
#2473 = DIRECTION ( 'NONE',  ( 0.1039620511844977224, -0.9891328443778538704, 0.1039620511844976947 ) ) ;
#2474 = VERTEX_POINT ( 'NONE', #1065 ) ;
#2475 = SURFACE_STYLE_USAGE ( .BOTH. , #3298 ) ;
#2476 = CARTESIAN_POINT ( 'NONE',  ( 0.000000000000000000, 0.2299999999999999822, 0.4500000000000000111 ) ) ;
#2477 = MECHANICAL_DESIGN_GEOMETRIC_PRESENTATION_REPRESENTATION (  '', ( #1439 ), #2924 ) ;
#2478 = COLOUR_RGB ( '',0.7529411764705882248, 0.7529411764705882248, 0.7529411764705882248 ) ;
#2479 =( GEOMETRIC_REPRESENTATION_CONTEXT ( 3 ) GLOBAL_UNCERTAINTY_ASSIGNED_CONTEXT ( ( #332 ) ) GLOBAL_UNIT_ASSIGNED_CONTEXT ( ( #2501, #186, #2570 ) ) REPRESENTATION_CONTEXT ( 'NONE', 'WORKASPACE' ) );
#2480 = SURFACE_SIDE_STYLE ('',( #3459 ) ) ;
#2481 = UNCERTAINTY_MEASURE_WITH_UNIT (LENGTH_MEASURE( 1.000000000000000082E-05 ), #793, 'distance_accuracy_value', 'NONE');
#2482 = LINE ( 'NONE', #2448, #2660 ) ;
#2483 = CARTESIAN_POINT ( 'NONE',  ( 1.100000000000000089, 0.2299999999999999822, -0.3499999999999998668 ) ) ;
#2484 = FILL_AREA_STYLE_COLOUR ( '', #1716 ) ;
#2485 =( NAMED_UNIT ( * ) SI_UNIT ( $, .STERADIAN. ) SOLID_ANGLE_UNIT ( ) );
#2486 = DIRECTION ( 'NONE',  ( 0.000000000000000000, 0.000000000000000000, 1.000000000000000000 ) ) ;
#2487 = COLOUR_RGB ( '',0.2509803921568627416, 0.2509803921568627416, 0.2509803921568627416 ) ;
#2488 =( LENGTH_UNIT ( ) NAMED_UNIT ( * ) SI_UNIT ( .MILLI., .METRE. ) );
#2489 = ORIENTED_EDGE ( 'NONE', *, *, #2627, .T. ) ;
#2490 = AXIS2_PLACEMENT_3D ( 'NONE', #512, #1056, #588 ) ;
#2491 = UNCERTAINTY_MEASURE_WITH_UNIT (LENGTH_MEASURE( 1.000000000000000082E-05 ), #913, 'distance_accuracy_value', 'NONE');
#2492 = DIRECTION ( 'NONE',  ( -1.000000000000000000, 0.000000000000000000, 0.000000000000000000 ) ) ;
#2493 =( NAMED_UNIT ( * ) SI_UNIT ( $, .STERADIAN. ) SOLID_ANGLE_UNIT ( ) );
#2494 = ORIENTED_EDGE ( 'NONE', *, *, #1870, .F. ) ;
#2495 = DIRECTION ( 'NONE',  ( 3.097720492815728645E-16, 0.000000000000000000, -1.000000000000000000 ) ) ;
#2496 =( NAMED_UNIT ( * ) SI_UNIT ( $, .STERADIAN. ) SOLID_ANGLE_UNIT ( ) );
#2497 = COLOUR_RGB ( '',0.2509803921568627416, 0.2509803921568627416, 0.2509803921568627416 ) ;
#2498 = CARTESIAN_POINT ( 'NONE',  ( -1.100000000000000089, 0.000000000000000000, 0.6500000000000001332 ) ) ;
#2499 = CARTESIAN_POINT ( 'NONE',  ( 0.2999999999999999889, 0.2299999999999999822, -0.5499999999999998224 ) ) ;
#2500 = FILL_AREA_STYLE_COLOUR ( '', #1494 ) ;
#2501 =( LENGTH_UNIT ( ) NAMED_UNIT ( * ) SI_UNIT ( .MILLI., .METRE. ) );
#2502 = ADVANCED_FACE ( 'NONE', ( #2932 ), #522, .T. ) ;
#2503 = CARTESIAN_POINT ( 'NONE',  ( -1.100000000000000089, 0.2299999999999999822, -0.5500000000000007105 ) ) ;
#2504 = ORIENTED_EDGE ( 'NONE', *, *, #710, .F. ) ;
#2505 = PRESENTATION_LAYER_ASSIGNMENT (  '', '', ( #2789 ) ) ;
#2506 = DIRECTION ( 'NONE',  ( 0.000000000000000000, 0.000000000000000000, 1.000000000000000000 ) ) ;
#2507 = FACE_OUTER_BOUND ( 'NONE', #689, .T. ) ;
#2508 = ORIENTED_EDGE ( 'NONE', *, *, #2022, .T. ) ;
#2509 = PRESENTATION_LAYER_ASSIGNMENT (  '', '', ( #3235 ) ) ;
#2510 = COLOUR_RGB ( '',0.2509803921568627416, 0.2509803921568627416, 0.2509803921568627416 ) ;
#2511 = EDGE_CURVE ( 'NONE', #876, #803, #2240, .T. ) ;
#2512 = CARTESIAN_POINT ( 'NONE',  ( 1.000000000000000000, 0.2299999999999999822, 0.3499999999999992006 ) ) ;
#2513 = CARTESIAN_POINT ( 'NONE',  ( -1.100000000000000089, 0.2299999999999999822, 0.000000000000000000 ) ) ;
#2514 = VECTOR ( 'NONE', #2111, 1000.000000000000000 ) ;
#2515 = AXIS2_PLACEMENT_3D ( 'NONE', #1637, #58, #1108 ) ;
#2516 =( LENGTH_UNIT ( ) NAMED_UNIT ( * ) SI_UNIT ( .MILLI., .METRE. ) );
#2517 = CARTESIAN_POINT ( 'NONE',  ( -0.8226479965721844589, 0.9000000000000000222, 0.6973577029451504261 ) ) ;
#2518 = SURFACE_SIDE_STYLE ('',( #1488 ) ) ;
#2519 = SURFACE_SIDE_STYLE ('',( #369 ) ) ;
#2520 = FILL_AREA_STYLE ('',( #2978 ) ) ;
#2521 = ORIENTED_EDGE ( 'NONE', *, *, #2763, .F. ) ;
#2522 = DIRECTION ( 'NONE',  ( 1.000000000000000000, 0.000000000000000000, -0.000000000000000000 ) ) ;
#2523 = VERTEX_POINT ( 'NONE', #854 ) ;
#2524 = SURFACE_STYLE_USAGE ( .BOTH. , #623 ) ;
#2525 =( NAMED_UNIT ( * ) SI_UNIT ( $, .STERADIAN. ) SOLID_ANGLE_UNIT ( ) );
#2526 = LINE ( 'NONE', #3329, #272 ) ;
#2527 = UNCERTAINTY_MEASURE_WITH_UNIT (LENGTH_MEASURE( 1.000000000000000082E-05 ), #385, 'distance_accuracy_value', 'NONE');
#2528 = VERTEX_POINT ( 'NONE', #1397 ) ;
#2529 = COLOUR_RGB ( '',0.7529411764705882248, 0.7529411764705882248, 0.7529411764705882248 ) ;
#2530 = FACE_OUTER_BOUND ( 'NONE', #1927, .T. ) ;
#2531 = MECHANICAL_DESIGN_GEOMETRIC_PRESENTATION_REPRESENTATION (  '', ( #327 ), #2117 ) ;
#2532 = VECTOR ( 'NONE', #3192, 1000.000000000000000 ) ;
#2533 = STYLED_ITEM ( 'NONE', ( #3458 ), #1643 ) ;
#2534 =( LENGTH_UNIT ( ) NAMED_UNIT ( * ) SI_UNIT ( .MILLI., .METRE. ) );
#2535 =( LENGTH_UNIT ( ) NAMED_UNIT ( * ) SI_UNIT ( .MILLI., .METRE. ) );
#2536 =( GEOMETRIC_REPRESENTATION_CONTEXT ( 3 ) GLOBAL_UNCERTAINTY_ASSIGNED_CONTEXT ( ( #1125 ) ) GLOBAL_UNIT_ASSIGNED_CONTEXT ( ( #897, #1934, #2790 ) ) REPRESENTATION_CONTEXT ( 'NONE', 'WORKASPACE' ) );
#2537 = UNCERTAINTY_MEASURE_WITH_UNIT (LENGTH_MEASURE( 1.000000000000000082E-05 ), #3236, 'distance_accuracy_value', 'NONE');
#2538 = PRESENTATION_STYLE_ASSIGNMENT (( #3322 ) ) ;
#2539 = PRESENTATION_LAYER_ASSIGNMENT (  '', '', ( #1394 ) ) ;
#2540 =( GEOMETRIC_REPRESENTATION_CONTEXT ( 3 ) GLOBAL_UNCERTAINTY_ASSIGNED_CONTEXT ( ( #1709 ) ) GLOBAL_UNIT_ASSIGNED_CONTEXT ( ( #677, #1153, #660 ) ) REPRESENTATION_CONTEXT ( 'NONE', 'WORKASPACE' ) );
#2541 = CARTESIAN_POINT ( 'NONE',  ( 0.000000000000000000, 0.2299999999999999822, 0.000000000000000000 ) ) ;
#2542 = LINE ( 'NONE', #2864, #3315 ) ;
#2543 = ORIENTED_EDGE ( 'NONE', *, *, #505, .F. ) ;
#2544 = DIRECTION ( 'NONE',  ( -0.000000000000000000, -1.000000000000000000, -0.000000000000000000 ) ) ;
#2545 = ORIENTED_EDGE ( 'NONE', *, *, #2349, .T. ) ;
#2546 = AXIS2_PLACEMENT_3D ( 'NONE', #335, #1154, #2224 ) ;
#2547 = DIRECTION ( 'NONE',  ( 0.000000000000000000, 0.000000000000000000, 1.000000000000000000 ) ) ;
#2548 =( NAMED_UNIT ( * ) SI_UNIT ( $, .STERADIAN. ) SOLID_ANGLE_UNIT ( ) );
#2549 = AXIS2_PLACEMENT_3D ( 'NONE', #617, #146, #2843 ) ;
#2550 = EDGE_CURVE ( 'NONE', #2960, #2689, #2984, .T. ) ;
#2551 = VERTEX_POINT ( 'NONE', #93 ) ;
#2552 = LINE ( 'NONE', #2826, #3449 ) ;
#2553 = FILL_AREA_STYLE_COLOUR ( '', #2478 ) ;
#2554 =( NAMED_UNIT ( * ) PLANE_ANGLE_UNIT ( ) SI_UNIT ( $, .RADIAN. ) );
#2555 = FILL_AREA_STYLE_COLOUR ( '', #1894 ) ;
#2556 =( GEOMETRIC_REPRESENTATION_CONTEXT ( 3 ) GLOBAL_UNCERTAINTY_ASSIGNED_CONTEXT ( ( #1836 ) ) GLOBAL_UNIT_ASSIGNED_CONTEXT ( ( #2164, #1102, #1651 ) ) REPRESENTATION_CONTEXT ( 'NONE', 'WORKASPACE' ) );
#2557 = PRESENTATION_STYLE_ASSIGNMENT (( #635 ) ) ;
#2558 = ORIENTED_EDGE ( 'NONE', *, *, #1356, .T. ) ;
#2559 = LINE ( 'NONE', #360, #1793 ) ;
#2560 = ORIENTED_EDGE ( 'NONE', *, *, #2091, .T. ) ;
#2561 = MECHANICAL_DESIGN_GEOMETRIC_PRESENTATION_REPRESENTATION (  '', ( #2095 ), #268 ) ;
#2562 =( NAMED_UNIT ( * ) SI_UNIT ( $, .STERADIAN. ) SOLID_ANGLE_UNIT ( ) );
#2563 = LINE ( 'NONE', #162, #1626 ) ;
#2564 = CARTESIAN_POINT ( 'NONE',  ( 0.000000000000000000, 0.000000000000000000, 0.000000000000000000 ) ) ;
#2565 = STYLED_ITEM ( 'NONE', ( #244 ), #1278 ) ;
#2566 = AXIS2_PLACEMENT_3D ( 'NONE', #1244, #2089, #2331 ) ;
#2567 = CYLINDRICAL_SURFACE ( 'NONE', #3151, 0.1500000000000000500 ) ;
#2568 = PRESENTATION_LAYER_ASSIGNMENT (  '', '', ( #868 ) ) ;
#2569 = EDGE_CURVE ( 'NONE', #2421, #3023, #1364, .T. ) ;
#2570 =( NAMED_UNIT ( * ) SI_UNIT ( $, .STERADIAN. ) SOLID_ANGLE_UNIT ( ) );
#2571 = ORIENTED_EDGE ( 'NONE', *, *, #292, .F. ) ;
#2572 = CARTESIAN_POINT ( 'NONE',  ( 1.850000000000000089, 0.000000000000000000, 0.000000000000000000 ) ) ;
#2573 = EDGE_CURVE ( 'NONE', #3023, #2172, #1689, .T. ) ;
#2574 = UNCERTAINTY_MEASURE_WITH_UNIT (LENGTH_MEASURE( 1.000000000000000082E-05 ), #1565, 'distance_accuracy_value', 'NONE');
#2575 = FILL_AREA_STYLE_COLOUR ( '', #830 ) ;
#2576 =( GEOMETRIC_REPRESENTATION_CONTEXT ( 3 ) GLOBAL_UNCERTAINTY_ASSIGNED_CONTEXT ( ( #3293 ) ) GLOBAL_UNIT_ASSIGNED_CONTEXT ( ( #723, #2332, #3167 ) ) REPRESENTATION_CONTEXT ( 'NONE', 'WORKASPACE' ) );
#2577 = CARTESIAN_POINT ( 'NONE',  ( -1.399999999999999911, 0.000000000000000000, 0.7667264982204968771 ) ) ;
#2578 = ORIENTED_EDGE ( 'NONE', *, *, #52, .F. ) ;
#2579 = STYLED_ITEM ( 'NONE', ( #442 ), #2158 ) ;
#2580 = CARTESIAN_POINT ( 'NONE',  ( -1.266726498220496655, 0.000000000000000000, 0.7667264982204968771 ) ) ;
#2581 = EDGE_CURVE ( 'NONE', #2523, #2600, #2019, .T. ) ;
#2582 = LINE ( 'NONE', #2020, #3105 ) ;
#2583 = FACE_OUTER_BOUND ( 'NONE', #2400, .T. ) ;
#2584 = SURFACE_SIDE_STYLE ('',( #1243 ) ) ;
#2585 = CARTESIAN_POINT ( 'NONE',  ( 1.197357702945150315, 0.7800000000000000266, -0.6973577029451503151 ) ) ;
#2586 =( GEOMETRIC_REPRESENTATION_CONTEXT ( 3 ) GLOBAL_UNCERTAINTY_ASSIGNED_CONTEXT ( ( #1136 ) ) GLOBAL_UNIT_ASSIGNED_CONTEXT ( ( #2535, #1470, #685 ) ) REPRESENTATION_CONTEXT ( 'NONE', 'WORKASPACE' ) );
#2587 = VECTOR ( 'NONE', #3158, 1000.000000000000000 ) ;
#2588 = CARTESIAN_POINT ( 'NONE',  ( -1.849999999999999867, 0.000000000000000000, 0.09999999999999995004 ) ) ;
#2589 = ORIENTED_EDGE ( 'NONE', *, *, #1681, .T. ) ;
#2590 = CARTESIAN_POINT ( 'NONE',  ( -6.505213034913027837E-17, 0.2299999999999999822, -0.4499999999999997335 ) ) ;
#2591 = STYLED_ITEM ( 'NONE', ( #3409 ), #3220 ) ;
#2592 = FILL_AREA_STYLE_COLOUR ( '', #55 ) ;
#2593 = COLOUR_RGB ( '',0.2509803921568627416, 0.2509803921568627416, 0.2509803921568627416 ) ;
#2594 = DIRECTION ( 'NONE',  ( 0.000000000000000000, 1.000000000000000000, -0.000000000000000000 ) ) ;
#2595 = VERTEX_POINT ( 'NONE', #45 ) ;
#2596 = SURFACE_STYLE_FILL_AREA ( #2070 ) ;
#2597 = ADVANCED_FACE ( 'NONE', ( #3243 ), #1688, .T. ) ;
#2598 = DIRECTION ( 'NONE',  ( -0.000000000000000000, -1.000000000000000000, -0.000000000000000000 ) ) ;
#2599 = SURFACE_STYLE_FILL_AREA ( #1241 ) ;
#2600 = VERTEX_POINT ( 'NONE', #1629 ) ;
#2601 =( LENGTH_UNIT ( ) NAMED_UNIT ( * ) SI_UNIT ( .MILLI., .METRE. ) );
#2602 = LINE ( 'NONE', #3202, #294 ) ;
#2603 = FILL_AREA_STYLE ('',( #414 ) ) ;
#2604 = FILL_AREA_STYLE_COLOUR ( '', #3133 ) ;
#2605 = CARTESIAN_POINT ( 'NONE',  ( 1.316700330389343199, 0.7925434155921183832, 0.6973577029451504261 ) ) ;
#2606 = VERTEX_POINT ( 'NONE', #83 ) ;
#2607 = VECTOR ( 'NONE', #196, 1000.000000000000000 ) ;
#2608 = ADVANCED_FACE ( 'NONE', ( #2507 ), #3055, .T. ) ;
#2609 = DIRECTION ( 'NONE',  ( 9.496186684372811451E-17, 9.035018104045870941E-16, -1.000000000000000000 ) ) ;
#2610 = CARTESIAN_POINT ( 'NONE',  ( -1.100000000000000089, 0.000000000000000000, -0.000000000000000000 ) ) ;
#2611 = PRESENTATION_LAYER_ASSIGNMENT (  '', '', ( #462 ) ) ;
#2612 = VERTEX_POINT ( 'NONE', #299 ) ;
#2613 = CARTESIAN_POINT ( 'NONE',  ( 0.2999999999999999889, 0.000000000000000000, -0.5499999999999998224 ) ) ;
#2614 = CARTESIAN_POINT ( 'NONE',  ( 1.850000000000000089, 0.000000000000000000, -0.2500000000000000000 ) ) ;
#2615 = SURFACE_STYLE_USAGE ( .BOTH. , #3198 ) ;
#2616 = LINE ( 'NONE', #195, #778 ) ;
#2617 = ORIENTED_EDGE ( 'NONE', *, *, #2430, .F. ) ;
#2618 = CARTESIAN_POINT ( 'NONE',  ( -1.100000000000000089, 0.2299999999999999822, 0.000000000000000000 ) ) ;
#2619 = DIRECTION ( 'NONE',  ( -0.000000000000000000, -1.000000000000000000, -0.000000000000000000 ) ) ;
#2620 = EDGE_CURVE ( 'NONE', #355, #1515, #1965, .T. ) ;
#2621 = PRESENTATION_STYLE_ASSIGNMENT (( #238 ) ) ;
#2622 = EDGE_LOOP ( 'NONE', ( #3306, #2149, #69, #989 ) ) ;
#2623 = DIRECTION ( 'NONE',  ( 1.445602896647340149E-16, -0.000000000000000000, 1.000000000000000000 ) ) ;
#2624 =( NAMED_UNIT ( * ) SI_UNIT ( $, .STERADIAN. ) SOLID_ANGLE_UNIT ( ) );
#2625 =( NAMED_UNIT ( * ) SI_UNIT ( $, .STERADIAN. ) SOLID_ANGLE_UNIT ( ) );
#2626 = LINE ( 'NONE', #1514, #2587 ) ;
#2627 = EDGE_CURVE ( 'NONE', #13, #1045, #955, .T. ) ;
#2628 = ORIENTED_EDGE ( 'NONE', *, *, #2759, .F. ) ;
#2629 = SURFACE_STYLE_USAGE ( .BOTH. , #17 ) ;
#2630 = LINE ( 'NONE', #1043, #1771 ) ;
#2631 = DIRECTION ( 'NONE',  ( 0.000000000000000000, 0.000000000000000000, 1.000000000000000000 ) ) ;
#2632 = ORIENTED_EDGE ( 'NONE', *, *, #3284, .F. ) ;
#2633 = VECTOR ( 'NONE', #2870, 1000.000000000000000 ) ;
#2634 = ORIENTED_EDGE ( 'NONE', *, *, #2216, .T. ) ;
#2635 = DIRECTION ( 'NONE',  ( 0.000000000000000000, 0.000000000000000000, -1.000000000000000000 ) ) ;
#2636 = COLOUR_RGB ( '',0.2509803921568627416, 0.2509803921568627416, 0.2509803921568627416 ) ;
#2637 = MECHANICAL_DESIGN_GEOMETRIC_PRESENTATION_REPRESENTATION (  '', ( #555 ), #1334 ) ;
#2638 = AXIS2_PLACEMENT_3D ( 'NONE', #3362, #428, #3127 ) ;
#2639 = CARTESIAN_POINT ( 'NONE',  ( 1.849999999999999867, 0.2299999999999999822, 0.09999999999999996392 ) ) ;
#2640 = SURFACE_STYLE_FILL_AREA ( #1545 ) ;
#2641 = AXIS2_PLACEMENT_3D ( 'NONE', #688, #2834, #1713 ) ;
#2642 = STYLED_ITEM ( 'NONE', ( #907 ), #1760 ) ;
#2643 = ORIENTED_EDGE ( 'NONE', *, *, #1491, .F. ) ;
#2644 = SURFACE_STYLE_USAGE ( .BOTH. , #3161 ) ;
#2645 = CARTESIAN_POINT ( 'NONE',  ( -6.505213034913027837E-17, 0.2299999999999999822, -0.4499999999999997335 ) ) ;
#2646 = EDGE_CURVE ( 'NONE', #2595, #3246, #157, .T. ) ;
#2647 =( LENGTH_UNIT ( ) NAMED_UNIT ( * ) SI_UNIT ( .MILLI., .METRE. ) );
#2648 = PRESENTATION_LAYER_ASSIGNMENT (  '', '', ( #1220 ) ) ;
#2649 = FACE_OUTER_BOUND ( 'NONE', #2999, .T. ) ;
#2650 = DIRECTION ( 'NONE',  ( 0.000000000000000000, 0.000000000000000000, 1.000000000000000000 ) ) ;
#2651 =( GEOMETRIC_REPRESENTATION_CONTEXT ( 3 ) GLOBAL_UNCERTAINTY_ASSIGNED_CONTEXT ( ( #1214 ) ) GLOBAL_UNIT_ASSIGNED_CONTEXT ( ( #2424, #2106, #3217 ) ) REPRESENTATION_CONTEXT ( 'NONE', 'WORKASPACE' ) );
#2652 = EDGE_CURVE ( 'NONE', #2033, #1584, #2526, .T. ) ;
#2653 = ORIENTED_EDGE ( 'NONE', *, *, #2573, .F. ) ;
#2654 = FILL_AREA_STYLE_COLOUR ( '', #598 ) ;
#2655 = EDGE_CURVE ( 'NONE', #2142, #1777, #2257, .T. ) ;
#2656 = LINE ( 'NONE', #2115, #2983 ) ;
#2657 = UNCERTAINTY_MEASURE_WITH_UNIT (LENGTH_MEASURE( 1.000000000000000082E-05 ), #2534, 'distance_accuracy_value', 'NONE');
#2658 =( NAMED_UNIT ( * ) SI_UNIT ( $, .STERADIAN. ) SOLID_ANGLE_UNIT ( ) );
#2659 = EDGE_LOOP ( 'NONE', ( #2494, #3416, #2069, #2589 ) ) ;
#2660 = VECTOR ( 'NONE', #322, 1000.000000000000000 ) ;
#2661 = VERTEX_POINT ( 'NONE', #1203 ) ;
#2662 = CYLINDRICAL_SURFACE ( 'NONE', #3266, 0.1199999999999999956 ) ;
#2663 = PLANE ( 'NONE',  #1476 ) ;
#2664 = CARTESIAN_POINT ( 'NONE',  ( -1.849999999999999867, 0.000000000000000000, -0.09999999999999993616 ) ) ;
#2665 = SURFACE_SIDE_STYLE ('',( #1849 ) ) ;
#2666 = DIRECTION ( 'NONE',  ( 0.000000000000000000, 0.000000000000000000, -1.000000000000000000 ) ) ;
#2667 = ORIENTED_EDGE ( 'NONE', *, *, #2168, .F. ) ;
#2668 = DIRECTION ( 'NONE',  ( 1.000000000000000000, 0.000000000000000000, 0.000000000000000000 ) ) ;
#2669 = EDGE_CURVE ( 'NONE', #904, #1323, #2823, .T. ) ;
#2670 = FILL_AREA_STYLE ('',( #2414 ) ) ;
#2671 = PRESENTATION_LAYER_ASSIGNMENT (  '', '', ( #92 ) ) ;
#2672 = ORIENTED_EDGE ( 'NONE', *, *, #2011, .T. ) ;
#2673 = DIRECTION ( 'NONE',  ( -1.000000000000000000, 0.000000000000000000, 1.445602896647340396E-16 ) ) ;
#2674 = AXIS2_PLACEMENT_3D ( 'NONE', #1263, #2407, #2914 ) ;
#2675 = EDGE_CURVE ( 'NONE', #2600, #243, #3072, .T. ) ;
#2676 = ORIENTED_EDGE ( 'NONE', *, *, #2569, .F. ) ;
#2677 = COLOUR_RGB ( '',0.7529411764705882248, 0.7529411764705882248, 0.7529411764705882248 ) ;
#2678 = MECHANICAL_DESIGN_GEOMETRIC_PRESENTATION_REPRESENTATION (  '', ( #2285 ), #699 ) ;
#2679 = ORIENTED_EDGE ( 'NONE', *, *, #3284, .T. ) ;
#2680 = PRESENTATION_STYLE_ASSIGNMENT (( #1841 ) ) ;
#2681 = CARTESIAN_POINT ( 'NONE',  ( 1.100000000000000755, 0.2299999999999999822, -0.4499999999999999001 ) ) ;
#2682 = CARTESIAN_POINT ( 'NONE',  ( 1.266726498220496211, 0.1325434155921184076, -0.8860691256646896496 ) ) ;
#2683 = EDGE_LOOP ( 'NONE', ( #2369, #190, #1465, #1597 ) ) ;
#2684 = DIRECTION ( 'NONE',  ( 1.000000000000000000, 0.000000000000000000, 0.000000000000000000 ) ) ;
#2685 = DIRECTION ( 'NONE',  ( 1.000000000000000000, 0.000000000000000000, 0.000000000000000000 ) ) ;
#2686 = ADVANCED_FACE ( 'NONE', ( #173 ), #642, .T. ) ;
#2687 = PRESENTATION_STYLE_ASSIGNMENT (( #3267 ) ) ;
#2688 = CARTESIAN_POINT ( 'NONE',  ( 1.000000000000000000, 0.000000000000000000, 0.3499999999999992006 ) ) ;
#2689 = VERTEX_POINT ( 'NONE', #140 ) ;
#2690 = CARTESIAN_POINT ( 'NONE',  ( 1.266726498220496655, 0.1199999999999999956, -0.4499999999999999001 ) ) ;
#2691 = EDGE_CURVE ( 'NONE', #382, #2595, #1479, .T. ) ;
#2692 = DIRECTION ( 'NONE',  ( -0.1039620511844977224, 0.9891328443778538704, 0.1039620511844976947 ) ) ;
#2693 = COLOUR_RGB ( '',0.7529411764705882248, 0.7529411764705882248, 0.7529411764705882248 ) ;
#2694 = PRESENTATION_LAYER_ASSIGNMENT (  '', '', ( #714 ) ) ;
#2695 = SURFACE_SIDE_STYLE ('',( #2155 ) ) ;
#2696 = DIRECTION ( 'NONE',  ( 1.000000000000000000, 0.000000000000000000, 0.000000000000000000 ) ) ;
#2697 = ORIENTED_EDGE ( 'NONE', *, *, #3432, .T. ) ;
#2698 = ORIENTED_EDGE ( 'NONE', *, *, #1253, .F. ) ;
#2699 = PRESENTATION_LAYER_ASSIGNMENT (  '', '', ( #1673 ) ) ;
#2700 = STYLED_ITEM ( 'NONE', ( #1682 ), #3063 ) ;
#2701 = DIRECTION ( 'NONE',  ( 0.000000000000000000, 0.000000000000000000, -1.000000000000000000 ) ) ;
#2702 = SURFACE_SIDE_STYLE ('',( #2986 ) ) ;
#2703 = CARTESIAN_POINT ( 'NONE',  ( 0.3999999999999999667, 0.2299999999999999822, -0.5499999999999990452 ) ) ;
#2704 = ORIENTED_EDGE ( 'NONE', *, *, #1021, .T. ) ;
#2705 = EDGE_CURVE ( 'NONE', #921, #1578, #3087, .T. ) ;
#2706 = LINE ( 'NONE', #286, #2888 ) ;
#2707 = CARTESIAN_POINT ( 'NONE',  ( 1.850000000000000089, 0.2299999999999999822, -0.2500000000000000000 ) ) ;
#2708 =( GEOMETRIC_REPRESENTATION_CONTEXT ( 3 ) GLOBAL_UNCERTAINTY_ASSIGNED_CONTEXT ( ( #2029 ) ) GLOBAL_UNIT_ASSIGNED_CONTEXT ( ( #1893, #283, #1776 ) ) REPRESENTATION_CONTEXT ( 'NONE', 'WORKASPACE' ) );
#2709 = CARTESIAN_POINT ( 'NONE',  ( -1.849999999999999867, 0.2299999999999999822, 0.4500000000000000111 ) ) ;
#2710 = CYLINDRICAL_SURFACE ( 'NONE', #2515, 0.1199999999999999956 ) ;
#2711 = VECTOR ( 'NONE', #254, 1000.000000000000000 ) ;
#2712 = CARTESIAN_POINT ( 'NONE',  ( 1.399999999999999911, -6.762549206092480671E-18, 0.4499999999999999556 ) ) ;
#2713 =( LENGTH_UNIT ( ) NAMED_UNIT ( * ) SI_UNIT ( .MILLI., .METRE. ) );
#2714 = ORIENTED_EDGE ( 'NONE', *, *, #1091, .T. ) ;
#2715 = VERTEX_POINT ( 'NONE', #2032 ) ;
#2716 = EDGE_CURVE ( 'NONE', #1499, #2734, #2303, .T. ) ;
#2717 = UNCERTAINTY_MEASURE_WITH_UNIT (LENGTH_MEASURE( 1.000000000000000082E-05 ), #630, 'distance_accuracy_value', 'NONE');
#2718 =( LENGTH_UNIT ( ) NAMED_UNIT ( * ) SI_UNIT ( .MILLI., .METRE. ) );
#2719 = CARTESIAN_POINT ( 'NONE',  ( -1.200000000000000178, 0.2299999999999999822, -0.5499999999999999334 ) ) ;
#2720 = PRESENTATION_LAYER_ASSIGNMENT (  '', '', ( #739 ) ) ;
#2721 =( LENGTH_UNIT ( ) NAMED_UNIT ( * ) SI_UNIT ( .MILLI., .METRE. ) );
#2722 = ORIENTED_EDGE ( 'NONE', *, *, #1130, .T. ) ;
#2723 = DIRECTION ( 'NONE',  ( 0.000000000000000000, 0.000000000000000000, -1.000000000000000000 ) ) ;
#2724 = PRESENTATION_LAYER_ASSIGNMENT (  '', '', ( #298 ) ) ;
#2725 = FILL_AREA_STYLE_COLOUR ( '', #2593 ) ;
#2726 =( LENGTH_UNIT ( ) NAMED_UNIT ( * ) SI_UNIT ( .MILLI., .METRE. ) );
#2727 = SPHERICAL_SURFACE ( 'NONE', #1299, 0.1199999999999999956 ) ;
#2728 =( LENGTH_UNIT ( ) NAMED_UNIT ( * ) SI_UNIT ( .MILLI., .METRE. ) );
#2729 = EDGE_LOOP ( 'NONE', ( #1269, #1072, #2406, #790 ) ) ;
#2730 = DIRECTION ( 'NONE',  ( -1.445602896647340149E-16, 0.000000000000000000, -1.000000000000000000 ) ) ;
#2731 = SURFACE_STYLE_FILL_AREA ( #103 ) ;
#2732 = EDGE_CURVE ( 'NONE', #576, #1995, #2120, .T. ) ;
#2733 = DIRECTION ( 'NONE',  ( -0.000000000000000000, -1.000000000000000000, -0.000000000000000000 ) ) ;
#2734 = VERTEX_POINT ( 'NONE', #3435 ) ;
#2735 = EDGE_LOOP ( 'NONE', ( #1768, #49, #3004, #746, #2086, #1037, #1948, #1443, #2785, #1559 ) ) ;
#2736 = UNCERTAINTY_MEASURE_WITH_UNIT (LENGTH_MEASURE( 1.000000000000000082E-05 ), #490, 'distance_accuracy_value', 'NONE');
#2737 = FACE_OUTER_BOUND ( 'NONE', #1395, .T. ) ;
#2738 = LINE ( 'NONE', #3281, #3076 ) ;
#2739 = CARTESIAN_POINT ( 'NONE',  ( -1.399999999999999911, 0.1199999999999999956, 0.7667264982204968771 ) ) ;
#2740 = DIRECTION ( 'NONE',  ( 0.000000000000000000, 0.000000000000000000, 1.000000000000000000 ) ) ;
#2741 = DIRECTION ( 'NONE',  ( 0.000000000000000000, 0.000000000000000000, 1.000000000000000000 ) ) ;
#2742 = DIRECTION ( 'NONE',  ( 0.000000000000000000, -0.000000000000000000, -1.000000000000000000 ) ) ;
#2743 = FILL_AREA_STYLE ('',( #3006 ) ) ;
#2744 = DIRECTION ( 'NONE',  ( -0.000000000000000000, -1.000000000000000000, -0.000000000000000000 ) ) ;
#2745 = FACE_OUTER_BOUND ( 'NONE', #3190, .T. ) ;
#2746 = PRODUCT_DEFINITION_FORMATION_WITH_SPECIFIED_SOURCE ( 'ANY', '', #3207, .NOT_KNOWN. ) ;
#2747 = FILL_AREA_STYLE ('',( #3271 ) ) ;
#2748 = VECTOR ( 'NONE', #1835, 1000.000000000000000 ) ;
#2749 = CARTESIAN_POINT ( 'NONE',  ( -1.266726498220496655, 0.000000000000000000, -0.7667264982204968771 ) ) ;
#2750 = MECHANICAL_DESIGN_GEOMETRIC_PRESENTATION_REPRESENTATION (  '', ( #3085 ), #1542 ) ;
#2751 = VERTEX_POINT ( 'NONE', #2362 ) ;
#2752 = EDGE_CURVE ( 'NONE', #1794, #1151, #2926, .T. ) ;
#2753 =( NAMED_UNIT ( * ) PLANE_ANGLE_UNIT ( ) SI_UNIT ( $, .RADIAN. ) );
#2754 = STYLED_ITEM ( 'NONE', ( #1854 ), #2799 ) ;
#2755 = VECTOR ( 'NONE', #1679, 1000.000000000000000 ) ;
#2756 = ORIENTED_EDGE ( 'NONE', *, *, #2436, .F. ) ;
#2757 = COLOUR_RGB ( '',0.7529411764705882248, 0.7529411764705882248, 0.7529411764705882248 ) ;
#2758 = AXIS2_PLACEMENT_3D ( 'NONE', #2422, #1396, #853 ) ;
#2759 = EDGE_CURVE ( 'NONE', #2960, #591, #2626, .T. ) ;
#2760 =( GEOMETRIC_REPRESENTATION_CONTEXT ( 3 ) GLOBAL_UNCERTAINTY_ASSIGNED_CONTEXT ( ( #1655 ) ) GLOBAL_UNIT_ASSIGNED_CONTEXT ( ( #2647, #802, #3200 ) ) REPRESENTATION_CONTEXT ( 'NONE', 'WORKASPACE' ) );
#2761 = DIRECTION ( 'NONE',  ( 1.000000000000000000, 0.000000000000000000, -3.097720492815728645E-16 ) ) ;
#2762 = UNCERTAINTY_MEASURE_WITH_UNIT (LENGTH_MEASURE( 1.000000000000000082E-05 ), #2721, 'distance_accuracy_value', 'NONE');
#2763 = EDGE_CURVE ( 'NONE', #3057, #814, #3211, .T. ) ;
#2764 = DIRECTION ( 'NONE',  ( -0.000000000000000000, -1.000000000000000000, -0.000000000000000000 ) ) ;
#2765 = PRESENTATION_LAYER_ASSIGNMENT (  '', '', ( #282 ) ) ;
#2766 = VERTEX_POINT ( 'NONE', #3177 ) ;
#2767 =( NAMED_UNIT ( * ) PLANE_ANGLE_UNIT ( ) SI_UNIT ( $, .RADIAN. ) );
#2768 = CARTESIAN_POINT ( 'NONE',  ( 1.375826025888894355, 0.2299999999999999822, -0.4499999999999999556 ) ) ;
#2769 = FACE_OUTER_BOUND ( 'NONE', #1601, .T. ) ;
#2770 = AXIS2_PLACEMENT_3D ( 'NONE', #768, #748, #3197 ) ;
#2771 = DIRECTION ( 'NONE',  ( 0.000000000000000000, 0.000000000000000000, 1.000000000000000000 ) ) ;
#2772 = ORIENTED_EDGE ( 'NONE', *, *, #98, .F. ) ;
#2773 = DIRECTION ( 'NONE',  ( -1.000000000000000000, 0.000000000000000000, 0.000000000000000000 ) ) ;
#2774 = ORIENTED_EDGE ( 'NONE', *, *, #1171, .F. ) ;
#2775 = FILL_AREA_STYLE_COLOUR ( '', #1946 ) ;
#2776 = DIRECTION ( 'NONE',  ( -0.000000000000000000, 0.000000000000000000, -1.000000000000000000 ) ) ;
#2777 = PRESENTATION_STYLE_ASSIGNMENT (( #1107 ) ) ;
#2778 = SURFACE_STYLE_FILL_AREA ( #88 ) ;
#2779 =( NAMED_UNIT ( * ) SI_UNIT ( $, .STERADIAN. ) SOLID_ANGLE_UNIT ( ) );
#2780 = SURFACE_STYLE_USAGE ( .BOTH. , #974 ) ;
#2781 = EDGE_CURVE ( 'NONE', #1547, #1995, #2047, .T. ) ;
#2782 = FACE_OUTER_BOUND ( 'NONE', #1055, .T. ) ;
#2783 = ORIENTED_EDGE ( 'NONE', *, *, #201, .T. ) ;
#2784 = LINE ( 'NONE', #2836, #2000 ) ;
#2785 = ORIENTED_EDGE ( 'NONE', *, *, #589, .T. ) ;
#2786 = DIRECTION ( 'NONE',  ( 0.000000000000000000, 0.000000000000000000, 1.000000000000000000 ) ) ;
#2787 = LINE ( 'NONE', #2856, #698 ) ;
#2788 = LINE ( 'NONE', #1431, #331 ) ;
#2789 = STYLED_ITEM ( 'NONE', ( #3425 ), #875 ) ;
#2790 =( NAMED_UNIT ( * ) SI_UNIT ( $, .STERADIAN. ) SOLID_ANGLE_UNIT ( ) );
#2791 = CARTESIAN_POINT ( 'NONE',  ( 0.3999999999999999667, 0.2299999999999999822, -0.5499999999999990452 ) ) ;
#2792 = COLOUR_RGB ( '',0.2509803921568627416, 0.2509803921568627416, 0.2509803921568627416 ) ;
#2793 = STYLED_ITEM ( 'NONE', ( #794 ), #43 ) ;
#2794 = EDGE_CURVE ( 'NONE', #561, #3411, #208, .T. ) ;
#2795 = CARTESIAN_POINT ( 'NONE',  ( 1.000000000000000000, 0.000000000000000000, -0.3499999999999992006 ) ) ;
#2796 =( NAMED_UNIT ( * ) PLANE_ANGLE_UNIT ( ) SI_UNIT ( $, .RADIAN. ) );
#2797 = ORIENTED_EDGE ( 'NONE', *, *, #895, .F. ) ;
#2798 = CARTESIAN_POINT ( 'NONE',  ( 0.000000000000000000, 0.9000000000000000222, 0.000000000000000000 ) ) ;
#2799 = ADVANCED_FACE ( 'NONE', ( #2890 ), #1322, .T. ) ;
#2800 = PRESENTATION_LAYER_ASSIGNMENT (  '', '', ( #156 ) ) ;
#2801 = ORIENTED_EDGE ( 'NONE', *, *, #3128, .T. ) ;
#2802 = DIRECTION ( 'NONE',  ( 1.000000000000000000, 0.000000000000000000, 1.445602896647340396E-16 ) ) ;
#2803 = UNCERTAINTY_MEASURE_WITH_UNIT (LENGTH_MEASURE( 1.000000000000000082E-05 ), #2367, 'distance_accuracy_value', 'NONE');
#2804 = ORIENTED_EDGE ( 'NONE', *, *, #3380, .F. ) ;
#2805 = FILL_AREA_STYLE_COLOUR ( '', #381 ) ;
#2806 = DIRECTION ( 'NONE',  ( -1.000000000000000000, 0.000000000000000000, -9.035018104045878829E-16 ) ) ;
#2807 = EDGE_CURVE ( 'NONE', #1995, #1323, #2007, .T. ) ;
#2808 = AXIS2_PLACEMENT_3D ( 'NONE', #3397, #3453, #1811 ) ;
#2809 = MECHANICAL_DESIGN_GEOMETRIC_PRESENTATION_REPRESENTATION (  '', ( #671 ), #2009 ) ;
#2810 = CARTESIAN_POINT ( 'NONE',  ( 0.2999999999999999889, 0.2299999999999999822, -0.5499999999999998224 ) ) ;
#2811 = FILL_AREA_STYLE ('',( #100 ) ) ;
#2812 = UNCERTAINTY_MEASURE_WITH_UNIT (LENGTH_MEASURE( 1.000000000000000082E-05 ), #2039, 'distance_accuracy_value', 'NONE');
#2813 =( NAMED_UNIT ( * ) PLANE_ANGLE_UNIT ( ) SI_UNIT ( $, .RADIAN. ) );
#2814 = STYLED_ITEM ( 'NONE', ( #2557 ), #3164 ) ;
#2815 = MECHANICAL_DESIGN_GEOMETRIC_PRESENTATION_REPRESENTATION (  '', ( #666 ), #3261 ) ;
#2816 = PRESENTATION_STYLE_ASSIGNMENT (( #967 ) ) ;
#2817 = ORIENTED_EDGE ( 'NONE', *, *, #2550, .F. ) ;
#2818 = DIRECTION ( 'NONE',  ( -0.000000000000000000, -0.000000000000000000, -1.000000000000000000 ) ) ;
#2819 =( GEOMETRIC_REPRESENTATION_CONTEXT ( 3 ) GLOBAL_UNCERTAINTY_ASSIGNED_CONTEXT ( ( #128 ) ) GLOBAL_UNIT_ASSIGNED_CONTEXT ( ( #1041, #2105, #1309 ) ) REPRESENTATION_CONTEXT ( 'NONE', 'WORKASPACE' ) );
#2820 = UNCERTAINTY_MEASURE_WITH_UNIT (LENGTH_MEASURE( 1.000000000000000082E-05 ), #354, 'distance_accuracy_value', 'NONE');
#2821 = AXIS2_PLACEMENT_3D ( 'NONE', #1518, #262, #801 ) ;
#2822 = DIRECTION ( 'NONE',  ( 0.000000000000000000, 1.000000000000000000, -0.000000000000000000 ) ) ;
#2823 = LINE ( 'NONE', #2852, #718 ) ;
#2824 = VECTOR ( 'NONE', #1866, 1000.000000000000000 ) ;
#2825 = ORIENTED_EDGE ( 'NONE', *, *, #388, .T. ) ;
#2826 = CARTESIAN_POINT ( 'NONE',  ( -1.281947240572549607, -0.01227227440913169869, -0.9012898680167422683 ) ) ;
#2827 = LINE ( 'NONE', #3333, #1498 ) ;
#2828 = ADVANCED_FACE ( 'NONE', ( #3379 ), #2908, .T. ) ;
#2829 = CARTESIAN_POINT ( 'NONE',  ( 0.2999999999999992673, 0.000000000000000000, 0.6499999999999998002 ) ) ;
#2830 = CARTESIAN_POINT ( 'NONE',  ( -6.505213034913027837E-17, 0.000000000000000000, -0.4499999999999997335 ) ) ;
#2831 = EDGE_CURVE ( 'NONE', #799, #1302, #2420, .T. ) ;
#2832 = DIRECTION ( 'NONE',  ( 0.000000000000000000, 0.000000000000000000, -1.000000000000000000 ) ) ;
#2833 = FACE_OUTER_BOUND ( 'NONE', #3452, .T. ) ;
#2834 = DIRECTION ( 'NONE',  ( -1.000000000000000000, 0.000000000000000000, 0.000000000000000000 ) ) ;
#2835 = VERTEX_POINT ( 'NONE', #540 ) ;
#2836 = CARTESIAN_POINT ( 'NONE',  ( 0.000000000000000000, 0.9000000000000000222, -0.6973577029451504261 ) ) ;
#2837 = EDGE_CURVE ( 'NONE', #2028, #780, #3450, .T. ) ;
#2838 = CARTESIAN_POINT ( 'NONE',  ( -6.505213034913027837E-17, 0.000000000000000000, 0.4499999999999997335 ) ) ;
#2839 = MANIFOLD_SOLID_BREP ( 'Boss-Extrude2[2]', #2167 ) ;
#2840 = VERTEX_POINT ( 'NONE', #2082 ) ;
#2841 =( NAMED_UNIT ( * ) SI_UNIT ( $, .STERADIAN. ) SOLID_ANGLE_UNIT ( ) );
#2842 =( NAMED_UNIT ( * ) SI_UNIT ( $, .STERADIAN. ) SOLID_ANGLE_UNIT ( ) );
#2843 = DIRECTION ( 'NONE',  ( 2.331034670843836111E-14, 0.000000000000000000, 1.000000000000000000 ) ) ;
#2844 = PRESENTATION_STYLE_ASSIGNMENT (( #2879 ) ) ;
#2845 = DIRECTION ( 'NONE',  ( -0.000000000000000000, -1.000000000000000000, -0.000000000000000000 ) ) ;
#2846 = LINE ( 'NONE', #2830, #1492 ) ;
#2847 =( NAMED_UNIT ( * ) SI_UNIT ( $, .STERADIAN. ) SOLID_ANGLE_UNIT ( ) );
#2848 =( GEOMETRIC_REPRESENTATION_CONTEXT ( 3 ) GLOBAL_UNCERTAINTY_ASSIGNED_CONTEXT ( ( #2416 ) ) GLOBAL_UNIT_ASSIGNED_CONTEXT ( ( #2601, #1818, #1047 ) ) REPRESENTATION_CONTEXT ( 'NONE', 'WORKASPACE' ) );
#2849 = CARTESIAN_POINT ( 'NONE',  ( -1.266726498220496655, 0.1200000000000000233, -0.7667264982204969881 ) ) ;
#2850 = AXIS2_PLACEMENT_3D ( 'NONE', #398, #159, #1758 ) ;
#2851 = DIRECTION ( 'NONE',  ( -0.000000000000000000, -1.000000000000000000, -0.000000000000000000 ) ) ;
#2852 = CARTESIAN_POINT ( 'NONE',  ( 1.000000000000000000, 0.2299999999999999822, -0.3499999999999992006 ) ) ;
#2853 = ORIENTED_EDGE ( 'NONE', *, *, #375, .T. ) ;
#2854 = ORIENTED_EDGE ( 'NONE', *, *, #421, .F. ) ;
#2855 = VECTOR ( 'NONE', #1823, 1000.000000000000000 ) ;
#2856 = CARTESIAN_POINT ( 'NONE',  ( -1.849999999999999867, 0.000000000000000000, -0.000000000000000000 ) ) ;
#2857 = CARTESIAN_POINT ( 'NONE',  ( 0.3999999999999999667, 0.2299999999999999822, -0.5499999999999990452 ) ) ;
#2858 = CARTESIAN_POINT ( 'NONE',  ( 1.197357702945150315, 0.7800000000000000266, 0.6973577029451503151 ) ) ;
#2859 = LINE ( 'NONE', #3376, #85 ) ;
#2860 =( GEOMETRIC_REPRESENTATION_CONTEXT ( 3 ) GLOBAL_UNCERTAINTY_ASSIGNED_CONTEXT ( ( #2491 ) ) GLOBAL_UNIT_ASSIGNED_CONTEXT ( ( #913, #149, #2322 ) ) REPRESENTATION_CONTEXT ( 'NONE', 'WORKASPACE' ) );
#2861 = SURFACE_STYLE_FILL_AREA ( #183 ) ;
#2862 = EDGE_CURVE ( 'NONE', #1295, #1499, #1888, .T. ) ;
#2863 = VECTOR ( 'NONE', #741, 1000.000000000000000 ) ;
#2864 = CARTESIAN_POINT ( 'NONE',  ( 0.000000000000000000, 0.000000000000000000, 0.4500000000000000111 ) ) ;
#2865 = CIRCLE ( 'NONE', #1792, 0.1199999999999998845 ) ;
#2866 = ORIENTED_EDGE ( 'NONE', *, *, #3016, .F. ) ;
#2867 = MECHANICAL_DESIGN_GEOMETRIC_PRESENTATION_REPRESENTATION (  '', ( #2013 ), #2540 ) ;
#2868 = FILL_AREA_STYLE ('',( #690 ) ) ;
#2869 = STYLED_ITEM ( 'NONE', ( #2108 ), #364 ) ;
#2870 = DIRECTION ( 'NONE',  ( 1.000000000000000000, -0.000000000000000000, -0.000000000000000000 ) ) ;
#2871 = AXIS2_PLACEMENT_3D ( 'NONE', #3245, #2187, #3263 ) ;
#2872 = CARTESIAN_POINT ( 'NONE',  ( -6.505213034913027837E-17, 0.000000000000000000, -0.4499999999999997335 ) ) ;
#2873 = MECHANICAL_DESIGN_GEOMETRIC_PRESENTATION_REPRESENTATION (  '', ( #1966 ), #2708 ) ;
#2874 = EDGE_LOOP ( 'NONE', ( #2797, #209, #104, #2704 ) ) ;
#2875 = ADVANCED_FACE ( 'NONE', ( #1579 ), #1033, .T. ) ;
#2876 = CARTESIAN_POINT ( 'NONE',  ( -1.200000000000000844, 0.2299999999999999822, 0.4500000000000000111 ) ) ;
#2877 =( NAMED_UNIT ( * ) PLANE_ANGLE_UNIT ( ) SI_UNIT ( $, .RADIAN. ) );
#2878 = DIRECTION ( 'NONE',  ( 1.000000000000000000, 0.000000000000000000, 9.035018104045863052E-16 ) ) ;
#2879 = SURFACE_STYLE_USAGE ( .BOTH. , #2003 ) ;
#2880 = DIRECTION ( 'NONE',  ( -0.000000000000000000, -1.000000000000000000, -0.000000000000000000 ) ) ;
#2881 = DIRECTION ( 'NONE',  ( 1.000000000000000000, 0.000000000000000000, 0.000000000000000000 ) ) ;
#2882 = CARTESIAN_POINT ( 'NONE',  ( -1.399999999999999911, 0.000000000000000000, 0.4500000000000000111 ) ) ;
#2883 = SURFACE_SIDE_STYLE ('',( #2861 ) ) ;
#2884 = CARTESIAN_POINT ( 'NONE',  ( 1.100000000000000755, 0.2299999999999999822, 0.4499999999999999001 ) ) ;
#2885 = FILL_AREA_STYLE_COLOUR ( '', #1732 ) ;
#2886 = ORIENTED_EDGE ( 'NONE', *, *, #2450, .F. ) ;
#2887 = SURFACE_SIDE_STYLE ('',( #2379 ) ) ;
#2888 = VECTOR ( 'NONE', #1351, 1000.000000000000000 ) ;
#2889 = ORIENTED_EDGE ( 'NONE', *, *, #528, .F. ) ;
#2890 = FACE_OUTER_BOUND ( 'NONE', #63, .T. ) ;
#2891 = CIRCLE ( 'NONE', #1075, 0.1500000000000000777 ) ;
#2892 = ORIENTED_EDGE ( 'NONE', *, *, #1039, .T. ) ;
#2893 = APPLICATION_CONTEXT ( 'automotive_design' ) ;
#2894 =( NAMED_UNIT ( * ) SI_UNIT ( $, .STERADIAN. ) SOLID_ANGLE_UNIT ( ) );
#2895 = LINE ( 'NONE', #2645, #3015 ) ;
#2896 = CIRCLE ( 'NONE', #3011, 0.1199999999999999956 ) ;
#2897 = CARTESIAN_POINT ( 'NONE',  ( -1.849999999999999867, 0.2299999999999999822, -0.09999999999999993616 ) ) ;
#2898 = FACE_OUTER_BOUND ( 'NONE', #2412, .T. ) ;
#2899 = PRESENTATION_STYLE_ASSIGNMENT (( #2952 ) ) ;
#2900 = EDGE_CURVE ( 'NONE', #1582, #2421, #2865, .T. ) ;
#2901 = PRESENTATION_LAYER_ASSIGNMENT (  '', '', ( #2565 ) ) ;
#2902 = DIRECTION ( 'NONE',  ( -1.000000000000000000, 0.000000000000000000, 1.445602896647340396E-16 ) ) ;
#2903 = ORIENTED_EDGE ( 'NONE', *, *, #1015, .T. ) ;
#2904 = PRESENTATION_STYLE_ASSIGNMENT (( #2339 ) ) ;
#2905 = COLOUR_RGB ( '',0.7529411764705882248, 0.7529411764705882248, 0.7529411764705882248 ) ;
#2906 = EDGE_CURVE ( 'NONE', #1151, #3193, #498, .T. ) ;
#2907 =( NAMED_UNIT ( * ) PLANE_ANGLE_UNIT ( ) SI_UNIT ( $, .RADIAN. ) );
#2908 = CYLINDRICAL_SURFACE ( 'NONE', #6, 0.1199999999999998845 ) ;
#2909 = ORIENTED_EDGE ( 'NONE', *, *, #2274, .T. ) ;
#2910 = STYLED_ITEM ( 'NONE', ( #71 ), #3443 ) ;
#2911 = FILL_AREA_STYLE_COLOUR ( '', #1510 ) ;
#2912 = SURFACE_STYLE_USAGE ( .BOTH. , #1876 ) ;
#2913 = MECHANICAL_DESIGN_GEOMETRIC_PRESENTATION_REPRESENTATION (  '', ( #2972 ), #2239 ) ;
#2914 = DIRECTION ( 'NONE',  ( 0.000000000000000000, 0.000000000000000000, -1.000000000000000000 ) ) ;
#2915 = DIRECTION ( 'NONE',  ( 1.000000000000000000, -0.000000000000000000, -0.000000000000000000 ) ) ;
#2916 = EDGE_CURVE ( 'NONE', #3411, #657, #2656, .T. ) ;
#2917 = CARTESIAN_POINT ( 'NONE',  ( -1.100000000000000089, 0.2299999999999999822, -0.5500000000000007105 ) ) ;
#2918 = CARTESIAN_POINT ( 'NONE',  ( 1.850000000000000089, 0.2299999999999999822, 0.000000000000000000 ) ) ;
#2919 = ORIENTED_EDGE ( 'NONE', *, *, #2794, .T. ) ;
#2920 = FACE_OUTER_BOUND ( 'NONE', #135, .T. ) ;
#2921 = MECHANICAL_DESIGN_GEOMETRIC_PRESENTATION_REPRESENTATION (  '', ( #1213 ), #1839 ) ;
#2922 = FILL_AREA_STYLE ('',( #1317 ) ) ;
#2923 = CARTESIAN_POINT ( 'NONE',  ( 2.013518320330222978E-16, 0.000000000000000000, -0.6499999999999999112 ) ) ;
#2924 =( GEOMETRIC_REPRESENTATION_CONTEXT ( 3 ) GLOBAL_UNCERTAINTY_ASSIGNED_CONTEXT ( ( #658 ) ) GLOBAL_UNIT_ASSIGNED_CONTEXT ( ( #1074, #2396, #2624 ) ) REPRESENTATION_CONTEXT ( 'NONE', 'WORKASPACE' ) );
#2925 = PRESENTATION_STYLE_ASSIGNMENT (( #1237 ) ) ;
#2926 = LINE ( 'NONE', #1529, #1670 ) ;
#2927 = PRESENTATION_LAYER_ASSIGNMENT (  '', '', ( #2700 ) ) ;
#2928 = ORIENTED_EDGE ( 'NONE', *, *, #375, .F. ) ;
#2929 = ORIENTED_EDGE ( 'NONE', *, *, #2202, .F. ) ;
#2930 = FACE_OUTER_BOUND ( 'NONE', #1877, .T. ) ;
#2931 = EDGE_CURVE ( 'NONE', #814, #2612, #2192, .T. ) ;
#2932 = FACE_OUTER_BOUND ( 'NONE', #910, .T. ) ;
#2933 = DIRECTION ( 'NONE',  ( -0.000000000000000000, -1.000000000000000000, 0.000000000000000000 ) ) ;
#2934 = LINE ( 'NONE', #245, #608 ) ;
#2935 =( LENGTH_UNIT ( ) NAMED_UNIT ( * ) SI_UNIT ( .MILLI., .METRE. ) );
#2936 = LINE ( 'NONE', #3149, #1483 ) ;
#2937 = VECTOR ( 'NONE', #1378, 1000.000000000000000 ) ;
#2938 = EDGE_CURVE ( 'NONE', #2689, #3035, #2437, .T. ) ;
#2939 = EDGE_LOOP ( 'NONE', ( #2982, #2774, #350, #229 ) ) ;
#2940 = DIRECTION ( 'NONE',  ( -1.000000000000000000, 0.000000000000000000, 0.000000000000000000 ) ) ;
#2941 = UNCERTAINTY_MEASURE_WITH_UNIT (LENGTH_MEASURE( 1.000000000000000082E-05 ), #1501, 'distance_accuracy_value', 'NONE');
#2942 = ORIENTED_EDGE ( 'NONE', *, *, #614, .T. ) ;
#2943 = EDGE_LOOP ( 'NONE', ( #1389, #644, #893, #2102 ) ) ;
#2944 = PRODUCT_DEFINITION_CONTEXT ( 'detailed design', #3189, 'design' ) ;
#2945 = VECTOR ( 'NONE', #2845, 1000.000000000000000 ) ;
#2946 = ORIENTED_EDGE ( 'NONE', *, *, #2906, .F. ) ;
#2947 = CARTESIAN_POINT ( 'NONE',  ( -1.100000000000000089, 0.2299999999999999822, 0.5500000000000007105 ) ) ;
#2948 = DIRECTION ( 'NONE',  ( 1.000000000000000000, 0.000000000000000000, 0.000000000000000000 ) ) ;
#2949 =( NAMED_UNIT ( * ) PLANE_ANGLE_UNIT ( ) SI_UNIT ( $, .RADIAN. ) );
#2950 =( NAMED_UNIT ( * ) PLANE_ANGLE_UNIT ( ) SI_UNIT ( $, .RADIAN. ) );
#2951 = VERTEX_POINT ( 'NONE', #274 ) ;
#2952 = SURFACE_STYLE_USAGE ( .BOTH. , #1819 ) ;
#2953 = FILL_AREA_STYLE_COLOUR ( '', #3295 ) ;
#2954 = FILL_AREA_STYLE ('',( #33 ) ) ;
#2955 = DIRECTION ( 'NONE',  ( -1.000000000000000000, 0.000000000000000000, 0.000000000000000000 ) ) ;
#2956 = VERTEX_POINT ( 'NONE', #25 ) ;
#2957 = CARTESIAN_POINT ( 'NONE',  ( -1.100000000000000089, 0.000000000000000000, 0.5500000000000007105 ) ) ;
#2958 =( LENGTH_UNIT ( ) NAMED_UNIT ( * ) SI_UNIT ( .MILLI., .METRE. ) );
#2959 = MECHANICAL_DESIGN_GEOMETRIC_PRESENTATION_REPRESENTATION (  '', ( #359 ), #306 ) ;
#2960 = VERTEX_POINT ( 'NONE', #90 ) ;
#2961 = CARTESIAN_POINT ( 'NONE',  ( -6.505213034913027837E-17, 0.2299999999999999822, -0.4499999999999997335 ) ) ;
#2962 = CARTESIAN_POINT ( 'NONE',  ( -1.200000000000000178, 0.000000000000000000, 0.5499999999999999334 ) ) ;
#2963 = STYLED_ITEM ( 'NONE', ( #3024 ), #973 ) ;
#2964 = EDGE_CURVE ( 'NONE', #1944, #2612, #38, .T. ) ;
#2965 = VERTEX_POINT ( 'NONE', #1161 ) ;
#2966 = PRESENTATION_LAYER_ASSIGNMENT (  '', '', ( #2166 ) ) ;
#2967 = PRESENTATION_LAYER_ASSIGNMENT (  '', '', ( #2793 ) ) ;
#2968 = ORIENTED_EDGE ( 'NONE', *, *, #2334, .T. ) ;
#2969 = SURFACE_STYLE_FILL_AREA ( #1064 ) ;
#2970 = CARTESIAN_POINT ( 'NONE',  ( -1.100000000000000089, 0.000000000000000000, -0.000000000000000000 ) ) ;
#2971 =( NAMED_UNIT ( * ) PLANE_ANGLE_UNIT ( ) SI_UNIT ( $, .RADIAN. ) );
#2972 = STYLED_ITEM ( 'NONE', ( #2268 ), #1978 ) ;
#2973 = SURFACE_STYLE_FILL_AREA ( #548 ) ;
#2974 = CARTESIAN_POINT ( 'NONE',  ( -1.849999999999999867, 0.2299999999999999822, 0.000000000000000000 ) ) ;
#2975 = CARTESIAN_POINT ( 'NONE',  ( -1.849999999999999867, 0.2299999999999999822, 0.2500000000000000000 ) ) ;
#2976 = DIRECTION ( 'NONE',  ( 0.000000000000000000, 0.000000000000000000, -1.000000000000000000 ) ) ;
#2977 = EDGE_CURVE ( 'NONE', #1255, #2172, #1111, .T. ) ;
#2978 = FILL_AREA_STYLE_COLOUR ( '', #432 ) ;
#2979 = MECHANICAL_DESIGN_GEOMETRIC_PRESENTATION_REPRESENTATION (  '', ( #424 ), #1795 ) ;
#2980 = EDGE_LOOP ( 'NONE', ( #3053, #2617, #1285, #169 ) ) ;
#2981 = VECTOR ( 'NONE', #225, 1000.000000000000000 ) ;
#2982 = ORIENTED_EDGE ( 'NONE', *, *, #2916, .F. ) ;
#2983 = VECTOR ( 'NONE', #1271, 1000.000000000000000 ) ;
#2984 = LINE ( 'NONE', #1118, #2937 ) ;
#2985 = CIRCLE ( 'NONE', #1444, 0.09999999999999999167 ) ;
#2986 = SURFACE_STYLE_FILL_AREA ( #84 ) ;
#2987 = PRESENTATION_STYLE_ASSIGNMENT (( #300 ) ) ;
#2988 = VERTEX_POINT ( 'NONE', #2236 ) ;
#2989 = EDGE_CURVE ( 'NONE', #2462, #1698, #3323, .T. ) ;
#2990 = SURFACE_STYLE_USAGE ( .BOTH. , #1332 ) ;
#2991 = FILL_AREA_STYLE_COLOUR ( '', #3247 ) ;
#2992 =( NAMED_UNIT ( * ) PLANE_ANGLE_UNIT ( ) SI_UNIT ( $, .RADIAN. ) );
#2993 = AXIS2_PLACEMENT_3D ( 'NONE', #469, #1042, #1533 ) ;
#2994 = FACE_OUTER_BOUND ( 'NONE', #1787, .T. ) ;
#2995 = FILL_AREA_STYLE_COLOUR ( '', #1149 ) ;
#2996 = CARTESIAN_POINT ( 'NONE',  ( -1.849999999999999867, 0.2299999999999999822, 0.000000000000000000 ) ) ;
#2997 = PLANE ( 'NONE',  #2641 ) ;
#2998 = ORIENTED_EDGE ( 'NONE', *, *, #2049, .F. ) ;
#2999 = EDGE_LOOP ( 'NONE', ( #1627, #1198, #2578, #106 ) ) ;
#3000 = SURFACE_SIDE_STYLE ('',( #2969 ) ) ;
#3001 = FILL_AREA_STYLE ('',( #46 ) ) ;
#3002 = CIRCLE ( 'NONE', #2265, 0.09999999999999993616 ) ;
#3003 = CARTESIAN_POINT ( 'NONE',  ( 1.266726498220496655, 0.1199999999999999956, 0.7667264982204968771 ) ) ;
#3004 = ORIENTED_EDGE ( 'NONE', *, *, #170, .F. ) ;
#3005 = DIRECTION ( 'NONE',  ( 0.000000000000000000, 1.000000000000000000, -0.000000000000000000 ) ) ;
#3006 = FILL_AREA_STYLE_COLOUR ( '', #3431 ) ;
#3007 = DIRECTION ( 'NONE',  ( 0.000000000000000000, 0.000000000000000000, -1.000000000000000000 ) ) ;
#3008 = ORIENTED_EDGE ( 'NONE', *, *, #589, .F. ) ;
#3009 = LINE ( 'NONE', #554, #952 ) ;
#3010 = EDGE_CURVE ( 'NONE', #1268, #3296, #9, .T. ) ;
#3011 = AXIS2_PLACEMENT_3D ( 'NONE', #2194, #845, #928 ) ;
#3012 = ORIENTED_EDGE ( 'NONE', *, *, #3402, .T. ) ;
#3013 = EDGE_LOOP ( 'NONE', ( #426, #3142, #91, #715 ) ) ;
#3014 = UNCERTAINTY_MEASURE_WITH_UNIT (LENGTH_MEASURE( 1.000000000000000082E-05 ), #3170, 'distance_accuracy_value', 'NONE');
#3015 = VECTOR ( 'NONE', #470, 1000.000000000000000 ) ;
#3016 = EDGE_CURVE ( 'NONE', #3255, #2715, #1090, .T. ) ;
#3017 = SURFACE_SIDE_STYLE ('',( #1137 ) ) ;
#3018 = DIRECTION ( 'NONE',  ( 0.1039620511844976947, -0.9891328443778539814, 0.1039620511844975559 ) ) ;
#3019 =( LENGTH_UNIT ( ) NAMED_UNIT ( * ) SI_UNIT ( .MILLI., .METRE. ) );
#3020 = AXIS2_PLACEMENT_3D ( 'NONE', #704, #3407, #941 ) ;
#3021 = AXIS2_PLACEMENT_3D ( 'NONE', #1210, #687, #1766 ) ;
#3022 = EDGE_CURVE ( 'NONE', #3023, #2528, #1146, .T. ) ;
#3023 = VERTEX_POINT ( 'NONE', #2749 ) ;
#3024 = PRESENTATION_STYLE_ASSIGNMENT (( #2990 ) ) ;
#3025 = DIRECTION ( 'NONE',  ( -0.000000000000000000, -1.000000000000000000, -0.000000000000000000 ) ) ;
#3026 = CARTESIAN_POINT ( 'NONE',  ( -1.375826025888894355, 0.2299999999999999822, 0.9000000000000000222 ) ) ;
#3027 = ORIENTED_EDGE ( 'NONE', *, *, #2511, .T. ) ;
#3028 = ADVANCED_FACE ( 'NONE', ( #1620 ), #3290, .T. ) ;
#3029 = PRESENTATION_LAYER_ASSIGNMENT (  '', '', ( #3302 ) ) ;
#3030 = CARTESIAN_POINT ( 'NONE',  ( 1.399999999999999911, 0.000000000000000000, 0.9000000000000000222 ) ) ;
#3031 =( GEOMETRIC_REPRESENTATION_CONTEXT ( 3 ) GLOBAL_UNCERTAINTY_ASSIGNED_CONTEXT ( ( #3338 ) ) GLOBAL_UNIT_ASSIGNED_CONTEXT ( ( #743, #3156, #3122 ) ) REPRESENTATION_CONTEXT ( 'NONE', 'WORKASPACE' ) );
#3032 = DIRECTION ( 'NONE',  ( 0.000000000000000000, -9.035018104045870941E-16, 1.000000000000000000 ) ) ;
#3033 = CARTESIAN_POINT ( 'NONE',  ( 1.266726498220496655, 0.000000000000000000, 0.9000000000000000222 ) ) ;
#3034 = ORIENTED_EDGE ( 'NONE', *, *, #2180, .T. ) ;
#3035 = VERTEX_POINT ( 'NONE', #2176 ) ;
#3036 = LINE ( 'NONE', #1687, #1736 ) ;
#3037 = SURFACE_STYLE_USAGE ( .BOTH. , #816 ) ;
#3038 = AXIS2_PLACEMENT_3D ( 'NONE', #379, #1191, #3348 ) ;
#3039 = ORIENTED_EDGE ( 'NONE', *, *, #120, .F. ) ;
#3040 = AXIS2_PLACEMENT_3D ( 'NONE', #1438, #3137, #934 ) ;
#3041 = EDGE_CURVE ( 'NONE', #2181, #3057, #559, .T. ) ;
#3042 =( GEOMETRIC_REPRESENTATION_CONTEXT ( 3 ) GLOBAL_UNCERTAINTY_ASSIGNED_CONTEXT ( ( #66 ) ) GLOBAL_UNIT_ASSIGNED_CONTEXT ( ( #2302, #1301, #2433 ) ) REPRESENTATION_CONTEXT ( 'NONE', 'WORKASPACE' ) );
#3043 =( NAMED_UNIT ( * ) PLANE_ANGLE_UNIT ( ) SI_UNIT ( $, .RADIAN. ) );
#3044 = PRESENTATION_STYLE_ASSIGNMENT (( #1952 ) ) ;
#3045 = UNCERTAINTY_MEASURE_WITH_UNIT (LENGTH_MEASURE( 1.000000000000000082E-05 ), #1540, 'distance_accuracy_value', 'NONE');
#3046 = FILL_AREA_STYLE ('',( #1403 ) ) ;
#3047 = SURFACE_SIDE_STYLE ('',( #2778 ) ) ;
#3048 =( LENGTH_UNIT ( ) NAMED_UNIT ( * ) SI_UNIT ( .MILLI., .METRE. ) );
#3049 = CARTESIAN_POINT ( 'NONE',  ( 0.3999999999999999667, 0.000000000000000000, -0.000000000000000000 ) ) ;
#3050 = DIRECTION ( 'NONE',  ( -0.1045284632676534986, -0.9945218953682734009, 0.000000000000000000 ) ) ;
#3051 = COLOUR_RGB ( '',0.2509803921568627416, 0.2509803921568627416, 0.2509803921568627416 ) ;
#3052 = ORIENTED_EDGE ( 'NONE', *, *, #625, .F. ) ;
#3053 = ORIENTED_EDGE ( 'NONE', *, *, #3139, .F. ) ;
#3054 = CARTESIAN_POINT ( 'NONE',  ( -1.200000000000000178, 0.000000000000000000, -0.5499999999999999334 ) ) ;
#3055 = SPHERICAL_SURFACE ( 'NONE', #109, 0.1199999999999999956 ) ;
#3056 = EDGE_CURVE ( 'NONE', #1584, #1045, #1358, .T. ) ;
#3057 = VERTEX_POINT ( 'NONE', #1419 ) ;
#3058 = DIRECTION ( 'NONE',  ( -1.000000000000000000, 0.000000000000000000, 0.000000000000000000 ) ) ;
#3059 = PRESENTATION_STYLE_ASSIGNMENT (( #1724 ) ) ;
#3060 = MECHANICAL_DESIGN_GEOMETRIC_PRESENTATION_REPRESENTATION (  '', ( #739 ), #3334 ) ;
#3061 = SURFACE_SIDE_STYLE ('',( #859 ) ) ;
#3062 = CARTESIAN_POINT ( 'NONE',  ( -1.266726498220496655, 0.1199999999999999956, -0.7667264982204968771 ) ) ;
#3063 = ADVANCED_FACE ( 'NONE', ( #2769 ), #2997, .T. ) ;
#3064 = UNCERTAINTY_MEASURE_WITH_UNIT (LENGTH_MEASURE( 1.000000000000000082E-05 ), #892, 'distance_accuracy_value', 'NONE');
#3065 = DIRECTION ( 'NONE',  ( -1.000000000000000000, 0.000000000000000000, -1.445602896647340149E-16 ) ) ;
#3066 = AXIS2_PLACEMENT_3D ( 'NONE', #916, #650, #1971 ) ;
#3067 = CYLINDRICAL_SURFACE ( 'NONE', #1054, 0.1199999999999999956 ) ;
#3068 =( LENGTH_UNIT ( ) NAMED_UNIT ( * ) SI_UNIT ( .MILLI., .METRE. ) );
#3069 = VERTEX_POINT ( 'NONE', #3368 ) ;
#3070 = FILL_AREA_STYLE ('',( #2575 ) ) ;
#3071 = EDGE_CURVE ( 'NONE', #158, #3035, #3098, .T. ) ;
#3072 = LINE ( 'NONE', #661, #380 ) ;
#3073 = ORIENTED_EDGE ( 'NONE', *, *, #1970, .F. ) ;
#3074 = DIRECTION ( 'NONE',  ( 0.1039620511844976947, 0.9891328443778538704, 0.1039620511844977224 ) ) ;
#3075 = DIRECTION ( 'NONE',  ( 0.000000000000000000, 0.000000000000000000, 1.000000000000000000 ) ) ;
#3076 = VECTOR ( 'NONE', #1630, 1000.000000000000000 ) ;
#3077 = MECHANICAL_DESIGN_GEOMETRIC_PRESENTATION_REPRESENTATION (  '', ( #1773 ), #1827 ) ;
#3078 = FACE_OUTER_BOUND ( 'NONE', #519, .T. ) ;
#3079 = FILL_AREA_STYLE ('',( #1988 ) ) ;
#3080 = DIRECTION ( 'NONE',  ( -1.000000000000000000, 0.000000000000000000, 0.000000000000000000 ) ) ;
#3081 = ORIENTED_EDGE ( 'NONE', *, *, #2691, .F. ) ;
#3082 = DIRECTION ( 'NONE',  ( 0.000000000000000000, -0.000000000000000000, -1.000000000000000000 ) ) ;
#3083 = MECHANICAL_DESIGN_GEOMETRIC_PRESENTATION_REPRESENTATION (  '', ( #2410 ), #648 ) ;
#3084 = VERTEX_POINT ( 'NONE', #1511 ) ;
#3085 = STYLED_ITEM ( 'NONE', ( #1345 ), #1906 ) ;
#3086 = CARTESIAN_POINT ( 'NONE',  ( 0.3999999999999999667, 0.2299999999999999822, 0.000000000000000000 ) ) ;
#3087 = LINE ( 'NONE', #2577, #1162 ) ;
#3088 = UNCERTAINTY_MEASURE_WITH_UNIT (LENGTH_MEASURE( 1.000000000000000082E-05 ), #1069, 'distance_accuracy_value', 'NONE');
#3089 = VERTEX_POINT ( 'NONE', #2605 ) ;
#3090 = CARTESIAN_POINT ( 'NONE',  ( -1.100000000000000089, 0.000000000000000000, -0.5500000000000007105 ) ) ;
#3091 = DIRECTION ( 'NONE',  ( 0.000000000000000000, 1.000000000000000000, -0.000000000000000000 ) ) ;
#3092 = CARTESIAN_POINT ( 'NONE',  ( 1.197357702945150315, 0.7925434155921183832, 0.8167003303893430877 ) ) ;
#3093 = STYLED_ITEM ( 'NONE', ( #206 ), #2875 ) ;
#3094 = PRESENTATION_LAYER_ASSIGNMENT (  '', '', ( #1284 ) ) ;
#3095 = DIRECTION ( 'NONE',  ( -1.000000000000000000, 0.000000000000000000, 0.000000000000000000 ) ) ;
#3096 = SURFACE_SIDE_STYLE ('',( #2247 ) ) ;
#3097 = DIRECTION ( 'NONE',  ( 0.000000000000000000, 1.000000000000000000, -0.000000000000000000 ) ) ;
#3098 = CIRCLE ( 'NONE', #1553, 0.1199999999999999678 ) ;
#3099 = AXIS2_PLACEMENT_3D ( 'NONE', #3086, #1979, #2015 ) ;
#3100 = ADVANCED_FACE ( 'NONE', ( #439 ), #403, .T. ) ;
#3101 = LINE ( 'NONE', #1993, #1336 ) ;
#3102 = LINE ( 'NONE', #2572, #3461 ) ;
#3103 = AXIS2_PLACEMENT_3D ( 'NONE', #800, #82, #3258 ) ;
#3104 = UNCERTAINTY_MEASURE_WITH_UNIT (LENGTH_MEASURE( 1.000000000000000082E-05 ), #1740, 'distance_accuracy_value', 'NONE');
#3105 = VECTOR ( 'NONE', #1956, 1000.000000000000000 ) ;
#3106 = PRESENTATION_STYLE_ASSIGNMENT (( #641 ) ) ;
#3107 = STYLED_ITEM ( 'NONE', ( #2318 ), #2310 ) ;
#3108 = ORIENTED_EDGE ( 'NONE', *, *, #3414, .F. ) ;
#3109 =( LENGTH_UNIT ( ) NAMED_UNIT ( * ) SI_UNIT ( .MILLI., .METRE. ) );
#3110 = CARTESIAN_POINT ( 'NONE',  ( -1.386069125664689539, 0.1325434155921184354, -0.4500000000000001221 ) ) ;
#3111 = LINE ( 'NONE', #2857, #1622 ) ;
#3112 =( NAMED_UNIT ( * ) PLANE_ANGLE_UNIT ( ) SI_UNIT ( $, .RADIAN. ) );
#3113 = CARTESIAN_POINT ( 'NONE',  ( -1.699999999999999956, 0.000000000000000000, 0.1000000000000000194 ) ) ;
#3114 = PRESENTATION_STYLE_ASSIGNMENT (( #1158 ) ) ;
#3115 = EDGE_CURVE ( 'NONE', #2551, #1045, #1738, .T. ) ;
#3116 = FILL_AREA_STYLE_COLOUR ( '', #1520 ) ;
#3117 = LINE ( 'NONE', #1733, #2755 ) ;
#3118 = VECTOR ( 'NONE', #1617, 1000.000000000000000 ) ;
#3119 = FILL_AREA_STYLE_COLOUR ( '', #1028 ) ;
#3120 = DIRECTION ( 'NONE',  ( 1.000000000000000000, -0.000000000000000000, 0.000000000000000000 ) ) ;
#3121 = EDGE_LOOP ( 'NONE', ( #2628, #1625, #1500, #1000, #1609, #3012, #2866, #347 ) ) ;
#3122 =( NAMED_UNIT ( * ) SI_UNIT ( $, .STERADIAN. ) SOLID_ANGLE_UNIT ( ) );
#3123 = DIRECTION ( 'NONE',  ( -1.000000000000000000, 0.000000000000000000, 3.097720492815728645E-16 ) ) ;
#3124 = ORIENTED_EDGE ( 'NONE', *, *, #2112, .T. ) ;
#3125 = ORIENTED_EDGE ( 'NONE', *, *, #110, .T. ) ;
#3126 = DIRECTION ( 'NONE',  ( 0.000000000000000000, 0.000000000000000000, -1.000000000000000000 ) ) ;
#3127 = DIRECTION ( 'NONE',  ( 0.000000000000000000, 0.000000000000000000, 1.000000000000000000 ) ) ;
#3128 = EDGE_CURVE ( 'NONE', #239, #2365, #3101, .T. ) ;
#3129 = DIRECTION ( 'NONE',  ( -1.000000000000000000, 0.000000000000000000, 3.097720492815728645E-16 ) ) ;
#3130 = PLANE ( 'NONE',  #1159 ) ;
#3131 = CARTESIAN_POINT ( 'NONE',  ( 0.2999999999999992673, 0.2299999999999999822, 0.6499999999999998002 ) ) ;
#3132 = DIRECTION ( 'NONE',  ( -0.000000000000000000, -0.000000000000000000, 1.000000000000000000 ) ) ;
#3133 = COLOUR_RGB ( '',0.2509803921568627416, 0.2509803921568627416, 0.2509803921568627416 ) ;
#3134 = CIRCLE ( 'NONE', #3294, 0.1200000000000000927 ) ;
#3135 = AXIS2_PLACEMENT_3D ( 'NONE', #2849, #1011, #494 ) ;
#3136 =( GEOMETRIC_REPRESENTATION_CONTEXT ( 3 ) GLOBAL_UNCERTAINTY_ASSIGNED_CONTEXT ( ( #3088 ) ) GLOBAL_UNIT_ASSIGNED_CONTEXT ( ( #1069, #792, #1084 ) ) REPRESENTATION_CONTEXT ( 'NONE', 'WORKASPACE' ) );
#3137 = DIRECTION ( 'NONE',  ( -0.000000000000000000, -1.000000000000000000, -0.000000000000000000 ) ) ;
#3138 = ORIENTED_EDGE ( 'NONE', *, *, #1862, .T. ) ;
#3139 = EDGE_CURVE ( 'NONE', #1302, #1719, #2542, .T. ) ;
#3140 = SURFACE_STYLE_USAGE ( .BOTH. , #1528 ) ;
#3141 = SURFACE_STYLE_FILL_AREA ( #2344 ) ;
#3142 = ORIENTED_EDGE ( 'NONE', *, *, #2732, .F. ) ;
#3143 = CIRCLE ( 'NONE', #2113, 0.1200000000000000927 ) ;
#3144 = LINE ( 'NONE', #2876, #808 ) ;
#3145 = CARTESIAN_POINT ( 'NONE',  ( 0.2999999999999992673, 0.2299999999999999822, 0.6499999999999998002 ) ) ;
#3146 =( LENGTH_UNIT ( ) NAMED_UNIT ( * ) SI_UNIT ( .MILLI., .METRE. ) );
#3147 = EDGE_CURVE ( 'NONE', #2365, #2766, #1750, .T. ) ;
#3148 = CARTESIAN_POINT ( 'NONE',  ( 1.000000000000000000, 0.2299999999999999822, 0.3499999999999992006 ) ) ;
#3149 = CARTESIAN_POINT ( 'NONE',  ( -1.849999999999999867, 0.2299999999999999822, 0.2500000000000000000 ) ) ;
#3150 = VECTOR ( 'NONE', #678, 1000.000000000000000 ) ;
#3151 = AXIS2_PLACEMENT_3D ( 'NONE', #1472, #134, #2832 ) ;
#3152 = CARTESIAN_POINT ( 'NONE',  ( 1.699999999999999956, 0.2299999999999999822, 0.000000000000000000 ) ) ;
#3153 =( GEOMETRIC_REPRESENTATION_CONTEXT ( 3 ) GLOBAL_UNCERTAINTY_ASSIGNED_CONTEXT ( ( #2820 ) ) GLOBAL_UNIT_ASSIGNED_CONTEXT ( ( #354, #573, #1907 ) ) REPRESENTATION_CONTEXT ( 'NONE', 'WORKASPACE' ) );
#3154 = ORIENTED_EDGE ( 'NONE', *, *, #750, .F. ) ;
#3155 = CIRCLE ( 'NONE', #2364, 0.1500000000000000777 ) ;
#3156 =( NAMED_UNIT ( * ) PLANE_ANGLE_UNIT ( ) SI_UNIT ( $, .RADIAN. ) );
#3157 = FILL_AREA_STYLE_COLOUR ( '', #766 ) ;
#3158 = DIRECTION ( 'NONE',  ( -0.1045284632676534986, 0.9945218953682734009, 1.511066492818150016E-17 ) ) ;
#3159 = CIRCLE ( 'NONE', #899, 0.1200000000000000927 ) ;
#3160 = EDGE_LOOP ( 'NONE', ( #833, #3154, #2571, #2676 ) ) ;
#3161 = SURFACE_SIDE_STYLE ('',( #747 ) ) ;
#3162 = AXIS2_PLACEMENT_3D ( 'NONE', #1416, #3303, #1129 ) ;
#3163 =( NAMED_UNIT ( * ) SI_UNIT ( $, .STERADIAN. ) SOLID_ANGLE_UNIT ( ) );
#3164 = ADVANCED_FACE ( 'NONE', ( #673 ), #3067, .T. ) ;
#3165 = SURFACE_STYLE_FILL_AREA ( #3180 ) ;
#3166 = PRESENTATION_STYLE_ASSIGNMENT (( #2088 ) ) ;
#3167 =( NAMED_UNIT ( * ) SI_UNIT ( $, .STERADIAN. ) SOLID_ANGLE_UNIT ( ) );
#3168 = LINE ( 'NONE', #2323, #3206 ) ;
#3169 = EDGE_CURVE ( 'NONE', #2143, #28, #2377, .T. ) ;
#3170 =( LENGTH_UNIT ( ) NAMED_UNIT ( * ) SI_UNIT ( .MILLI., .METRE. ) );
#3171 = EDGE_LOOP ( 'NONE', ( #3313, #343, #2162 ) ) ;
#3172 = DIRECTION ( 'NONE',  ( 1.000000000000000000, -0.000000000000000000, 0.000000000000000000 ) ) ;
#3173 = PRESENTATION_LAYER_ASSIGNMENT (  '', '', ( #1812 ) ) ;
#3174 = STYLED_ITEM ( 'NONE', ( #585 ), #152 ) ;
#3175 = SURFACE_STYLE_USAGE ( .BOTH. , #1305 ) ;
#3176 = ORIENTED_EDGE ( 'NONE', *, *, #2652, .T. ) ;
#3177 = CARTESIAN_POINT ( 'NONE',  ( -1.200000000000000844, 0.000000000000000000, -0.4500000000000000111 ) ) ;
#3178 = ORIENTED_EDGE ( 'NONE', *, *, #464, .T. ) ;
#3179 = EDGE_CURVE ( 'NONE', #1602, #2462, #777, .T. ) ;
#3180 = FILL_AREA_STYLE ('',( #1519 ) ) ;
#3181 = COLOUR_RGB ( '',0.7529411764705882248, 0.7529411764705882248, 0.7529411764705882248 ) ;
#3182 = CARTESIAN_POINT ( 'NONE',  ( 0.3999999999999999667, 0.2299999999999999822, 0.000000000000000000 ) ) ;
#3183 = VERTEX_POINT ( 'NONE', #3446 ) ;
#3184 = LINE ( 'NONE', #2917, #2514 ) ;
#3185 = MECHANICAL_DESIGN_GEOMETRIC_PRESENTATION_REPRESENTATION (  '', ( #249 ), #1145 ) ;
#3186 =( LENGTH_UNIT ( ) NAMED_UNIT ( * ) SI_UNIT ( .MILLI., .METRE. ) );
#3187 = ORIENTED_EDGE ( 'NONE', *, *, #656, .F. ) ;
#3188 = DIRECTION ( 'NONE',  ( 1.000000000000000000, 0.000000000000000000, 0.000000000000000000 ) ) ;
#3189 = APPLICATION_CONTEXT ( 'automotive_design' ) ;
#3190 = EDGE_LOOP ( 'NONE', ( #2074, #5, #2697, #596, #2320, #541, #2919, #2177, #2892, #819, #3292, #154, #567, #2048, #1757, #2942 ) ) ;
#3191 = SURFACE_SIDE_STYLE ('',( #1775 ) ) ;
#3192 = DIRECTION ( 'NONE',  ( -0.000000000000000000, -1.000000000000000000, -0.000000000000000000 ) ) ;
#3193 = VERTEX_POINT ( 'NONE', #510 ) ;
#3194 = ORIENTED_EDGE ( 'NONE', *, *, #2014, .T. ) ;
#3195 = EDGE_CURVE ( 'NONE', #591, #2438, #2411, .T. ) ;
#3196 =( LENGTH_UNIT ( ) NAMED_UNIT ( * ) SI_UNIT ( .MILLI., .METRE. ) );
#3197 = DIRECTION ( 'NONE',  ( 0.000000000000000000, 0.1045284632676535541, -0.9945218953682734009 ) ) ;
#3198 = SURFACE_SIDE_STYLE ('',( #3165 ) ) ;
#3199 = PRESENTATION_LAYER_ASSIGNMENT (  '', '', ( #2410 ) ) ;
#3200 =( NAMED_UNIT ( * ) SI_UNIT ( $, .STERADIAN. ) SOLID_ANGLE_UNIT ( ) );
#3201 = CIRCLE ( 'NONE', #652, 0.1199999999999999956 ) ;
#3202 = CARTESIAN_POINT ( 'NONE',  ( 1.316700330389343199, 0.7925434155921182722, 0.9000000000000000222 ) ) ;
#3203 = ORIENTED_EDGE ( 'NONE', *, *, #2145, .T. ) ;
#3204 = PLANE ( 'NONE',  #288 ) ;
#3205 = AXIS2_PLACEMENT_3D ( 'NONE', #2962, #3223, #797 ) ;
#3206 = VECTOR ( 'NONE', #2093, 1000.000000000000000 ) ;
#3207 = PRODUCT ( 'PMEG4020EXEX', 'PMEG4020EXEX', '', ( #3264 ) ) ;
#3208 = CARTESIAN_POINT ( 'NONE',  ( -1.100000000000000089, 0.2299999999999999822, -0.5500000000000007105 ) ) ;
#3209 = AXIS2_PLACEMENT_3D ( 'NONE', #345, #2199, #3050 ) ;
#3210 = DIRECTION ( 'NONE',  ( 0.000000000000000000, 0.000000000000000000, -1.000000000000000000 ) ) ;
#3211 = LINE ( 'NONE', #1274, #1493 ) ;
#3212 = PRESENTATION_LAYER_ASSIGNMENT (  '', '', ( #2869 ) ) ;
#3213 = ORIENTED_EDGE ( 'NONE', *, *, #188, .T. ) ;
#3214 = ORIENTED_EDGE ( 'NONE', *, *, #914, .T. ) ;
#3215 = DIRECTION ( 'NONE',  ( 1.000000000000000000, -0.000000000000000000, 0.000000000000000000 ) ) ;
#3216 = DIRECTION ( 'NONE',  ( 0.1039620511844977224, -0.9891328443778539814, -0.1039620511844977224 ) ) ;
#3217 =( NAMED_UNIT ( * ) SI_UNIT ( $, .STERADIAN. ) SOLID_ANGLE_UNIT ( ) );
#3218 = VERTEX_POINT ( 'NONE', #1833 ) ;
#3219 =( NAMED_UNIT ( * ) PLANE_ANGLE_UNIT ( ) SI_UNIT ( $, .RADIAN. ) );
#3220 = ADVANCED_FACE ( 'NONE', ( #2094 ), #1864, .F. ) ;
#3221 = DIRECTION ( 'NONE',  ( 1.000000000000000000, -0.000000000000000000, 0.000000000000000000 ) ) ;
#3222 = FILL_AREA_STYLE ('',( #1359 ) ) ;
#3223 = DIRECTION ( 'NONE',  ( 0.000000000000000000, 1.000000000000000000, -0.000000000000000000 ) ) ;
#3224 = EDGE_LOOP ( 'NONE', ( #889, #1020, #637, #628 ) ) ;
#3225 = ORIENTED_EDGE ( 'NONE', *, *, #1723, .T. ) ;
#3226 =( NAMED_UNIT ( * ) SI_UNIT ( $, .STERADIAN. ) SOLID_ANGLE_UNIT ( ) );
#3227 = CARTESIAN_POINT ( 'NONE',  ( -1.100000000000000089, 0.2299999999999999822, 0.6500000000000001332 ) ) ;
#3228 = DIRECTION ( 'NONE',  ( -0.000000000000000000, -1.000000000000000000, -0.000000000000000000 ) ) ;
#3229 = DIRECTION ( 'NONE',  ( 0.000000000000000000, 0.000000000000000000, 1.000000000000000000 ) ) ;
#3230 = VERTEX_POINT ( 'NONE', #2688 ) ;
#3231 = ADVANCED_FACE ( 'NONE', ( #980 ), #1807, .T. ) ;
#3232 =( NAMED_UNIT ( * ) SI_UNIT ( $, .STERADIAN. ) SOLID_ANGLE_UNIT ( ) );
#3233 = LINE ( 'NONE', #825, #2258 ) ;
#3234 = SURFACE_STYLE_FILL_AREA ( #1596 ) ;
#3235 = STYLED_ITEM ( 'NONE', ( #2777 ), #1236 ) ;
#3236 =( LENGTH_UNIT ( ) NAMED_UNIT ( * ) SI_UNIT ( .MILLI., .METRE. ) );
#3237 = COLOUR_RGB ( '',0.7529411764705882248, 0.7529411764705882248, 0.7529411764705882248 ) ;
#3238 = ADVANCED_FACE ( 'NONE', ( #1884 ), #353, .T. ) ;
#3239 = ORIENTED_EDGE ( 'NONE', *, *, #1171, .T. ) ;
#3240 = MECHANICAL_DESIGN_GEOMETRIC_PRESENTATION_REPRESENTATION (  '', ( #2793 ), #1881 ) ;
#3241 = VERTEX_POINT ( 'NONE', #2975 ) ;
#3242 =( NAMED_UNIT ( * ) SI_UNIT ( $, .STERADIAN. ) SOLID_ANGLE_UNIT ( ) );
#3243 = FACE_OUTER_BOUND ( 'NONE', #654, .T. ) ;
#3244 = DIRECTION ( 'NONE',  ( -1.000000000000000000, 0.000000000000000000, 0.000000000000000000 ) ) ;
#3245 = CARTESIAN_POINT ( 'NONE',  ( -1.849999999999999867, 0.2299999999999999822, 0.000000000000000000 ) ) ;
#3246 = VERTEX_POINT ( 'NONE', #2498 ) ;
#3247 = COLOUR_RGB ( '',0.7529411764705882248, 0.7529411764705882248, 0.7529411764705882248 ) ;
#3248 = SHAPE_DEFINITION_REPRESENTATION ( #216, #872 ) ;
#3249 = PLANE ( 'NONE',  #1363 ) ;
#3250 = AXIS2_PLACEMENT_3D ( 'NONE', #2639, #1292, #3210 ) ;
#3251 = DIRECTION ( 'NONE',  ( 1.084202172485505223E-15, 0.000000000000000000, 1.000000000000000000 ) ) ;
#3252 = CARTESIAN_POINT ( 'NONE',  ( -1.386069125664689539, 0.1325434155921184354, 0.9000000000000000222 ) ) ;
#3253 = ORIENTED_EDGE ( 'NONE', *, *, #2049, .T. ) ;
#3254 = FACE_OUTER_BOUND ( 'NONE', #2453, .T. ) ;
#3255 = VERTEX_POINT ( 'NONE', #552 ) ;
#3256 = PRESENTATION_LAYER_ASSIGNMENT (  '', '', ( #2754 ) ) ;
#3257 = ORIENTED_EDGE ( 'NONE', *, *, #324, .F. ) ;
#3258 = DIRECTION ( 'NONE',  ( 1.000000000000000000, 0.000000000000000000, 0.000000000000000000 ) ) ;
#3259 = STYLED_ITEM ( 'NONE', ( #1393 ), #3028 ) ;
#3260 = CARTESIAN_POINT ( 'NONE',  ( -1.266726498220496877, 0.1199999999999999956, -0.7667264982204968771 ) ) ;
#3261 =( GEOMETRIC_REPRESENTATION_CONTEXT ( 3 ) GLOBAL_UNCERTAINTY_ASSIGNED_CONTEXT ( ( #649 ) ) GLOBAL_UNIT_ASSIGNED_CONTEXT ( ( #2469, #2441, #3242 ) ) REPRESENTATION_CONTEXT ( 'NONE', 'WORKASPACE' ) );
#3262 = SURFACE_STYLE_USAGE ( .BOTH. , #817 ) ;
#3263 = DIRECTION ( 'NONE',  ( 0.000000000000000000, 0.000000000000000000, 1.000000000000000000 ) ) ;
#3264 = PRODUCT_CONTEXT ( 'NONE', #2893, 'mechanical' ) ;
#3265 = EDGE_CURVE ( 'NONE', #2438, #1268, #881, .T. ) ;
#3266 = AXIS2_PLACEMENT_3D ( 'NONE', #593, #2492, #1079 ) ;
#3267 = SURFACE_STYLE_USAGE ( .BOTH. , #1592 ) ;
#3268 = SURFACE_STYLE_FILL_AREA ( #2743 ) ;
#3269 = CYLINDRICAL_SURFACE ( 'NONE', #1328, 0.1500000000000000777 ) ;
#3270 = CARTESIAN_POINT ( 'NONE',  ( 1.266726498220496655, 0.1199999999999999956, 0.7667264982204968771 ) ) ;
#3271 = FILL_AREA_STYLE_COLOUR ( '', #1745 ) ;
#3272 = MECHANICAL_DESIGN_GEOMETRIC_PRESENTATION_REPRESENTATION (  '', ( #1806 ), #1123 ) ;
#3273 = ADVANCED_FACE ( 'NONE', ( #2994 ), #3269, .F. ) ;
#3274 = DIRECTION ( 'NONE',  ( 1.000000000000000000, -0.000000000000000000, -0.000000000000000000 ) ) ;
#3275 = EDGE_CURVE ( 'NONE', #2612, #2965, #1656, .T. ) ;
#3276 = ORIENTED_EDGE ( 'NONE', *, *, #2646, .T. ) ;
#3277 = ORIENTED_EDGE ( 'NONE', *, *, #388, .F. ) ;
#3278 = UNCERTAINTY_MEASURE_WITH_UNIT (LENGTH_MEASURE( 1.000000000000000082E-05 ), #948, 'distance_accuracy_value', 'NONE');
#3279 = DIRECTION ( 'NONE',  ( -0.000000000000000000, -1.000000000000000000, -0.000000000000000000 ) ) ;
#3280 = FILL_AREA_STYLE_COLOUR ( '', #3051 ) ;
#3281 = CARTESIAN_POINT ( 'NONE',  ( 1.850000000000000089, 0.2299999999999999822, -0.4500000000000000111 ) ) ;
#3282 = AXIS2_PLACEMENT_3D ( 'NONE', #930, #2004, #2024 ) ;
#3283 = ORIENTED_EDGE ( 'NONE', *, *, #276, .F. ) ;
#3284 = EDGE_CURVE ( 'NONE', #239, #1013, #2218, .T. ) ;
#3285 = UNCERTAINTY_MEASURE_WITH_UNIT (LENGTH_MEASURE( 1.000000000000000082E-05 ), #2284, 'distance_accuracy_value', 'NONE');
#3286 = CARTESIAN_POINT ( 'NONE',  ( -1.200000000000000844, 0.000000000000000000, -0.4500000000000000111 ) ) ;
#3287 = SURFACE_STYLE_FILL_AREA ( #1672 ) ;
#3288 = CARTESIAN_POINT ( 'NONE',  ( -6.505213034913027837E-17, 0.2299999999999999822, 0.4499999999999997335 ) ) ;
#3289 = DIRECTION ( 'NONE',  ( 0.000000000000000000, 0.000000000000000000, 1.000000000000000000 ) ) ;
#3290 = PLANE ( 'NONE',  #3209 ) ;
#3291 = PLANE ( 'NONE',  #1428 ) ;
#3292 = ORIENTED_EDGE ( 'NONE', *, *, #528, .T. ) ;
#3293 = UNCERTAINTY_MEASURE_WITH_UNIT (LENGTH_MEASURE( 1.000000000000000082E-05 ), #723, 'distance_accuracy_value', 'NONE');
#3294 = AXIS2_PLACEMENT_3D ( 'NONE', #722, #1555, #2881 ) ;
#3295 = COLOUR_RGB ( '',0.7529411764705882248, 0.7529411764705882248, 0.7529411764705882248 ) ;
#3296 = VERTEX_POINT ( 'NONE', #2795 ) ;
#3297 = EDGE_CURVE ( 'NONE', #2468, #1547, #1764, .T. ) ;
#3298 = SURFACE_SIDE_STYLE ('',( #247 ) ) ;
#3299 =( NAMED_UNIT ( * ) PLANE_ANGLE_UNIT ( ) SI_UNIT ( $, .RADIAN. ) );
#3300 = EDGE_CURVE ( 'NONE', #28, #355, #215, .T. ) ;
#3301 = CARTESIAN_POINT ( 'NONE',  ( -1.266726498220496655, 0.1199999999999999956, 0.4500000000000000111 ) ) ;
#3302 = STYLED_ITEM ( 'NONE', ( #2899 ), #3372 ) ;
#3303 = DIRECTION ( 'NONE',  ( 0.000000000000000000, 0.000000000000000000, -1.000000000000000000 ) ) ;
#3304 = VECTOR ( 'NONE', #3172, 1000.000000000000000 ) ;
#3305 = DIRECTION ( 'NONE',  ( -0.000000000000000000, -1.000000000000000000, -0.000000000000000000 ) ) ;
#3306 = ORIENTED_EDGE ( 'NONE', *, *, #732, .F. ) ;
#3307 =( GEOMETRIC_REPRESENTATION_CONTEXT ( 3 ) GLOBAL_UNCERTAINTY_ASSIGNED_CONTEXT ( ( #312 ) ) GLOBAL_UNIT_ASSIGNED_CONTEXT ( ( #3146, #3112, #1727 ) ) REPRESENTATION_CONTEXT ( 'NONE', 'WORKASPACE' ) );
#3308 =( GEOMETRIC_REPRESENTATION_CONTEXT ( 3 ) GLOBAL_UNCERTAINTY_ASSIGNED_CONTEXT ( ( #2206 ) ) GLOBAL_UNIT_ASSIGNED_CONTEXT ( ( #3186, #2356, #4 ) ) REPRESENTATION_CONTEXT ( 'NONE', 'WORKASPACE' ) );
#3309 = SURFACE_STYLE_FILL_AREA ( #3070 ) ;
#3310 =( NAMED_UNIT ( * ) PLANE_ANGLE_UNIT ( ) SI_UNIT ( $, .RADIAN. ) );
#3311 = VECTOR ( 'NONE', #1085, 1000.000000000000000 ) ;
#3312 = ADVANCED_FACE ( 'NONE', ( #3078 ), #1434, .T. ) ;
#3313 = ORIENTED_EDGE ( 'NONE', *, *, #2440, .F. ) ;
#3314 = FACE_OUTER_BOUND ( 'NONE', #2205, .T. ) ;
#3315 = VECTOR ( 'NONE', #3080, 1000.000000000000000 ) ;
#3316 =( NAMED_UNIT ( * ) PLANE_ANGLE_UNIT ( ) SI_UNIT ( $, .RADIAN. ) );
#3317 = AXIS2_PLACEMENT_3D ( 'NONE', #1572, #471, #2427 ) ;
#3318 = LINE ( 'NONE', #2513, #137 ) ;
#3319 = PRESENTATION_STYLE_ASSIGNMENT (( #1671 ) ) ;
#3320 = SURFACE_STYLE_USAGE ( .BOTH. , #3096 ) ;
#3321 = PRESENTATION_LAYER_ASSIGNMENT (  '', '', ( #781 ) ) ;
#3322 = SURFACE_STYLE_USAGE ( .BOTH. , #2518 ) ;
#3323 = LINE ( 'NONE', #1940, #2309 ) ;
#3324 = ADVANCED_FACE ( 'NONE', ( #3337 ), #413, .T. ) ;
#3325 = COLOUR_RGB ( '',0.7529411764705882248, 0.7529411764705882248, 0.7529411764705882248 ) ;
#3326 = ORIENTED_EDGE ( 'NONE', *, *, #2251, .T. ) ;
#3327 = ORIENTED_EDGE ( 'NONE', *, *, #568, .F. ) ;
#3328 = FILL_AREA_STYLE ('',( #406 ) ) ;
#3329 = CARTESIAN_POINT ( 'NONE',  ( -1.699999999999999956, 0.2299999999999999822, -0.1000000000000000194 ) ) ;
#3330 = UNCERTAINTY_MEASURE_WITH_UNIT (LENGTH_MEASURE( 1.000000000000000082E-05 ), #1983, 'distance_accuracy_value', 'NONE');
#3331 = ORIENTED_EDGE ( 'NONE', *, *, #1253, .T. ) ;
#3332 = LINE ( 'NONE', #1466, #1477 ) ;
#3333 = CARTESIAN_POINT ( 'NONE',  ( 1.000000000000000000, 0.2299999999999999822, 0.000000000000000000 ) ) ;
#3334 =( GEOMETRIC_REPRESENTATION_CONTEXT ( 3 ) GLOBAL_UNCERTAINTY_ASSIGNED_CONTEXT ( ( #2657 ) ) GLOBAL_UNIT_ASSIGNED_CONTEXT ( ( #2534, #2554, #148 ) ) REPRESENTATION_CONTEXT ( 'NONE', 'WORKASPACE' ) );
#3335 = CYLINDRICAL_SURFACE ( 'NONE', #713, 0.09999999999999999167 ) ;
#3336 = EDGE_CURVE ( 'NONE', #1794, #2474, #165, .T. ) ;
#3337 = FACE_OUTER_BOUND ( 'NONE', #1975, .T. ) ;
#3338 = UNCERTAINTY_MEASURE_WITH_UNIT (LENGTH_MEASURE( 1.000000000000000082E-05 ), #743, 'distance_accuracy_value', 'NONE');
#3339 = DIRECTION ( 'NONE',  ( 0.000000000000000000, 0.000000000000000000, 1.000000000000000000 ) ) ;
#3340 = COLOUR_RGB ( '',0.2509803921568627416, 0.2509803921568627416, 0.2509803921568627416 ) ;
#3341 = SURFACE_STYLE_FILL_AREA ( #390 ) ;
#3342 = PRESENTATION_STYLE_ASSIGNMENT (( #371 ) ) ;
#3343 =( NAMED_UNIT ( * ) PLANE_ANGLE_UNIT ( ) SI_UNIT ( $, .RADIAN. ) );
#3344 = CARTESIAN_POINT ( 'NONE',  ( 0.3999999999999999667, 0.2299999999999999822, 0.5499999999999990452 ) ) ;
#3345 =( GEOMETRIC_REPRESENTATION_CONTEXT ( 3 ) GLOBAL_UNCERTAINTY_ASSIGNED_CONTEXT ( ( #835 ) ) GLOBAL_UNIT_ASSIGNED_CONTEXT ( ( #2726, #879, #2229 ) ) REPRESENTATION_CONTEXT ( 'NONE', 'WORKASPACE' ) );
#3346 = ORIENTED_EDGE ( 'NONE', *, *, #836, .F. ) ;
#3347 = DIRECTION ( 'NONE',  ( 0.000000000000000000, 0.000000000000000000, 1.000000000000000000 ) ) ;
#3348 = DIRECTION ( 'NONE',  ( 0.000000000000000000, 0.1045284632676535541, -0.9945218953682734009 ) ) ;
#3349 = EDGE_CURVE ( 'NONE', #2661, #1268, #2846, .T. ) ;
#3350 = STYLED_ITEM ( 'NONE', ( #1458 ), #1432 ) ;
#3351 = FILL_AREA_STYLE_COLOUR ( '', #2693 ) ;
#3352 = VECTOR ( 'NONE', #3374, 1000.000000000000000 ) ;
#3353 = SURFACE_SIDE_STYLE ('',( #1708 ) ) ;
#3354 = PRESENTATION_STYLE_ASSIGNMENT (( #2283 ) ) ;
#3355 = AXIS2_PLACEMENT_3D ( 'NONE', #1282, #3387, #2054 ) ;
#3356 = PLANE ( 'NONE',  #1887 ) ;
#3357 = PRESENTATION_LAYER_ASSIGNMENT (  '', '', ( #2178 ) ) ;
#3358 = SURFACE_STYLE_FILL_AREA ( #3328 ) ;
#3359 = PRESENTATION_STYLE_ASSIGNMENT (( #1169 ) ) ;
#3360 = COLOUR_RGB ( '',0.7529411764705882248, 0.7529411764705882248, 0.7529411764705882248 ) ;
#3361 = VERTEX_POINT ( 'NONE', #2517 ) ;
#3362 = CARTESIAN_POINT ( 'NONE',  ( 1.100000000000000089, 0.2299999999999999822, 0.3499999999999998668 ) ) ;
#3363 = COLOUR_RGB ( '',0.7529411764705882248, 0.7529411764705882248, 0.7529411764705882248 ) ;
#3364 = PRESENTATION_LAYER_ASSIGNMENT (  '', '', ( #555 ) ) ;
#3365 = CARTESIAN_POINT ( 'NONE',  ( -1.100000000000000089, 0.000000000000000000, -0.6500000000000001332 ) ) ;
#3366 = PRESENTATION_STYLE_ASSIGNMENT (( #3320 ) ) ;
#3367 = FILL_AREA_STYLE ('',( #3116 ) ) ;
#3368 = CARTESIAN_POINT ( 'NONE',  ( 1.100000000000000755, 0.2299999999999999822, 0.4499999999999999001 ) ) ;
#3369 = FILL_AREA_STYLE ('',( #2654 ) ) ;
#3370 = ADVANCED_FACE ( 'NONE', ( #1747 ), #632, .T. ) ;
#3371 = UNCERTAINTY_MEASURE_WITH_UNIT (LENGTH_MEASURE( 1.000000000000000082E-05 ), #1036, 'distance_accuracy_value', 'NONE');
#3372 = ADVANCED_FACE ( 'NONE', ( #1048 ), #214, .T. ) ;
#3373 = ORIENTED_EDGE ( 'NONE', *, *, #1491, .T. ) ;
#3374 = DIRECTION ( 'NONE',  ( 1.000000000000000000, 0.000000000000000000, 1.445602896647340396E-16 ) ) ;
#3375 = CARTESIAN_POINT ( 'NONE',  ( -1.266726498220496655, 0.1199999999999999956, -0.7667264982204968771 ) ) ;
#3376 = CARTESIAN_POINT ( 'NONE',  ( 0.3999999999999999667, 0.2299999999999999822, 0.5499999999999990452 ) ) ;
#3377 = SURFACE_SIDE_STYLE ('',( #2300 ) ) ;
#3378 = SURFACE_STYLE_FILL_AREA ( #2324 ) ;
#3379 = FACE_OUTER_BOUND ( 'NONE', #1853, .T. ) ;
#3380 = EDGE_CURVE ( 'NONE', #814, #1578, #1207, .T. ) ;
#3381 = ORIENTED_EDGE ( 'NONE', *, *, #356, .F. ) ;
#3382 = EDGE_LOOP ( 'NONE', ( #1981, #270, #1082, #2118 ) ) ;
#3383 = LINE ( 'NONE', #2146, #1175 ) ;
#3384 = DIRECTION ( 'NONE',  ( 0.000000000000000000, 0.000000000000000000, -1.000000000000000000 ) ) ;
#3385 = CARTESIAN_POINT ( 'NONE',  ( -6.505213034913027837E-17, 0.000000000000000000, 0.4499999999999997335 ) ) ;
#3386 = SURFACE_STYLE_FILL_AREA ( #197 ) ;
#3387 = DIRECTION ( 'NONE',  ( -0.000000000000000000, -1.000000000000000000, -0.000000000000000000 ) ) ;
#3388 =( GEOMETRIC_REPRESENTATION_CONTEXT ( 3 ) GLOBAL_UNCERTAINTY_ASSIGNED_CONTEXT ( ( #1170 ) ) GLOBAL_UNIT_ASSIGNED_CONTEXT ( ( #1992, #2027, #1183 ) ) REPRESENTATION_CONTEXT ( 'NONE', 'WORKASPACE' ) );
#3389 = MECHANICAL_DESIGN_GEOMETRIC_PRESENTATION_REPRESENTATION (  '', ( #2963 ), #2556 ) ;
#3390 = VECTOR ( 'NONE', #553, 1000.000000000000000 ) ;
#3391 =( NAMED_UNIT ( * ) SI_UNIT ( $, .STERADIAN. ) SOLID_ANGLE_UNIT ( ) );
#3392 = VERTEX_POINT ( 'NONE', #753 ) ;
#3393 =( LENGTH_UNIT ( ) NAMED_UNIT ( * ) SI_UNIT ( .MILLI., .METRE. ) );
#3394 = SURFACE_STYLE_USAGE ( .BOTH. , #443 ) ;
#3395 = EDGE_CURVE ( 'NONE', #243, #3057, #455, .T. ) ;
#3396 = CARTESIAN_POINT ( 'NONE',  ( -1.100000000000000089, 0.2299999999999999822, -0.6500000000000001332 ) ) ;
#3397 = CARTESIAN_POINT ( 'NONE',  ( 1.266726498220496655, 0.1199999999999999956, -0.7667264982204968771 ) ) ;
#3398 = ORIENTED_EDGE ( 'NONE', *, *, #863, .F. ) ;
#3399 = PRESENTATION_LAYER_ASSIGNMENT (  '', '', ( #2002 ) ) ;
#3400 = CARTESIAN_POINT ( 'NONE',  ( 1.100000000000000089, 0.2299999999999999822, 0.3499999999999998668 ) ) ;
#3401 =( NAMED_UNIT ( * ) PLANE_ANGLE_UNIT ( ) SI_UNIT ( $, .RADIAN. ) );
#3402 = EDGE_CURVE ( 'NONE', #2523, #2715, #978, .T. ) ;
#3403 = DIRECTION ( 'NONE',  ( 0.000000000000000000, 0.000000000000000000, 1.000000000000000000 ) ) ;
#3404 = DIRECTION ( 'NONE',  ( 0.000000000000000000, 0.000000000000000000, 1.000000000000000000 ) ) ;
#3405 = PRESENTATION_LAYER_ASSIGNMENT (  '', '', ( #1546 ) ) ;
#3406 = COLOUR_RGB ( '',0.2509803921568627416, 0.2509803921568627416, 0.2509803921568627416 ) ;
#3407 = DIRECTION ( 'NONE',  ( -0.1039620511844977224, -0.9891328443778539814, 0.1039620511844977224 ) ) ;
#3408 = MECHANICAL_DESIGN_GEOMETRIC_PRESENTATION_REPRESENTATION (  '', ( #994 ), #2819 ) ;
#3409 = PRESENTATION_STYLE_ASSIGNMENT (( #1029 ) ) ;
#3410 = PRESENTATION_LAYER_ASSIGNMENT (  '', '', ( #2814 ) ) ;
#3411 = VERTEX_POINT ( 'NONE', #1556 ) ;
#3412 = MECHANICAL_DESIGN_GEOMETRIC_PRESENTATION_REPRESENTATION (  '', ( #2642 ), #277 ) ;
#3413 =( NAMED_UNIT ( * ) SI_UNIT ( $, .STERADIAN. ) SOLID_ANGLE_UNIT ( ) );
#3414 = EDGE_CURVE ( 'NONE', #3241, #2551, #2936, .T. ) ;
#3415 = CARTESIAN_POINT ( 'NONE',  ( 1.381835273461063718, 0.1728258285027291508, -0.7624926460168710562 ) ) ;
#3416 = ORIENTED_EDGE ( 'NONE', *, *, #1197, .T. ) ;
#3417 = PLANE ( 'NONE',  #2354 ) ;
#3418 = SURFACE_SIDE_STYLE ('',( #3141 ) ) ;
#3419 = MECHANICAL_DESIGN_GEOMETRIC_PRESENTATION_REPRESENTATION (  '', ( #2373 ), #1451 ) ;
#3420 = ORIENTED_EDGE ( 'NONE', *, *, #3010, .F. ) ;
#3421 = DIRECTION ( 'NONE',  ( 0.000000000000000000, 0.000000000000000000, -1.000000000000000000 ) ) ;
#3422 = PRESENTATION_LAYER_ASSIGNMENT (  '', '', ( #1806 ) ) ;
#3423 = FILL_AREA_STYLE_COLOUR ( '', #1711 ) ;
#3424 = SURFACE_STYLE_USAGE ( .BOTH. , #1296 ) ;
#3425 = PRESENTATION_STYLE_ASSIGNMENT (( #1847 ) ) ;
#3426 = SURFACE_STYLE_USAGE ( .BOTH. , #1802 ) ;
#3427 = CYLINDRICAL_SURFACE ( 'NONE', #3020, 0.1199999999999999678 ) ;
#3428 = SURFACE_STYLE_FILL_AREA ( #1557 ) ;
#3429 = ORIENTED_EDGE ( 'NONE', *, *, #923, .T. ) ;
#3430 = CARTESIAN_POINT ( 'NONE',  ( 2.013518320330222978E-16, 0.2299999999999999822, -0.6499999999999999112 ) ) ;
#3431 = COLOUR_RGB ( '',0.2509803921568627416, 0.2509803921568627416, 0.2509803921568627416 ) ;
#3432 = EDGE_CURVE ( 'NONE', #1584, #3392, #1720, .T. ) ;
#3433 = ORIENTED_EDGE ( 'NONE', *, *, #3128, .F. ) ;
#3434 = CARTESIAN_POINT ( 'NONE',  ( 1.850000000000000089, 0.000000000000000000, 0.2500000000000000000 ) ) ;
#3435 = CARTESIAN_POINT ( 'NONE',  ( -1.100000000000000089, 0.2299999999999999822, -0.5500000000000007105 ) ) ;
#3436 = EDGE_CURVE ( 'NONE', #576, #904, #2463, .T. ) ;
#3437 = VERTEX_POINT ( 'NONE', #1140 ) ;
#3438 = ORIENTED_EDGE ( 'NONE', *, *, #201, .F. ) ;
#3439 = CARTESIAN_POINT ( 'NONE',  ( -1.266726498220496655, 0.000000000000000000, -0.4500000000000000111 ) ) ;
#3440 = FACE_OUTER_BOUND ( 'NONE', #2275, .T. ) ;
#3441 = FACE_OUTER_BOUND ( 'NONE', #2943, .T. ) ;
#3442 = DIRECTION ( 'NONE',  ( 0.000000000000000000, 1.000000000000000000, -0.000000000000000000 ) ) ;
#3443 = ADVANCED_FACE ( 'NONE', ( #302 ), #1103, .T. ) ;
#3444 =( NAMED_UNIT ( * ) SI_UNIT ( $, .STERADIAN. ) SOLID_ANGLE_UNIT ( ) );
#3445 =( GEOMETRIC_REPRESENTATION_CONTEXT ( 3 ) GLOBAL_UNCERTAINTY_ASSIGNED_CONTEXT ( ( #2175 ) ) GLOBAL_UNIT_ASSIGNED_CONTEXT ( ( #2516, #1921, #823 ) ) REPRESENTATION_CONTEXT ( 'NONE', 'WORKASPACE' ) );
#3446 = CARTESIAN_POINT ( 'NONE',  ( -1.197357702945150537, 0.7925434155921183832, -0.8167003303893430877 ) ) ;
#3447 = VERTEX_POINT ( 'NONE', #32 ) ;
#3448 = CARTESIAN_POINT ( 'NONE',  ( -1.266726498220496877, 0.1325434155921184076, -0.8860691256646896496 ) ) ;
#3449 = VECTOR ( 'NONE', #3074, 1000.000000000000227 ) ;
#3450 = LINE ( 'NONE', #3208, #2981 ) ;
#3451 = UNCERTAINTY_MEASURE_WITH_UNIT (LENGTH_MEASURE( 1.000000000000000082E-05 ), #1985, 'distance_accuracy_value', 'NONE');
#3452 = EDGE_LOOP ( 'NONE', ( #310, #2504, #798, #764, #2057, #3381 ) ) ;
#3453 = DIRECTION ( 'NONE',  ( 1.000000000000000000, 0.000000000000000000, 0.000000000000000000 ) ) ;
#3454 = ORIENTED_EDGE ( 'NONE', *, *, #1480, .F. ) ;
#3455 = ORIENTED_EDGE ( 'NONE', *, *, #3436, .F. ) ;
#3456 = AXIS2_PLACEMENT_3D ( 'NONE', #236, #3442, #248 ) ;
#3457 = DIRECTION ( 'NONE',  ( 0.000000000000000000, 9.035018104045870941E-16, 1.000000000000000000 ) ) ;
#3458 = PRESENTATION_STYLE_ASSIGNMENT (( #2403 ) ) ;
#3459 = SURFACE_STYLE_FILL_AREA ( #1377 ) ;
#3460 = SURFACE_SIDE_STYLE ('',( #211 ) ) ;
#3461 = VECTOR ( 'NONE', #136, 1000.000000000000000 ) ;
#3462 = PRESENTATION_LAYER_ASSIGNMENT (  '', '', ( #773 ) ) ;
#3463 = SURFACE_SIDE_STYLE ('',( #977 ) ) ;
ENDSEC;
END-ISO-10303-21;
