ISO-10303-21;
HEADER;
FILE_DESCRIPTION (( 'STEP AP214' ),
    '1' );
FILE_NAME ('VSMY2890RGX01.STEP',
    '2024-02-19T11:53:37',
    ( '' ),
    ( '' ),
    'SwSTEP 2.0',
    'SolidWorks 2023',
    '' );
FILE_SCHEMA (( 'AUTOMOTIVE_DESIGN' ));
ENDSEC;

DATA;
#1 = FACE_OUTER_BOUND ( 'NONE', #1718, .T. ) ;
#2 = LINE ( 'NONE', #735, #2214 ) ;
#3 = CARTESIAN_POINT ( 'NONE',  ( -1.149999999999999911, -0.2500000000000000000, 0.8671233367417989779 ) ) ;
#4 = UNCERTAINTY_MEASURE_WITH_UNIT (LENGTH_MEASURE( 1.000000000000000082E-05 ), #1959, 'distance_accuracy_value', 'NONE');
#5 = ORIENTED_EDGE ( 'NONE', *, *, #886, .F. ) ;
#6 = EDGE_CURVE ( 'NONE', #1522, #624, #315, .T. ) ;
#7 =( NAMED_UNIT ( * ) PLANE_ANGLE_UNIT ( ) SI_UNIT ( $, .RADIAN. ) );
#8 = FACE_OUTER_BOUND ( 'NONE', #2169, .T. ) ;
#9 = ORIENTED_EDGE ( 'NONE', *, *, #829, .T. ) ;
#10 = ORIENTED_EDGE ( 'NONE', *, *, #904, .T. ) ;
#11 = FACE_OUTER_BOUND ( 'NONE', #420, .T. ) ;
#12 = EDGE_LOOP ( 'NONE', ( #151, #2037, #628 ) ) ;
#13 = CARTESIAN_POINT ( 'NONE',  ( -1.075126806734630014, -1.100000000000002531, 1.185625627888570177 ) ) ;
#14 = VERTEX_POINT ( 'NONE', #110 ) ;
#15 =( LENGTH_UNIT ( ) NAMED_UNIT ( * ) SI_UNIT ( .MILLI., .METRE. ) );
#16 = CARTESIAN_POINT ( 'NONE',  ( -1.400793374233739952, -0.2500000000000000000, 0.5771233372268179673 ) ) ;
#17 = ORIENTED_EDGE ( 'NONE', *, *, #726, .T. ) ;
#18 = PRESENTATION_LAYER_ASSIGNMENT (  '', '', ( #2243 ) ) ;
#19 =( REPRESENTATION_RELATIONSHIP ('NONE','NONE', #927, #994 ) REPRESENTATION_RELATIONSHIP_WITH_TRANSFORMATION ( #1491 )SHAPE_REPRESENTATION_RELATIONSHIP( ) );
#20 = ORIENTED_EDGE ( 'NONE', *, *, #1896, .T. ) ;
#21 = DIRECTION ( 'NONE',  ( 1.000000000000000000, 0.000000000000000000, 0.000000000000000000 ) ) ;
#22 = CARTESIAN_POINT ( 'NONE',  ( -1.149999999999999911, -1.149999999999999911, 0.6771233367588119778 ) ) ;
#23 = ADVANCED_FACE ( 'NONE', ( #1581 ), #454, .F. ) ;
#24 = VECTOR ( 'NONE', #1001, 1000.000000000000000 ) ;
#25 = EDGE_LOOP ( 'NONE', ( #481, #382 ) ) ;
#26 = DIRECTION ( 'NONE',  ( -0.6101384476457789585, 0.000000000000000000, -0.7922948155228576317 ) ) ;
#27 = ORIENTED_EDGE ( 'NONE', *, *, #351, .F. ) ;
#28 = LINE ( 'NONE', #602, #1807 ) ;
#29 = AXIS2_PLACEMENT_3D ( 'NONE', #124, #480, #289 ) ;
#30 = ORIENTED_EDGE ( 'NONE', *, *, #2296, .T. ) ;
#31 = EDGE_LOOP ( 'NONE', ( #1528, #1824, #621, #1436 ) ) ;
#32 = ADVANCED_FACE ( 'NONE', ( #1561 ), #1897, .F. ) ;
#33 = VECTOR ( 'NONE', #381, 1000.000000000000000 ) ;
#34 = VECTOR ( 'NONE', #691, 1000.000000000000000 ) ;
#35 = SURFACE_SIDE_STYLE ('',( #987 ) ) ;
#36 = LINE ( 'NONE', #765, #1282 ) ;
#37 = VECTOR ( 'NONE', #1492, 1000.000000000000000 ) ;
#38 = VECTOR ( 'NONE', #2309, 1000.000000000000000 ) ;
#39 =( NAMED_UNIT ( * ) SI_UNIT ( $, .STERADIAN. ) SOLID_ANGLE_UNIT ( ) );
#40 = DIRECTION ( 'NONE',  ( 0.000000000000000000, 0.000000000000000000, -1.000000000000000000 ) ) ;
#41 = AXIS2_PLACEMENT_3D ( 'NONE', #1506, #2182, #1831 ) ;
#42 = SHAPE_DEFINITION_REPRESENTATION ( #2059, #1070 ) ;
#43 = SURFACE_STYLE_USAGE ( .BOTH. , #1111 ) ;
#44 = LINE ( 'NONE', #930, #1101 ) ;
#45 = LINE ( 'NONE', #1840, #411 ) ;
#46 = ORIENTED_EDGE ( 'NONE', *, *, #475, .F. ) ;
#47 = EDGE_CURVE ( 'NONE', #1170, #1027, #304, .T. ) ;
#48 = DIRECTION ( 'NONE',  ( -0.000000000000000000, -1.000000000000000000, 0.000000000000000000 ) ) ;
#49 = FILL_AREA_STYLE ('',( #1333 ) ) ;
#50 = ORIENTED_EDGE ( 'NONE', *, *, #1584, .F. ) ;
#51 = DIRECTION ( 'NONE',  ( 0.000000000000000000, 0.000000000000000000, -1.000000000000000000 ) ) ;
#52 = APPLICATION_PROTOCOL_DEFINITION ( 'draft international standard', 'automotive_design', 1998, #1932 ) ;
#53 = SPHERICAL_SURFACE ( 'NONE', #1477, 0.9005172413793103292 ) ;
#54 = VERTEX_POINT ( 'NONE', #1750 ) ;
#55 = CARTESIAN_POINT ( 'NONE',  ( -2.069859278968719796, 0.000000000000000000, 0.000000000000000000 ) ) ;
#56 = ORIENTED_EDGE ( 'NONE', *, *, #1642, .F. ) ;
#57 = FILL_AREA_STYLE_COLOUR ( '', #1968 ) ;
#58 = CARTESIAN_POINT ( 'NONE',  ( -1.149999999999999911, -1.149999999999999911, 0.000000000000000000 ) ) ;
#59 = EDGE_CURVE ( 'NONE', #845, #1782, #130, .T. ) ;
#60 = CARTESIAN_POINT ( 'NONE',  ( -1.100000000000000089, -1.100000000000000089, 1.600000000000000089 ) ) ;
#61 = VERTEX_POINT ( 'NONE', #1400 ) ;
#62 = EDGE_CURVE ( 'NONE', #2095, #1530, #1013, .T. ) ;
#63 = FILL_AREA_STYLE ('',( #2097 ) ) ;
#64 = VECTOR ( 'NONE', #882, 1000.000000000000114 ) ;
#65 = LINE ( 'NONE', #1494, #1519 ) ;
#66 = ORIENTED_EDGE ( 'NONE', *, *, #508, .F. ) ;
#67 = DIRECTION ( 'NONE',  ( 0.1315418505534181048, 0.1728283607270230671, 0.9761286284508779998 ) ) ;
#68 = ORIENTED_EDGE ( 'NONE', *, *, #1878, .T. ) ;
#69 = PRESENTATION_LAYER_ASSIGNMENT (  '', '', ( #2280 ) ) ;
#70 = EDGE_LOOP ( 'NONE', ( #1814, #1754, #1375, #1195 ) ) ;
#71 =( GEOMETRIC_REPRESENTATION_CONTEXT ( 3 ) GLOBAL_UNCERTAINTY_ASSIGNED_CONTEXT ( ( #2320 ) ) GLOBAL_UNIT_ASSIGNED_CONTEXT ( ( #435, #1879, #749 ) ) REPRESENTATION_CONTEXT ( 'NONE', 'WORKASPACE' ) );
#72 = LINE ( 'NONE', #956, #716 ) ;
#73 = ORIENTED_EDGE ( 'NONE', *, *, #1682, .T. ) ;
#74 = AXIS2_PLACEMENT_3D ( 'NONE', #1757, #1953, #1460 ) ;
#75 = ORIENTED_EDGE ( 'NONE', *, *, #689, .F. ) ;
#77 = LINE ( 'NONE', #1860, #2068 ) ;
#76 = VECTOR ( 'NONE', #761, 1000.000000000000000 ) ;
#78 = ORIENTED_EDGE ( 'NONE', *, *, #1378, .F. ) ;
#79 = EDGE_CURVE ( 'NONE', #1341, #1536, #2262, .T. ) ;
#80 = CARTESIAN_POINT ( 'NONE',  ( -1.450000000876130013, 0.000000000000000000, 0.6771233373186430482 ) ) ;
#81 = CARTESIAN_POINT ( 'NONE',  ( 1.400793374233739952, -0.2000000000000000111, 0.5771233372268179673 ) ) ;
#82 = ORIENTED_EDGE ( 'NONE', *, *, #1541, .F. ) ;
#83 = PRODUCT_DEFINITION_SHAPE ( 'NONE', 'NONE',  #670 ) ;
#84 = ORIENTED_EDGE ( 'NONE', *, *, #2154, .F. ) ;
#85 = CARTESIAN_POINT ( 'NONE',  ( -1.100000000000000089, 1.100000000000000089, 1.600000000000000089 ) ) ;
#86 = ADVANCED_FACE ( 'NONE', ( #1002 ), #2239, .T. ) ;
#87 = DIRECTION ( 'NONE',  ( 0.000000000000000000, -1.000000000000000000, 0.000000000000000000 ) ) ;
#88 =( LENGTH_UNIT ( ) NAMED_UNIT ( * ) SI_UNIT ( .MILLI., .METRE. ) );
#89 = ORIENTED_EDGE ( 'NONE', *, *, #2117, .T. ) ;
#90 = CARTESIAN_POINT ( 'NONE',  ( 1.100000000000000089, 1.100000000000000089, 1.079817812064830074 ) ) ;
#91 = DIRECTION ( 'NONE',  ( 0.000000000000000000, 1.000000000000000000, -0.000000000000000000 ) ) ;
#92 = ORIENTED_EDGE ( 'NONE', *, *, #1653, .T. ) ;
#93 = CARTESIAN_POINT ( 'NONE',  ( -2.064938616276779992, 0.000000000000000000, 0.1899999999284049945 ) ) ;
#94 = CARTESIAN_POINT ( 'NONE',  ( -0.1750000000000000167, -1.149999999999999911, 0.6771233367588119778 ) ) ;
#95 = DIRECTION ( 'NONE',  ( 0.1335515398590960134, 0.000000000000000000, 0.9910418690455333746 ) ) ;
#96 = FILL_AREA_STYLE_COLOUR ( '', #754 ) ;
#97 = ORIENTED_EDGE ( 'NONE', *, *, #738, .F. ) ;
#98 = VECTOR ( 'NONE', #387, 1000.000000000000000 ) ;
#99 = SURFACE_STYLE_USAGE ( .BOTH. , #1908 ) ;
#100 = EDGE_CURVE ( 'NONE', #2195, #1170, #635, .T. ) ;
#101 = LINE ( 'NONE', #988, #445 ) ;
#102 = VECTOR ( 'NONE', #1110, 1000.000000000000000 ) ;
#103 = ORIENTED_EDGE ( 'NONE', *, *, #1223, .F. ) ;
#104 = COLOUR_RGB ( '',0.8313725490196077761, 0.8313725490196077761, 0.8313725490196077761 ) ;
#105 = CIRCLE ( 'NONE', #1429, 0.1000000000000000472 ) ;
#106 = DIRECTION ( 'NONE',  ( 0.000000000000000000, 0.000000000000000000, -1.000000000000000000 ) ) ;
#107 = CYLINDRICAL_SURFACE ( 'NONE', #1052, 0.2000000000000000389 ) ;
#108 =( GEOMETRIC_REPRESENTATION_CONTEXT ( 3 ) GLOBAL_UNCERTAINTY_ASSIGNED_CONTEXT ( ( #2139 ) ) GLOBAL_UNIT_ASSIGNED_CONTEXT ( ( #811, #1575, #2055 ) ) REPRESENTATION_CONTEXT ( 'NONE', 'WORKASPACE' ) );
#109 = VECTOR ( 'NONE', #1104, 1000.000000000000000 ) ;
#110 = CARTESIAN_POINT ( 'NONE',  ( -1.149999999999999911, 1.150000000000000577, 0.6771233367588118668 ) ) ;
#111 = UNCERTAINTY_MEASURE_WITH_UNIT (LENGTH_MEASURE( 1.000000000000000082E-05 ), #896, 'distance_accuracy_value', 'NONE');
#112 = COLOUR_RGB ( '',0.8313725490196077761, 0.8313725490196077761, 0.8313725490196077761 ) ;
#113 = FACE_OUTER_BOUND ( 'NONE', #423, .T. ) ;
#114 = VERTEX_POINT ( 'NONE', #178 ) ;
#115 = FILL_AREA_STYLE_COLOUR ( '', #803 ) ;
#116 = ORIENTED_EDGE ( 'NONE', *, *, #1894, .F. ) ;
#117 = EDGE_CURVE ( 'NONE', #1829, #573, #2138, .T. ) ;
#118 = DIRECTION ( 'NONE',  ( 1.000000000000000000, 0.000000000000000000, 0.000000000000000000 ) ) ;
#119 = DIRECTION ( 'NONE',  ( -1.000000000000000000, 0.000000000000000000, 0.000000000000000000 ) ) ;
#120 = SURFACE_SIDE_STYLE ('',( #1745 ) ) ;
#121 = ORIENTED_EDGE ( 'NONE', *, *, #1981, .T. ) ;
#122 = AXIS2_PLACEMENT_3D ( 'NONE', #1619, #242, #21 ) ;
#123 = DIRECTION ( 'NONE',  ( -0.000000000000000000, -1.000000000000000000, -0.000000000000000000 ) ) ;
#124 = CARTESIAN_POINT ( 'NONE',  ( 1.445079338236419986, 0.2000000000000000111, 0.6671233372108921200 ) ) ;
#125 = ORIENTED_EDGE ( 'NONE', *, *, #928, .F. ) ;
#126 = CARTESIAN_POINT ( 'NONE',  ( 0.9777161026055980475, 1.034949546105388807, 1.599999999999999867 ) ) ;
#127 = PRESENTATION_STYLE_ASSIGNMENT (( #462 ) ) ;
#128 = LINE ( 'NONE', #85, #1762 ) ;
#129 = EDGE_CURVE ( 'NONE', #733, #1838, #1411, .T. ) ;
#130 = LINE ( 'NONE', #275, #179 ) ;
#131 = UNCERTAINTY_MEASURE_WITH_UNIT (LENGTH_MEASURE( 1.000000000000000082E-05 ), #2310, 'distance_accuracy_value', 'NONE');
#132 = DIRECTION ( 'NONE',  ( -0.6101384476660297596, -0.000000000000000000, 0.7922948155072626619 ) ) ;
#133 = DIRECTION ( 'NONE',  ( 0.000000000000000000, 1.000000000000000000, -0.000000000000000000 ) ) ;
#134 = PLANE ( 'NONE',  #1360 ) ;
#135 = ORIENTED_EDGE ( 'NONE', *, *, #2090, .T. ) ;
#136 = ORIENTED_EDGE ( 'NONE', *, *, #916, .T. ) ;
#137 = VECTOR ( 'NONE', #1893, 1000.000000000000000 ) ;
#138 = SURFACE_STYLE_USAGE ( .BOTH. , #165 ) ;
#139 = CARTESIAN_POINT ( 'NONE',  ( -1.100000000000000089, -1.100000000000000089, 0.8671233367417989779 ) ) ;
#140 = VECTOR ( 'NONE', #1510, 1000.000000000000000 ) ;
#141 = ADVANCED_FACE ( 'NONE', ( #1608 ), #2155, .F. ) ;
#142 = MECHANICAL_DESIGN_GEOMETRIC_PRESENTATION_REPRESENTATION (  '', ( #1171 ), #1912 ) ;
#144 = ORIENTED_EDGE ( 'NONE', *, *, #1165, .F. ) ;
#143 = AXIS2_PLACEMENT_3D ( 'NONE', #446, #2266, #460 ) ;
#145 = EDGE_CURVE ( 'NONE', #14, #1486, #337, .T. ) ;
#146 = DIRECTION ( 'NONE',  ( 0.000000000000000000, -0.000000000000000000, 1.000000000000000000 ) ) ;
#147 = AXIS2_PLACEMENT_3D ( 'NONE', #2300, #331, #1068 ) ;
#148 = STYLED_ITEM ( 'NONE', ( #982 ), #2240 ) ;
#149 = FACE_OUTER_BOUND ( 'NONE', #1861, .T. ) ;
#150 = ORIENTED_EDGE ( 'NONE', *, *, #977, .T. ) ;
#151 = ORIENTED_EDGE ( 'NONE', *, *, #1883, .F. ) ;
#152 = PLANE ( 'NONE',  #2206 ) ;
#153 = DIRECTION ( 'NONE',  ( 0.000000000000000000, -1.000000000000000000, -0.000000000000000000 ) ) ;
#154 = ORIENTED_EDGE ( 'NONE', *, *, #419, .T. ) ;
#155 = DIRECTION ( 'NONE',  ( 0.000000000000000000, 0.000000000000000000, -1.000000000000000000 ) ) ;
#156 = SURFACE_STYLE_FILL_AREA ( #1262 ) ;
#157 = UNCERTAINTY_MEASURE_WITH_UNIT (LENGTH_MEASURE( 1.000000000000000082E-05 ), #1447, 'distance_accuracy_value', 'NONE');
#158 =( GEOMETRIC_REPRESENTATION_CONTEXT ( 3 ) GLOBAL_UNCERTAINTY_ASSIGNED_CONTEXT ( ( #2113 ) ) GLOBAL_UNIT_ASSIGNED_CONTEXT ( ( #2015, #7, #2188 ) ) REPRESENTATION_CONTEXT ( 'NONE', 'WORKASPACE' ) );
#159 =( NAMED_UNIT ( * ) PLANE_ANGLE_UNIT ( ) SI_UNIT ( $, .RADIAN. ) );
#160 = SURFACE_STYLE_USAGE ( .BOTH. , #2143 ) ;
#161 = ADVANCED_FACE ( 'NONE', ( #558 ), #167, .T. ) ;
#162 = DIRECTION ( 'NONE',  ( -0.7496050883344091975, -0.6618853462218081685, -0.000000000000000000 ) ) ;
#163 = EDGE_LOOP ( 'NONE', ( #317, #97, #590, #1366 ) ) ;
#164 = SURFACE_STYLE_USAGE ( .BOTH. , #1779 ) ;
#165 = SURFACE_SIDE_STYLE ('',( #2133 ) ) ;
#166 = CARTESIAN_POINT ( 'NONE',  ( -1.100000000000000089, -1.100000000000000089, 1.600000000000000089 ) ) ;
#167 = PLANE ( 'NONE',  #2322 ) ;
#168 = CARTESIAN_POINT ( 'NONE',  ( 1.149999999999999911, 1.149999999999999911, 0.8671233367417989779 ) ) ;
#169 = CARTESIAN_POINT ( 'NONE',  ( 1.060836054773560244, -0.2000000000000000111, 0.8671233366000531406 ) ) ;
#170 = CARTESIAN_POINT ( 'NONE',  ( 0.1750000000000000167, 1.030111992527300124, -4.743384504624081899E-17 ) ) ;
#171 = DIRECTION ( 'NONE',  ( -0.2288408853237000884, 0.000000000000000000, -0.9734638407276693384 ) ) ;
#172 = ORIENTED_EDGE ( 'NONE', *, *, #1857, .F. ) ;
#174 = EDGE_CURVE ( 'NONE', #1473, #2045, #523, .T. ) ;
#173 = SURFACE_STYLE_FILL_AREA ( #372 ) ;
#175 = DIRECTION ( 'NONE',  ( 8.673617379884030739E-15, 0.000000000000000000, 1.000000000000000000 ) ) ;
#176 = SURFACE_SIDE_STYLE ('',( #1791 ) ) ;
#177 = PRESENTATION_LAYER_ASSIGNMENT (  '', '', ( #1387 ) ) ;
#178 = CARTESIAN_POINT ( 'NONE',  ( -0.1750000000000000167, -1.149999999999999911, 0.000000000000000000 ) ) ;
#179 = VECTOR ( 'NONE', #856, 1000.000000000000000 ) ;
#180 = UNCERTAINTY_MEASURE_WITH_UNIT (LENGTH_MEASURE( 1.000000000000000082E-05 ), #1721, 'distance_accuracy_value', 'NONE');
#181 = DIRECTION ( 'NONE',  ( -0.1326325380490566697, -0.1171117095295309551, 0.9842222601332162313 ) ) ;
#182 = PRESENTATION_STYLE_ASSIGNMENT (( #43 ) ) ;
#183 = AXIS2_PLACEMENT_3D ( 'NONE', #2022, #935, #1649 ) ;
#184 = CARTESIAN_POINT ( 'NONE',  ( 0.1750000000000000167, 1.149999999999999911, 0.000000000000000000 ) ) ;
#185 = VECTOR ( 'NONE', #578, 1000.000000000000000 ) ;
#186 = SURFACE_STYLE_USAGE ( .BOTH. , #1753 ) ;
#187 = ORIENTED_EDGE ( 'NONE', *, *, #2287, .T. ) ;
#188 = CARTESIAN_POINT ( 'NONE',  ( -1.075126806734629570, -1.100000000000000755, 1.185625627888569511 ) ) ;
#189 = LINE ( 'NONE', #890, #1589 ) ;
#190 = EDGE_CURVE ( 'NONE', #976, #1994, #77, .T. ) ;
#191 = PRESENTATION_LAYER_ASSIGNMENT (  '', '', ( #650 ) ) ;
#192 = APPLICATION_PROTOCOL_DEFINITION ( 'draft international standard', 'automotive_design', 1998, #2121 ) ;
#193 = DIRECTION ( 'NONE',  ( -1.000000000000000000, 0.000000000000000000, 0.000000000000000000 ) ) ;
#194 = DIRECTION ( 'NONE',  ( -0.000000000000000000, -0.000000000000000000, -1.000000000000000000 ) ) ;
#195 = ORIENTED_EDGE ( 'NONE', *, *, #2282, .F. ) ;
#196 = CARTESIAN_POINT ( 'NONE',  ( -2.069859278968719796, 0.2500000000000000000, 0.000000000000000000 ) ) ;
#197 = DIRECTION ( 'NONE',  ( -0.000000000000000000, 1.000000000000000000, -0.000000000000000000 ) ) ;
#198 = ORIENTED_EDGE ( 'NONE', *, *, #2282, .T. ) ;
#199 = ADVANCED_FACE ( 'NONE', ( #1296 ), #768, .T. ) ;
#200 = FILL_AREA_STYLE_COLOUR ( '', #2212 ) ;
#201 = UNCERTAINTY_MEASURE_WITH_UNIT (LENGTH_MEASURE( 1.000000000000000082E-05 ), #278, 'distance_accuracy_value', 'NONE');
#202 = EDGE_CURVE ( 'NONE', #2236, #1417, #2197, .T. ) ;
#203 = CARTESIAN_POINT ( 'NONE',  ( 2.899999999999999911, 0.000000000000000000, 0.1900000000000000022 ) ) ;
#204 = DIRECTION ( 'NONE',  ( 0.6101384476660348666, 0.000000000000000000, 0.7922948155072587761 ) ) ;
#205 = LINE ( 'NONE', #55, #185 ) ;
#206 = VERTEX_POINT ( 'NONE', #230 ) ;
#207 = CARTESIAN_POINT ( 'NONE',  ( -0.1750000000000000167, -1.149999999999999911, 0.000000000000000000 ) ) ;
#208 = CARTESIAN_POINT ( 'NONE',  ( 0.9777161026055982695, 1.034949546105389917, 1.600000000000000311 ) ) ;
#209 = ORIENTED_EDGE ( 'NONE', *, *, #117, .F. ) ;
#210 = SURFACE_STYLE_USAGE ( .BOTH. , #1833 ) ;
#211 =( LENGTH_UNIT ( ) NAMED_UNIT ( * ) SI_UNIT ( .MILLI., .METRE. ) );
#212 = DIRECTION ( 'NONE',  ( 0.000000000000000000, 1.000000000000000000, 0.000000000000000000 ) ) ;
#213 = PRESENTATION_LAYER_ASSIGNMENT (  '', '', ( #1508 ) ) ;
#214 = PRODUCT_RELATED_PRODUCT_CATEGORY ( 'part', '', ( #1724 ) ) ;
#215 = EDGE_CURVE ( 'NONE', #1547, #1462, #427, .T. ) ;
#216 = COLOUR_RGB ( '',0.8313725490196077761, 0.8313725490196077761, 0.8313725490196077761 ) ;
#217 = VECTOR ( 'NONE', #264, 1000.000000000000114 ) ;
#218 = VECTOR ( 'NONE', #2325, 1000.000000000000000 ) ;
#219 = CARTESIAN_POINT ( 'NONE',  ( -1.911400315867269217, -0.2500000000000000000, 0.07797231046679349575 ) ) ;
#220 = DIRECTION ( 'NONE',  ( -1.000000000000000000, -0.000000000000000000, 0.000000000000000000 ) ) ;
#221 = MECHANICAL_DESIGN_GEOMETRIC_PRESENTATION_REPRESENTATION (  '', ( #1664 ), #108 ) ;
#222 = ORIENTED_EDGE ( 'NONE', *, *, #47, .T. ) ;
#223 = AXIS2_PLACEMENT_3D ( 'NONE', #1646, #2167, #1637 ) ;
#224 = CARTESIAN_POINT ( 'NONE',  ( -1.603538301340995842, -0.2500000000000000000, 0.7891510267400480005 ) ) ;
#225 = LINE ( 'NONE', #237, #1098 ) ;
#226 = AXIS2_PLACEMENT_3D ( 'NONE', #169, #1586, #1424 ) ;
#227 = PRESENTATION_LAYER_ASSIGNMENT (  '', '', ( #148 ) ) ;
#228 = SURFACE_STYLE_USAGE ( .BOTH. , #2057 ) ;
#229 = VERTEX_POINT ( 'NONE', #2013 ) ;
#230 = CARTESIAN_POINT ( 'NONE',  ( 1.100000000000000089, -1.100000000000000089, 0.8671233367417989779 ) ) ;
#231 = CARTESIAN_POINT ( 'NONE',  ( -2.069859278968719796, 0.000000000000000000, 0.2000000000000000111 ) ) ;
#232 = CARTESIAN_POINT ( 'NONE',  ( -2.899999999999999911, -0.2500000000000000000, 0.000000000000000000 ) ) ;
#233 = EDGE_CURVE ( 'NONE', #1687, #609, #1652, .T. ) ;
#234 = CARTESIAN_POINT ( 'NONE',  ( 2.899999999999999911, 0.000000000000000000, 0.1900000000000000022 ) ) ;
#235 = EDGE_LOOP ( 'NONE', ( #808, #125, #17, #1149 ) ) ;
#236 =( NAMED_UNIT ( * ) PLANE_ANGLE_UNIT ( ) SI_UNIT ( $, .RADIAN. ) );
#237 = CARTESIAN_POINT ( 'NONE',  ( 1.149999999999999911, 0.000000000000000000, 0.6771233367588114227 ) ) ;
#238 = FACE_OUTER_BOUND ( 'NONE', #70, .T. ) ;
#239 = ORIENTED_EDGE ( 'NONE', *, *, #386, .F. ) ;
#240 = DIRECTION ( 'NONE',  ( 1.000000000000000000, 0.000000000000000000, 0.000000000000000000 ) ) ;
#241 = EDGE_LOOP ( 'NONE', ( #1232, #888, #1534, #820 ) ) ;
#242 = DIRECTION ( 'NONE',  ( 0.000000000000000000, 0.000000000000000000, 1.000000000000000000 ) ) ;
#243 = DIRECTION ( 'NONE',  ( -1.000000000000000000, -0.000000000000000000, 0.000000000000000000 ) ) ;
#244 = FACE_OUTER_BOUND ( 'NONE', #519, .T. ) ;
#245 = DIRECTION ( 'NONE',  ( -0.000000000000000000, 1.000000000000000000, 0.000000000000000000 ) ) ;
#246 = VERTEX_POINT ( 'NONE', #1698 ) ;
#247 = SURFACE_STYLE_FILL_AREA ( #774 ) ;
#248 = PRESENTATION_STYLE_ASSIGNMENT (( #425 ) ) ;
#249 = ADVANCED_FACE ( 'NONE', ( #1120 ), #586, .T. ) ;
#250 = CARTESIAN_POINT ( 'NONE',  ( -2.114145242988219930, 0.2500000000000000000, 0.2899999999326230427 ) ) ;
#251 = CARTESIAN_POINT ( 'NONE',  ( 1.480022855784460800, 0.000000000000000000, 0.6381371819934217315 ) ) ;
#252 = EDGE_LOOP ( 'NONE', ( #763, #616, #2061 ) ) ;
#253 = COLOUR_RGB ( '',0.8313725490196077761, 0.8313725490196077761, 0.8313725490196077761 ) ;
#254 = FACE_OUTER_BOUND ( 'NONE', #2088, .T. ) ;
#255 = ORIENTED_EDGE ( 'NONE', *, *, #946, .T. ) ;
#256 = AXIS2_PLACEMENT_3D ( 'NONE', #2079, #871, #95 ) ;
#257 =( LENGTH_UNIT ( ) NAMED_UNIT ( * ) SI_UNIT ( .MILLI., .METRE. ) );
#258 = PRESENTATION_LAYER_ASSIGNMENT (  '', '', ( #981 ) ) ;
#259 = LINE ( 'NONE', #617, #1053 ) ;
#260 = ORIENTED_EDGE ( 'NONE', *, *, #729, .F. ) ;
#261 = COLOUR_RGB ( '',0.8313725490196077761, 0.8313725490196077761, 0.8313725490196077761 ) ;
#262 =( NAMED_UNIT ( * ) PLANE_ANGLE_UNIT ( ) SI_UNIT ( $, .RADIAN. ) );
#264 = DIRECTION ( 'NONE',  ( -0.000000000000000000, 0.1743432962099190353, -0.9846849318775322546 ) ) ;
#263 = VECTOR ( 'NONE', #2004, 1000.000000000000000 ) ;
#265 = EDGE_CURVE ( 'NONE', #229, #1486, #784, .T. ) ;
#266 = VERTEX_POINT ( 'NONE', #1160 ) ;
#267 = AXIS2_PLACEMENT_3D ( 'NONE', #569, #1683, #431 ) ;
#268 = FACE_OUTER_BOUND ( 'NONE', #2317, .T. ) ;
#269 = CARTESIAN_POINT ( 'NONE',  ( -2.114145242988219930, 0.000000000000000000, 0.2899999999326230427 ) ) ;
#270 = ORIENTED_EDGE ( 'NONE', *, *, #1453, .T. ) ;
#271 = LINE ( 'NONE', #999, #1732 ) ;
#272 = ORIENTED_EDGE ( 'NONE', *, *, #1343, .T. ) ;
#273 =( LENGTH_UNIT ( ) NAMED_UNIT ( * ) SI_UNIT ( .MILLI., .METRE. ) );
#274 = CARTESIAN_POINT ( 'NONE',  ( 1.100000000000000755, -1.100000000000000311, 1.079817812064830074 ) ) ;
#275 = CARTESIAN_POINT ( 'NONE',  ( -1.603538301340994510, 0.000000000000000000, 0.7891510267400438927 ) ) ;
#276 = ADVANCED_FACE ( 'NONE', ( #2229 ), #2216, .T. ) ;
#277 = DIRECTION ( 'NONE',  ( 0.000000000000000000, -0.000000000000000000, 1.000000000000000000 ) ) ;
#278 =( LENGTH_UNIT ( ) NAMED_UNIT ( * ) SI_UNIT ( .MILLI., .METRE. ) );
#279 = LINE ( 'NONE', #1558, #1764 ) ;
#280 = ORIENTED_EDGE ( 'NONE', *, *, #644, .T. ) ;
#281 = DIRECTION ( 'NONE',  ( 0.6101384476457817341, 0.000000000000000000, 0.7922948155228555223 ) ) ;
#282 = DIRECTION ( 'NONE',  ( 0.000000000000000000, 1.000000000000000000, 0.000000000000000000 ) ) ;
#283 = SURFACE_SIDE_STYLE ('',( #1191 ) ) ;
#284 = CARTESIAN_POINT ( 'NONE',  ( 2.064938616276779992, 0.000000000000000000, 0.1899999999284049945 ) ) ;
#285 = SURFACE_STYLE_USAGE ( .BOTH. , #1872 ) ;
#286 = LINE ( 'NONE', #653, #1435 ) ;
#287 = ADVANCED_FACE ( 'NONE', ( #2238 ), #1719, .T. ) ;
#288 = VECTOR ( 'NONE', #734, 1000.000000000000000 ) ;
#289 = DIRECTION ( 'NONE',  ( -5.421010862427522959E-15, 0.000000000000000000, 1.000000000000000000 ) ) ;
#290 = AXIS2_PLACEMENT_3D ( 'NONE', #284, #1906, #2099 ) ;
#291 = ORIENTED_EDGE ( 'NONE', *, *, #593, .F. ) ;
#292 = CARTESIAN_POINT ( 'NONE',  ( -1.960435512477249898, -0.2500000000000000000, 0.3648984879870940667 ) ) ;
#293 = FILL_AREA_STYLE_COLOUR ( '', #112 ) ;
#294 = CIRCLE ( 'NONE', #183, 0.9000000000000000222 ) ;
#295 = AXIS2_PLACEMENT_3D ( 'NONE', #81, #2256, #1722 ) ;
#296 = SURFACE_STYLE_FILL_AREA ( #1744 ) ;
#297 = VECTOR ( 'NONE', #1596, 1000.000000000000000 ) ;
#298 = CARTESIAN_POINT ( 'NONE',  ( -2.034915761435939441, 0.2500000000000000000, 0.2289861551680469343 ) ) ;
#299 = EDGE_CURVE ( 'NONE', #1838, #1290, #485, .T. ) ;
#300 = SURFACE_STYLE_FILL_AREA ( #1026 ) ;
#301 = VERTEX_POINT ( 'NONE', #1213 ) ;
#302 = FACE_OUTER_BOUND ( 'NONE', #643, .T. ) ;
#303 = LINE ( 'NONE', #1030, #2178 ) ;
#304 = LINE ( 'NONE', #685, #1659 ) ;
#305 =( NAMED_UNIT ( * ) SI_UNIT ( $, .STERADIAN. ) SOLID_ANGLE_UNIT ( ) );
#306 = LINE ( 'NONE', #1947, #2253 ) ;
#307 =( LENGTH_UNIT ( ) NAMED_UNIT ( * ) SI_UNIT ( .MILLI., .METRE. ) );
#308 = PRESENTATION_STYLE_ASSIGNMENT (( #1590 ) ) ;
#309 = ORIENTED_EDGE ( 'NONE', *, *, #2123, .T. ) ;
#310 = ORIENTED_EDGE ( 'NONE', *, *, #1883, .T. ) ;
#311 = FILL_AREA_STYLE_COLOUR ( '', #709 ) ;
#312 = CARTESIAN_POINT ( 'NONE',  ( -1.058751721674719981, -1.030111992527298348, 2.168404344971008868E-16 ) ) ;
#313 = PRESENTATION_STYLE_ASSIGNMENT (( #853 ) ) ;
#314 = EDGE_CURVE ( 'NONE', #531, #1147, #2279, .T. ) ;
#315 = LINE ( 'NONE', #633, #824 ) ;
#316 =( NAMED_UNIT ( * ) SI_UNIT ( $, .STERADIAN. ) SOLID_ANGLE_UNIT ( ) );
#317 = ORIENTED_EDGE ( 'NONE', *, *, #644, .F. ) ;
#318 = ORIENTED_EDGE ( 'NONE', *, *, #2204, .F. ) ;
#319 = EDGE_LOOP ( 'NONE', ( #1681, #1012, #1874, #2194 ) ) ;
#320 = SURFACE_STYLE_USAGE ( .BOTH. , #900 ) ;
#321 = DIRECTION ( 'NONE',  ( -1.224646799147353207E-16, -1.000000000000000000, -0.000000000000000000 ) ) ;
#322 = FILL_AREA_STYLE_COLOUR ( '', #1763 ) ;
#323 = AXIS2_PLACEMENT_3D ( 'NONE', #1666, #2203, #40 ) ;
#324 = EDGE_CURVE ( 'NONE', #2179, #2024, #128, .T. ) ;
#326 = FILL_AREA_STYLE ('',( #2137 ) ) ;
#325 = CIRCLE ( 'NONE', #29, 0.1999999999999999833 ) ;
#327 = CARTESIAN_POINT ( 'NONE',  ( 1.450000000876130013, 0.2000000000000001221, 0.6771233373186430482 ) ) ;
#328 = VECTOR ( 'NONE', #1644, 1000.000000000000000 ) ;
#329 = VECTOR ( 'NONE', #162, 999.9999999999998863 ) ;
#330 = DIRECTION ( 'NONE',  ( -0.000000000000000000, 0.000000000000000000, 1.000000000000000000 ) ) ;
#331 = DIRECTION ( 'NONE',  ( -1.000000000000000000, 0.000000000000000000, 0.000000000000000000 ) ) ;
#332 = VERTEX_POINT ( 'NONE', #274 ) ;
#333 = VECTOR ( 'NONE', #591, 1000.000000000000000 ) ;
#334 = CARTESIAN_POINT ( 'NONE',  ( 0.000000000000000000, 0.000000000000000000, -0.2694827586206897108 ) ) ;
#335 = CARTESIAN_POINT ( 'NONE',  ( 1.149999999999999911, -1.149999999999999911, 0.000000000000000000 ) ) ;
#336 = VERTEX_POINT ( 'NONE', #657 ) ;
#337 = LINE ( 'NONE', #2306, #1512 ) ;
#338 = UNCERTAINTY_MEASURE_WITH_UNIT (LENGTH_MEASURE( 1.000000000000000082E-05 ), #474, 'distance_accuracy_value', 'NONE');
#339 = CARTESIAN_POINT ( 'NONE',  ( -0.1749999999999999889, 0.000000000000000000, 0.000000000000000000 ) ) ;
#340 = EDGE_CURVE ( 'NONE', #430, #968, #991, .T. ) ;
#341 = DIRECTION ( 'NONE',  ( 1.000000000000000000, 0.000000000000000000, -0.000000000000000000 ) ) ;
#342 = DIRECTION ( 'NONE',  ( 0.9734638407276693384, 0.000000000000000000, -0.2288408853237000884 ) ) ;
#343 = ORIENTED_EDGE ( 'NONE', *, *, #536, .F. ) ;
#344 = PLANE ( 'NONE',  #2141 ) ;
#345 = DIRECTION ( 'NONE',  ( 0.000000000000000000, -1.000000000000000000, 0.000000000000000000 ) ) ;
#346 =( NAMED_UNIT ( * ) SI_UNIT ( $, .STERADIAN. ) SOLID_ANGLE_UNIT ( ) );
#347 = SHAPE_REPRESENTATION_RELATIONSHIP ( 'NONE' , 'NONE' ,  #994, #1843 ) ;
#348 = CARTESIAN_POINT ( 'NONE',  ( -1.400793374047119899, 0.000000000000000000, 0.6771233372268180561 ) ) ;
#349 = ORIENTED_EDGE ( 'NONE', *, *, #1653, .F. ) ;
#350 = PLANE ( 'NONE',  #1770 ) ;
#351 = EDGE_CURVE ( 'NONE', #357, #1445, #303, .T. ) ;
#352 = CARTESIAN_POINT ( 'NONE',  ( 2.899999999999999911, -0.2000000000000000111, 0.1899999999999999745 ) ) ;
#353 = ORIENTED_EDGE ( 'NONE', *, *, #2271, .T. ) ;
#354 = VERTEX_POINT ( 'NONE', #681 ) ;
#355 = DIRECTION ( 'NONE',  ( -1.000000000000000000, -0.000000000000000000, 0.000000000000000000 ) ) ;
#356 =( LENGTH_UNIT ( ) NAMED_UNIT ( * ) SI_UNIT ( .MILLI., .METRE. ) );
#357 = VERTEX_POINT ( 'NONE', #2069 ) ;
#358 =( GEOMETRIC_REPRESENTATION_CONTEXT ( 3 ) GLOBAL_UNCERTAINTY_ASSIGNED_CONTEXT ( ( #872 ) ) GLOBAL_UNIT_ASSIGNED_CONTEXT ( ( #777, #1500, #39 ) ) REPRESENTATION_CONTEXT ( 'NONE', 'WORKASPACE' ) );
#359 = CLOSED_SHELL ( 'NONE', ( #2041, #1389, #424, #2104, #1723, #702, #199, #1568, #23, #658, #1823, #597, #1713, #1922, #1516, #741, #2245, #1392, #1119, #1499, #1671, #1123, #2312, #2335, #2086, #875, #1630 ) ) ;
#360 = PRESENTATION_LAYER_ASSIGNMENT (  '', '', ( #714 ) ) ;
#361 = CARTESIAN_POINT ( 'NONE',  ( 0.000000000000000000, 0.000000000000000000, 0.000000000000000000 ) ) ;
#362 =( NAMED_UNIT ( * ) SI_UNIT ( $, .STERADIAN. ) SOLID_ANGLE_UNIT ( ) );
#363 = CIRCLE ( 'NONE', #944, 0.9005172413793103292 ) ;
#364 = CARTESIAN_POINT ( 'NONE',  ( -1.445079338236419986, -0.2500000000000000000, 0.6671233372108921200 ) ) ;
#365 = VECTOR ( 'NONE', #408, 1000.000000000000000 ) ;
#366 = VECTOR ( 'NONE', #614, 1000.000000000000000 ) ;
#367 = ORIENTED_EDGE ( 'NONE', *, *, #1089, .T. ) ;
#368 = LINE ( 'NONE', #1504, #109 ) ;
#369 = VERTEX_POINT ( 'NONE', #499 ) ;
#370 = EDGE_CURVE ( 'NONE', #1027, #357, #1172, .T. ) ;
#371 = ORIENTED_EDGE ( 'NONE', *, *, #829, .F. ) ;
#372 = FILL_AREA_STYLE ('',( #880 ) ) ;
#373 = DIRECTION ( 'NONE',  ( -0.000000000000000000, -0.000000000000000000, 1.000000000000000000 ) ) ;
#374 =( GEOMETRIC_REPRESENTATION_CONTEXT ( 3 ) GLOBAL_UNCERTAINTY_ASSIGNED_CONTEXT ( ( #467 ) ) GLOBAL_UNIT_ASSIGNED_CONTEXT ( ( #2149, #1054, #509 ) ) REPRESENTATION_CONTEXT ( 'NONE', 'WORKASPACE' ) );
#375 = ORIENTED_EDGE ( 'NONE', *, *, #1350, .T. ) ;
#376 = CARTESIAN_POINT ( 'NONE',  ( -1.149999999999999911, 1.149999999999999911, 0.8671233367417989779 ) ) ;
#377 = AXIS2_PLACEMENT_3D ( 'NONE', #1241, #529, #1636 ) ;
#378 = PRESENTATION_STYLE_ASSIGNMENT (( #2294 ) ) ;
#379 = CARTESIAN_POINT ( 'NONE',  ( -2.034915761435941217, 0.000000000000000000, 0.2289861551680459906 ) ) ;
#380 = CARTESIAN_POINT ( 'NONE',  ( 1.543492591545339909, 0.2000000000000000111, 0.8671233373673410405 ) ) ;
#381 = DIRECTION ( 'NONE',  ( -1.000000000000000000, -0.000000000000000000, 0.000000000000000000 ) ) ;
#382 = ORIENTED_EDGE ( 'NONE', *, *, #584, .T. ) ;
#383 = ORIENTED_EDGE ( 'NONE', *, *, #1140, .F. ) ;
#384 = PRESENTATION_STYLE_ASSIGNMENT (( #582 ) ) ;
#385 = DIRECTION ( 'NONE',  ( 1.000000000000000000, 0.000000000000000000, 0.000000000000000000 ) ) ;
#386 = EDGE_CURVE ( 'NONE', #1530, #1050, #452, .T. ) ;
#387 = DIRECTION ( 'NONE',  ( 0.2262146621846563843, -0.1510651892346069891, -0.9622921776748443179 ) ) ;
#388 = DIRECTION ( 'NONE',  ( 0.000000000000000000, -1.000000000000000000, 0.000000000000000000 ) ) ;
#389 =( LENGTH_UNIT ( ) NAMED_UNIT ( * ) SI_UNIT ( .MILLI., .METRE. ) );
#390 = EDGE_CURVE ( 'NONE', #1901, #1280, #813, .T. ) ;
#391 = PRODUCT_DEFINITION_CONTEXT ( 'detailed design', #1651, 'design' ) ;
#392 = PRODUCT_CONTEXT ( 'NONE', #756, 'mechanical' ) ;
#393 = CARTESIAN_POINT ( 'NONE',  ( -1.149999999999999911, -1.149999999999999911, 0.6771233367588119778 ) ) ;
#394 = CARTESIAN_POINT ( 'NONE',  ( 2.069859278968719796, -0.2000000000000000111, 0.2000000000000000111 ) ) ;
#395 = CARTESIAN_POINT ( 'NONE',  ( -2.114145242988219930, 0.2500000000000000000, 0.1899999999663115058 ) ) ;
#396 = ORIENTED_EDGE ( 'NONE', *, *, #1337, .T. ) ;
#397 = FILL_AREA_STYLE_COLOUR ( '', #873 ) ;
#398 = CARTESIAN_POINT ( 'NONE',  ( 1.480022855784459912, -0.2000000000000000111, 0.6381371819934209544 ) ) ;
#399 = SURFACE_STYLE_FILL_AREA ( #49 ) ;
#400 = VERTEX_POINT ( 'NONE', #2077 ) ;
#401 = DIRECTION ( 'NONE',  ( 1.000000000000000000, 0.000000000000000000, 0.000000000000000000 ) ) ;
#402 =( GEOMETRIC_REPRESENTATION_CONTEXT ( 3 ) GLOBAL_UNCERTAINTY_ASSIGNED_CONTEXT ( ( #1958 ) ) GLOBAL_UNIT_ASSIGNED_CONTEXT ( ( #273, #1548, #1021 ) ) REPRESENTATION_CONTEXT ( 'NONE', 'WORKASPACE' ) );
#403 = EDGE_CURVE ( 'NONE', #1802, #651, #463, .T. ) ;
#404 = PRODUCT_CONTEXT ( 'NONE', #2121, 'mechanical' ) ;
#405 = CARTESIAN_POINT ( 'NONE',  ( 2.899999999999999911, 0.2000000000000000111, 0.000000000000000000 ) ) ;
#406 = STYLED_ITEM ( 'NONE', ( #182 ), #1369 ) ;
#407 = CARTESIAN_POINT ( 'NONE',  ( -1.603538301341000061, -0.2500000000000000000, 0.7891510267400480005 ) ) ;
#408 = DIRECTION ( 'NONE',  ( -0.000000000000000000, 1.000000000000000000, 0.000000000000000000 ) ) ;
#409 = VECTOR ( 'NONE', #798, 1000.000000000000000 ) ;
#410 = ORIENTED_EDGE ( 'NONE', *, *, #1308, .T. ) ;
#411 = VECTOR ( 'NONE', #220, 1000.000000000000000 ) ;
#412 =( NAMED_UNIT ( * ) PLANE_ANGLE_UNIT ( ) SI_UNIT ( $, .RADIAN. ) );
#413 = FILL_AREA_STYLE_COLOUR ( '', #1804 ) ;
#414 = STYLED_ITEM ( 'NONE', ( #1225 ), #1482 ) ;
#415 = PLANE ( 'NONE',  #746 ) ;
#416 = DIRECTION ( 'NONE',  ( 0.000000000000000000, -1.000000000000000000, -0.000000000000000000 ) ) ;
#417 = APPLICATION_PROTOCOL_DEFINITION ( 'draft international standard', 'automotive_design', 1998, #1239 ) ;
#418 =( NAMED_UNIT ( * ) SI_UNIT ( $, .STERADIAN. ) SOLID_ANGLE_UNIT ( ) );
#419 = EDGE_CURVE ( 'NONE', #354, #54, #1010, .T. ) ;
#420 = EDGE_LOOP ( 'NONE', ( #195, #2267, #291 ) ) ;
#421 = LINE ( 'NONE', #2207, #1925 ) ;
#422 = DIRECTION ( 'NONE',  ( 0.2262146621846563843, 0.1510651892346069891, 0.9622921776748443179 ) ) ;
#423 = EDGE_LOOP ( 'NONE', ( #172, #1617, #136, #68, #150, #1000 ) ) ;
#424 = ADVANCED_FACE ( 'NONE', ( #866 ), #344, .F. ) ;
#425 = SURFACE_STYLE_USAGE ( .BOTH. , #2046 ) ;
#426 = DIRECTION ( 'NONE',  ( 0.000000000000000000, 1.000000000000000000, 0.000000000000000000 ) ) ;
#427 = LINE ( 'NONE', #60, #140 ) ;
#428 = ORIENTED_EDGE ( 'NONE', *, *, #403, .F. ) ;
#429 = CARTESIAN_POINT ( 'NONE',  ( 1.149999999999999911, 1.149999999999999911, 0.000000000000000000 ) ) ;
#430 = VERTEX_POINT ( 'NONE', #1986 ) ;
#432 = EDGE_CURVE ( 'NONE', #2163, #1605, #1073, .T. ) ;
#431 = DIRECTION ( 'NONE',  ( 1.000000000000000000, 0.000000000000000000, -8.573673661253349488E-11 ) ) ;
#433 = ORIENTED_EDGE ( 'NONE', *, *, #1182, .T. ) ;
#434 = PRESENTATION_STYLE_ASSIGNMENT (( #228 ) ) ;
#435 =( LENGTH_UNIT ( ) NAMED_UNIT ( * ) SI_UNIT ( .MILLI., .METRE. ) );
#436 = ORIENTED_EDGE ( 'NONE', *, *, #1320, .F. ) ;
#437 =( GEOMETRIC_REPRESENTATION_CONTEXT ( 3 ) GLOBAL_UNCERTAINTY_ASSIGNED_CONTEXT ( ( #1253 ) ) GLOBAL_UNIT_ASSIGNED_CONTEXT ( ( #1009, #865, #1189 ) ) REPRESENTATION_CONTEXT ( 'NONE', 'WORKASPACE' ) );
#438 = AXIS2_PLACEMENT_3D ( 'NONE', #513, #2171, #1793 ) ;
#439 =( LENGTH_UNIT ( ) NAMED_UNIT ( * ) SI_UNIT ( .MILLI., .METRE. ) );
#440 = DIRECTION ( 'NONE',  ( -0.000000000000000000, -1.000000000000000000, -0.000000000000000000 ) ) ;
#441 = ORIENTED_EDGE ( 'NONE', *, *, #215, .T. ) ;
#442 = AXIS2_PLACEMENT_3D ( 'NONE', #1307, #975, #401 ) ;
#443 = CARTESIAN_POINT ( 'NONE',  ( 0.000000000000000000, 1.100000000000000089, 0.8671233367417989779 ) ) ;
#444 = AXIS2_PLACEMENT_3D ( 'NONE', #166, #1976, #1955 ) ;
#445 = VECTOR ( 'NONE', #1351, 1000.000000000000000 ) ;
#446 = CARTESIAN_POINT ( 'NONE',  ( 1.543492591545339909, 0.000000000000000000, 0.8671233373673410405 ) ) ;
#447 = EDGE_LOOP ( 'NONE', ( #1559, #2265, #1591, #2180 ) ) ;
#448 = PRODUCT_DEFINITION ( 'UNKNOWN', '', #1570, #559 ) ;
#449 = VECTOR ( 'NONE', #2242, 1000.000000000000000 ) ;
#450 = DIRECTION ( 'NONE',  ( 0.000000000000000000, 0.000000000000000000, 1.000000000000000000 ) ) ;
#452 = LINE ( 'NONE', #94, #217 ) ;
#451 = AXIS2_PLACEMENT_3D ( 'NONE', #530, #342, #171 ) ;
#453 = EDGE_CURVE ( 'NONE', #1687, #2076, #105, .T. ) ;
#454 = PLANE ( 'NONE',  #256 ) ;
#455 = STYLED_ITEM ( 'NONE', ( #1525 ), #1786 ) ;
#456 =( NAMED_UNIT ( * ) SI_UNIT ( $, .STERADIAN. ) SOLID_ANGLE_UNIT ( ) );
#457 = PLANE ( 'NONE',  #2326 ) ;
#458 = ORIENTED_EDGE ( 'NONE', *, *, #117, .T. ) ;
#459 = LINE ( 'NONE', #2064, #1485 ) ;
#460 = DIRECTION ( 'NONE',  ( -1.000000000000000000, 0.000000000000000000, -1.589718081720830042E-09 ) ) ;
#461 = ORIENTED_EDGE ( 'NONE', *, *, #2154, .T. ) ;
#462 = SURFACE_STYLE_USAGE ( .BOTH. , #1747 ) ;
#463 = LINE ( 'NONE', #1190, #1845 ) ;
#464 =( NAMED_UNIT ( * ) SI_UNIT ( $, .STERADIAN. ) SOLID_ANGLE_UNIT ( ) );
#465 = ADVANCED_FACE ( 'NONE', ( #1604 ), #1627, .T. ) ;
#466 =( NAMED_UNIT ( * ) PLANE_ANGLE_UNIT ( ) SI_UNIT ( $, .RADIAN. ) );
#467 = UNCERTAINTY_MEASURE_WITH_UNIT (LENGTH_MEASURE( 1.000000000000000082E-05 ), #2149, 'distance_accuracy_value', 'NONE');
#468 = FILL_AREA_STYLE ('',( #96 ) ) ;
#469 = CARTESIAN_POINT ( 'NONE',  ( 2.069859278968719796, 0.000000000000000000, 0.2000000000000000111 ) ) ;
#470 = DIRECTION ( 'NONE',  ( 1.000000000000000000, 0.000000000000000000, -0.000000000000000000 ) ) ;
#471 = ORIENTED_EDGE ( 'NONE', *, *, #584, .F. ) ;
#472 = CARTESIAN_POINT ( 'NONE',  ( 1.445079337918478091, 0.2000000000000000111, 0.8671233372108917425 ) ) ;
#473 =( LENGTH_UNIT ( ) NAMED_UNIT ( * ) SI_UNIT ( .MILLI., .METRE. ) );
#474 =( LENGTH_UNIT ( ) NAMED_UNIT ( * ) SI_UNIT ( .MILLI., .METRE. ) );
#475 = EDGE_CURVE ( 'NONE', #1027, #550, #189, .T. ) ;
#476 = CARTESIAN_POINT ( 'NONE',  ( -1.085703466909810455, 1.065522973352909908, 0.1999999999999999278 ) ) ;
#477 = EDGE_CURVE ( 'NONE', #531, #1167, #1393, .T. ) ;
#478 = VECTOR ( 'NONE', #924, 1000.000000000000000 ) ;
#479 = CARTESIAN_POINT ( 'NONE',  ( 1.911400315867269217, -0.2000000000000000111, 0.07797231046679357902 ) ) ;
#480 = DIRECTION ( 'NONE',  ( -0.000000000000000000, -1.000000000000000000, -0.000000000000000000 ) ) ;
#481 = ORIENTED_EDGE ( 'NONE', *, *, #1378, .T. ) ;
#482 = ORIENTED_EDGE ( 'NONE', *, *, #2165, .F. ) ;
#483 = MECHANICAL_DESIGN_GEOMETRIC_PRESENTATION_REPRESENTATION (  '', ( #2147 ), #1623 ) ;
#484 = CARTESIAN_POINT ( 'NONE',  ( -2.034915761435939441, -0.2500000000000000000, 0.2289861551680469343 ) ) ;
#485 = LINE ( 'NONE', #852, #864 ) ;
#486 = SURFACE_STYLE_USAGE ( .BOTH. , #1336 ) ;
#487 = AXIS2_PLACEMENT_3D ( 'NONE', #2008, #2227, #745 ) ;
#488 = VERTEX_POINT ( 'NONE', #2150 ) ;
#489 = AXIS2_PLACEMENT_3D ( 'NONE', #1359, #664, #2081 ) ;
#490 = VECTOR ( 'NONE', #791, 1000.000000000000000 ) ;
#491 = EDGE_LOOP ( 'NONE', ( #1944, #2233, #581, #773 ) ) ;
#492 = UNCERTAINTY_MEASURE_WITH_UNIT (LENGTH_MEASURE( 1.000000000000000082E-05 ), #211, 'distance_accuracy_value', 'NONE');
#493 = EDGE_CURVE ( 'NONE', #1407, #369, #641, .T. ) ;
#494 = MECHANICAL_DESIGN_GEOMETRIC_PRESENTATION_REPRESENTATION (  '', ( #1527 ), #1401 ) ;
#495 =( NAMED_UNIT ( * ) SI_UNIT ( $, .STERADIAN. ) SOLID_ANGLE_UNIT ( ) );
#496 = ADVANCED_FACE ( 'NONE', ( #2332 ), #2161, .F. ) ;
#497 = ORIENTED_EDGE ( 'NONE', *, *, #546, .F. ) ;
#498 = ORIENTED_EDGE ( 'NONE', *, *, #1896, .F. ) ;
#499 = CARTESIAN_POINT ( 'NONE',  ( 2.114145242996796625, 0.2000000000000000111, 0.1899999999326231759 ) ) ;
#500 = FILL_AREA_STYLE ('',( #293 ) ) ;
#501 = CARTESIAN_POINT ( 'NONE',  ( 2.899999999999999911, 0.000000000000000000, 0.000000000000000000 ) ) ;
#502 = DIRECTION ( 'NONE',  ( 0.000000000000000000, 0.1550853943003980273, 0.9879010681615290057 ) ) ;
#503 = CARTESIAN_POINT ( 'NONE',  ( -1.149999999999999911, 1.034949546105385698, 1.599999999999999423 ) ) ;
#504 = PRODUCT_DEFINITION_FORMATION_WITH_SPECIFIED_SOURCE ( 'ANY', '', #1238, .NOT_KNOWN. ) ;
#505 = VERTEX_POINT ( 'NONE', #694 ) ;
#506 = ORIENTED_EDGE ( 'NONE', *, *, #233, .T. ) ;
#507 = ORIENTED_EDGE ( 'NONE', *, *, #1207, .F. ) ;
#508 = EDGE_CURVE ( 'NONE', #2163, #2210, #2, .T. ) ;
#509 =( NAMED_UNIT ( * ) SI_UNIT ( $, .STERADIAN. ) SOLID_ANGLE_UNIT ( ) );
#510 = CARTESIAN_POINT ( 'NONE',  ( -1.149999999999999911, 1.149999999999999911, 0.6771233367588119778 ) ) ;
#511 = DIRECTION ( 'NONE',  ( 0.000000000000000000, 0.000000000000000000, -1.000000000000000000 ) ) ;
#512 = APPLICATION_CONTEXT ( 'automotive_design' ) ;
#513 = CARTESIAN_POINT ( 'NONE',  ( 2.114145242988219930, -0.2000000000000000111, 0.2899999999326230427 ) ) ;
#514 = PRODUCT_DEFINITION_CONTEXT ( 'detailed design', #1239, 'design' ) ;
#515 = LINE ( 'NONE', #339, #1254 ) ;
#516 = LINE ( 'NONE', #1240, #297 ) ;
#517 = CARTESIAN_POINT ( 'NONE',  ( 0.000000000000000000, 0.000000000000000000, 0.000000000000000000 ) ) ;
#518 = DIRECTION ( 'NONE',  ( -0.000000000000000000, -1.000000000000000000, -0.000000000000000000 ) ) ;
#519 = EDGE_LOOP ( 'NONE', ( #580, #963, #270, #30 ) ) ;
#520 = FILL_AREA_STYLE_COLOUR ( '', #1853 ) ;
#521 = VECTOR ( 'NONE', #2112, 1000.000000000000000 ) ;
#522 = CARTESIAN_POINT ( 'NONE',  ( 1.400793374233739952, 0.2000000000000000111, 0.5771233372268179673 ) ) ;
#523 = CIRCLE ( 'NONE', #323, 0.2000000000000000111 ) ;
#524 = EDGE_CURVE ( 'NONE', #1963, #2095, #1942, .T. ) ;
#525 = CIRCLE ( 'NONE', #1554, 0.2000000000000000111 ) ;
#526 = CARTESIAN_POINT ( 'NONE',  ( 0.1750000000000000167, 1.149999999999999911, 0.000000000000000000 ) ) ;
#527 = PRESENTATION_LAYER_ASSIGNMENT (  '', '', ( #2321 ) ) ;
#528 = PRESENTATION_LAYER_ASSIGNMENT (  '', '', ( #950 ) ) ;
#529 = DIRECTION ( 'NONE',  ( 0.000000000000000000, 0.000000000000000000, -1.000000000000000000 ) ) ;
#530 = CARTESIAN_POINT ( 'NONE',  ( -0.9417412815247370173, 1.149999999999999911, 1.753032913892679900 ) ) ;
#531 = VERTEX_POINT ( 'NONE', #1235 ) ;
#532 = DIRECTION ( 'NONE',  ( 0.6101384476457789585, 0.000000000000000000, 0.7922948155228576317 ) ) ;
#533 = CARTESIAN_POINT ( 'NONE',  ( -1.400793374233739952, 0.000000000000000000, 0.5771233372268179673 ) ) ;
#534 = SURFACE_STYLE_USAGE ( .BOTH. , #1421 ) ;
#535 = UNCERTAINTY_MEASURE_WITH_UNIT (LENGTH_MEASURE( 1.000000000000000082E-05 ), #1751, 'distance_accuracy_value', 'NONE');
#536 = EDGE_CURVE ( 'NONE', #1143, #531, #363, .T. ) ;
#537 = CARTESIAN_POINT ( 'NONE',  ( 0.000000000000000000, 0.000000000000000000, 0.000000000000000000 ) ) ;
#538 = LINE ( 'NONE', #697, #1361 ) ;
#539 = CARTESIAN_POINT ( 'NONE',  ( 1.149999999999999911, -0.2500000000000000000, 0.8671233367417989779 ) ) ;
#540 = ORIENTED_EDGE ( 'NONE', *, *, #340, .T. ) ;
#541 = DIRECTION ( 'NONE',  ( 0.000000000000000000, 0.000000000000000000, -1.000000000000000000 ) ) ;
#542 = LINE ( 'NONE', #1074, #980 ) ;
#543 = ORIENTED_EDGE ( 'NONE', *, *, #1003, .F. ) ;
#544 =( NAMED_UNIT ( * ) PLANE_ANGLE_UNIT ( ) SI_UNIT ( $, .RADIAN. ) );
#545 = PRODUCT_CONTEXT ( 'NONE', #683, 'mechanical' ) ;
#546 = EDGE_CURVE ( 'NONE', #1051, #2056, #881, .T. ) ;
#547 = LINE ( 'NONE', #1752, #1509 ) ;
#548 = LINE ( 'NONE', #732, #1324 ) ;
#549 = ORIENTED_EDGE ( 'NONE', *, *, #1699, .F. ) ;
#550 = VERTEX_POINT ( 'NONE', #783 ) ;
#551 = EDGE_CURVE ( 'NONE', #1468, #1829, #2183, .T. ) ;
#552 = DIRECTION ( 'NONE',  ( 0.000000000000000000, -0.000000000000000000, 1.000000000000000000 ) ) ;
#553 = DIRECTION ( 'NONE',  ( 0.000000000000000000, -0.000000000000000000, 1.000000000000000000 ) ) ;
#554 = PRESENTATION_LAYER_ASSIGNMENT (  '', '', ( #2278 ) ) ;
#555 = ORIENTED_EDGE ( 'NONE', *, *, #1089, .F. ) ;
#556 = CARTESIAN_POINT ( 'NONE',  ( 2.064938616276779992, 0.2000000000000001221, 0.1899999999284049945 ) ) ;
#557 = AXIS2_PLACEMENT_3D ( 'NONE', #668, #2268, #1039 ) ;
#558 = FACE_OUTER_BOUND ( 'NONE', #1229, .T. ) ;
#559 = PRODUCT_DEFINITION_CONTEXT ( 'detailed design', #805, 'design' ) ;
#560 = STYLED_ITEM ( 'NONE', ( #1449 ), #1502 ) ;
#561 = FACE_OUTER_BOUND ( 'NONE', #667, .T. ) ;
#562 =( GEOMETRIC_REPRESENTATION_CONTEXT ( 3 ) GLOBAL_UNCERTAINTY_ASSIGNED_CONTEXT ( ( #157 ) ) GLOBAL_UNIT_ASSIGNED_CONTEXT ( ( #1447, #1260, #2303 ) ) REPRESENTATION_CONTEXT ( 'NONE', 'WORKASPACE' ) );
#564 = EDGE_CURVE ( 'NONE', #14, #2095, #72, .T. ) ;
#563 = CARTESIAN_POINT ( 'NONE',  ( 2.034915761435941217, 0.000000000000000000, 0.2289861551680459906 ) ) ;
#565 = CIRCLE ( 'NONE', #295, 0.1000000000000000472 ) ;
#566 = VECTOR ( 'NONE', #1300, 1000.000000000000000 ) ;
#567 = LINE ( 'NONE', #951, #33 ) ;
#568 = ORIENTED_EDGE ( 'NONE', *, *, #612, .T. ) ;
#570 = EDGE_CURVE ( 'NONE', #2006, #2095, #1107, .T. ) ;
#569 = CARTESIAN_POINT ( 'NONE',  ( -2.899999999999999911, 0.000000000000000000, 0.1900000000000000022 ) ) ;
#571 = ORIENTED_EDGE ( 'NONE', *, *, #2222, .T. ) ;
#572 = DIRECTION ( 'NONE',  ( -1.000000000000000000, -0.000000000000000000, 0.000000000000000000 ) ) ;
#573 = VERTEX_POINT ( 'NONE', #1832 ) ;
#574 = AXIS2_PLACEMENT_3D ( 'NONE', #1381, #654, #675 ) ;
#575 = CARTESIAN_POINT ( 'NONE',  ( 0.000000000000000000, 0.000000000000000000, 0.000000000000000000 ) ) ;
#576 = DIRECTION ( 'NONE',  ( -0.000000000000000000, 1.000000000000000000, -0.000000000000000000 ) ) ;
#577 = DIRECTION ( 'NONE',  ( -1.000000000000000000, 0.000000000000000000, -0.000000000000000000 ) ) ;
#578 = DIRECTION ( 'NONE',  ( -0.000000000000000000, -1.000000000000000000, -0.000000000000000000 ) ) ;
#579 = EDGE_LOOP ( 'NONE', ( #1115, #135, #933, #1317, #1175, #555 ) ) ;
#581 = ORIENTED_EDGE ( 'NONE', *, *, #1040, .T. ) ;
#580 = ORIENTED_EDGE ( 'NONE', *, *, #1981, .F. ) ;
#582 = SURFACE_STYLE_USAGE ( .BOTH. , #2021 ) ;
#583 = CARTESIAN_POINT ( 'NONE',  ( 1.480022855784461244, -0.2000000000000000111, 0.6381371819934200662 ) ) ;
#584 = EDGE_CURVE ( 'NONE', #505, #1147, #682, .T. ) ;
#585 = DIRECTION ( 'NONE',  ( 0.000000000000000000, 0.000000000000000000, 1.000000000000000000 ) ) ;
#586 = CYLINDRICAL_SURFACE ( 'NONE', #442, 0.9000000000000000222 ) ;
#587 = CONTEXT_DEPENDENT_SHAPE_REPRESENTATION ( #19, #855 ) ;
#588 = CARTESIAN_POINT ( 'NONE',  ( -1.149999999999999911, -1.149999999999999911, 0.6771233367588119778 ) ) ;
#589 = LINE ( 'NONE', #2209, #1211 ) ;
#590 = ORIENTED_EDGE ( 'NONE', *, *, #1835, .T. ) ;
#591 = DIRECTION ( 'NONE',  ( 0.000000000000000000, -0.000000000000000000, -1.000000000000000000 ) ) ;
#592 = DIRECTION ( 'NONE',  ( -1.000000000000000000, 0.000000000000000000, 0.000000000000000000 ) ) ;
#593 = EDGE_CURVE ( 'NONE', #1167, #531, #294, .T. ) ;
#594 = CARTESIAN_POINT ( 'NONE',  ( 0.1749999999999999889, -1.149999999999999911, 0.000000000000000000 ) ) ;
#595 = ORIENTED_EDGE ( 'NONE', *, *, #1109, .T. ) ;
#596 = PRODUCT_CONTEXT ( 'NONE', #512, 'mechanical' ) ;
#597 = ADVANCED_FACE ( 'NONE', ( #972 ), #2202, .T. ) ;
#598 = PLANE ( 'NONE',  #2030 ) ;
#599 = AXIS2_PLACEMENT_3D ( 'NONE', #22, #1455, #1812 ) ;
#600 = STYLED_ITEM ( 'NONE', ( #620 ), #276 ) ;
#601 = CARTESIAN_POINT ( 'NONE',  ( -1.149999999999999911, 1.065522973352911906, 0.1999999999999996503 ) ) ;
#602 = CARTESIAN_POINT ( 'NONE',  ( -0.9417412815247370173, 1.100000000000000089, 1.753032913892679900 ) ) ;
#603 = STYLED_ITEM ( 'NONE', ( #1967 ), #496 ) ;
#604 = ORIENTED_EDGE ( 'NONE', *, *, #1193, .T. ) ;
#605 = AXIS2_PLACEMENT_3D ( 'NONE', #269, #2232, #1564 ) ;
#606 = VECTOR ( 'NONE', #780, 1000.000000000000000 ) ;
#607 = CARTESIAN_POINT ( 'NONE',  ( 0.000000000000000000, 0.000000000000000000, 0.000000000000000000 ) ) ;
#608 = CYLINDRICAL_SURFACE ( 'NONE', #1129, 0.1000000000000000472 ) ;
#609 = VERTEX_POINT ( 'NONE', #583 ) ;
#610 = AXIS2_PLACEMENT_3D ( 'NONE', #1805, #1278, #1817 ) ;
#611 = CARTESIAN_POINT ( 'NONE',  ( -0.7333216812934150175, 1.030111992527299902, 0.000000000000000000 ) ) ;
#612 = EDGE_CURVE ( 'NONE', #1167, #505, #925, .T. ) ;
#613 = EDGE_LOOP ( 'NONE', ( #2053, #2134, #1416, #209 ) ) ;
#614 = DIRECTION ( 'NONE',  ( 1.000000000000000000, -0.000000000000000000, 1.589718081720830042E-09 ) ) ;
#615 =( NAMED_UNIT ( * ) SI_UNIT ( $, .STERADIAN. ) SOLID_ANGLE_UNIT ( ) );
#616 = ORIENTED_EDGE ( 'NONE', *, *, #1775, .F. ) ;
#617 = CARTESIAN_POINT ( 'NONE',  ( -1.960435512477249898, -0.2500000000000000000, 0.6771233372268179451 ) ) ;
#618 = ORIENTED_EDGE ( 'NONE', *, *, #100, .T. ) ;
#619 = FILL_AREA_STYLE ('',( #1529 ) ) ;
#620 = PRESENTATION_STYLE_ASSIGNMENT (( #1675 ) ) ;
#621 = ORIENTED_EDGE ( 'NONE', *, *, #174, .F. ) ;
#622 = EDGE_CURVE ( 'NONE', #369, #2195, #1859, .T. ) ;
#623 = FACE_OUTER_BOUND ( 'NONE', #25, .T. ) ;
#624 = VERTEX_POINT ( 'NONE', #1694 ) ;
#625 = DIRECTION ( 'NONE',  ( 0.000000000000000000, -1.000000000000000000, -0.000000000000000000 ) ) ;
#626 = EDGE_CURVE ( 'NONE', #1198, #61, #2181, .T. ) ;
#627 = DIRECTION ( 'NONE',  ( -1.000000000000000000, 0.000000000000000000, 1.866102676384489851E-09 ) ) ;
#628 = ORIENTED_EDGE ( 'NONE', *, *, #1218, .T. ) ;
#629 = PRODUCT ( 'VSMY2890RGX01', 'VSMY2890RGX01', '', ( #404 ) ) ;
#630 = FACE_OUTER_BOUND ( 'NONE', #2020, .T. ) ;
#631 = DIRECTION ( 'NONE',  ( 0.000000000000000000, -0.000000000000000000, -1.000000000000000000 ) ) ;
#632 = ORIENTED_EDGE ( 'NONE', *, *, #626, .T. ) ;
#633 = CARTESIAN_POINT ( 'NONE',  ( -0.7333216812934120199, 1.030111992527296572, 0.000000000000000000 ) ) ;
#634 =( REPRESENTATION_RELATIONSHIP ('NONE','NONE', #927, #2110 ) REPRESENTATION_RELATIONSHIP_WITH_TRANSFORMATION ( #1463 )SHAPE_REPRESENTATION_RELATIONSHIP( ) );
#635 = CIRCLE ( 'NONE', #438, 0.1000000000000000472 ) ;
#636 = DIRECTION ( 'NONE',  ( -0.000000000000000000, 0.000000000000000000, 1.000000000000000000 ) ) ;
#637 = DIRECTION ( 'NONE',  ( 0.000000000000000000, 1.000000000000000000, 0.000000000000000000 ) ) ;
#638 = AXIS2_PLACEMENT_3D ( 'NONE', #231, #779, #1298 ) ;
#639 = PRODUCT_RELATED_PRODUCT_CATEGORY ( 'part', '', ( #1238 ) ) ;
#640 = FILL_AREA_STYLE ('',( #1565 ) ) ;
#641 = CIRCLE ( 'NONE', #1209, 0.1000000000000000472 ) ;
#642 = CARTESIAN_POINT ( 'NONE',  ( 2.069859278968719796, 0.2000000000000000111, 0.2000000000000000111 ) ) ;
#643 = EDGE_LOOP ( 'NONE', ( #998, #1329, #1501, #482 ) ) ;
#644 = EDGE_CURVE ( 'NONE', #1994, #2236, #225, .T. ) ;
#645 = DIRECTION ( 'NONE',  ( 1.000000000000000000, 0.000000000000000000, -0.000000000000000000 ) ) ;
#647 = DIRECTION ( 'NONE',  ( 0.000000000000000000, 0.000000000000000000, 1.000000000000000000 ) ) ;
#646 = MECHANICAL_DESIGN_GEOMETRIC_PRESENTATION_REPRESENTATION (  '', ( #406 ), #1964 ) ;
#648 = MECHANICAL_DESIGN_GEOMETRIC_PRESENTATION_REPRESENTATION (  '', ( #148 ), #1396 ) ;
#649 = ORIENTED_EDGE ( 'NONE', *, *, #1655, .T. ) ;
#650 = STYLED_ITEM ( 'NONE', ( #2313 ), #1741 ) ;
#651 = VERTEX_POINT ( 'NONE', #2196 ) ;
#652 = CARTESIAN_POINT ( 'NONE',  ( 2.069859278968719796, -0.2000000000000000111, 0.000000000000000000 ) ) ;
#653 = CARTESIAN_POINT ( 'NONE',  ( 0.9777161026055982695, 1.149999999999999911, 1.600000000000000311 ) ) ;
#654 = DIRECTION ( 'NONE',  ( 1.000000000000000000, 0.000000000000000000, 0.000000000000000000 ) ) ;
#655 =( LENGTH_UNIT ( ) NAMED_UNIT ( * ) SI_UNIT ( .MILLI., .METRE. ) );
#656 = EDGE_LOOP ( 'NONE', ( #1830, #1259, #692, #2224 ) ) ;
#657 = CARTESIAN_POINT ( 'NONE',  ( 2.069859278968719796, 0.2000000000000000111, 0.000000000000000000 ) ) ;
#658 = ADVANCED_FACE ( 'NONE', ( #1674 ), #1868, .F. ) ;
#659 = FACE_OUTER_BOUND ( 'NONE', #1430, .T. ) ;
#660 = FILL_AREA_STYLE_COLOUR ( '', #1549 ) ;
#661 = AXIS2_PLACEMENT_3D ( 'NONE', #575, #1478, #1836 ) ;
#662 = LINE ( 'NONE', #2241, #1737 ) ;
#663 = ADVANCED_BREP_SHAPE_REPRESENTATION ( '', ( #2240, #1532, #1331 ), #1038 ) ;
#664 = DIRECTION ( 'NONE',  ( -0.000000000000000000, 1.000000000000000000, 0.000000000000000000 ) ) ;
#665 = SURFACE_STYLE_FILL_AREA ( #640 ) ;
#666 = FACE_OUTER_BOUND ( 'NONE', #447, .T. ) ;
#667 = EDGE_LOOP ( 'NONE', ( #1841, #154, #1577, #2162 ) ) ;
#668 = CARTESIAN_POINT ( 'NONE',  ( 1.400793374233739952, 0.000000000000000000, 0.5771233372268179673 ) ) ;
#669 = DIRECTION ( 'NONE',  ( 0.000000000000000000, 1.000000000000000000, 0.000000000000000000 ) ) ;
#670 = PRODUCT_DEFINITION ( 'UNKNOWN', '', #1537, #391 ) ;
#671 = DIRECTION ( 'NONE',  ( 0.1937091517471863367, 0.1710410601072675230, 0.9660340161126665937 ) ) ;
#672 = EDGE_CURVE ( 'NONE', #609, #1802, #1158, .T. ) ;
#673 = CARTESIAN_POINT ( 'NONE',  ( 1.058751721674719981, 0.000000000000000000, 0.000000000000000000 ) ) ;
#674 = SURFACE_SIDE_STYLE ('',( #2297 ) ) ;
#675 = DIRECTION ( 'NONE',  ( 0.000000000000000000, 0.000000000000000000, -1.000000000000000000 ) ) ;
#676 = DIRECTION ( 'NONE',  ( 2.168404344971008868E-15, 0.000000000000000000, 1.000000000000000000 ) ) ;
#677 = MECHANICAL_DESIGN_GEOMETRIC_PRESENTATION_REPRESENTATION (  '', ( #1915 ), #1354 ) ;
#678 = ORIENTED_EDGE ( 'NONE', *, *, #1469, .T. ) ;
#679 =( GEOMETRIC_REPRESENTATION_CONTEXT ( 3 ) GLOBAL_UNCERTAINTY_ASSIGNED_CONTEXT ( ( #1440 ) ) GLOBAL_UNIT_ASSIGNED_CONTEXT ( ( #1323, #2260, #464 ) ) REPRESENTATION_CONTEXT ( 'NONE', 'WORKASPACE' ) );
#680 = MECHANICAL_DESIGN_GEOMETRIC_PRESENTATION_REPRESENTATION (  '', ( #600 ), #71 ) ;
#681 = CARTESIAN_POINT ( 'NONE',  ( 1.100000000000000089, 1.100000000000000089, 0.8671233367417989779 ) ) ;
#682 = CIRCLE ( 'NONE', #1321, 0.9000000000000000222 ) ;
#683 = APPLICATION_CONTEXT ( 'automotive_design' ) ;
#684 = STYLED_ITEM ( 'NONE', ( #1533 ), #1168 ) ;
#685 = CARTESIAN_POINT ( 'NONE',  ( 2.034915761435939885, -0.2000000000000000111, 0.2289861551680449914 ) ) ;
#686 = UNCERTAINTY_MEASURE_WITH_UNIT (LENGTH_MEASURE( 1.000000000000000082E-05 ), #439, 'distance_accuracy_value', 'NONE');
#687 = PRESENTATION_LAYER_ASSIGNMENT (  '', '', ( #455 ) ) ;
#688 = PLANE ( 'NONE',  #226 ) ;
#689 = EDGE_CURVE ( 'NONE', #2328, #301, #36, .T. ) ;
#690 = MECHANICAL_DESIGN_GEOMETRIC_PRESENTATION_REPRESENTATION (  '', ( #1709 ), #1594 ) ;
#691 = DIRECTION ( 'NONE',  ( -0.000000000000000000, -1.000000000000000000, -0.000000000000000000 ) ) ;
#692 = ORIENTED_EDGE ( 'NONE', *, *, #2222, .F. ) ;
#693 = CARTESIAN_POINT ( 'NONE',  ( -1.149999999999999911, 1.149999999999999911, 0.8671233367417989779 ) ) ;
#694 = CARTESIAN_POINT ( 'NONE',  ( -0.9000000000000000222, 1.102182119232617788E-16, 0.000000000000000000 ) ) ;
#695 = LINE ( 'NONE', #1413, #2140 ) ;
#697 = CARTESIAN_POINT ( 'NONE',  ( 2.069859278968719796, 0.000000000000000000, 0.000000000000000000 ) ) ;
#696 = PRODUCT_DEFINITION ( 'UNKNOWN', '', #1227, #514 ) ;
#698 =( NAMED_UNIT ( * ) PLANE_ANGLE_UNIT ( ) SI_UNIT ( $, .RADIAN. ) );
#699 = ORIENTED_EDGE ( 'NONE', *, *, #314, .T. ) ;
#700 = ORIENTED_EDGE ( 'NONE', *, *, #340, .F. ) ;
#702 = ADVANCED_FACE ( 'NONE', ( #1472 ), #1116, .T. ) ;
#701 = DIRECTION ( 'NONE',  ( 0.000000000000000000, -0.000000000000000000, -1.000000000000000000 ) ) ;
#703 = CARTESIAN_POINT ( 'NONE',  ( -0.7333216812934143514, 1.030111992527299236, -3.726944967918921492E-17 ) ) ;
#704 = ORIENTED_EDGE ( 'NONE', *, *, #493, .F. ) ;
#705 =( NAMED_UNIT ( * ) SI_UNIT ( $, .STERADIAN. ) SOLID_ANGLE_UNIT ( ) );
#706 = CARTESIAN_POINT ( 'NONE',  ( 0.1749999999999999889, 1.149999999999999911, 0.6771233367588119778 ) ) ;
#707 =( NAMED_UNIT ( * ) SI_UNIT ( $, .STERADIAN. ) SOLID_ANGLE_UNIT ( ) );
#708 = VERTEX_POINT ( 'NONE', #1846 ) ;
#709 = COLOUR_RGB ( '',0.8313725490196077761, 0.8313725490196077761, 0.8313725490196077761 ) ;
#710 = DIRECTION ( 'NONE',  ( 0.9910418690455334856, 0.000000000000000000, 0.1335515398590959302 ) ) ;
#711 = SURFACE_STYLE_USAGE ( .BOTH. , #176 ) ;
#712 = ADVANCED_FACE ( 'NONE', ( #775 ), #1314, .F. ) ;
#713 = PRESENTATION_LAYER_ASSIGNMENT (  '', '', ( #406 ) ) ;
#714 = STYLED_ITEM ( 'NONE', ( #2269 ), #287 ) ;
#715 = ADVANCED_BREP_SHAPE_REPRESENTATION ( '', ( #1502, #1331 ), #1033 ) ;
#717 = SURFACE_STYLE_USAGE ( .BOTH. , #1451 ) ;
#716 = VECTOR ( 'NONE', #1507, 1000.000000000000000 ) ;
#718 = AXIS2_PLACEMENT_3D ( 'NONE', #1948, #2288, #814 ) ;
#719 = VECTOR ( 'NONE', #146, 1000.000000000000000 ) ;
#720 = LINE ( 'NONE', #885, #218 ) ;
#721 = FILL_AREA_STYLE ('',( #1612 ) ) ;
#722 = ORIENTED_EDGE ( 'NONE', *, *, #390, .F. ) ;
#723 = CARTESIAN_POINT ( 'NONE',  ( -2.034915761435939885, 0.2500000000000000000, 0.2289861551680449914 ) ) ;
#724 = FILL_AREA_STYLE ('',( #2314 ) ) ;
#725 = CARTESIAN_POINT ( 'NONE',  ( 1.058751721674721313, -1.030111992527299014, -1.267110017945686139E-16 ) ) ;
#726 = EDGE_CURVE ( 'NONE', #1394, #1290, #831, .T. ) ;
#727 = SURFACE_STYLE_FILL_AREA ( #892 ) ;
#728 = PRODUCT_DEFINITION_CONTEXT ( 'detailed design', #1932, 'design' ) ;
#729 = EDGE_CURVE ( 'NONE', #332, #1706, #101, .T. ) ;
#730 = PLANE ( 'NONE',  #599 ) ;
#731 = LINE ( 'NONE', #1456, #329 ) ;
#732 = CARTESIAN_POINT ( 'NONE',  ( 0.000000000000000000, -1.149999999999999911, 0.8671233367417989779 ) ) ;
#733 = VERTEX_POINT ( 'NONE', #1900 ) ;
#734 = DIRECTION ( 'NONE',  ( 0.000000000000000000, 0.000000000000000000, 1.000000000000000000 ) ) ;
#735 = CARTESIAN_POINT ( 'NONE',  ( -0.1750000000000000167, 1.149999999999999911, 0.000000000000000000 ) ) ;
#736 =( NAMED_UNIT ( * ) PLANE_ANGLE_UNIT ( ) SI_UNIT ( $, .RADIAN. ) );
#737 = SURFACE_STYLE_FILL_AREA ( #326 ) ;
#738 = EDGE_CURVE ( 'NONE', #2076, #1994, #279, .T. ) ;
#739 = APPLICATION_PROTOCOL_DEFINITION ( 'draft international standard', 'automotive_design', 1998, #1651 ) ;
#740 = CARTESIAN_POINT ( 'NONE',  ( -1.445079338077449815, 0.2500000000000000000, 0.8671233372108918536 ) ) ;
#741 = ADVANCED_FACE ( 'NONE', ( #1166, #666 ), #1909, .T. ) ;
#742 = FACE_OUTER_BOUND ( 'NONE', #1755, .T. ) ;
#743 = DIRECTION ( 'NONE',  ( -1.000000000000000000, -0.000000000000000000, 0.000000000000000000 ) ) ;
#744 = ORIENTED_EDGE ( 'NONE', *, *, #1531, .F. ) ;
#745 = DIRECTION ( 'NONE',  ( 0.000000000000000000, -0.1743432962099190353, 0.9846849318775322546 ) ) ;
#746 = AXIS2_PLACEMENT_3D ( 'NONE', #1316, #2023, #2047 ) ;
#747 = CARTESIAN_POINT ( 'NONE',  ( -1.100000000000000755, -1.100000000000000311, 1.079817812064830074 ) ) ;
#748 = ORIENTED_EDGE ( 'NONE', *, *, #47, .F. ) ;
#749 =( NAMED_UNIT ( * ) SI_UNIT ( $, .STERADIAN. ) SOLID_ANGLE_UNIT ( ) );
#750 = VECTOR ( 'NONE', #1368, 1000.000000000000000 ) ;
#751 = MECHANICAL_DESIGN_GEOMETRIC_PRESENTATION_REPRESENTATION (  '', ( #560 ), #1700 ) ;
#752 = DIRECTION ( 'NONE',  ( 1.000000000000000000, 0.000000000000000000, 0.000000000000000000 ) ) ;
#753 = DIRECTION ( 'NONE',  ( 1.000000000000000000, 0.000000000000000000, 0.000000000000000000 ) ) ;
#754 = COLOUR_RGB ( '',0.8313725490196077761, 0.8313725490196077761, 0.8313725490196077761 ) ;
#755 = LINE ( 'NONE', #601, #1965 ) ;
#756 = APPLICATION_CONTEXT ( 'automotive_design' ) ;
#757 = VECTOR ( 'NONE', #1031, 1000.000000000000000 ) ;
#758 = AXIS2_PLACEMENT_3D ( 'NONE', #1103, #2174, #1152 ) ;
#760 = EDGE_LOOP ( 'NONE', ( #458, #1164, #2230, #847, #850, #891, #1091, #649, #1406, #2252, #1210, #1729 ) ) ;
#759 = EDGE_CURVE ( 'NONE', #61, #400, #259, .T. ) ;
#761 = DIRECTION ( 'NONE',  ( 0.000000000000000000, -1.000000000000000000, -0.000000000000000000 ) ) ;
#762 = ORIENTED_EDGE ( 'NONE', *, *, #432, .F. ) ;
#763 = ORIENTED_EDGE ( 'NONE', *, *, #2299, .T. ) ;
#764 =( NAMED_UNIT ( * ) SI_UNIT ( $, .STERADIAN. ) SOLID_ANGLE_UNIT ( ) );
#765 = CARTESIAN_POINT ( 'NONE',  ( 1.149999999999999911, 1.149999999999999911, 0.6771233367588119778 ) ) ;
#766 =( GEOMETRIC_REPRESENTATION_CONTEXT ( 3 ) GLOBAL_UNCERTAINTY_ASSIGNED_CONTEXT ( ( #1583 ) ) GLOBAL_UNIT_ASSIGNED_CONTEXT ( ( #15, #1303, #1844 ) ) REPRESENTATION_CONTEXT ( 'NONE', 'WORKASPACE' ) );
#767 = EDGE_LOOP ( 'NONE', ( #2120, #2316, #540, #1335 ) ) ;
#768 = PLANE ( 'NONE',  #1018 ) ;
#769 = APPLICATION_PROTOCOL_DEFINITION ( 'draft international standard', 'automotive_design', 1998, #805 ) ;
#770 = CARTESIAN_POINT ( 'NONE',  ( 1.100000000000000089, -1.100000000000000089, 1.185625627888569955 ) ) ;
#771 = DIRECTION ( 'NONE',  ( 0.6618853462218081685, -0.7496050883344091975, 0.000000000000000000 ) ) ;
#772 = LINE ( 'NONE', #1495, #1592 ) ;
#773 = ORIENTED_EDGE ( 'NONE', *, *, #1857, .T. ) ;
#774 = FILL_AREA_STYLE ('',( #57 ) ) ;
#775 = FACE_OUTER_BOUND ( 'NONE', #2071, .T. ) ;
#776 = EDGE_CURVE ( 'NONE', #550, #1601, #325, .T. ) ;
#777 =( LENGTH_UNIT ( ) NAMED_UNIT ( * ) SI_UNIT ( .MILLI., .METRE. ) );
#778 = DIRECTION ( 'NONE',  ( 1.000000000000000000, 0.000000000000000000, 0.000000000000000000 ) ) ;
#779 = DIRECTION ( 'NONE',  ( 0.000000000000000000, -1.000000000000000000, 0.000000000000000000 ) ) ;
#780 = DIRECTION ( 'NONE',  ( -0.000000000000000000, -1.000000000000000000, -0.000000000000000000 ) ) ;
#781 = CARTESIAN_POINT ( 'NONE',  ( 1.603538301340998506, -0.2000000000000000389, 0.7891510267400499989 ) ) ;
#782 = ORIENTED_EDGE ( 'NONE', *, *, #129, .T. ) ;
#783 = CARTESIAN_POINT ( 'NONE',  ( 1.603538301340997618, 0.2000000000000000111, 0.7891510267400498879 ) ) ;
#784 = LINE ( 'NONE', #2036, #2031 ) ;
#785 = ADVANCED_FACE ( 'NONE', ( #2083 ), #1890, .T. ) ;
#786 = ORIENTED_EDGE ( 'NONE', *, *, #2234, .F. ) ;
#787 = STYLED_ITEM ( 'NONE', ( #889 ), #1685 ) ;
#788 = CARTESIAN_POINT ( 'NONE',  ( 1.971446025542499925, 0.2000000000000000111, 0.000000000000000000 ) ) ;
#789 = VECTOR ( 'NONE', #243, 1000.000000000000000 ) ;
#790 = VECTOR ( 'NONE', #2187, 1000.000000000000000 ) ;
#791 = DIRECTION ( 'NONE',  ( -1.000000000000000000, -0.000000000000000000, 0.000000000000000000 ) ) ;
#792 = CARTESIAN_POINT ( 'NONE',  ( 1.058751721674720203, 1.030111992527300346, -6.776263578034402713E-17 ) ) ;
#793 = STYLED_ITEM ( 'NONE', ( #248 ), #712 ) ;
#794 = EDGE_LOOP ( 'NONE', ( #911, #2119, #699, #471 ) ) ;
#795 = CIRCLE ( 'NONE', #223, 0.2000000000000000389 ) ;
#796 = VECTOR ( 'NONE', #2091, 1000.000000000000000 ) ;
#797 = PLANE ( 'NONE',  #41 ) ;
#798 = DIRECTION ( 'NONE',  ( 0.000000000000000000, -0.000000000000000000, -1.000000000000000000 ) ) ;
#799 = ORIENTED_EDGE ( 'NONE', *, *, #2287, .F. ) ;
#800 = CYLINDRICAL_SURFACE ( 'NONE', #557, 0.1000000000000000472 ) ;
#801 = DIRECTION ( 'NONE',  ( -0.000000000000000000, -0.000000000000000000, -1.000000000000000000 ) ) ;
#802 = ORIENTED_EDGE ( 'NONE', *, *, #2011, .F. ) ;
#803 = COLOUR_RGB ( '',0.8313725490196077761, 0.8313725490196077761, 0.8313725490196077761 ) ;
#804 = EDGE_CURVE ( 'NONE', #1547, #2024, #271, .T. ) ;
#805 = APPLICATION_CONTEXT ( 'automotive_design' ) ;
#806 = FILL_AREA_STYLE ('',( #1733 ) ) ;
#807 = LINE ( 'NONE', #1923, #2103 ) ;
#808 = ORIENTED_EDGE ( 'NONE', *, *, #129, .F. ) ;
#809 = ORIENTED_EDGE ( 'NONE', *, *, #954, .F. ) ;
#810 = LINE ( 'NONE', #90, #876 ) ;
#811 =( LENGTH_UNIT ( ) NAMED_UNIT ( * ) SI_UNIT ( .MILLI., .METRE. ) );
#812 = ORIENTED_EDGE ( 'NONE', *, *, #2025, .T. ) ;
#813 = LINE ( 'NONE', #822, #750 ) ;
#814 = DIRECTION ( 'NONE',  ( 0.000000000000000000, 0.000000000000000000, 1.000000000000000000 ) ) ;
#815 = PRODUCT_DEFINITION ( 'UNKNOWN', '', #504, #728 ) ;
#816 = DIRECTION ( 'NONE',  ( 0.7922948155072627729, 0.000000000000000000, -0.6101384476660298706 ) ) ;
#817 = CYLINDRICAL_SURFACE ( 'NONE', #605, 0.1000000000000000194 ) ;
#818 = EDGE_CURVE ( 'NONE', #651, #336, #525, .T. ) ;
#819 = FACE_OUTER_BOUND ( 'NONE', #12, .T. ) ;
#820 = ORIENTED_EDGE ( 'NONE', *, *, #2050, .T. ) ;
#821 = FACE_OUTER_BOUND ( 'NONE', #989, .T. ) ;
#822 = CARTESIAN_POINT ( 'NONE',  ( 0.1749999999999999889, 0.000000000000000000, 0.000000000000000000 ) ) ;
#823 = PRESENTATION_STYLE_ASSIGNMENT (( #1215 ) ) ;
#824 = VECTOR ( 'NONE', #671, 1000.000000000000000 ) ;
#825 =( NAMED_UNIT ( * ) SI_UNIT ( $, .STERADIAN. ) SOLID_ANGLE_UNIT ( ) );
#826 = MECHANICAL_DESIGN_GEOMETRIC_PRESENTATION_REPRESENTATION (  '', ( #1060 ), #1555 ) ;
#827 = VECTOR ( 'NONE', #1420, 1000.000000000000000 ) ;
#829 = EDGE_CURVE ( 'NONE', #1445, #976, #2105, .T. ) ;
#828 = FILL_AREA_STYLE ('',( #115 ) ) ;
#830 = VECTOR ( 'NONE', #572, 1000.000000000000000 ) ;
#831 = LINE ( 'NONE', #1365, #1476 ) ;
#832 = ORIENTED_EDGE ( 'NONE', *, *, #1109, .F. ) ;
#833 = VECTOR ( 'NONE', #743, 1000.000000000000000 ) ;
#834 = LINE ( 'NONE', #1199, #288 ) ;
#835 = DIRECTION ( 'NONE',  ( 0.000000000000000000, -0.000000000000000000, 1.000000000000000000 ) ) ;
#836 = VECTOR ( 'NONE', #920, 1000.000000000000114 ) ;
#837 = SURFACE_STYLE_FILL_AREA ( #500 ) ;
#838 = AXIS2_PLACEMENT_3D ( 'NONE', #1441, #1076, #502 ) ;
#839 = EDGE_LOOP ( 'NONE', ( #10, #1571, #1097, #433, #1726, #103 ) ) ;
#840 = AXIS2_PLACEMENT_3D ( 'NONE', #1322, #1454, #1286 ) ;
#841 =( NAMED_UNIT ( * ) PLANE_ANGLE_UNIT ( ) SI_UNIT ( $, .RADIAN. ) );
#842 = ORIENTED_EDGE ( 'NONE', *, *, #2234, .T. ) ;
#843 = PRESENTATION_STYLE_ASSIGNMENT (( #2277 ) ) ;
#844 = SURFACE_STYLE_FILL_AREA ( #1712 ) ;
#845 = VERTEX_POINT ( 'NONE', #1090 ) ;
#846 = UNCERTAINTY_MEASURE_WITH_UNIT (LENGTH_MEASURE( 1.000000000000000082E-05 ), #356, 'distance_accuracy_value', 'NONE');
#847 = ORIENTED_EDGE ( 'NONE', *, *, #1418, .F. ) ;
#848 = DIRECTION ( 'NONE',  ( 0.000000000000000000, -0.000000000000000000, -1.000000000000000000 ) ) ;
#849 = LINE ( 'NONE', #443, #2189 ) ;
#850 = ORIENTED_EDGE ( 'NONE', *, *, #1251, .T. ) ;
#851 = FILL_AREA_STYLE ('',( #1911 ) ) ;
#852 = CARTESIAN_POINT ( 'NONE',  ( -1.960435512477249898, -0.2500000000000000000, 0.8671233367417989779 ) ) ;
#853 = SURFACE_STYLE_USAGE ( .BOTH. , #283 ) ;
#854 = ADVANCED_FACE ( 'NONE', ( #149 ), #134, .T. ) ;
#855 = PRODUCT_DEFINITION_SHAPE ( 'NONE', 'NONE',  #2337 ) ;
#856 = DIRECTION ( 'NONE',  ( 0.000000000000000000, -1.000000000000000000, 0.000000000000000000 ) ) ;
#857 = DIRECTION ( 'NONE',  ( 1.000000000000000000, 0.000000000000000000, 0.000000000000000000 ) ) ;
#858 = MECHANICAL_DESIGN_GEOMETRIC_PRESENTATION_REPRESENTATION (  '', ( #2278 ), #402 ) ;
#859 = CARTESIAN_POINT ( 'NONE',  ( -1.149999999999999911, -0.2500000000000000000, 0.3648984879870940667 ) ) ;
#860 = PLANE ( 'NONE',  #451 ) ;
#861 = VERTEX_POINT ( 'NONE', #1787 ) ;
#862 = ORIENTED_EDGE ( 'NONE', *, *, #1063, .F. ) ;
#863 = PRESENTATION_LAYER_ASSIGNMENT (  '', '', ( #1171 ) ) ;
#864 = VECTOR ( 'NONE', #1579, 1000.000000000000000 ) ;
#865 =( NAMED_UNIT ( * ) PLANE_ANGLE_UNIT ( ) SI_UNIT ( $, .RADIAN. ) );
#866 = FACE_OUTER_BOUND ( 'NONE', #579, .T. ) ;
#867 = LINE ( 'NONE', #2293, #757 ) ;
#868 = MECHANICAL_DESIGN_GEOMETRIC_PRESENTATION_REPRESENTATION (  '', ( #793 ), #1136 ) ;
#869 = VECTOR ( 'NONE', #1815, 1000.000000000000000 ) ;
#870 = AXIS2_PLACEMENT_3D ( 'NONE', #80, #816, #1540 ) ;
#871 = DIRECTION ( 'NONE',  ( -0.9910418690455334856, 0.000000000000000000, 0.1335515398590960412 ) ) ;
#872 = UNCERTAINTY_MEASURE_WITH_UNIT (LENGTH_MEASURE( 1.000000000000000082E-05 ), #777, 'distance_accuracy_value', 'NONE');
#873 = COLOUR_RGB ( '',0.8313725490196077761, 0.8313725490196077761, 0.8313725490196077761 ) ;
#874 = DIRECTION ( 'NONE',  ( -0.000000000000000000, 0.1743432962099200345, 0.9846849318775321436 ) ) ;
#875 = ADVANCED_FACE ( 'NONE', ( #1415 ), #860, .F. ) ;
#876 = VECTOR ( 'NONE', #625, 1000.000000000000000 ) ;
#877 = DIRECTION ( 'NONE',  ( 1.000000000000000000, 0.000000000000000000, -0.000000000000000000 ) ) ;
#878 = ORIENTED_EDGE ( 'NONE', *, *, #2067, .F. ) ;
#879 = ORIENTED_EDGE ( 'NONE', *, *, #729, .T. ) ;
#880 = FILL_AREA_STYLE_COLOUR ( '', #1794 ) ;
#881 = LINE ( 'NONE', #208, #1884 ) ;
#882 = DIRECTION ( 'NONE',  ( 0.6101384476457817341, -0.000000000000000000, -0.7922948155228555223 ) ) ;
#883 = DIRECTION ( 'NONE',  ( 0.000000000000000000, 0.000000000000000000, -1.000000000000000000 ) ) ;
#884 = FACE_OUTER_BOUND ( 'NONE', #1650, .T. ) ;
#885 = CARTESIAN_POINT ( 'NONE',  ( 0.1750000000000000167, -1.149999999999999911, 0.000000000000000000 ) ) ;
#886 = EDGE_CURVE ( 'NONE', #1468, #400, #2118, .T. ) ;
#887 = DIRECTION ( 'NONE',  ( 0.000000000000000000, 1.000000000000000000, -0.000000000000000000 ) ) ;
#888 = ORIENTED_EDGE ( 'NONE', *, *, #1418, .T. ) ;
#889 = PRESENTATION_STYLE_ASSIGNMENT (( #320 ) ) ;
#890 = CARTESIAN_POINT ( 'NONE',  ( 1.603538301340999395, 0.000000000000000000, 0.7891510267400477785 ) ) ;
#891 = ORIENTED_EDGE ( 'NONE', *, *, #1927, .T. ) ;
#892 = FILL_AREA_STYLE ('',( #200 ) ) ;
#893 = UNCERTAINTY_MEASURE_WITH_UNIT (LENGTH_MEASURE( 1.000000000000000082E-05 ), #1313, 'distance_accuracy_value', 'NONE');
#894 = FILL_AREA_STYLE_COLOUR ( '', #1662 ) ;
#895 = LINE ( 'NONE', #1599, #34 ) ;
#896 =( LENGTH_UNIT ( ) NAMED_UNIT ( * ) SI_UNIT ( .MILLI., .METRE. ) );
#897 = VERTEX_POINT ( 'NONE', #352 ) ;
#898 = MECHANICAL_DESIGN_GEOMETRIC_PRESENTATION_REPRESENTATION (  '', ( #1508 ), #437 ) ;
#899 = ADVANCED_FACE ( 'NONE', ( #1405 ), #2158, .T. ) ;
#900 = SURFACE_SIDE_STYLE ('',( #173 ) ) ;
#901 = CARTESIAN_POINT ( 'NONE',  ( -0.1749999999999999889, 0.000000000000000000, 0.000000000000000000 ) ) ;
#902 = CIRCLE ( 'NONE', #941, 0.9000000000000000222 ) ;
#903 = MECHANICAL_DESIGN_GEOMETRIC_PRESENTATION_REPRESENTATION (  '', ( #981 ), #942 ) ;
#904 = EDGE_CURVE ( 'NONE', #1605, #1522, #2275, .T. ) ;
#906 = SURFACE_SIDE_STYLE ('',( #156 ) ) ;
#905 = AXIS2_PLACEMENT_3D ( 'NONE', #533, #2292, #541 ) ;
#907 = STYLED_ITEM ( 'NONE', ( #308 ), #899 ) ;
#908 = CIRCLE ( 'NONE', #1212, 0.2000000000000000389 ) ;
#909 =( LENGTH_UNIT ( ) NAMED_UNIT ( * ) SI_UNIT ( .MILLI., .METRE. ) );
#910 = LINE ( 'NONE', #1982, #1926 ) ;
#911 = ORIENTED_EDGE ( 'NONE', *, *, #612, .F. ) ;
#912 = DIRECTION ( 'NONE',  ( 0.000000000000000000, -0.1743432962099200345, -0.9846849318775321436 ) ) ;
#913 = DIRECTION ( 'NONE',  ( 0.000000000000000000, 1.000000000000000000, 0.000000000000000000 ) ) ;
#914 = EDGE_CURVE ( 'NONE', #2006, #266, #548, .T. ) ;
#915 = DIRECTION ( 'NONE',  ( 1.589718081720830042E-09, 0.000000000000000000, 1.000000000000000000 ) ) ;
#916 = EDGE_CURVE ( 'NONE', #2024, #995, #28, .T. ) ;
#917 = UNCERTAINTY_MEASURE_WITH_UNIT (LENGTH_MEASURE( 1.000000000000000082E-05 ), #2307, 'distance_accuracy_value', 'NONE');
#918 = CONTEXT_DEPENDENT_SHAPE_REPRESENTATION ( #634, #1422 ) ;
#919 = CARTESIAN_POINT ( 'NONE',  ( 1.100000000000000089, 1.100000000000000089, 1.600000000000000089 ) ) ;
#920 = DIRECTION ( 'NONE',  ( 0.1315418505534128035, -0.1728283607270196254, 0.9761286284508793321 ) ) ;
#921 = LINE ( 'NONE', #1301, #2145 ) ;
#922 = ORIENTED_EDGE ( 'NONE', *, *, #1749, .F. ) ;
#923 = AXIS2_PLACEMENT_3D ( 'NONE', #361, #1988, #778 ) ;
#924 = DIRECTION ( 'NONE',  ( -0.2262146621846563843, 0.1510651892346069891, -0.9622921776748443179 ) ) ;
#925 = LINE ( 'NONE', #1279, #2324 ) ;
#926 =( NAMED_UNIT ( * ) SI_UNIT ( $, .STERADIAN. ) SOLID_ANGLE_UNIT ( ) );
#927 = SHAPE_REPRESENTATION ( 'VSMY2890RGX01', ( #661, #1977, #923, #840 ), #158 ) ;
#928 = EDGE_CURVE ( 'NONE', #1394, #733, #1828, .T. ) ;
#929 = LINE ( 'NONE', #348, #949 ) ;
#930 = CARTESIAN_POINT ( 'NONE',  ( -1.911400315867270328, -0.2500000000000000000, 0.07797231046679398148 ) ) ;
#931 = LINE ( 'NONE', #1657, #1962 ) ;
#932 = ORIENTED_EDGE ( 'NONE', *, *, #2117, .F. ) ;
#933 = ORIENTED_EDGE ( 'NONE', *, *, #524, .T. ) ;
#934 = FACE_OUTER_BOUND ( 'NONE', #656, .T. ) ;
#935 = DIRECTION ( 'NONE',  ( -0.000000000000000000, -0.000000000000000000, 1.000000000000000000 ) ) ;
#936 = MECHANICAL_DESIGN_GEOMETRIC_PRESENTATION_REPRESENTATION (  '', ( #1046 ), #1989 ) ;
#937 = PRESENTATION_STYLE_ASSIGNMENT (( #210 ) ) ;
#938 = COLOUR_RGB ( '',0.8313725490196077761, 0.8313725490196077761, 0.8313725490196077761 ) ;
#939 =( LENGTH_UNIT ( ) NAMED_UNIT ( * ) SI_UNIT ( .MILLI., .METRE. ) );
#940 = DIRECTION ( 'NONE',  ( 0.000000000000000000, -0.000000000000000000, 1.000000000000000000 ) ) ;
#941 = AXIS2_PLACEMENT_3D ( 'NONE', #1102, #1634, #2305 ) ;
#942 =( GEOMETRIC_REPRESENTATION_CONTEXT ( 3 ) GLOBAL_UNCERTAINTY_ASSIGNED_CONTEXT ( ( #1271 ) ) GLOBAL_UNIT_ASSIGNED_CONTEXT ( ( #1075, #544, #1773 ) ) REPRESENTATION_CONTEXT ( 'NONE', 'WORKASPACE' ) );
#943 = UNCERTAINTY_MEASURE_WITH_UNIT (LENGTH_MEASURE( 1.000000000000000082E-05 ), #1099, 'distance_accuracy_value', 'NONE');
#944 = AXIS2_PLACEMENT_3D ( 'NONE', #334, #321, #1055 ) ;
#945 = DIRECTION ( 'NONE',  ( -0.000000000000000000, -1.000000000000000000, 0.000000000000000000 ) ) ;
#946 = EDGE_CURVE ( 'NONE', #1979, #708, #589, .T. ) ;
#947 = PRESENTATION_LAYER_ASSIGNMENT (  '', '', ( #684 ) ) ;
#948 = CARTESIAN_POINT ( 'NONE',  ( 0.9777161026055980475, -1.034949546105389695, 1.600000000000000089 ) ) ;
#949 = VECTOR ( 'NONE', #576, 1000.000000000000000 ) ;
#950 = STYLED_ITEM ( 'NONE', ( #2255 ), #2261 ) ;
#951 = CARTESIAN_POINT ( 'NONE',  ( 1.149999999999999911, 1.149999999999999911, 0.6771233367588119778 ) ) ;
#952 = EDGE_LOOP ( 'NONE', ( #1248, #1871, #1552, #1607 ) ) ;
#953 = ORIENTED_EDGE ( 'NONE', *, *, #1997, .T. ) ;
#954 = EDGE_CURVE ( 'NONE', #246, #1020, #1154, .T. ) ;
#955 = ORIENTED_EDGE ( 'NONE', *, *, #190, .T. ) ;
#956 = CARTESIAN_POINT ( 'NONE',  ( -1.149999999999999911, 1.149999999999999911, 0.6771233367588119778 ) ) ;
#957 = PRESENTATION_LAYER_ASSIGNMENT (  '', '', ( #1214 ) ) ;
#958 = FILL_AREA_STYLE ('',( #1849 ) ) ;
#959 = SHAPE_DEFINITION_REPRESENTATION ( #83, #927 ) ;
#960 = CARTESIAN_POINT ( 'NONE',  ( -2.899999999999999911, 0.000000000000000000, 0.1900000000000000022 ) ) ;
#961 = DIRECTION ( 'NONE',  ( 0.000000000000000000, -1.000000000000000000, 0.000000000000000000 ) ) ;
#962 = CARTESIAN_POINT ( 'NONE',  ( -1.100000000000000089, 0.000000000000000000, 0.8671233367417989779 ) ) ;
#963 = ORIENTED_EDGE ( 'NONE', *, *, #6, .F. ) ;
#964 = EDGE_CURVE ( 'NONE', #845, #1394, #795, .T. ) ;
#965 = DIRECTION ( 'NONE',  ( 0.6101384476660349776, 0.000000000000000000, -0.7922948155072586651 ) ) ;
#966 = ORIENTED_EDGE ( 'NONE', *, *, #1078, .T. ) ;
#967 = CARTESIAN_POINT ( 'NONE',  ( -1.245008982562990196, 0.5783029909226700127, 0.000000000000000000 ) ) ;
#968 = VERTEX_POINT ( 'NONE', #395 ) ;
#969 = DIRECTION ( 'NONE',  ( -0.1315418505534127480, 0.1728283607270219846, 0.9761286284508789990 ) ) ;
#970 = EDGE_LOOP ( 'NONE', ( #966, #1344, #1797, #1888, #1983, #953, #1084, #1679 ) ) ;
#971 = ORIENTED_EDGE ( 'NONE', *, *, #622, .T. ) ;
#972 = FACE_OUTER_BOUND ( 'NONE', #252, .T. ) ;
#973 = EDGE_CURVE ( 'NONE', #1660, #1473, #205, .T. ) ;
#974 = DIRECTION ( 'NONE',  ( 0.000000000000000000, 0.000000000000000000, -1.000000000000000000 ) ) ;
#975 = DIRECTION ( 'NONE',  ( -0.000000000000000000, -0.000000000000000000, 1.000000000000000000 ) ) ;
#976 = VERTEX_POINT ( 'NONE', #2193 ) ;
#977 = EDGE_CURVE ( 'NONE', #2056, #54, #1142, .T. ) ;
#978 = CIRCLE ( 'NONE', #1423, 0.1000000000000000194 ) ;
#979 = ORIENTED_EDGE ( 'NONE', *, *, #2220, .T. ) ;
#980 = VECTOR ( 'NONE', #2151, 1000.000000000000000 ) ;
#981 = STYLED_ITEM ( 'NONE', ( #1062 ), #141 ) ;
#982 = PRESENTATION_STYLE_ASSIGNMENT (( #285 ) ) ;
#983 = PRESENTATION_LAYER_ASSIGNMENT (  '', '', ( #793 ) ) ;
#984 = ORIENTED_EDGE ( 'NONE', *, *, #1140, .T. ) ;
#985 = MECHANICAL_DESIGN_GEOMETRIC_PRESENTATION_REPRESENTATION (  '', ( #684 ), #1284 ) ;
#986 = CIRCLE ( 'NONE', #1285, 0.9005172413793103292 ) ;
#987 = SURFACE_STYLE_FILL_AREA ( #1661 ) ;
#988 = CARTESIAN_POINT ( 'NONE',  ( 1.149999999999999911, -1.100000000000000311, 0.8671233367417989779 ) ) ;
#989 = EDGE_LOOP ( 'NONE', ( #1484, #1243, #595, #2159 ) ) ;
#990 = DIRECTION ( 'NONE',  ( 0.000000000000000000, 1.000000000000000000, 0.000000000000000000 ) ) ;
#991 = LINE ( 'NONE', #1200, #2248 ) ;
#992 = AXIS2_PLACEMENT_3D ( 'NONE', #469, #1899, #1196 ) ;
#993 = EDGE_CURVE ( 'NONE', #1767, #1341, #921, .T. ) ;
#994 = SHAPE_REPRESENTATION ( '1', ( #1331 ), #1024 ) ;
#995 = VERTEX_POINT ( 'NONE', #1467 ) ;
#996 =( NAMED_UNIT ( * ) PLANE_ANGLE_UNIT ( ) SI_UNIT ( $, .RADIAN. ) );
#997 = DIRECTION ( 'NONE',  ( -0.000000000000000000, 0.000000000000000000, -1.000000000000000000 ) ) ;
#998 = ORIENTED_EDGE ( 'NONE', *, *, #59, .F. ) ;
#999 = CARTESIAN_POINT ( 'NONE',  ( -1.100000000000000089, -1.100000000000000089, 1.079817812064830074 ) ) ;
#1000 = ORIENTED_EDGE ( 'NONE', *, *, #419, .F. ) ;
#1001 = DIRECTION ( 'NONE',  ( -0.000000000000000000, -0.000000000000000000, 1.000000000000000000 ) ) ;
#1002 = FACE_OUTER_BOUND ( 'NONE', #235, .T. ) ;
#1003 = EDGE_CURVE ( 'NONE', #1720, #708, #1993, .T. ) ;
#1004 = CARTESIAN_POINT ( 'NONE',  ( 1.149999999999999911, -0.2000000000000000111, 0.6771233367588117558 ) ) ;
#1005 = SURFACE_STYLE_USAGE ( .BOTH. , #1705 ) ;
#1006 = PLANE ( 'NONE',  #377 ) ;
#1007 = CARTESIAN_POINT ( 'NONE',  ( -1.088444694875950081, 0.000000000000000000, 0.6771233366439429746 ) ) ;
#1008 = EDGE_LOOP ( 'NONE', ( #1746, #1306, #428, #1715 ) ) ;
#1009 =( LENGTH_UNIT ( ) NAMED_UNIT ( * ) SI_UNIT ( .MILLI., .METRE. ) );
#1010 = LINE ( 'NONE', #1772, #827 ) ;
#1011 = LINE ( 'NONE', #611, #2098 ) ;
#1012 = ORIENTED_EDGE ( 'NONE', *, *, #215, .F. ) ;
#1013 = LINE ( 'NONE', #1731, #521 ) ;
#1014 = UNCERTAINTY_MEASURE_WITH_UNIT (LENGTH_MEASURE( 1.000000000000000082E-05 ), #389, 'distance_accuracy_value', 'NONE');
#1015 = VECTOR ( 'NONE', #877, 1000.000000000000000 ) ;
#1016 = LINE ( 'NONE', #792, #1100 ) ;
#1017 = COLOUR_RGB ( '',0.9607843137254902244, 0.9607843137254902244, 0.9607843137254902244 ) ;
#1018 = AXIS2_PLACEMENT_3D ( 'NONE', #594, #240, #51 ) ;
#1019 = VECTOR ( 'NONE', #1588, 1000.000000000000000 ) ;
#1020 = VERTEX_POINT ( 'NONE', #1864 ) ;
#1021 =( NAMED_UNIT ( * ) SI_UNIT ( $, .STERADIAN. ) SOLID_ANGLE_UNIT ( ) );
#1022 =( NAMED_UNIT ( * ) SI_UNIT ( $, .STERADIAN. ) SOLID_ANGLE_UNIT ( ) );
#1023 = CARTESIAN_POINT ( 'NONE',  ( 1.149999999999999911, -0.2000000000000000111, 0.8671233370545275987 ) ) ;
#1024 =( GEOMETRIC_REPRESENTATION_CONTEXT ( 3 ) GLOBAL_UNCERTAINTY_ASSIGNED_CONTEXT ( ( #1632 ) ) GLOBAL_UNIT_ASSIGNED_CONTEXT ( ( #1609, #1263, #2295 ) ) REPRESENTATION_CONTEXT ( 'NONE', 'WORKASPACE' ) );
#1025 = CARTESIAN_POINT ( 'NONE',  ( -2.069859278968719796, 0.2500000000000000000, 0.2000000000000000111 ) ) ;
#1026 = FILL_AREA_STYLE ('',( #2065 ) ) ;
#1027 = VERTEX_POINT ( 'NONE', #781 ) ;
#1028 = EDGE_CURVE ( 'NONE', #354, #206, #2199, .T. ) ;
#1029 = SURFACE_STYLE_FILL_AREA ( #1756 ) ;
#1030 = CARTESIAN_POINT ( 'NONE',  ( 1.060836054773560244, -0.2000000000000000111, 0.8671233372108919646 ) ) ;
#1031 = DIRECTION ( 'NONE',  ( 0.000000000000000000, -0.000000000000000000, -1.000000000000000000 ) ) ;
#1032 = DIRECTION ( 'NONE',  ( -0.6101384476457789585, 0.000000000000000000, 0.7922948155228576317 ) ) ;
#1033 =( GEOMETRIC_REPRESENTATION_CONTEXT ( 3 ) GLOBAL_UNCERTAINTY_ASSIGNED_CONTEXT ( ( #4 ) ) GLOBAL_UNIT_ASSIGNED_CONTEXT ( ( #1959, #1064, #705 ) ) REPRESENTATION_CONTEXT ( 'NONE', 'WORKASPACE' ) );
#1034 = FACE_OUTER_BOUND ( 'NONE', #1514, .T. ) ;
#1035 = DIRECTION ( 'NONE',  ( 0.000000000000000000, -0.1743432962099164263, -0.9846849318775326987 ) ) ;
#1036 = EDGE_LOOP ( 'NONE', ( #2311, #704, #89, #2246 ) ) ;
#1037 = ORIENTED_EDGE ( 'NONE', *, *, #453, .T. ) ;
#1038 =( GEOMETRIC_REPRESENTATION_CONTEXT ( 3 ) GLOBAL_UNCERTAINTY_ASSIGNED_CONTEXT ( ( #917 ) ) GLOBAL_UNIT_ASSIGNED_CONTEXT ( ( #2307, #159, #305 ) ) REPRESENTATION_CONTEXT ( 'NONE', 'WORKASPACE' ) );
#1039 = DIRECTION ( 'NONE',  ( 0.000000000000000000, 0.000000000000000000, 1.000000000000000000 ) ) ;
#1040 = EDGE_CURVE ( 'NONE', #1462, #2179, #1457, .T. ) ;
#1041 = CARTESIAN_POINT ( 'NONE',  ( 2.034915761435940329, 0.2000000000000000944, 0.2289861551680472673 ) ) ;
#1042 = PRODUCT_DEFINITION_SHAPE ( 'NONE', 'NONE',  #448 ) ;
#1043 = DIRECTION ( 'NONE',  ( -0.000000000000000000, -1.000000000000000000, 0.000000000000000000 ) ) ;
#1044 = EDGE_CURVE ( 'NONE', #430, #861, #1289, .T. ) ;
#1045 = SHAPE_REPRESENTATION_RELATIONSHIP ( 'NONE' , 'NONE' ,  #2110, #663 ) ;
#1046 = STYLED_ITEM ( 'NONE', ( #937 ), #1560 ) ;
#1047 = CLOSED_SHELL ( 'NONE', ( #2078, #465, #1192, #249, #1465 ) ) ;
#1048 = CARTESIAN_POINT ( 'NONE',  ( -1.100000000000000089, 1.100000000000000089, 1.185625627888569955 ) ) ;
#1049 = MECHANICAL_DESIGN_GEOMETRIC_PRESENTATION_REPRESENTATION (  '', ( #1624 ), #1355 ) ;
#1050 = VERTEX_POINT ( 'NONE', #1113 ) ;
#1051 = VERTEX_POINT ( 'NONE', #126 ) ;
#1052 = AXIS2_PLACEMENT_3D ( 'NONE', #1281, #345, #1434 ) ;
#1053 = VECTOR ( 'NONE', #1382, 1000.000000000000000 ) ;
#1054 =( NAMED_UNIT ( * ) PLANE_ANGLE_UNIT ( ) SI_UNIT ( $, .RADIAN. ) );
#1055 = DIRECTION ( 'NONE',  ( 1.000000000000000000, -1.224646799147353207E-16, 0.000000000000000000 ) ) ;
#1056 = ORIENTED_EDGE ( 'NONE', *, *, #1165, .T. ) ;
#1057 =( NAMED_UNIT ( * ) PLANE_ANGLE_UNIT ( ) SI_UNIT ( $, .RADIAN. ) );
#1058 =( GEOMETRIC_REPRESENTATION_CONTEXT ( 3 ) GLOBAL_UNCERTAINTY_ASSIGNED_CONTEXT ( ( #131 ) ) GLOBAL_UNIT_ASSIGNED_CONTEXT ( ( #2310, #698, #707 ) ) REPRESENTATION_CONTEXT ( 'NONE', 'WORKASPACE' ) );
#1059 = EDGE_CURVE ( 'NONE', #1280, #2163, #45, .T. ) ;
#1060 = STYLED_ITEM ( 'NONE', ( #1784 ), #1274 ) ;
#1061 = VECTOR ( 'NONE', #2026, 1000.000000000000000 ) ;
#1062 = PRESENTATION_STYLE_ASSIGNMENT (( #717 ) ) ;
#1063 = EDGE_CURVE ( 'NONE', #573, #1809, #368, .T. ) ;
#1064 =( NAMED_UNIT ( * ) PLANE_ANGLE_UNIT ( ) SI_UNIT ( $, .RADIAN. ) );
#1065 = DIRECTION ( 'NONE',  ( -0.000000000000000000, 1.000000000000000000, -0.000000000000000000 ) ) ;
#1066 = DIRECTION ( 'NONE',  ( 0.000000000000000000, -1.000000000000000000, -0.000000000000000000 ) ) ;
#1067 = ORIENTED_EDGE ( 'NONE', *, *, #62, .F. ) ;
#1068 = DIRECTION ( 'NONE',  ( 0.000000000000000000, 0.000000000000000000, 1.000000000000000000 ) ) ;
#1069 = ORIENTED_EDGE ( 'NONE', *, *, #1404, .F. ) ;
#1070 = SHAPE_REPRESENTATION ( '3', ( #1331 ), #1033 ) ;
#1071 = PRODUCT ( '1', '1', '', ( #545 ) ) ;
#1072 = SURFACE_STYLE_FILL_AREA ( #1966 ) ;
#1073 = LINE ( 'NONE', #901, #1135 ) ;
#1074 = CARTESIAN_POINT ( 'NONE',  ( 2.899999999999999911, 0.2000000000000000111, 0.1900000000000000022 ) ) ;
#1075 =( LENGTH_UNIT ( ) NAMED_UNIT ( * ) SI_UNIT ( .MILLI., .METRE. ) );
#1076 = DIRECTION ( 'NONE',  ( 0.000000000000000000, 0.9879010681615291167, -0.1550853943003980551 ) ) ;
#1077 = FILL_AREA_STYLE ('',( #1774 ) ) ;
#1078 = EDGE_CURVE ( 'NONE', #2210, #14, #567, .T. ) ;
#1079 = DIRECTION ( 'NONE',  ( 0.000000000000000000, 0.000000000000000000, 1.000000000000000000 ) ) ;
#1080 = SURFACE_SIDE_STYLE ('',( #1258 ) ) ;
#1081 = EDGE_LOOP ( 'NONE', ( #75, #2028, #2200, #2012 ) ) ;
#1082 = DIRECTION ( 'NONE',  ( 0.000000000000000000, 0.000000000000000000, 1.000000000000000000 ) ) ;
#1083 = PLANE ( 'NONE',  #1992 ) ;
#1084 = ORIENTED_EDGE ( 'NONE', *, *, #1059, .T. ) ;
#1085 = DIRECTION ( 'NONE',  ( 0.000000000000000000, -0.000000000000000000, 1.000000000000000000 ) ) ;
#1086 = UNCERTAINTY_MEASURE_WITH_UNIT (LENGTH_MEASURE( 1.000000000000000082E-05 ), #473, 'distance_accuracy_value', 'NONE');
#1087 = PLANE ( 'NONE',  #1144 ) ;
#1089 = EDGE_CURVE ( 'NONE', #488, #1163, #931, .T. ) ;
#1088 = CARTESIAN_POINT ( 'NONE',  ( -1.960435512477249898, 0.2500000000000000000, 0.1900000000000000022 ) ) ;
#1090 = CARTESIAN_POINT ( 'NONE',  ( -1.603538301340995842, 0.2500000000000000000, 0.7891510267400480005 ) ) ;
#1091 = ORIENTED_EDGE ( 'NONE', *, *, #1584, .T. ) ;
#1093 = EDGE_CURVE ( 'NONE', #1963, #1050, #772, .T. ) ;
#1092 = PLANE ( 'NONE',  #610 ) ;
#1094 = CLOSED_SHELL ( 'NONE', ( #1867, #1685, #854, #276, #1292, #2261, #496, #785, #287, #86, #1482, #1643, #1168, #1741 ) ) ;
#1095 = FACE_OUTER_BOUND ( 'NONE', #1370, .T. ) ;
#1096 = CIRCLE ( 'NONE', #1475, 0.1000000000000000194 ) ;
#1097 = ORIENTED_EDGE ( 'NONE', *, *, #2175, .F. ) ;
#1099 =( LENGTH_UNIT ( ) NAMED_UNIT ( * ) SI_UNIT ( .MILLI., .METRE. ) );
#1098 = VECTOR ( 'NONE', #48, 1000.000000000000000 ) ;
#1100 = VECTOR ( 'NONE', #67, 1000.000000000000000 ) ;
#1101 = VECTOR ( 'NONE', #204, 1000.000000000000000 ) ;
#1102 = CARTESIAN_POINT ( 'NONE',  ( 0.000000000000000000, 0.000000000000000000, 0.000000000000000000 ) ) ;
#1103 = CARTESIAN_POINT ( 'NONE',  ( -1.149999999999999911, 1.149999999999999911, 0.8671233367417989779 ) ) ;
#1104 = DIRECTION ( 'NONE',  ( -0.6101384476660348666, 0.000000000000000000, -0.7922948155072587761 ) ) ;
#1105 = ORIENTED_EDGE ( 'NONE', *, *, #1469, .F. ) ;
#1106 = LINE ( 'NONE', #1408, #1480 ) ;
#1107 = LINE ( 'NONE', #58, #409 ) ;
#1108 = CARTESIAN_POINT ( 'NONE',  ( -0.1750000000000000167, -1.149999999999999911, 0.6771233367588119778 ) ) ;
#1109 = EDGE_CURVE ( 'NONE', #1767, #897, #1855, .T. ) ;
#1110 = DIRECTION ( 'NONE',  ( 0.000000000000000000, -1.000000000000000000, -0.000000000000000000 ) ) ;
#1111 = SURFACE_SIDE_STYLE ('',( #2190 ) ) ;
#1112 = CARTESIAN_POINT ( 'NONE',  ( 0.000000000000000000, -1.100000000000000089, 0.8671233367417989779 ) ) ;
#1113 = CARTESIAN_POINT ( 'NONE',  ( -0.1750000000000000167, -1.030111992527299680, 1.355252715606880543E-17 ) ) ;
#1114 = ORIENTED_EDGE ( 'NONE', *, *, #1233, .T. ) ;
#1115 = ORIENTED_EDGE ( 'NONE', *, *, #2296, .F. ) ;
#1116 = PLANE ( 'NONE',  #2250 ) ;
#1117 = FACE_OUTER_BOUND ( 'NONE', #1036, .T. ) ;
#1118 = DIRECTION ( 'NONE',  ( 0.000000000000000000, 0.000000000000000000, 1.000000000000000000 ) ) ;
#1119 = ADVANCED_FACE ( 'NONE', ( #113 ), #1692, .T. ) ;
#1120 = FACE_OUTER_BOUND ( 'NONE', #794, .T. ) ;
#1121 = VERTEX_POINT ( 'NONE', #1873 ) ;
#1122 = SHAPE_REPRESENTATION_RELATIONSHIP ( 'NONE' , 'NONE' ,  #1070, #715 ) ;
#1123 = ADVANCED_FACE ( 'NONE', ( #2073 ), #457, .T. ) ;
#1124 = FILL_AREA_STYLE ('',( #1677 ) ) ;
#1125 = DIRECTION ( 'NONE',  ( 0.7496050883344091975, 0.6618853462218081685, 0.000000000000000000 ) ) ;
#1126 = CARTESIAN_POINT ( 'NONE',  ( 1.075126806734629792, 1.100000000000000089, 1.185625627888569955 ) ) ;
#1127 = ORIENTED_EDGE ( 'NONE', *, *, #726, .F. ) ;
#1128 = DIRECTION ( 'NONE',  ( 0.000000000000000000, 0.000000000000000000, 1.000000000000000000 ) ) ;
#1129 = AXIS2_PLACEMENT_3D ( 'NONE', #1697, #426, #585 ) ;
#1130 = AXIS2_PLACEMENT_3D ( 'NONE', #2164, #2334, #883 ) ;
#1131 = SURFACE_SIDE_STYLE ('',( #399 ) ) ;
#1132 = ORIENTED_EDGE ( 'NONE', *, *, #1157, .T. ) ;
#1133 = DIRECTION ( 'NONE',  ( -1.000000000000000000, -0.000000000000000000, 0.000000000000000000 ) ) ;
#1134 = CIRCLE ( 'NONE', #2329, 0.2000000000000000111 ) ;
#1135 = VECTOR ( 'NONE', #153, 1000.000000000000000 ) ;
#1136 =( GEOMETRIC_REPRESENTATION_CONTEXT ( 3 ) GLOBAL_UNCERTAINTY_ASSIGNED_CONTEXT ( ( #1562 ) ) GLOBAL_UNIT_ASSIGNED_CONTEXT ( ( #655, #1546, #1374 ) ) REPRESENTATION_CONTEXT ( 'NONE', 'WORKASPACE' ) );
#1137 = CARTESIAN_POINT ( 'NONE',  ( 0.000000000000000000, 0.000000000000000000, 0.000000000000000000 ) ) ;
#1138 = LINE ( 'NONE', #960, #328 ) ;
#1139 = VECTOR ( 'NONE', #422, 1000.000000000000000 ) ;
#1140 = EDGE_CURVE ( 'NONE', #1417, #609, #565, .T. ) ;
#1141 = AXIS2_PLACEMENT_3D ( 'NONE', #1913, #1904, #119 ) ;
#1142 = LINE ( 'NONE', #1126, #869 ) ;
#1143 = VERTEX_POINT ( 'NONE', #1734 ) ;
#1144 = AXIS2_PLACEMENT_3D ( 'NONE', #168, #2114, #1228 ) ;
#1145 = CARTESIAN_POINT ( 'NONE',  ( -1.960435512477249898, 0.2500000000000000000, 0.6771233367588119778 ) ) ;
#1146 = MECHANICAL_DESIGN_GEOMETRIC_PRESENTATION_REPRESENTATION (  '', ( #455 ), #766 ) ;
#1147 = VERTEX_POINT ( 'NONE', #1206 ) ;
#1148 =( NAMED_UNIT ( * ) PLANE_ANGLE_UNIT ( ) SI_UNIT ( $, .RADIAN. ) );
#1149 = ORIENTED_EDGE ( 'NONE', *, *, #299, .F. ) ;
#1150 = SHAPE_DEFINITION_REPRESENTATION ( #1543, #2110 ) ;
#1151 =( NAMED_UNIT ( * ) PLANE_ANGLE_UNIT ( ) SI_UNIT ( $, .RADIAN. ) );
#1152 = DIRECTION ( 'NONE',  ( 0.000000000000000000, 0.1550853943003980273, -0.9879010681615290057 ) ) ;
#1153 = EDGE_CURVE ( 'NONE', #229, #2328, #807, .T. ) ;
#1154 = LINE ( 'NONE', #1311, #365 ) ;
#1155 = ORIENTED_EDGE ( 'NONE', *, *, #1541, .T. ) ;
#1156 = CARTESIAN_POINT ( 'NONE',  ( 1.445079337918480089, 0.000000000000000000, 0.8671233372108917425 ) ) ;
#1157 = EDGE_CURVE ( 'NONE', #1819, #2328, #1016, .T. ) ;
#1158 = LINE ( 'NONE', #398, #1174 ) ;
#1159 = EDGE_LOOP ( 'NONE', ( #1739, #1759, #812 ) ) ;
#1160 = CARTESIAN_POINT ( 'NONE',  ( 1.149999999999999911, -1.149999999999999911, 0.8671233367417989779 ) ) ;
#1161 = CARTESIAN_POINT ( 'NONE',  ( 1.060836054773560244, -0.2000000000000000111, 0.1899999999999999467 ) ) ;
#1162 = CARTESIAN_POINT ( 'NONE',  ( -1.085703466909810233, 1.065522973352911018, 0.1999999999999998168 ) ) ;
#1163 = VERTEX_POINT ( 'NONE', #1162 ) ;
#1164 = ORIENTED_EDGE ( 'NONE', *, *, #1063, .T. ) ;
#1165 = EDGE_CURVE ( 'NONE', #2168, #1051, #286, .T. ) ;
#1166 = FACE_BOUND ( 'NONE', #491, .T. ) ;
#1167 = VERTEX_POINT ( 'NONE', #1186 ) ;
#1168 = ADVANCED_FACE ( 'NONE', ( #1714 ), #817, .F. ) ;
#1169 = AXIS2_PLACEMENT_3D ( 'NONE', #1941, #1740, #2085 ) ;
#1170 = VERTEX_POINT ( 'NONE', #2264 ) ;
#1171 = STYLED_ITEM ( 'NONE', ( #1461 ), #1532 ) ;
#1172 = CIRCLE ( 'NONE', #1551, 0.1999999999999999833 ) ;
#1173 = LINE ( 'NONE', #1887, #449 ) ;
#1174 = VECTOR ( 'NONE', #965, 1000.000000000000227 ) ;
#1175 = ORIENTED_EDGE ( 'NONE', *, *, #1182, .F. ) ;
#1176 = ORIENTED_EDGE ( 'NONE', *, *, #1153, .F. ) ;
#1177 = MECHANICAL_DESIGN_GEOMETRIC_PRESENTATION_REPRESENTATION (  '', ( #907 ), #1247 ) ;
#1178 = FACE_OUTER_BOUND ( 'NONE', #163, .T. ) ;
#1179 = EDGE_LOOP ( 'NONE', ( #66, #2219, #2160 ) ) ;
#1180 = PLANE ( 'NONE',  #1315 ) ;
#1181 = VECTOR ( 'NONE', #1614, 1000.000000000000000 ) ;
#1182 = EDGE_CURVE ( 'NONE', #1163, #14, #1380, .T. ) ;
#1183 = PRESENTATION_LAYER_ASSIGNMENT (  '', '', ( #1527 ) ) ;
#1184 = SURFACE_SIDE_STYLE ('',( #296 ) ) ;
#1185 = DIRECTION ( 'NONE',  ( 0.000000000000000000, 0.000000000000000000, 1.000000000000000000 ) ) ;
#1186 = CARTESIAN_POINT ( 'NONE',  ( -0.9000000000000000222, 1.102182119232617788E-16, -0.2999999999999999334 ) ) ;
#1187 = DIRECTION ( 'NONE',  ( 1.000000000000000000, 0.000000000000000000, -0.000000000000000000 ) ) ;
#1188 = ORIENTED_EDGE ( 'NONE', *, *, #993, .T. ) ;
#1189 =( NAMED_UNIT ( * ) SI_UNIT ( $, .STERADIAN. ) SOLID_ANGLE_UNIT ( ) );
#1190 = CARTESIAN_POINT ( 'NONE',  ( 1.911400315867268551, 0.000000000000000000, 0.07797231046679271860 ) ) ;
#1191 = SURFACE_STYLE_FILL_AREA ( #63 ) ;
#1192 = ADVANCED_FACE ( 'NONE', ( #623 ), #1348, .T. ) ;
#1193 = EDGE_CURVE ( 'NONE', #2289, #1536, #1173, .T. ) ;
#1194 = LINE ( 'NONE', #2142, #2186 ) ;
#1195 = ORIENTED_EDGE ( 'NONE', *, *, #475, .T. ) ;
#1196 = DIRECTION ( 'NONE',  ( 0.000000000000000000, 0.000000000000000000, 1.000000000000000000 ) ) ;
#1197 = DIRECTION ( 'NONE',  ( -1.866102676384489851E-09, 0.000000000000000000, -1.000000000000000000 ) ) ;
#1198 = VERTEX_POINT ( 'NONE', #1898 ) ;
#1199 = CARTESIAN_POINT ( 'NONE',  ( -2.899999999999999911, -0.2500000000000000000, 0.000000000000000000 ) ) ;
#1200 = CARTESIAN_POINT ( 'NONE',  ( -2.114145242988219930, 0.000000000000000000, 0.1899999999326230093 ) ) ;
#1201 = LINE ( 'NONE', #1399, #2211 ) ;
#1202 = ORIENTED_EDGE ( 'NONE', *, *, #804, .F. ) ;
#1203 = ORIENTED_EDGE ( 'NONE', *, *, #1320, .T. ) ;
#1204 = MECHANICAL_DESIGN_GEOMETRIC_PRESENTATION_REPRESENTATION (  '', ( #1387 ), #358 ) ;
#1205 = SURFACE_STYLE_FILL_AREA ( #1371 ) ;
#1206 = CARTESIAN_POINT ( 'NONE',  ( 0.9000000000000000222, 0.000000000000000000, 0.000000000000000000 ) ) ;
#1207 = EDGE_CURVE ( 'NONE', #1720, #1547, #306, .T. ) ;
#1208 = VECTOR ( 'NONE', #1826, 1000.000000000000000 ) ;
#1209 = AXIS2_PLACEMENT_3D ( 'NONE', #1975, #1640, #175 ) ;
#1210 = ORIENTED_EDGE ( 'NONE', *, *, #1642, .T. ) ;
#1211 = VECTOR ( 'NONE', #1328, 1000.000000000000000 ) ;
#1212 = AXIS2_PLACEMENT_3D ( 'NONE', #364, #961, #1326 ) ;
#1213 = CARTESIAN_POINT ( 'NONE',  ( 0.1750000000000000167, 1.150000000000000577, 0.6771233367588118668 ) ) ;
#1214 = STYLED_ITEM ( 'NONE', ( #384 ), #1760 ) ;
#1215 = SURFACE_STYLE_USAGE ( .BOTH. , #1184 ) ;
#1216 = LINE ( 'NONE', #1960, #1327 ) ;
#1218 = EDGE_CURVE ( 'NONE', #1020, #1121, #1216, .T. ) ;
#1217 = DIRECTION ( 'NONE',  ( 1.000000000000000000, 0.000000000000000000, 1.866102676384489851E-09 ) ) ;
#1219 = DIRECTION ( 'NONE',  ( -1.000000000000000000, 0.000000000000000000, 0.000000000000000000 ) ) ;
#1220 = ORIENTED_EDGE ( 'NONE', *, *, #551, .F. ) ;
#1221 = ORIENTED_EDGE ( 'NONE', *, *, #299, .T. ) ;
#1223 = EDGE_CURVE ( 'NONE', #1605, #2210, #695, .T. ) ;
#1222 = PLANE ( 'NONE',  #1727 ) ;
#1224 = CARTESIAN_POINT ( 'NONE',  ( 1.445079338236419986, -0.2000000000000000111, 0.6671233372108921200 ) ) ;
#1225 = PRESENTATION_STYLE_ASSIGNMENT (( #486 ) ) ;
#1226 = UNCERTAINTY_MEASURE_WITH_UNIT (LENGTH_MEASURE( 1.000000000000000082E-05 ), #307, 'distance_accuracy_value', 'NONE');
#1227 = PRODUCT_DEFINITION_FORMATION_WITH_SPECIFIED_SOURCE ( 'ANY', '', #1724, .NOT_KNOWN. ) ;
#1228 = DIRECTION ( 'NONE',  ( -0.2288408853237000884, 0.000000000000000000, 0.9734638407276693384 ) ) ;
#1229 = EDGE_LOOP ( 'NONE', ( #1283, #461, #1458, #1155, #2066, #1342, #1188, #1856, #1334, #1114, #1037, #2092 ) ) ;
#1230 = PLANE ( 'NONE',  #718 ) ;
#1231 =( NAMED_UNIT ( * ) SI_UNIT ( $, .STERADIAN. ) SOLID_ANGLE_UNIT ( ) );
#1232 = ORIENTED_EDGE ( 'NONE', *, *, #1404, .T. ) ;
#1233 = EDGE_CURVE ( 'NONE', #651, #1687, #2285, .T. ) ;
#1234 = CARTESIAN_POINT ( 'NONE',  ( -1.149999999999999911, 1.014406564167219971, -0.08870371841675260549 ) ) ;
#1235 = CARTESIAN_POINT ( 'NONE',  ( 0.9000000000000000222, 0.000000000000000000, -0.2999999999999999334 ) ) ;
#1236 = PLANE ( 'NONE',  #444 ) ;
#1237 = EDGE_CURVE ( 'NONE', #1809, #2045, #516, .T. ) ;
#1238 = PRODUCT ( '3', '3', '', ( #596 ) ) ;
#1239 = APPLICATION_CONTEXT ( 'automotive_design' ) ;
#1240 = CARTESIAN_POINT ( 'NONE',  ( -1.911400315867268551, 0.000000000000000000, 0.07797231046679263533 ) ) ;
#1241 = CARTESIAN_POINT ( 'NONE',  ( -1.971446025542499925, 0.000000000000000000, 0.000000000000000000 ) ) ;
#1242 = MECHANICAL_DESIGN_GEOMETRIC_PRESENTATION_REPRESENTATION (  '', ( #714 ), #2173 ) ;
#1243 = ORIENTED_EDGE ( 'NONE', *, *, #993, .F. ) ;
#1244 = PRESENTATION_LAYER_ASSIGNMENT (  '', '', ( #1664 ) ) ;
#1245 = DIRECTION ( 'NONE',  ( 0.000000000000000000, -0.9846849318775321436, 0.1743432962099200345 ) ) ;
#1246 = DIRECTION ( 'NONE',  ( 1.000000000000000000, 0.000000000000000000, 0.000000000000000000 ) ) ;
#1247 =( GEOMETRIC_REPRESENTATION_CONTEXT ( 3 ) GLOBAL_UNCERTAINTY_ASSIGNED_CONTEXT ( ( #111 ) ) GLOBAL_UNIT_ASSIGNED_CONTEXT ( ( #896, #1600, #1231 ) ) REPRESENTATION_CONTEXT ( 'NONE', 'WORKASPACE' ) );
#1248 = ORIENTED_EDGE ( 'NONE', *, *, #1969, .F. ) ;
#1249 = MECHANICAL_DESIGN_GEOMETRIC_PRESENTATION_REPRESENTATION (  '', ( #2321 ), #1917 ) ;
#1250 = COLOUR_RGB ( '',0.8313725490196077761, 0.8313725490196077761, 0.8313725490196077761 ) ;
#1251 = EDGE_CURVE ( 'NONE', #1293, #2019, #1610, .T. ) ;
#1252 = CARTESIAN_POINT ( 'NONE',  ( -1.543492591545339909, 0.000000000000000000, 0.8671233373673410405 ) ) ;
#1253 = UNCERTAINTY_MEASURE_WITH_UNIT (LENGTH_MEASURE( 1.000000000000000082E-05 ), #1009, 'distance_accuracy_value', 'NONE');
#1254 = VECTOR ( 'NONE', #1946, 1000.000000000000000 ) ;
#1255 =( GEOMETRIC_REPRESENTATION_CONTEXT ( 3 ) GLOBAL_UNCERTAINTY_ASSIGNED_CONTEXT ( ( #1933 ) ) GLOBAL_UNIT_ASSIGNED_CONTEXT ( ( #257, #236, #764 ) ) REPRESENTATION_CONTEXT ( 'NONE', 'WORKASPACE' ) );
#1256 = CYLINDRICAL_SURFACE ( 'NONE', #638, 0.2000000000000000111 ) ;
#1257 = LINE ( 'NONE', #2144, #2330 ) ;
#1258 = SURFACE_STYLE_FILL_AREA ( #1937 ) ;
#1259 = ORIENTED_EDGE ( 'NONE', *, *, #1969, .T. ) ;
#1260 =( NAMED_UNIT ( * ) PLANE_ANGLE_UNIT ( ) SI_UNIT ( $, .RADIAN. ) );
#1261 =( NAMED_UNIT ( * ) SI_UNIT ( $, .STERADIAN. ) SOLID_ANGLE_UNIT ( ) );
#1262 = FILL_AREA_STYLE ('',( #660 ) ) ;
#1263 =( NAMED_UNIT ( * ) PLANE_ANGLE_UNIT ( ) SI_UNIT ( $, .RADIAN. ) );
#1264 =( LENGTH_UNIT ( ) NAMED_UNIT ( * ) SI_UNIT ( .MILLI., .METRE. ) );
#1265 = ORIENTED_EDGE ( 'NONE', *, *, #1984, .T. ) ;
#1266 = EDGE_CURVE ( 'NONE', #1809, #1660, #1134, .T. ) ;
#1267 = DIRECTION ( 'NONE',  ( -0.000000000000000000, 0.000000000000000000, 1.000000000000000000 ) ) ;
#1268 = CARTESIAN_POINT ( 'NONE',  ( -2.899999999999999911, 0.000000000000000000, 0.000000000000000000 ) ) ;
#1269 = ORIENTED_EDGE ( 'NONE', *, *, #2067, .T. ) ;
#1270 = ORIENTED_EDGE ( 'NONE', *, *, #1237, .F. ) ;
#1271 = UNCERTAINTY_MEASURE_WITH_UNIT (LENGTH_MEASURE( 1.000000000000000082E-05 ), #1075, 'distance_accuracy_value', 'NONE');
#1272 = LINE ( 'NONE', #1837, #1438 ) ;
#1273 = CARTESIAN_POINT ( 'NONE',  ( -2.899999999999999911, 0.2500000000000000000, 0.1899999999999999745 ) ) ;
#1274 = ADVANCED_FACE ( 'NONE', ( #1034 ), #688, .T. ) ;
#1275 = CARTESIAN_POINT ( 'NONE',  ( 1.100000000000000089, 0.000000000000000000, 0.8671233367417989779 ) ) ;
#1276 = EDGE_LOOP ( 'NONE', ( #1346, #1695, #375, #1220 ) ) ;
#1277 = PRESENTATION_LAYER_ASSIGNMENT (  '', '', ( #1046 ) ) ;
#1278 = DIRECTION ( 'NONE',  ( 0.000000000000000000, 0.000000000000000000, 1.000000000000000000 ) ) ;
#1279 = CARTESIAN_POINT ( 'NONE',  ( -0.9000000000000000222, 1.102182119232617788E-16, 0.000000000000000000 ) ) ;
#1280 = VERTEX_POINT ( 'NONE', #526 ) ;
#1281 = CARTESIAN_POINT ( 'NONE',  ( -1.445079338236419986, 0.000000000000000000, 0.6671233372108921200 ) ) ;
#1282 = VECTOR ( 'NONE', #1498, 1000.000000000000000 ) ;
#1283 = ORIENTED_EDGE ( 'NONE', *, *, #190, .F. ) ;
#1284 =( GEOMETRIC_REPRESENTATION_CONTEXT ( 3 ) GLOBAL_UNCERTAINTY_ASSIGNED_CONTEXT ( ( #1412 ) ) GLOBAL_UNIT_ASSIGNED_CONTEXT ( ( #88, #1340, #615 ) ) REPRESENTATION_CONTEXT ( 'NONE', 'WORKASPACE' ) );
#1285 = AXIS2_PLACEMENT_3D ( 'NONE', #2273, #1379, #1185 ) ;
#1286 = DIRECTION ( 'NONE',  ( 1.000000000000000000, 0.000000000000000000, 0.000000000000000000 ) ) ;
#1287 = CARTESIAN_POINT ( 'NONE',  ( 1.150000000000000133, -1.149999999999999911, 0.6771233367588119778 ) ) ;
#1288 = CARTESIAN_POINT ( 'NONE',  ( 1.100000000000000089, -1.100000000000000089, 1.600000000000000089 ) ) ;
#1289 = LINE ( 'NONE', #2177, #263 ) ;
#1290 = VERTEX_POINT ( 'NONE', #1402 ) ;
#1291 = PRESENTATION_LAYER_ASSIGNMENT (  '', '', ( #1709 ) ) ;
#1292 = ADVANCED_FACE ( 'NONE', ( #2115 ), #1256, .T. ) ;
#1293 = VERTEX_POINT ( 'NONE', #1464 ) ;
#1294 = CARTESIAN_POINT ( 'NONE',  ( -0.1749999999999999889, 1.149999999999999911, 0.000000000000000000 ) ) ;
#1295 = CARTESIAN_POINT ( 'NONE',  ( 0.9777161026055980475, -1.034949546105389029, 1.599999999999999867 ) ) ;
#1296 = FACE_OUTER_BOUND ( 'NONE', #1159, .T. ) ;
#1297 = UNCERTAINTY_MEASURE_WITH_UNIT (LENGTH_MEASURE( 1.000000000000000082E-05 ), #1264, 'distance_accuracy_value', 'NONE');
#1298 = DIRECTION ( 'NONE',  ( 0.000000000000000000, 0.000000000000000000, -1.000000000000000000 ) ) ;
#1299 = ORIENTED_EDGE ( 'NONE', *, *, #1251, .F. ) ;
#1300 = DIRECTION ( 'NONE',  ( 0.000000000000000000, -1.000000000000000000, -0.000000000000000000 ) ) ;
#1301 = CARTESIAN_POINT ( 'NONE',  ( 2.899999999999999911, 0.2000000000000000111, 0.000000000000000000 ) ) ;
#1302 = ORIENTED_EDGE ( 'NONE', *, *, #59, .T. ) ;
#1303 =( NAMED_UNIT ( * ) PLANE_ANGLE_UNIT ( ) SI_UNIT ( $, .RADIAN. ) );
#1304 = DIRECTION ( 'NONE',  ( -0.000000000000000000, -1.000000000000000000, -0.000000000000000000 ) ) ;
#1305 =( NAMED_UNIT ( * ) SI_UNIT ( $, .STERADIAN. ) SOLID_ANGLE_UNIT ( ) );
#1306 = ORIENTED_EDGE ( 'NONE', *, *, #1233, .F. ) ;
#1307 = CARTESIAN_POINT ( 'NONE',  ( 0.000000000000000000, 0.000000000000000000, 0.000000000000000000 ) ) ;
#1308 = EDGE_CURVE ( 'NONE', #1706, #1720, #1668, .T. ) ;
#1309 =( NAMED_UNIT ( * ) PLANE_ANGLE_UNIT ( ) SI_UNIT ( $, .RADIAN. ) );
#1310 = PLANE ( 'NONE',  #2039 ) ;
#1311 = CARTESIAN_POINT ( 'NONE',  ( 0.1749999999999999889, 0.000000000000000000, 0.000000000000000000 ) ) ;
#1312 = EDGE_LOOP ( 'NONE', ( #56, #782, #1945, #5 ) ) ;
#1313 =( LENGTH_UNIT ( ) NAMED_UNIT ( * ) SI_UNIT ( .MILLI., .METRE. ) );
#1314 = PLANE ( 'NONE',  #143 ) ;
#1315 = AXIS2_PLACEMENT_3D ( 'NONE', #93, #1902, #281 ) ;
#1316 = CARTESIAN_POINT ( 'NONE',  ( -1.149999999999999911, 1.014406564167219971, -0.08870371841675260549 ) ) ;
#1317 = ORIENTED_EDGE ( 'NONE', *, *, #564, .F. ) ;
#1318 = CARTESIAN_POINT ( 'NONE',  ( 1.060836054773560244, -0.2000000000000000111, 0.6771233367588119778 ) ) ;
#1319 = ORIENTED_EDGE ( 'NONE', *, *, #202, .T. ) ;
#1320 = EDGE_CURVE ( 'NONE', #1121, #1338, #2016, .T. ) ;
#1321 = AXIS2_PLACEMENT_3D ( 'NONE', #607, #373, #385 ) ;
#1322 = CARTESIAN_POINT ( 'NONE',  ( 0.000000000000000000, 0.000000000000000000, 0.000000000000000000 ) ) ;
#1323 =( LENGTH_UNIT ( ) NAMED_UNIT ( * ) SI_UNIT ( .MILLI., .METRE. ) );
#1324 = VECTOR ( 'NONE', #1680, 1000.000000000000000 ) ;
#1325 = EDGE_CURVE ( 'NONE', #2259, #1635, #1852, .T. ) ;
#1326 = DIRECTION ( 'NONE',  ( 0.000000000000000000, 0.000000000000000000, -1.000000000000000000 ) ) ;
#1327 = VECTOR ( 'NONE', #1621, 1000.000000000000114 ) ;
#1328 = DIRECTION ( 'NONE',  ( -0.000000000000000000, -1.000000000000000000, -0.000000000000000000 ) ) ;
#1329 = ORIENTED_EDGE ( 'NONE', *, *, #1655, .F. ) ;
#1330 = ORIENTED_EDGE ( 'NONE', *, *, #1207, .T. ) ;
#1331 = AXIS2_PLACEMENT_3D ( 'NONE', #537, #2284, #857 ) ;
#1332 = SURFACE_STYLE_FILL_AREA ( #1684 ) ;
#1333 = FILL_AREA_STYLE_COLOUR ( '', #253 ) ;
#1334 = ORIENTED_EDGE ( 'NONE', *, *, #818, .F. ) ;
#1335 = ORIENTED_EDGE ( 'NONE', *, *, #1927, .F. ) ;
#1336 = SURFACE_SIDE_STYLE ('',( #837 ) ) ;
#1337 = EDGE_CURVE ( 'NONE', #708, #2168, #1272, .T. ) ;
#1338 = VERTEX_POINT ( 'NONE', #1287 ) ;
#1339 = LINE ( 'NONE', #407, #1667 ) ;
#1340 =( NAMED_UNIT ( * ) PLANE_ANGLE_UNIT ( ) SI_UNIT ( $, .RADIAN. ) );
#1341 = VERTEX_POINT ( 'NONE', #405 ) ;
#1342 = ORIENTED_EDGE ( 'NONE', *, *, #1531, .T. ) ;
#1343 = EDGE_CURVE ( 'NONE', #861, #2019, #1138, .T. ) ;
#1344 = ORIENTED_EDGE ( 'NONE', *, *, #145, .T. ) ;
#1345 = SURFACE_STYLE_FILL_AREA ( #619 ) ;
#1346 = ORIENTED_EDGE ( 'NONE', *, *, #886, .T. ) ;
#1347 = DIRECTION ( 'NONE',  ( 0.000000000000000000, 0.000000000000000000, 1.000000000000000000 ) ) ;
#1348 = PLANE ( 'NONE',  #1769 ) ;
#1349 = ORIENTED_EDGE ( 'NONE', *, *, #1487, .F. ) ;
#1350 = EDGE_CURVE ( 'NONE', #61, #1829, #929, .T. ) ;
#1351 = DIRECTION ( 'NONE',  ( -0.2288408853237000884, 0.000000000000000000, 0.9734638407276693384 ) ) ;
#1352 = EDGE_LOOP ( 'NONE', ( #832, #744, #971, #786 ) ) ;
#1353 = AXIS2_PLACEMENT_3D ( 'NONE', #1489, #990, #1118 ) ;
#1354 =( GEOMETRIC_REPRESENTATION_CONTEXT ( 3 ) GLOBAL_UNCERTAINTY_ASSIGNED_CONTEXT ( ( #338 ) ) GLOBAL_UNIT_ASSIGNED_CONTEXT ( ( #474, #466, #2272 ) ) REPRESENTATION_CONTEXT ( 'NONE', 'WORKASPACE' ) );
#1356 = ORIENTED_EDGE ( 'NONE', *, *, #759, .T. ) ;
#1355 =( GEOMETRIC_REPRESENTATION_CONTEXT ( 3 ) GLOBAL_UNCERTAINTY_ASSIGNED_CONTEXT ( ( #1014 ) ) GLOBAL_UNIT_ASSIGNED_CONTEXT ( ( #389, #1148, #2058 ) ) REPRESENTATION_CONTEXT ( 'NONE', 'WORKASPACE' ) );
#1357 = COLOUR_RGB ( '',0.8313725490196077761, 0.8313725490196077761, 0.8313725490196077761 ) ;
#1358 = CARTESIAN_POINT ( 'NONE',  ( 1.100000000000000089, -1.100000000000000089, 1.600000000000000089 ) ) ;
#1359 = CARTESIAN_POINT ( 'NONE',  ( -1.100000000000000089, 1.100000000000000089, 1.600000000000000089 ) ) ;
#1360 = AXIS2_PLACEMENT_3D ( 'NONE', #1268, #1219, #2129 ) ;
#1361 = VECTOR ( 'NONE', #1066, 1000.000000000000000 ) ;
#1362 = EDGE_LOOP ( 'NONE', ( #1788, #121, #367 ) ) ;
#1363 = PRESENTATION_LAYER_ASSIGNMENT (  '', '', ( #2147 ) ) ;
#1364 = PLANE ( 'NONE',  #1891 ) ;
#1365 = CARTESIAN_POINT ( 'NONE',  ( -1.445079337918480089, 0.000000000000000000, 0.8671233372108917425 ) ) ;
#1366 = ORIENTED_EDGE ( 'NONE', *, *, #202, .F. ) ;
#1367 = CARTESIAN_POINT ( 'NONE',  ( -1.149999999999999911, 0.2500000000000000000, 0.3648984879870940667 ) ) ;
#1368 = DIRECTION ( 'NONE',  ( -0.000000000000000000, 1.000000000000000000, 0.000000000000000000 ) ) ;
#1369 = ADVANCED_FACE ( 'NONE', ( #1795 ), #598, .F. ) ;
#1370 = EDGE_LOOP ( 'NONE', ( #309, #1877, #1673, #1176 ) ) ;
#1371 = FILL_AREA_STYLE ('',( #1563 ) ) ;
#1372 = DIRECTION ( 'NONE',  ( 0.000000000000000000, 1.000000000000000000, 0.000000000000000000 ) ) ;
#1373 = SURFACE_STYLE_USAGE ( .BOTH. , #1936 ) ;
#1374 =( NAMED_UNIT ( * ) SI_UNIT ( $, .STERADIAN. ) SOLID_ANGLE_UNIT ( ) );
#1375 = ORIENTED_EDGE ( 'NONE', *, *, #370, .F. ) ;
#1376 = FACE_OUTER_BOUND ( 'NONE', #1939, .T. ) ;
#1377 =( NAMED_UNIT ( * ) PLANE_ANGLE_UNIT ( ) SI_UNIT ( $, .RADIAN. ) );
#1378 = EDGE_CURVE ( 'NONE', #1147, #505, #902, .T. ) ;
#1379 = DIRECTION ( 'NONE',  ( 0.000000000000000000, 1.000000000000000000, 0.000000000000000000 ) ) ;
#1380 = LINE ( 'NONE', #476, #1924 ) ;
#1381 = CARTESIAN_POINT ( 'NONE',  ( 0.1749999999999999889, -1.149999999999999911, 0.000000000000000000 ) ) ;
#1382 = DIRECTION ( 'NONE',  ( 1.000000000000000000, 0.000000000000000000, 0.000000000000000000 ) ) ;
#1383 = ORIENTED_EDGE ( 'NONE', *, *, #1878, .F. ) ;
#1384 = CARTESIAN_POINT ( 'NONE',  ( 0.000000000000000000, 0.000000000000000000, 1.600000000000000089 ) ) ;
#1385 = CARTESIAN_POINT ( 'NONE',  ( -1.149999999999999911, -0.2500000000000000000, 0.8671233367417989779 ) ) ;
#1386 = DIRECTION ( 'NONE',  ( 1.000000000000000000, -0.000000000000000000, 0.000000000000000000 ) ) ;
#1387 = STYLED_ITEM ( 'NONE', ( #434 ), #1597 ) ;
#1388 = UNCERTAINTY_MEASURE_WITH_UNIT (LENGTH_MEASURE( 1.000000000000000082E-05 ), #1641, 'distance_accuracy_value', 'NONE');
#1389 = ADVANCED_FACE ( 'NONE', ( #8 ), #730, .F. ) ;
#1390 =( NAMED_UNIT ( * ) PLANE_ANGLE_UNIT ( ) SI_UNIT ( $, .RADIAN. ) );
#1391 = AXIS2_PLACEMENT_3D ( 'NONE', #292, #1398, #631 ) ;
#1392 = ADVANCED_FACE ( 'NONE', ( #561 ), #2172, .T. ) ;
#1393 = CIRCLE ( 'NONE', #74, 0.9000000000000000222 ) ;
#1394 = VERTEX_POINT ( 'NONE', #740 ) ;
#1395 = VECTOR ( 'NONE', #518, 1000.000000000000000 ) ;
#1396 =( GEOMETRIC_REPRESENTATION_CONTEXT ( 3 ) GLOBAL_UNCERTAINTY_ASSIGNED_CONTEXT ( ( #180 ) ) GLOBAL_UNIT_ASSIGNED_CONTEXT ( ( #1721, #996, #825 ) ) REPRESENTATION_CONTEXT ( 'NONE', 'WORKASPACE' ) );
#1397 = CARTESIAN_POINT ( 'NONE',  ( -0.1750000000000000167, 1.030111992527300124, -1.694065894508600678E-17 ) ) ;
#1398 = DIRECTION ( 'NONE',  ( 0.000000000000000000, -1.000000000000000000, 0.000000000000000000 ) ) ;
#1399 = CARTESIAN_POINT ( 'NONE',  ( -1.971446025542499925, 0.2500000000000000000, 0.000000000000000000 ) ) ;
#1400 = CARTESIAN_POINT ( 'NONE',  ( -1.400793374140429925, -0.2500000000000000000, 0.6771233372268180561 ) ) ;
#1401 =( GEOMETRIC_REPRESENTATION_CONTEXT ( 3 ) GLOBAL_UNCERTAINTY_ASSIGNED_CONTEXT ( ( #1226 ) ) GLOBAL_UNIT_ASSIGNED_CONTEXT ( ( #307, #841, #495 ) ) REPRESENTATION_CONTEXT ( 'NONE', 'WORKASPACE' ) );
#1402 = CARTESIAN_POINT ( 'NONE',  ( -1.445079338077449815, -0.2500000000000000000, 0.8671233369763452492 ) ) ;
#1403 = CARTESIAN_POINT ( 'NONE',  ( -1.058751721674721091, 0.7427641899298479400, -1.271868901506307167E-16 ) ) ;
#1404 = EDGE_CURVE ( 'NONE', #2106, #1293, #1479, .T. ) ;
#1405 = FACE_OUTER_BOUND ( 'NONE', #1598, .T. ) ;
#1406 = ORIENTED_EDGE ( 'NONE', *, *, #964, .T. ) ;
#1407 = VERTEX_POINT ( 'NONE', #1041 ) ;
#1408 = CARTESIAN_POINT ( 'NONE',  ( 0.000000000000000000, 1.030111992527299902, 0.000000000000000000 ) ) ;
#1409 = DIRECTION ( 'NONE',  ( -0.1315418505534184379, -0.1728283607270221511, 0.9761286284508781108 ) ) ;
#1410 = CARTESIAN_POINT ( 'NONE',  ( 2.899999999999999911, -0.2000000000000000111, 0.000000000000000000 ) ) ;
#1411 = LINE ( 'NONE', #3, #102 ) ;
#1412 = UNCERTAINTY_MEASURE_WITH_UNIT (LENGTH_MEASURE( 1.000000000000000082E-05 ), #88, 'distance_accuracy_value', 'NONE');
#1413 = CARTESIAN_POINT ( 'NONE',  ( -0.1750000000000000167, 1.014406564167219971, -0.08870371841675260549 ) ) ;
#1414 = CARTESIAN_POINT ( 'NONE',  ( -1.149999999999999911, -1.149999999999999911, 0.8671233367417989779 ) ) ;
#1415 = FACE_OUTER_BOUND ( 'NONE', #2005, .T. ) ;
#1416 = ORIENTED_EDGE ( 'NONE', *, *, #1954, .F. ) ;
#1417 = VERTEX_POINT ( 'NONE', #1517 ) ;
#1418 = EDGE_CURVE ( 'NONE', #1293, #1660, #1201, .T. ) ;
#1419 = FACE_OUTER_BOUND ( 'NONE', #767, .T. ) ;
#1420 = DIRECTION ( 'NONE',  ( -0.000000000000000000, -0.000000000000000000, 1.000000000000000000 ) ) ;
#1421 = SURFACE_SIDE_STYLE ('',( #1821 ) ) ;
#1422 = PRODUCT_DEFINITION_SHAPE ( 'NONE', 'NONE',  #2338 ) ;
#1423 = AXIS2_PLACEMENT_3D ( 'NONE', #250, #388, #974 ) ;
#1424 = DIRECTION ( 'NONE',  ( 0.000000000000000000, -0.000000000000000000, -1.000000000000000000 ) ) ;
#1425 = COLOUR_RGB ( '',0.8313725490196077761, 0.8313725490196077761, 0.8313725490196077761 ) ;
#1426 = CARTESIAN_POINT ( 'NONE',  ( -1.058751721674721757, -1.030111992527299680, -1.897353801849632760E-16 ) ) ;
#1427 = PRESENTATION_LAYER_ASSIGNMENT (  '', '', ( #1060 ) ) ;
#1428 = DIRECTION ( 'NONE',  ( -0.000000000000000000, -1.000000000000000000, -0.000000000000000000 ) ) ;
#1429 = AXIS2_PLACEMENT_3D ( 'NONE', #522, #1433, #1082 ) ;
#1430 = EDGE_LOOP ( 'NONE', ( #2218, #1302, #318, #1127 ) ) ;
#1431 = AXIS2_PLACEMENT_3D ( 'NONE', #1007, #1197, #627 ) ;
#1432 = FACE_OUTER_BOUND ( 'NONE', #760, .T. ) ;
#1433 = DIRECTION ( 'NONE',  ( -0.000000000000000000, -1.000000000000000000, -0.000000000000000000 ) ) ;
#1434 = DIRECTION ( 'NONE',  ( 0.000000000000000000, 0.000000000000000000, -1.000000000000000000 ) ) ;
#1435 = VECTOR ( 'NONE', #1372, 1000.000000000000000 ) ;
#1436 = ORIENTED_EDGE ( 'NONE', *, *, #973, .F. ) ;
#1437 = ORIENTED_EDGE ( 'NONE', *, *, #1003, .T. ) ;
#1438 = VECTOR ( 'NONE', #1990, 1000.000000000000000 ) ;
#1439 = EDGE_CURVE ( 'NONE', #1341, #336, #2221, .T. ) ;
#1440 = UNCERTAINTY_MEASURE_WITH_UNIT (LENGTH_MEASURE( 1.000000000000000082E-05 ), #1323, 'distance_accuracy_value', 'NONE');
#1441 = CARTESIAN_POINT ( 'NONE',  ( -1.149999999999999911, -1.014406564167219971, 1.730859736285870198 ) ) ;
#1442 = SURFACE_STYLE_USAGE ( .BOTH. , #674 ) ;
#1443 = ORIENTED_EDGE ( 'NONE', *, *, #453, .F. ) ;
#1444 = LINE ( 'NONE', #859, #1885 ) ;
#1445 = VERTEX_POINT ( 'NONE', #1023 ) ;
#1446 = ORIENTED_EDGE ( 'NONE', *, *, #1093, .F. ) ;
#1447 =( LENGTH_UNIT ( ) NAMED_UNIT ( * ) SI_UNIT ( .MILLI., .METRE. ) );
#1448 = ORIENTED_EDGE ( 'NONE', *, *, #1940, .T. ) ;
#1449 = PRESENTATION_STYLE_ASSIGNMENT (( #711 ) ) ;
#1450 = ORIENTED_EDGE ( 'NONE', *, *, #2165, .T. ) ;
#1451 = SURFACE_SIDE_STYLE ('',( #737 ) ) ;
#1452 = MANIFOLD_SOLID_BREP ( 'Cut-Revolve1', #1047 ) ;
#1453 = EDGE_CURVE ( 'NONE', #1522, #1973, #1011, .T. ) ;
#1454 = DIRECTION ( 'NONE',  ( 0.000000000000000000, 0.000000000000000000, 1.000000000000000000 ) ) ;
#1455 = DIRECTION ( 'NONE',  ( 0.000000000000000000, 0.9846849318775323656, 0.1743432962099190631 ) ) ;
#1456 = CARTESIAN_POINT ( 'NONE',  ( -1.245008982562990196, 0.5783029909226700127, 0.2000000000000000111 ) ) ;
#1457 = LINE ( 'NONE', #962, #1518 ) ;
#1458 = ORIENTED_EDGE ( 'NONE', *, *, #776, .F. ) ;
#1459 = CARTESIAN_POINT ( 'NONE',  ( -0.9777161026055980475, 1.034949546105385698, 1.599999999999999423 ) ) ;
#1460 = DIRECTION ( 'NONE',  ( 1.000000000000000000, 0.000000000000000000, 0.000000000000000000 ) ) ;
#1461 = PRESENTATION_STYLE_ASSIGNMENT (( #534 ) ) ;
#1462 = VERTEX_POINT ( 'NONE', #139 ) ;
#1463 = ITEM_DEFINED_TRANSFORMATION ( 'NONE', 'NONE', #923,  #1331 ) ;
#1464 = CARTESIAN_POINT ( 'NONE',  ( -2.899999999999999911, 0.2500000000000000000, 0.000000000000000000 ) ) ;
#1465 = ADVANCED_FACE ( 'NONE', ( #1689 ), #1743, .T. ) ;
#1466 = LINE ( 'NONE', #563, #606 ) ;
#1467 = CARTESIAN_POINT ( 'NONE',  ( -1.075126806734629348, 1.099999999999999867, 1.185625627888569955 ) ) ;
#1468 = VERTEX_POINT ( 'NONE', #1758 ) ;
#1469 = EDGE_CURVE ( 'NONE', #1445, #2236, #867, .T. ) ;
#1470 =( GEOMETRIC_REPRESENTATION_CONTEXT ( 3 ) GLOBAL_UNCERTAINTY_ASSIGNED_CONTEXT ( ( #943 ) ) GLOBAL_UNIT_ASSIGNED_CONTEXT ( ( #1099, #1593, #346 ) ) REPRESENTATION_CONTEXT ( 'NONE', 'WORKASPACE' ) );
#1471 = VECTOR ( 'NONE', #416, 1000.000000000000000 ) ;
#1472 = FACE_OUTER_BOUND ( 'NONE', #1179, .T. ) ;
#1473 = VERTEX_POINT ( 'NONE', #2270 ) ;
#1474 = FILL_AREA_STYLE ('',( #2010 ) ) ;
#1475 = AXIS2_PLACEMENT_3D ( 'NONE', #2315, #1806, #511 ) ;
#1476 = VECTOR ( 'NONE', #1928, 1000.000000000000000 ) ;
#1477 = AXIS2_PLACEMENT_3D ( 'NONE', #1656, #1678, #193 ) ;
#1478 = DIRECTION ( 'NONE',  ( 0.000000000000000000, 0.000000000000000000, 1.000000000000000000 ) ) ;
#1479 = LINE ( 'NONE', #1943, #1550 ) ;
#1480 = VECTOR ( 'NONE', #355, 1000.000000000000000 ) ;
#1482 = ADVANCED_FACE ( 'NONE', ( #659 ), #107, .T. ) ;
#1481 = DIRECTION ( 'NONE',  ( 1.000000000000000000, 0.000000000000000000, 0.000000000000000000 ) ) ;
#1483 = CARTESIAN_POINT ( 'NONE',  ( -1.960435512477249898, 0.2500000000000000000, 0.8671233372108920756 ) ) ;
#1484 = ORIENTED_EDGE ( 'NONE', *, *, #79, .F. ) ;
#1485 = VECTOR ( 'NONE', #123, 1000.000000000000000 ) ;
#1486 = VERTEX_POINT ( 'NONE', #376 ) ;
#1487 = EDGE_CURVE ( 'NONE', #1635, #430, #1096, .T. ) ;
#1488 = DIRECTION ( 'NONE',  ( -1.000000000000000000, 0.000000000000000000, 0.000000000000000000 ) ) ;
#1489 = CARTESIAN_POINT ( 'NONE',  ( 1.445079338236419986, 0.000000000000000000, 0.6671233372108921200 ) ) ;
#1490 = CARTESIAN_POINT ( 'NONE',  ( 4.739163943073560148, 0.2000000000000000111, 0.8671233424475579543 ) ) ;
#1491 = ITEM_DEFINED_TRANSFORMATION ( 'NONE', 'NONE', #1977,  #1331 ) ;
#1492 = DIRECTION ( 'NONE',  ( -1.000000000000000000, -0.000000000000000000, -0.000000000000000000 ) ) ;
#1493 = ORIENTED_EDGE ( 'NONE', *, *, #1775, .T. ) ;
#1494 = CARTESIAN_POINT ( 'NONE',  ( -1.971446025542499925, -0.2500000000000000000, 0.000000000000000000 ) ) ;
#1495 = CARTESIAN_POINT ( 'NONE',  ( 0.000000000000000000, -1.030111992527299902, 0.000000000000000000 ) ) ;
#1496 = VERTEX_POINT ( 'NONE', #725 ) ;
#1497 = FACE_OUTER_BOUND ( 'NONE', #1008, .T. ) ;
#1498 = DIRECTION ( 'NONE',  ( -1.000000000000000000, -0.000000000000000000, 0.000000000000000000 ) ) ;
#1499 = ADVANCED_FACE ( 'NONE', ( #2333 ), #1236, .T. ) ;
#1500 =( NAMED_UNIT ( * ) PLANE_ANGLE_UNIT ( ) SI_UNIT ( $, .RADIAN. ) );
#1501 = ORIENTED_EDGE ( 'NONE', *, *, #1325, .T. ) ;
#1502 = MANIFOLD_SOLID_BREP ( 'Imported1', #359 ) ;
#1503 = CARTESIAN_POINT ( 'NONE',  ( -0.1750000000000000167, 1.150000000000000577, 0.6771233367588119778 ) ) ;
#1504 = CARTESIAN_POINT ( 'NONE',  ( -1.480022855784459912, 0.2500000000000000000, 0.6381371819934209544 ) ) ;
#1505 = ORIENTED_EDGE ( 'NONE', *, *, #370, .T. ) ;
#1506 = CARTESIAN_POINT ( 'NONE',  ( 1.450000000876130013, 0.000000000000000000, 0.6771233373186430482 ) ) ;
#1507 = DIRECTION ( 'NONE',  ( 0.000000000000000000, -1.000000000000000000, -0.000000000000000000 ) ) ;
#1508 = STYLED_ITEM ( 'NONE', ( #127 ), #1643 ) ;
#1509 = VECTOR ( 'NONE', #133, 1000.000000000000000 ) ;
#1510 = DIRECTION ( 'NONE',  ( 0.000000000000000000, -0.000000000000000000, -1.000000000000000000 ) ) ;
#1511 = VECTOR ( 'NONE', #132, 1000.000000000000114 ) ;
#1512 = VECTOR ( 'NONE', #1085, 1000.000000000000000 ) ;
#1513 = VECTOR ( 'NONE', #341, 1000.000000000000000 ) ;
#1514 = EDGE_LOOP ( 'NONE', ( #618, #222, #1505, #2192, #678, #1319, #984, #1848, #571, #604, #353, #842 ) ) ;
#1515 = AXIS2_PLACEMENT_3D ( 'NONE', #16, #197, #1526 ) ;
#1516 = ADVANCED_FACE ( 'NONE', ( #1095 ), #1083, .T. ) ;
#1517 = CARTESIAN_POINT ( 'NONE',  ( 1.400793374233739952, -0.2000000000000000111, 0.6771233369928150170 ) ) ;
#1518 = VECTOR ( 'NONE', #245, 1000.000000000000000 ) ;
#1519 = VECTOR ( 'NONE', #577, 1000.000000000000000 ) ;
#1520 = CARTESIAN_POINT ( 'NONE',  ( -1.058751721674719981, 0.000000000000000000, 0.000000000000000000 ) ) ;
#1521 = CARTESIAN_POINT ( 'NONE',  ( 0.000000000000000000, 0.000000000000000000, 0.000000000000000000 ) ) ;
#1522 = VERTEX_POINT ( 'NONE', #703 ) ;
#1523 = EDGE_LOOP ( 'NONE', ( #932, #82, #46, #748 ) ) ;
#1524 = MECHANICAL_DESIGN_GEOMETRIC_PRESENTATION_REPRESENTATION (  '', ( #650 ), #1742 ) ;
#1525 = PRESENTATION_STYLE_ASSIGNMENT (( #2201 ) ) ;
#1526 = DIRECTION ( 'NONE',  ( 2.168404344971007685E-15, 0.000000000000000000, -1.000000000000000000 ) ) ;
#1527 = STYLED_ITEM ( 'NONE', ( #2082 ), #1867 ) ;
#1528 = ORIENTED_EDGE ( 'NONE', *, *, #1266, .F. ) ;
#1529 = FILL_AREA_STYLE_COLOUR ( '', #2136 ) ;
#1530 = VERTEX_POINT ( 'NONE', #1108 ) ;
#1531 = EDGE_CURVE ( 'NONE', #369, #1767, #542, .T. ) ;
#1532 = MANIFOLD_SOLID_BREP ( 'Imported2', #1796 ) ;
#1533 = PRESENTATION_STYLE_ASSIGNMENT (( #1005 ) ) ;
#1534 = ORIENTED_EDGE ( 'NONE', *, *, #973, .T. ) ;
#1535 = CARTESIAN_POINT ( 'NONE',  ( -1.911400315867269217, 0.2500000000000000000, 0.07797231046679349575 ) ) ;
#1536 = VERTEX_POINT ( 'NONE', #1410 ) ;
#1537 = PRODUCT_DEFINITION_FORMATION_WITH_SPECIFIED_SOURCE ( 'ANY', '', #629, .NOT_KNOWN. ) ;
#1538 = FACE_OUTER_BOUND ( 'NONE', #1081, .T. ) ;
#1539 = SURFACE_SIDE_STYLE ('',( #844 ) ) ;
#1540 = DIRECTION ( 'NONE',  ( -0.6101384476660297596, 0.000000000000000000, -0.7922948155072626619 ) ) ;
#1541 = EDGE_CURVE ( 'NONE', #550, #1407, #2125, .T. ) ;
#1542 = DIRECTION ( 'NONE',  ( 0.000000000000000000, 0.000000000000000000, 1.000000000000000000 ) ) ;
#1543 = PRODUCT_DEFINITION_SHAPE ( 'NONE', 'NONE',  #696 ) ;
#1544 = PLANE ( 'NONE',  #574 ) ;
#1545 = EDGE_CURVE ( 'NONE', #2168, #1706, #1606, .T. ) ;
#1546 =( NAMED_UNIT ( * ) PLANE_ANGLE_UNIT ( ) SI_UNIT ( $, .RADIAN. ) );
#1547 = VERTEX_POINT ( 'NONE', #747 ) ;
#1548 =( NAMED_UNIT ( * ) PLANE_ANGLE_UNIT ( ) SI_UNIT ( $, .RADIAN. ) );
#1549 = COLOUR_RGB ( '',0.8313725490196077761, 0.8313725490196077761, 0.8313725490196077761 ) ;
#1550 = VECTOR ( 'NONE', #669, 1000.000000000000000 ) ;
#1552 = ORIENTED_EDGE ( 'NONE', *, *, #79, .T. ) ;
#1551 = AXIS2_PLACEMENT_3D ( 'NONE', #1224, #1903, #647 ) ;
#1553 = LINE ( 'NONE', #673, #1886 ) ;
#1554 = AXIS2_PLACEMENT_3D ( 'NONE', #642, #1428, #676 ) ;
#1555 =( GEOMETRIC_REPRESENTATION_CONTEXT ( 3 ) GLOBAL_UNCERTAINTY_ASSIGNED_CONTEXT ( ( #535 ) ) GLOBAL_UNIT_ASSIGNED_CONTEXT ( ( #1751, #2308, #316 ) ) REPRESENTATION_CONTEXT ( 'NONE', 'WORKASPACE' ) );
#1556 = COLOUR_RGB ( '',0.8313725490196077761, 0.8313725490196077761, 0.8313725490196077761 ) ;
#1557 =( NAMED_UNIT ( * ) PLANE_ANGLE_UNIT ( ) SI_UNIT ( $, .RADIAN. ) );
#1558 = CARTESIAN_POINT ( 'NONE',  ( 1.088444694875950081, 0.2000000000000000111, 0.6771233366439429746 ) ) ;
#1559 = ORIENTED_EDGE ( 'NONE', *, *, #914, .T. ) ;
#1560 = ADVANCED_FACE ( 'NONE', ( #1117 ), #608, .F. ) ;
#1561 = FACE_OUTER_BOUND ( 'NONE', #1523, .T. ) ;
#1562 = UNCERTAINTY_MEASURE_WITH_UNIT (LENGTH_MEASURE( 1.000000000000000082E-05 ), #655, 'distance_accuracy_value', 'NONE');
#1563 = FILL_AREA_STYLE_COLOUR ( '', #1250 ) ;
#1564 = DIRECTION ( 'NONE',  ( 0.000000000000000000, 0.000000000000000000, -1.000000000000000000 ) ) ;
#1565 = FILL_AREA_STYLE_COLOUR ( '', #2291 ) ;
#1566 = ORIENTED_EDGE ( 'NONE', *, *, #1545, .T. ) ;
#1567 = PLANE ( 'NONE',  #1169 ) ;
#1568 = ADVANCED_FACE ( 'NONE', ( #1538 ), #415, .F. ) ;
#1569 = DIRECTION ( 'NONE',  ( -0.7496050883344025362, -0.6618853462218154959, 0.000000000000000000 ) ) ;
#1570 = PRODUCT_DEFINITION_FORMATION_WITH_SPECIFIED_SOURCE ( 'ANY', '', #1071, .NOT_KNOWN. ) ;
#1571 = ORIENTED_EDGE ( 'NONE', *, *, #6, .T. ) ;
#1572 = ADVANCED_FACE ( 'NONE', ( #238 ), #2237, .T. ) ;
#1573 =( NAMED_UNIT ( * ) SI_UNIT ( $, .STERADIAN. ) SOLID_ANGLE_UNIT ( ) );
#1574 = FACE_OUTER_BOUND ( 'NONE', #241, .T. ) ;
#1575 =( NAMED_UNIT ( * ) PLANE_ANGLE_UNIT ( ) SI_UNIT ( $, .RADIAN. ) );
#1576 = ORIENTED_EDGE ( 'NONE', *, *, #314, .F. ) ;
#1577 = ORIENTED_EDGE ( 'NONE', *, *, #1803, .T. ) ;
#1578 = SURFACE_STYLE_FILL_AREA ( #851 ) ;
#1579 = DIRECTION ( 'NONE',  ( -1.000000000000000000, -0.000000000000000000, -0.000000000000000000 ) ) ;
#1580 = COLOUR_RGB ( '',0.8313725490196077761, 0.8313725490196077761, 0.8313725490196077761 ) ;
#1581 = FACE_OUTER_BOUND ( 'NONE', #1710, .T. ) ;
#1582 = MECHANICAL_DESIGN_GEOMETRIC_PRESENTATION_REPRESENTATION (  '', ( #2243 ), #2318 ) ;
#1583 = UNCERTAINTY_MEASURE_WITH_UNIT (LENGTH_MEASURE( 1.000000000000000082E-05 ), #15, 'distance_accuracy_value', 'NONE');
#1584 = EDGE_CURVE ( 'NONE', #968, #2259, #978, .T. ) ;
#1585 = AXIS2_PLACEMENT_3D ( 'NONE', #1252, #915, #1956 ) ;
#1586 = DIRECTION ( 'NONE',  ( 0.000000000000000000, -1.000000000000000000, 0.000000000000000000 ) ) ;
#1587 = AXIS2_PLACEMENT_3D ( 'NONE', #1978, #2000, #1783 ) ;
#1588 = DIRECTION ( 'NONE',  ( 1.000000000000000000, 0.000000000000000000, 0.000000000000000000 ) ) ;
#1589 = VECTOR ( 'NONE', #913, 1000.000000000000000 ) ;
#1590 = SURFACE_STYLE_USAGE ( .BOTH. , #1080 ) ;
#1591 = ORIENTED_EDGE ( 'NONE', *, *, #265, .T. ) ;
#1592 = VECTOR ( 'NONE', #2027, 1000.000000000000000 ) ;
#1593 =( NAMED_UNIT ( * ) PLANE_ANGLE_UNIT ( ) SI_UNIT ( $, .RADIAN. ) );
#1594 =( GEOMETRIC_REPRESENTATION_CONTEXT ( 3 ) GLOBAL_UNCERTAINTY_ASSIGNED_CONTEXT ( ( #201 ) ) GLOBAL_UNIT_ASSIGNED_CONTEXT ( ( #278, #1557, #2244 ) ) REPRESENTATION_CONTEXT ( 'NONE', 'WORKASPACE' ) );
#1595 = CARTESIAN_POINT ( 'NONE',  ( 1.150000000000000133, 1.150000000000000355, 0.6771233367588119778 ) ) ;
#1596 = DIRECTION ( 'NONE',  ( 0.000000000000000000, -1.000000000000000000, 0.000000000000000000 ) ) ;
#1597 = ADVANCED_FACE ( 'NONE', ( #630 ), #800, .F. ) ;
#1598 = EDGE_LOOP ( 'NONE', ( #955, #280, #1105, #9 ) ) ;
#1599 = CARTESIAN_POINT ( 'NONE',  ( -1.480022855784460800, 0.000000000000000000, 0.6381371819934217315 ) ) ;
#1600 =( NAMED_UNIT ( * ) PLANE_ANGLE_UNIT ( ) SI_UNIT ( $, .RADIAN. ) );
#1601 = VERTEX_POINT ( 'NONE', #472 ) ;
#1602 = ORIENTED_EDGE ( 'NONE', *, *, #2090, .F. ) ;
#1603 = CARTESIAN_POINT ( 'NONE',  ( -1.960435512477249898, 0.2500000000000000000, 0.3648984879870940667 ) ) ;
#1604 = FACE_OUTER_BOUND ( 'NONE', #1625, .T. ) ;
#1605 = VERTEX_POINT ( 'NONE', #1397 ) ;
#1606 = LINE ( 'NONE', #1295, #98 ) ;
#1607 = ORIENTED_EDGE ( 'NONE', *, *, #1193, .F. ) ;
#1608 = FACE_OUTER_BOUND ( 'NONE', #952, .T. ) ;
#1609 =( LENGTH_UNIT ( ) NAMED_UNIT ( * ) SI_UNIT ( .MILLI., .METRE. ) );
#1610 = LINE ( 'NONE', #2127, #719 ) ;
#1611 = LINE ( 'NONE', #1088, #1513 ) ;
#1612 = FILL_AREA_STYLE_COLOUR ( '', #2251 ) ;
#1613 = EDGE_LOOP ( 'NONE', ( #1816, #979, #436, #2146 ) ) ;
#1615 = ADVANCED_FACE ( 'NONE', ( #821 ), #1567, .F. ) ;
#1614 = DIRECTION ( 'NONE',  ( 0.000000000000000000, 1.000000000000000000, -0.000000000000000000 ) ) ;
#1616 = FILL_AREA_STYLE ('',( #322 ) ) ;
#1617 = ORIENTED_EDGE ( 'NONE', *, *, #324, .T. ) ;
#1618 = SURFACE_SIDE_STYLE ('',( #727 ) ) ;
#1619 = CARTESIAN_POINT ( 'NONE',  ( 0.000000000000000000, 0.000000000000000000, 0.000000000000000000 ) ) ;
#1620 = VECTOR ( 'NONE', #532, 1000.000000000000227 ) ;
#1621 = DIRECTION ( 'NONE',  ( 0.000000000000000000, -0.1743432962099190353, 0.9846849318775322546 ) ) ;
#1622 = LINE ( 'NONE', #503, #1916 ) ;
#1623 =( GEOMETRIC_REPRESENTATION_CONTEXT ( 3 ) GLOBAL_UNCERTAINTY_ASSIGNED_CONTEXT ( ( #1297 ) ) GLOBAL_UNIT_ASSIGNED_CONTEXT ( ( #1264, #1390, #1573 ) ) REPRESENTATION_CONTEXT ( 'NONE', 'WORKASPACE' ) );
#1624 = STYLED_ITEM ( 'NONE', ( #378 ), #161 ) ;
#1625 = EDGE_LOOP ( 'NONE', ( #1701, #568, #78, #1576 ) ) ;
#1626 = AXIS2_PLACEMENT_3D ( 'NONE', #1790, #1780, #1246 ) ;
#1627 = CYLINDRICAL_SURFACE ( 'NONE', #1626, 0.9000000000000000222 ) ;
#1628 = DIRECTION ( 'NONE',  ( 1.000000000000000000, 0.000000000000000000, 0.000000000000000000 ) ) ;
#1629 = MECHANICAL_DESIGN_GEOMETRIC_PRESENTATION_REPRESENTATION (  '', ( #2215 ), #1058 ) ;
#1630 = ADVANCED_FACE ( 'NONE', ( #1376 ), #1222, .T. ) ;
#1631 = SURFACE_STYLE_USAGE ( .BOTH. , #906 ) ;
#1632 = UNCERTAINTY_MEASURE_WITH_UNIT (LENGTH_MEASURE( 1.000000000000000082E-05 ), #1609, 'distance_accuracy_value', 'NONE');
#1633 = AXIS2_PLACEMENT_3D ( 'NONE', #1603, #2170, #552 ) ;
#1634 = DIRECTION ( 'NONE',  ( -0.000000000000000000, -0.000000000000000000, 1.000000000000000000 ) ) ;
#1635 = VERTEX_POINT ( 'NONE', #484 ) ;
#1636 = DIRECTION ( 'NONE',  ( -1.000000000000000000, 0.000000000000000000, -0.000000000000000000 ) ) ;
#1637 = DIRECTION ( 'NONE',  ( 2.168404344971008474E-15, 0.000000000000000000, -1.000000000000000000 ) ) ;
#1638 = ORIENTED_EDGE ( 'NONE', *, *, #570, .T. ) ;
#1639 = LINE ( 'NONE', #693, #1181 ) ;
#1640 = DIRECTION ( 'NONE',  ( -0.000000000000000000, -1.000000000000000000, -0.000000000000000000 ) ) ;
#1641 =( LENGTH_UNIT ( ) NAMED_UNIT ( * ) SI_UNIT ( .MILLI., .METRE. ) );
#1642 = EDGE_CURVE ( 'NONE', #733, #1468, #1930, .T. ) ;
#1643 = ADVANCED_FACE ( 'NONE', ( #302 ), #1180, .T. ) ;
#1644 = DIRECTION ( 'NONE',  ( 0.000000000000000000, 1.000000000000000000, -0.000000000000000000 ) ) ;
#1645 = CARTESIAN_POINT ( 'NONE',  ( 1.075126806734629570, 1.099999999999999645, 1.185625627888569733 ) ) ;
#1646 = CARTESIAN_POINT ( 'NONE',  ( -1.445079338236419986, 0.2500000000000000000, 0.6671233372108921200 ) ) ;
#1647 = ORIENTED_EDGE ( 'NONE', *, *, #2135, .T. ) ;
#1648 = PLANE ( 'NONE',  #2257 ) ;
#1649 = DIRECTION ( 'NONE',  ( 1.000000000000000000, 0.000000000000000000, 0.000000000000000000 ) ) ;
#1650 = EDGE_LOOP ( 'NONE', ( #1938, #2130, #497, #144, #1566, #260 ) ) ;
#1651 = APPLICATION_CONTEXT ( 'automotive_design' ) ;
#1652 = LINE ( 'NONE', #251, #1471 ) ;
#1653 = EDGE_CURVE ( 'NONE', #2106, #861, #834, .T. ) ;
#1654 = DIRECTION ( 'NONE',  ( 8.573673661253349488E-11, 0.000000000000000000, -1.000000000000000000 ) ) ;
#1655 = EDGE_CURVE ( 'NONE', #2259, #845, #2331, .T. ) ;
#1656 = CARTESIAN_POINT ( 'NONE',  ( 0.000000000000000000, 0.000000000000000000, -0.2694827586206897108 ) ) ;
#1657 = CARTESIAN_POINT ( 'NONE',  ( -1.085703466909810455, 1.149999999999999911, 0.1999999999999999278 ) ) ;
#1658 = ORIENTED_EDGE ( 'NONE', *, *, #2204, .T. ) ;
#1659 = VECTOR ( 'NONE', #1032, 1000.000000000000227 ) ;
#1660 = VERTEX_POINT ( 'NONE', #196 ) ;
#1661 = FILL_AREA_STYLE ('',( #397 ) ) ;
#1662 = COLOUR_RGB ( '',0.8313725490196077761, 0.8313725490196077761, 0.8313725490196077761 ) ;
#1663 = CARTESIAN_POINT ( 'NONE',  ( 2.114145242996800178, 0.000000000000000000, 0.1899999999326230093 ) ) ;
#1664 = STYLED_ITEM ( 'NONE', ( #1717 ), #785 ) ;
#1666 = CARTESIAN_POINT ( 'NONE',  ( -2.069859278968719796, -0.2500000000000000000, 0.2000000000000000111 ) ) ;
#1665 = PRESENTATION_LAYER_ASSIGNMENT (  '', '', ( #907 ) ) ;
#1667 = VECTOR ( 'NONE', #26, 1000.000000000000227 ) ;
#1668 = LINE ( 'NONE', #770, #37 ) ;
#1669 = MECHANICAL_DESIGN_GEOMETRIC_PRESENTATION_REPRESENTATION (  '', ( #787 ), #374 ) ;
#1670 = LINE ( 'NONE', #2042, #836 ) ;
#1671 = ADVANCED_FACE ( 'NONE', ( #1 ), #152, .T. ) ;
#1672 = DIRECTION ( 'NONE',  ( -0.000000000000000000, 1.000000000000000000, 0.000000000000000000 ) ) ;
#1673 = ORIENTED_EDGE ( 'NONE', *, *, #1907, .T. ) ;
#1674 = FACE_OUTER_BOUND ( 'NONE', #1613, .T. ) ;
#1675 = SURFACE_STYLE_USAGE ( .BOTH. , #1870 ) ;
#1676 = APPLICATION_PROTOCOL_DEFINITION ( 'draft international standard', 'automotive_design', 1998, #512 ) ;
#1677 = FILL_AREA_STYLE_COLOUR ( '', #104 ) ;
#1678 = DIRECTION ( 'NONE',  ( 0.000000000000000000, -1.000000000000000000, 0.000000000000000000 ) ) ;
#1679 = ORIENTED_EDGE ( 'NONE', *, *, #508, .T. ) ;
#1680 = DIRECTION ( 'NONE',  ( 1.000000000000000000, 0.000000000000000000, -0.000000000000000000 ) ) ;
#1681 = ORIENTED_EDGE ( 'NONE', *, *, #1040, .F. ) ;
#1682 = EDGE_CURVE ( 'NONE', #1979, #995, #2122, .T. ) ;
#1683 = DIRECTION ( 'NONE',  ( 8.573673661253349488E-11, 0.000000000000000000, 1.000000000000000000 ) ) ;
#1684 = FILL_AREA_STYLE ('',( #413 ) ) ;
#1685 = ADVANCED_FACE ( 'NONE', ( #1432 ), #1771, .T. ) ;
#1686 = PRESENTATION_STYLE_ASSIGNMENT (( #1869 ) ) ;
#1687 = VERTEX_POINT ( 'NONE', #1985 ) ;
#1688 = ITEM_DEFINED_TRANSFORMATION ( 'NONE', 'NONE', #840,  #1331 ) ;
#1689 = FACE_OUTER_BOUND ( 'NONE', #2225, .T. ) ;
#1690 = DIRECTION ( 'NONE',  ( 0.000000000000000000, -1.000000000000000000, -0.000000000000000000 ) ) ;
#1691 = EDGE_LOOP ( 'NONE', ( #2336, #2052, #2276, #2035 ) ) ;
#1692 = PLANE ( 'NONE',  #489 ) ;
#1693 = ORIENTED_EDGE ( 'NONE', *, *, #916, .F. ) ;
#1694 = CARTESIAN_POINT ( 'NONE',  ( -0.6932176790499575691, 1.065522973352910352, 0.1999999999999998168 ) ) ;
#1695 = ORIENTED_EDGE ( 'NONE', *, *, #759, .F. ) ;
#1696 = PRESENTATION_LAYER_ASSIGNMENT (  '', '', ( #1915 ) ) ;
#1697 = CARTESIAN_POINT ( 'NONE',  ( 2.114145242988219930, 0.000000000000000000, 0.2899999999326230427 ) ) ;
#1698 = CARTESIAN_POINT ( 'NONE',  ( 0.1750000000000000167, -1.149999999999999911, 0.000000000000000000 ) ) ;
#1699 = EDGE_CURVE ( 'NONE', #1819, #1901, #1106, .T. ) ;
#1700 =( GEOMETRIC_REPRESENTATION_CONTEXT ( 3 ) GLOBAL_UNCERTAINTY_ASSIGNED_CONTEXT ( ( #846 ) ) GLOBAL_UNIT_ASSIGNED_CONTEXT ( ( #356, #1057, #926 ) ) REPRESENTATION_CONTEXT ( 'NONE', 'WORKASPACE' ) );
#1701 = ORIENTED_EDGE ( 'NONE', *, *, #477, .T. ) ;
#1702 = VECTOR ( 'NONE', #440, 1000.000000000000000 ) ;
#1703 = MECHANICAL_DESIGN_GEOMETRIC_PRESENTATION_REPRESENTATION (  '', ( #950 ), #1850 ) ;
#1704 = DIRECTION ( 'NONE',  ( -0.000000000000000000, -1.000000000000000000, -0.000000000000000000 ) ) ;
#1705 = SURFACE_SIDE_STYLE ('',( #2051 ) ) ;
#1706 = VERTEX_POINT ( 'NONE', #2302 ) ;
#1707 = MECHANICAL_DESIGN_GEOMETRIC_PRESENTATION_REPRESENTATION (  '', ( #1214 ), #1255 ) ;
#1708 = SURFACE_STYLE_USAGE ( .BOTH. , #1876 ) ;
#1709 = STYLED_ITEM ( 'NONE', ( #1889 ), #1810 ) ;
#1710 = EDGE_LOOP ( 'NONE', ( #187, #1132, #1892, #1950 ) ) ;
#1711 = PRODUCT_DEFINITION_SHAPE ( 'NONE', 'NONE',  #2339 ) ;
#1712 = FILL_AREA_STYLE ('',( #1748 ) ) ;
#1713 = ADVANCED_FACE ( 'NONE', ( #1974 ), #1092, .F. ) ;
#1714 = FACE_OUTER_BOUND ( 'NONE', #2043, .T. ) ;
#1715 = ORIENTED_EDGE ( 'NONE', *, *, #672, .F. ) ;
#1716 = DIRECTION ( 'NONE',  ( -1.866102676384489851E-09, 0.000000000000000000, 1.000000000000000000 ) ) ;
#1717 = PRESENTATION_STYLE_ASSIGNMENT (( #1708 ) ) ;
#1718 = EDGE_LOOP ( 'NONE', ( #2100, #1638, #2208, #1493, #2014, #310, #1203, #1265 ) ) ;
#1719 = PLANE ( 'NONE',  #1881 ) ;
#1720 = VERTEX_POINT ( 'NONE', #188 ) ;
#1721 =( LENGTH_UNIT ( ) NAMED_UNIT ( * ) SI_UNIT ( .MILLI., .METRE. ) );
#1722 = DIRECTION ( 'NONE',  ( 0.000000000000000000, 0.000000000000000000, 1.000000000000000000 ) ) ;
#1723 = ADVANCED_FACE ( 'NONE', ( #1996 ), #1648, .F. ) ;
#1724 = PRODUCT ( '2', '2', '', ( #392 ) ) ;
#1725 = CARTESIAN_POINT ( 'NONE',  ( -1.400793374140429925, 0.2500000000000000000, 0.6771233369928150170 ) ) ;
#1726 = ORIENTED_EDGE ( 'NONE', *, *, #1078, .F. ) ;
#1727 = AXIS2_PLACEMENT_3D ( 'NONE', #1384, #450, #645 ) ;
#1728 = SURFACE_STYLE_USAGE ( .BOTH. , #1539 ) ;
#1729 = ORIENTED_EDGE ( 'NONE', *, *, #551, .T. ) ;
#1731 = CARTESIAN_POINT ( 'NONE',  ( -1.149999999999999911, -1.149999999999999911, 0.6771233367588119778 ) ) ;
#1730 = PRESENTATION_LAYER_ASSIGNMENT (  '', '', ( #600 ) ) ;
#1732 = VECTOR ( 'NONE', #91, 1000.000000000000000 ) ;
#1733 = FILL_AREA_STYLE_COLOUR ( '', #1556 ) ;
#1734 = CARTESIAN_POINT ( 'NONE',  ( -5.514077786160884343E-17, 0.000000000000000000, -1.169999999999999929 ) ) ;
#1735 = VECTOR ( 'NONE', #2018, 1000.000000000000000 ) ;
#1736 = PRESENTATION_LAYER_ASSIGNMENT (  '', '', ( #414 ) ) ;
#1737 = VECTOR ( 'NONE', #636, 1000.000000000000000 ) ;
#1738 = EDGE_CURVE ( 'NONE', #2006, #1486, #1639, .T. ) ;
#1739 = ORIENTED_EDGE ( 'NONE', *, *, #390, .T. ) ;
#1741 = ADVANCED_FACE ( 'NONE', ( #1419 ), #2132, .T. ) ;
#1740 = DIRECTION ( 'NONE',  ( -1.000000000000000000, 0.000000000000000000, 0.000000000000000000 ) ) ;
#1742 =( GEOMETRIC_REPRESENTATION_CONTEXT ( 3 ) GLOBAL_UNCERTAINTY_ASSIGNED_CONTEXT ( ( #893 ) ) GLOBAL_UNIT_ASSIGNED_CONTEXT ( ( #1313, #412, #1858 ) ) REPRESENTATION_CONTEXT ( 'NONE', 'WORKASPACE' ) );
#1743 = SPHERICAL_SURFACE ( 'NONE', #1141, 0.9005172413793103292 ) ;
#1744 = FILL_AREA_STYLE ('',( #1919 ) ) ;
#1745 = SURFACE_STYLE_FILL_AREA ( #806 ) ;
#1746 = ORIENTED_EDGE ( 'NONE', *, *, #233, .F. ) ;
#1747 = SURFACE_SIDE_STYLE ('',( #1029 ) ) ;
#1748 = FILL_AREA_STYLE_COLOUR ( '', #1918 ) ;
#1749 = EDGE_CURVE ( 'NONE', #1601, #357, #1875, .T. ) ;
#1750 = CARTESIAN_POINT ( 'NONE',  ( 1.100000000000000755, 1.100000000000000089, 1.079817812064830074 ) ) ;
#1751 =( LENGTH_UNIT ( ) NAMED_UNIT ( * ) SI_UNIT ( .MILLI., .METRE. ) );
#1752 = CARTESIAN_POINT ( 'NONE',  ( 1.150000000000001465, 1.149999999999999911, 0.6771233367588118668 ) ) ;
#1753 = SURFACE_SIDE_STYLE ('',( #1949 ) ) ;
#1754 = ORIENTED_EDGE ( 'NONE', *, *, #1749, .T. ) ;
#1755 = EDGE_LOOP ( 'NONE', ( #1951, #498, #1761, #1383 ) ) ;
#1756 = FILL_AREA_STYLE ('',( #311 ) ) ;
#1757 = CARTESIAN_POINT ( 'NONE',  ( 0.000000000000000000, 0.000000000000000000, -0.2999999999999999334 ) ) ;
#1758 = CARTESIAN_POINT ( 'NONE',  ( -1.149999999999999911, 0.2500000000000000000, 0.6771233367588117558 ) ) ;
#1759 = ORIENTED_EDGE ( 'NONE', *, *, #1997, .F. ) ;
#1760 = ADVANCED_FACE ( 'NONE', ( #1497 ), #797, .F. ) ;
#1761 = ORIENTED_EDGE ( 'NONE', *, *, #546, .T. ) ;
#1762 = VECTOR ( 'NONE', #835, 1000.000000000000000 ) ;
#1763 = COLOUR_RGB ( '',0.9607843137254902244, 0.9607843137254902244, 0.9607843137254902244 ) ;
#1764 = VECTOR ( 'NONE', #2075, 1000.000000000000000 ) ;
#1765 = DIRECTION ( 'NONE',  ( -1.000000000000000000, -0.000000000000000000, -0.000000000000000000 ) ) ;
#1766 = VECTOR ( 'NONE', #887, 1000.000000000000000 ) ;
#1767 = VERTEX_POINT ( 'NONE', #2029 ) ;
#1768 = ORIENTED_EDGE ( 'NONE', *, *, #2054, .F. ) ;
#1769 = AXIS2_PLACEMENT_3D ( 'NONE', #1521, #1542, #2060 ) ;
#1770 = AXIS2_PLACEMENT_3D ( 'NONE', #517, #1079, #1827 ) ;
#1771 = PLANE ( 'NONE',  #1633 ) ;
#1772 = CARTESIAN_POINT ( 'NONE',  ( 1.100000000000000089, 1.100000000000000089, 1.600000000000000089 ) ) ;
#1773 =( NAMED_UNIT ( * ) SI_UNIT ( $, .STERADIAN. ) SOLID_ANGLE_UNIT ( ) );
#1774 = FILL_AREA_STYLE_COLOUR ( '', #216 ) ;
#1775 = EDGE_CURVE ( 'NONE', #1530, #114, #2007, .T. ) ;
#1776 = CARTESIAN_POINT ( 'NONE',  ( 1.149999999999999911, 0.1999999999999999833, 0.6771233367588114227 ) ) ;
#1777 = CARTESIAN_POINT ( 'NONE',  ( 0.000000000000000000, 1.030111992527299902, 0.000000000000000000 ) ) ;
#1778 = ORIENTED_EDGE ( 'NONE', *, *, #1487, .T. ) ;
#1779 = SURFACE_SIDE_STYLE ('',( #1072 ) ) ;
#1780 = DIRECTION ( 'NONE',  ( -0.000000000000000000, -0.000000000000000000, 1.000000000000000000 ) ) ;
#1781 = FILL_AREA_STYLE_COLOUR ( '', #2176 ) ;
#1782 = VERTEX_POINT ( 'NONE', #224 ) ;
#1783 = DIRECTION ( 'NONE',  ( 1.000000000000000000, 0.000000000000000000, -0.000000000000000000 ) ) ;
#1784 = PRESENTATION_STYLE_ASSIGNMENT (( #160 ) ) ;
#1785 = LINE ( 'NONE', #1048, #1019 ) ;
#1786 = ADVANCED_FACE ( 'NONE', ( #934 ), #2226, .T. ) ;
#1787 = CARTESIAN_POINT ( 'NONE',  ( -2.899999999999999911, -0.2500000000000000000, 0.1899999999775410231 ) ) ;
#1788 = ORIENTED_EDGE ( 'NONE', *, *, #2175, .T. ) ;
#1789 = CARTESIAN_POINT ( 'NONE',  ( -1.149999999999999911, -1.149999999999999911, 0.000000000000000000 ) ) ;
#1790 = CARTESIAN_POINT ( 'NONE',  ( 0.000000000000000000, 0.000000000000000000, 0.000000000000000000 ) ) ;
#1791 = SURFACE_STYLE_FILL_AREA ( #1616 ) ;
#1792 = ORIENTED_EDGE ( 'NONE', *, *, #1954, .T. ) ;
#1793 = DIRECTION ( 'NONE',  ( 0.000000000000000000, 0.000000000000000000, 1.000000000000000000 ) ) ;
#1794 = COLOUR_RGB ( '',0.8313725490196077761, 0.8313725490196077761, 0.8313725490196077761 ) ;
#1795 = FACE_OUTER_BOUND ( 'NONE', #1352, .T. ) ;
#1796 = CLOSED_SHELL ( 'NONE', ( #1274, #32, #1560, #1369, #1615, #141, #1786, #1760, #1597, #1810, #899, #712, #1572, #161 ) ) ;
#1797 = ORIENTED_EDGE ( 'NONE', *, *, #265, .F. ) ;
#1798 = FACE_OUTER_BOUND ( 'NONE', #1691, .T. ) ;
#1799 = VECTOR ( 'NONE', #945, 1000.000000000000000 ) ;
#1800 = PRESENTATION_STYLE_ASSIGNMENT (( #186 ) ) ;
#1801 = COLOUR_RGB ( '',0.8313725490196077761, 0.8313725490196077761, 0.8313725490196077761 ) ;
#1802 = VERTEX_POINT ( 'NONE', #479 ) ;
#1803 = EDGE_CURVE ( 'NONE', #54, #332, #810, .T. ) ;
#1804 = COLOUR_RGB ( '',0.8313725490196077761, 0.8313725490196077761, 0.8313725490196077761 ) ;
#1805 = CARTESIAN_POINT ( 'NONE',  ( -1.065094109084739893, 1.018637196922669963, 0.2000000000000000111 ) ) ;
#1806 = DIRECTION ( 'NONE',  ( -0.000000000000000000, 1.000000000000000000, -0.000000000000000000 ) ) ;
#1807 = VECTOR ( 'NONE', #2044, 1000.000000000000000 ) ;
#1808 = AXIS2_PLACEMENT_3D ( 'NONE', #394, #1704, #1347 ) ;
#1809 = VERTEX_POINT ( 'NONE', #1535 ) ;
#1810 = ADVANCED_FACE ( 'NONE', ( #1178 ), #1364, .F. ) ;
#1811 = SHAPE_DEFINITION_REPRESENTATION ( #1042, #994 ) ;
#1812 = DIRECTION ( 'NONE',  ( 0.000000000000000000, -0.1743432962099190353, 0.9846849318775322546 ) ) ;
#1813 = LINE ( 'NONE', #1112, #490 ) ;
#1814 = ORIENTED_EDGE ( 'NONE', *, *, #776, .T. ) ;
#1815 = DIRECTION ( 'NONE',  ( 0.2288408853236754692, 0.000000000000000000, -0.9734638407276751115 ) ) ;
#1816 = ORIENTED_EDGE ( 'NONE', *, *, #1894, .T. ) ;
#1817 = DIRECTION ( 'NONE',  ( 1.000000000000000000, 0.000000000000000000, -0.000000000000000000 ) ) ;
#1818 = DIRECTION ( 'NONE',  ( 0.000000000000000000, 0.000000000000000000, 1.000000000000000000 ) ) ;
#1819 = VERTEX_POINT ( 'NONE', #2074 ) ;
#1820 = PRODUCT_RELATED_PRODUCT_CATEGORY ( 'part', '', ( #1071 ) ) ;
#1821 = SURFACE_STYLE_FILL_AREA ( #2304 ) ;
#1822 = EDGE_LOOP ( 'NONE', ( #349, #1929, #1905, #1269, #632, #1356, #1448, #1221, #1658, #1450, #1778, #2205 ) ) ;
#1823 = ADVANCED_FACE ( 'NONE', ( #819 ), #1544, .T. ) ;
#1824 = ORIENTED_EDGE ( 'NONE', *, *, #1237, .T. ) ;
#1825 = CONTEXT_DEPENDENT_SHAPE_REPRESENTATION ( #2087, #1711 ) ;
#1826 = DIRECTION ( 'NONE',  ( 1.000000000000000000, 0.000000000000000000, 0.000000000000000000 ) ) ;
#1827 = DIRECTION ( 'NONE',  ( 1.000000000000000000, 0.000000000000000000, -0.000000000000000000 ) ) ;
#1828 = LINE ( 'NONE', #1483, #1735 ) ;
#1829 = VERTEX_POINT ( 'NONE', #1725 ) ;
#1830 = ORIENTED_EDGE ( 'NONE', *, *, #818, .T. ) ;
#1831 = DIRECTION ( 'NONE',  ( 0.6101384476660297596, 0.000000000000000000, -0.7922948155072626619 ) ) ;
#1832 = CARTESIAN_POINT ( 'NONE',  ( -1.480022855784461244, 0.2500000000000000000, 0.6381371819934200662 ) ) ;
#1833 = SURFACE_SIDE_STYLE ('',( #2184 ) ) ;
#1834 = UNCERTAINTY_MEASURE_WITH_UNIT (LENGTH_MEASURE( 1.000000000000000082E-05 ), #2109, 'distance_accuracy_value', 'NONE');
#1835 = EDGE_CURVE ( 'NONE', #2076, #1417, #459, .T. ) ;
#1836 = DIRECTION ( 'NONE',  ( 1.000000000000000000, 0.000000000000000000, 0.000000000000000000 ) ) ;
#1837 = CARTESIAN_POINT ( 'NONE',  ( -1.149999999999999911, -1.034949546105389029, 1.599999999999999867 ) ) ;
#1838 = VERTEX_POINT ( 'NONE', #2093 ) ;
#1839 = LINE ( 'NONE', #1288, #1061 ) ;
#1840 = CARTESIAN_POINT ( 'NONE',  ( 1.149999999999999911, 1.149999999999999911, 0.000000000000000000 ) ) ;
#1841 = ORIENTED_EDGE ( 'NONE', *, *, #1028, .F. ) ;
#1842 = MECHANICAL_DESIGN_GEOMETRIC_PRESENTATION_REPRESENTATION (  '', ( #2280 ), #1470 ) ;
#1843 = ADVANCED_BREP_SHAPE_REPRESENTATION ( '', ( #1452, #1331 ), #1024 ) ;
#1844 =( NAMED_UNIT ( * ) SI_UNIT ( $, .STERADIAN. ) SOLID_ANGLE_UNIT ( ) );
#1845 = VECTOR ( 'NONE', #282, 1000.000000000000000 ) ;
#1846 = CARTESIAN_POINT ( 'NONE',  ( -0.9777161026055984916, -1.034949546105389917, 1.600000000000000089 ) ) ;
#1847 =( NAMED_UNIT ( * ) SI_UNIT ( $, .STERADIAN. ) SOLID_ANGLE_UNIT ( ) );
#1848 = ORIENTED_EDGE ( 'NONE', *, *, #672, .T. ) ;
#1849 = FILL_AREA_STYLE_COLOUR ( '', #1801 ) ;
#1850 =( GEOMETRIC_REPRESENTATION_CONTEXT ( 3 ) GLOBAL_UNCERTAINTY_ASSIGNED_CONTEXT ( ( #686 ) ) GLOBAL_UNIT_ASSIGNED_CONTEXT ( ( #439, #2072, #456 ) ) REPRESENTATION_CONTEXT ( 'NONE', 'WORKASPACE' ) );
#1851 = DIRECTION ( 'NONE',  ( 0.000000000000000000, 0.000000000000000000, 1.000000000000000000 ) ) ;
#1852 = LINE ( 'NONE', #379, #1799 ) ;
#1853 = COLOUR_RGB ( '',0.8313725490196077761, 0.8313725490196077761, 0.8313725490196077761 ) ;
#1854 = LINE ( 'NONE', #1520, #566 ) ;
#1855 = LINE ( 'NONE', #234, #1702 ) ;
#1856 = ORIENTED_EDGE ( 'NONE', *, *, #1439, .T. ) ;
#1857 = EDGE_CURVE ( 'NONE', #2179, #354, #849, .T. ) ;
#1858 =( NAMED_UNIT ( * ) SI_UNIT ( $, .STERADIAN. ) SOLID_ANGLE_UNIT ( ) );
#1859 = LINE ( 'NONE', #1663, #1995 ) ;
#1860 = CARTESIAN_POINT ( 'NONE',  ( 1.149999999999999911, 0.1999999999999999833, 0.6771233367588119778 ) ) ;
#1861 = EDGE_LOOP ( 'NONE', ( #1069, #92, #272, #1299 ) ) ;
#1862 = APPLICATION_PROTOCOL_DEFINITION ( 'draft international standard', 'automotive_design', 1998, #683 ) ;
#1863 = CARTESIAN_POINT ( 'NONE',  ( -0.1750000000000000167, 1.149999999999999911, 0.000000000000000000 ) ) ;
#1864 = CARTESIAN_POINT ( 'NONE',  ( 0.1750000000000000167, -1.030111992527299680, 4.065758146820641628E-17 ) ) ;
#1865 = ORIENTED_EDGE ( 'NONE', *, *, #1453, .F. ) ;
#1867 = ADVANCED_FACE ( 'NONE', ( #1574 ), #1006, .T. ) ;
#1866 = DIRECTION ( 'NONE',  ( -0.000000000000000000, -1.000000000000000000, -0.000000000000000000 ) ) ;
#1868 = PLANE ( 'NONE',  #487 ) ;
#1869 = SURFACE_STYLE_USAGE ( .BOTH. , #1131 ) ;
#1870 = SURFACE_SIDE_STYLE ('',( #2048 ) ) ;
#1871 = ORIENTED_EDGE ( 'NONE', *, *, #1439, .F. ) ;
#1872 = SURFACE_SIDE_STYLE ('',( #1205 ) ) ;
#1873 = CARTESIAN_POINT ( 'NONE',  ( 0.1750000000000000167, -1.149999999999999911, 0.6771233367588119778 ) ) ;
#1874 = ORIENTED_EDGE ( 'NONE', *, *, #804, .T. ) ;
#1875 = LINE ( 'NONE', #1156, #2153 ) ;
#1876 = SURFACE_SIDE_STYLE ('',( #300 ) ) ;
#1877 = ORIENTED_EDGE ( 'NONE', *, *, #1984, .F. ) ;
#1878 = EDGE_CURVE ( 'NONE', #995, #2056, #1785, .T. ) ;
#1879 =( NAMED_UNIT ( * ) PLANE_ANGLE_UNIT ( ) SI_UNIT ( $, .RADIAN. ) );
#1880 = PRESENTATION_LAYER_ASSIGNMENT (  '', '', ( #560 ) ) ;
#1881 = AXIS2_PLACEMENT_3D ( 'NONE', #1385, #118, #106 ) ;
#1882 = ORIENTED_EDGE ( 'NONE', *, *, #1308, .F. ) ;
#1883 = EDGE_CURVE ( 'NONE', #246, #1121, #720, .T. ) ;
#1884 = VECTOR ( 'NONE', #2032, 1000.000000000000227 ) ;
#1885 = VECTOR ( 'NONE', #330, 1000.000000000000000 ) ;
#1886 = VECTOR ( 'NONE', #2049, 1000.000000000000000 ) ;
#1887 = CARTESIAN_POINT ( 'NONE',  ( 1.060836054773560244, -0.2000000000000000111, 0.000000000000000000 ) ) ;
#1888 = ORIENTED_EDGE ( 'NONE', *, *, #1153, .T. ) ;
#1889 = PRESENTATION_STYLE_ASSIGNMENT (( #99 ) ) ;
#1890 = PLANE ( 'NONE',  #1431 ) ;
#1891 = AXIS2_PLACEMENT_3D ( 'NONE', #2274, #1716, #1217 ) ;
#1892 = ORIENTED_EDGE ( 'NONE', *, *, #1907, .F. ) ;
#1893 = DIRECTION ( 'NONE',  ( -0.000000000000000000, 0.000000000000000000, -1.000000000000000000 ) ) ;
#1894 = EDGE_CURVE ( 'NONE', #1020, #1496, #2157, .T. ) ;
#1895 = DIRECTION ( 'NONE',  ( -0.000000000000000000, 1.000000000000000000, -0.000000000000000000 ) ) ;
#1896 = EDGE_CURVE ( 'NONE', #1051, #1979, #1622, .T. ) ;
#1897 = PLANE ( 'NONE',  #290 ) ;
#1898 = CARTESIAN_POINT ( 'NONE',  ( -1.480022855784461244, -0.2500000000000000000, 0.6381371819934200662 ) ) ;
#1899 = DIRECTION ( 'NONE',  ( 0.000000000000000000, 1.000000000000000000, 0.000000000000000000 ) ) ;
#1900 = CARTESIAN_POINT ( 'NONE',  ( -1.149999999999999911, 0.2500000000000000000, 0.8671233370545275987 ) ) ;
#1901 = VERTEX_POINT ( 'NONE', #170 ) ;
#1902 = DIRECTION ( 'NONE',  ( -0.7922948155228555223, 0.000000000000000000, 0.6101384476457817341 ) ) ;
#1903 = DIRECTION ( 'NONE',  ( -0.000000000000000000, -1.000000000000000000, -0.000000000000000000 ) ) ;
#1904 = DIRECTION ( 'NONE',  ( 0.000000000000000000, -1.000000000000000000, 0.000000000000000000 ) ) ;
#1905 = ORIENTED_EDGE ( 'NONE', *, *, #174, .T. ) ;
#1906 = DIRECTION ( 'NONE',  ( -0.7922948155228555223, 0.000000000000000000, -0.6101384476457817341 ) ) ;
#1907 = EDGE_CURVE ( 'NONE', #1338, #2328, #547, .T. ) ;
#1908 = SURFACE_SIDE_STYLE ('',( #665 ) ) ;
#1909 = PLANE ( 'NONE',  #2070 ) ;
#1910 = ORIENTED_EDGE ( 'NONE', *, *, #1093, .T. ) ;
#1911 = FILL_AREA_STYLE_COLOUR ( '', #1580 ) ;
#1912 =( GEOMETRIC_REPRESENTATION_CONTEXT ( 3 ) GLOBAL_UNCERTAINTY_ASSIGNED_CONTEXT ( ( #1388 ) ) GLOBAL_UNIT_ASSIGNED_CONTEXT ( ( #1641, #736, #1261 ) ) REPRESENTATION_CONTEXT ( 'NONE', 'WORKASPACE' ) );
#1913 = CARTESIAN_POINT ( 'NONE',  ( 0.000000000000000000, 0.000000000000000000, -0.2694827586206897108 ) ) ;
#1914 = ORIENTED_EDGE ( 'NONE', *, *, #1545, .F. ) ;
#1915 = STYLED_ITEM ( 'NONE', ( #823 ), #32 ) ;
#1916 = VECTOR ( 'NONE', #1765, 1000.000000000000000 ) ;
#1917 =( GEOMETRIC_REPRESENTATION_CONTEXT ( 3 ) GLOBAL_UNCERTAINTY_ASSIGNED_CONTEXT ( ( #1834 ) ) GLOBAL_UNIT_ASSIGNED_CONTEXT ( ( #2109, #1151, #418 ) ) REPRESENTATION_CONTEXT ( 'NONE', 'WORKASPACE' ) );
#1919 = FILL_AREA_STYLE_COLOUR ( '', #938 ) ;
#1918 = COLOUR_RGB ( '',0.8313725490196077761, 0.8313725490196077761, 0.8313725490196077761 ) ;
#1920 = PRESENTATION_LAYER_ASSIGNMENT (  '', '', ( #603 ) ) ;
#1921 = PLANE ( 'NONE',  #2148 ) ;
#1922 = ADVANCED_FACE ( 'NONE', ( #1798 ), #1230, .T. ) ;
#1923 = CARTESIAN_POINT ( 'NONE',  ( 1.149999999999999911, 1.149999999999999911, 0.000000000000000000 ) ) ;
#1924 = VECTOR ( 'NONE', #969, 999.9999999999998863 ) ;
#1925 = VECTOR ( 'NONE', #1690, 1000.000000000000000 ) ;
#1926 = VECTOR ( 'NONE', #2166, 1000.000000000000000 ) ;
#1927 = EDGE_CURVE ( 'NONE', #2019, #968, #1611, .T. ) ;
#1928 = DIRECTION ( 'NONE',  ( 0.000000000000000000, -1.000000000000000000, -0.000000000000000000 ) ) ;
#1929 = ORIENTED_EDGE ( 'NONE', *, *, #2050, .F. ) ;
#1930 = LINE ( 'NONE', #1367, #137 ) ;
#1931 = CARTESIAN_POINT ( 'NONE',  ( 0.9000000000000000222, 0.000000000000000000, 0.000000000000000000 ) ) ;
#1932 = APPLICATION_CONTEXT ( 'automotive_design' ) ;
#1933 = UNCERTAINTY_MEASURE_WITH_UNIT (LENGTH_MEASURE( 1.000000000000000082E-05 ), #257, 'distance_accuracy_value', 'NONE');
#1934 = FACE_OUTER_BOUND ( 'NONE', #2254, .T. ) ;
#1935 = SURFACE_STYLE_FILL_AREA ( #1077 ) ;
#1936 = SURFACE_SIDE_STYLE ('',( #2258 ) ) ;
#1937 = FILL_AREA_STYLE ('',( #1972 ) ) ;
#1938 = ORIENTED_EDGE ( 'NONE', *, *, #1803, .F. ) ;
#1939 = EDGE_LOOP ( 'NONE', ( #20, #255, #396, #1056 ) ) ;
#1940 = EDGE_CURVE ( 'NONE', #400, #1838, #1444, .T. ) ;
#1941 = CARTESIAN_POINT ( 'NONE',  ( 2.899999999999999911, 0.000000000000000000, 0.000000000000000000 ) ) ;
#1942 = LINE ( 'NONE', #312, #2101 ) ;
#1943 = CARTESIAN_POINT ( 'NONE',  ( -2.899999999999999911, 0.000000000000000000, 0.000000000000000000 ) ) ;
#1944 = ORIENTED_EDGE ( 'NONE', *, *, #1028, .T. ) ;
#1945 = ORIENTED_EDGE ( 'NONE', *, *, #1940, .F. ) ;
#1946 = DIRECTION ( 'NONE',  ( 0.000000000000000000, -1.000000000000000000, -0.000000000000000000 ) ) ;
#1947 = CARTESIAN_POINT ( 'NONE',  ( -0.9417412815247370173, -1.100000000000000311, 1.753032913892679900 ) ) ;
#1948 = CARTESIAN_POINT ( 'NONE',  ( -1.149999999999999911, 1.149999999999999911, 0.000000000000000000 ) ) ;
#1949 = SURFACE_STYLE_FILL_AREA ( #721 ) ;
#1950 = ORIENTED_EDGE ( 'NONE', *, *, #2220, .F. ) ;
#1951 = ORIENTED_EDGE ( 'NONE', *, *, #1682, .F. ) ;
#1952 = DIRECTION ( 'NONE',  ( 0.000000000000000000, -1.000000000000000000, 0.000000000000000000 ) ) ;
#1953 = DIRECTION ( 'NONE',  ( -0.000000000000000000, -0.000000000000000000, 1.000000000000000000 ) ) ;
#1954 = EDGE_CURVE ( 'NONE', #573, #1198, #895, .T. ) ;
#1955 = DIRECTION ( 'NONE',  ( 0.000000000000000000, 0.000000000000000000, 1.000000000000000000 ) ) ;
#1956 = DIRECTION ( 'NONE',  ( 1.000000000000000000, 0.000000000000000000, -1.589718081720830042E-09 ) ) ;
#1957 = VECTOR ( 'NONE', #1043, 1000.000000000000000 ) ;
#1958 = UNCERTAINTY_MEASURE_WITH_UNIT (LENGTH_MEASURE( 1.000000000000000082E-05 ), #273, 'distance_accuracy_value', 'NONE');
#1959 =( LENGTH_UNIT ( ) NAMED_UNIT ( * ) SI_UNIT ( .MILLI., .METRE. ) );
#1960 = CARTESIAN_POINT ( 'NONE',  ( 0.1750000000000000167, -1.149999999999999911, 0.6771233367588119778 ) ) ;
#1961 = LINE ( 'NONE', #184, #38 ) ;
#1962 = VECTOR ( 'NONE', #1672, 1000.000000000000000 ) ;
#1963 = VERTEX_POINT ( 'NONE', #1426 ) ;
#1964 =( GEOMETRIC_REPRESENTATION_CONTEXT ( 3 ) GLOBAL_UNCERTAINTY_ASSIGNED_CONTEXT ( ( #2089 ) ) GLOBAL_UNIT_ASSIGNED_CONTEXT ( ( #909, #1309, #362 ) ) REPRESENTATION_CONTEXT ( 'NONE', 'WORKASPACE' ) );
#1965 = VECTOR ( 'NONE', #1481, 1000.000000000000000 ) ;
#1966 = FILL_AREA_STYLE ('',( #520 ) ) ;
#1967 = PRESENTATION_STYLE_ASSIGNMENT (( #138 ) ) ;
#1968 = COLOUR_RGB ( '',0.8313725490196077761, 0.8313725490196077761, 0.8313725490196077761 ) ;
#1969 = EDGE_CURVE ( 'NONE', #336, #2289, #538, .T. ) ;
#1970 = FILL_AREA_STYLE ('',( #894 ) ) ;
#1971 = FACE_OUTER_BOUND ( 'NONE', #1987, .T. ) ;
#1972 = FILL_AREA_STYLE_COLOUR ( '', #2185 ) ;
#1973 = VERTEX_POINT ( 'NONE', #1403 ) ;
#1974 = FACE_OUTER_BOUND ( 'NONE', #1362, .T. ) ;
#1975 = CARTESIAN_POINT ( 'NONE',  ( 2.114145242988219930, 0.2000000000000000111, 0.2899999999326230427 ) ) ;
#1976 = DIRECTION ( 'NONE',  ( -1.000000000000000000, 0.000000000000000000, 0.000000000000000000 ) ) ;
#1977 = AXIS2_PLACEMENT_3D ( 'NONE', #1137, #1851, #752 ) ;
#1978 = CARTESIAN_POINT ( 'NONE',  ( 1.971446025542499925, 0.000000000000000000, 0.000000000000000000 ) ) ;
#1979 = VERTEX_POINT ( 'NONE', #2298 ) ;
#1980 = DIRECTION ( 'NONE',  ( -1.000000000000000000, 0.000000000000000000, -8.573673661253349488E-11 ) ) ;
#1981 = EDGE_CURVE ( 'NONE', #624, #488, #731, .T. ) ;
#1982 = CARTESIAN_POINT ( 'NONE',  ( -1.149999999999999911, -1.149999999999999911, 0.000000000000000000 ) ) ;
#1983 = ORIENTED_EDGE ( 'NONE', *, *, #689, .T. ) ;
#1984 = EDGE_CURVE ( 'NONE', #1338, #266, #1257, .T. ) ;
#1985 = CARTESIAN_POINT ( 'NONE',  ( 1.480022855784462132, 0.2000000000000000944, 0.6381371819934201772 ) ) ;
#1986 = CARTESIAN_POINT ( 'NONE',  ( -2.114145242988219930, -0.2500000000000000000, 0.1899999999326230371 ) ) ;
#1987 = EDGE_LOOP ( 'NONE', ( #1602, #1865, #2084, #762, #2152, #722, #549, #799, #116, #809, #802, #2111, #1446 ) ) ;
#1988 = DIRECTION ( 'NONE',  ( 0.000000000000000000, 0.000000000000000000, 1.000000000000000000 ) ) ;
#1989 =( GEOMETRIC_REPRESENTATION_CONTEXT ( 3 ) GLOBAL_UNCERTAINTY_ASSIGNED_CONTEXT ( ( #2001 ) ) GLOBAL_UNIT_ASSIGNED_CONTEXT ( ( #939, #262, #1305 ) ) REPRESENTATION_CONTEXT ( 'NONE', 'WORKASPACE' ) );
#1990 = DIRECTION ( 'NONE',  ( 1.000000000000000000, -0.000000000000000000, 0.000000000000000000 ) ) ;
#1991 = LINE ( 'NONE', #706, #2217 ) ;
#1992 = AXIS2_PLACEMENT_3D ( 'NONE', #335, #1628, #155 ) ;
#1993 = LINE ( 'NONE', #13, #1139 ) ;
#1994 = VERTEX_POINT ( 'NONE', #1776 ) ;
#1995 = VECTOR ( 'NONE', #1304, 1000.000000000000000 ) ;
#1997 = EDGE_CURVE ( 'NONE', #301, #1280, #1961, .T. ) ;
#1996 = FACE_OUTER_BOUND ( 'NONE', #839, .T. ) ;
#1998 = CARTESIAN_POINT ( 'NONE',  ( -0.1749999999999999889, 1.149999999999999911, 0.000000000000000000 ) ) ;
#1999 = PRESENTATION_LAYER_ASSIGNMENT (  '', '', ( #2215 ) ) ;
#2000 = DIRECTION ( 'NONE',  ( 0.000000000000000000, 0.000000000000000000, 1.000000000000000000 ) ) ;
#2001 = UNCERTAINTY_MEASURE_WITH_UNIT (LENGTH_MEASURE( 1.000000000000000082E-05 ), #939, 'distance_accuracy_value', 'NONE');
#2002 = DIRECTION ( 'NONE',  ( 0.000000000000000000, 0.000000000000000000, -1.000000000000000000 ) ) ;
#2003 = LINE ( 'NONE', #380, #366 ) ;
#2004 = DIRECTION ( 'NONE',  ( -1.000000000000000000, -0.000000000000000000, -0.000000000000000000 ) ) ;
#2005 = EDGE_LOOP ( 'NONE', ( #1437, #2009, #73, #1693, #1202, #507 ) ) ;
#2006 = VERTEX_POINT ( 'NONE', #1414 ) ;
#2007 = LINE ( 'NONE', #207, #333 ) ;
#2008 = CARTESIAN_POINT ( 'NONE',  ( -1.149999999999999911, -1.149999999999999911, 0.6771233367588119778 ) ) ;
#2009 = ORIENTED_EDGE ( 'NONE', *, *, #946, .F. ) ;
#2010 = FILL_AREA_STYLE_COLOUR ( '', #2062 ) ;
#2011 = EDGE_CURVE ( 'NONE', #114, #246, #910, .T. ) ;
#2012 = ORIENTED_EDGE ( 'NONE', *, *, #2025, .F. ) ;
#2013 = CARTESIAN_POINT ( 'NONE',  ( 1.149999999999999911, 1.149999999999999911, 0.8671233367417989779 ) ) ;
#2014 = ORIENTED_EDGE ( 'NONE', *, *, #2011, .T. ) ;
#2015 =( LENGTH_UNIT ( ) NAMED_UNIT ( * ) SI_UNIT ( .MILLI., .METRE. ) );
#2016 = LINE ( 'NONE', #393, #1208 ) ;
#2017 = CARTESIAN_POINT ( 'NONE',  ( 2.114145242992510276, -0.2000000000000000111, 0.1899999999663114503 ) ) ;
#2018 = DIRECTION ( 'NONE',  ( 1.000000000000000000, 0.000000000000000000, -0.000000000000000000 ) ) ;
#2019 = VERTEX_POINT ( 'NONE', #1273 ) ;
#2020 = EDGE_LOOP ( 'NONE', ( #2131, #1443, #506, #383 ) ) ;
#2021 = SURFACE_SIDE_STYLE ('',( #247 ) ) ;
#2022 = CARTESIAN_POINT ( 'NONE',  ( 0.000000000000000000, 0.000000000000000000, -0.2999999999999999334 ) ) ;
#2023 = DIRECTION ( 'NONE',  ( 0.000000000000000000, -0.9846849318775321436, 0.1743432962099200345 ) ) ;
#2024 = VERTEX_POINT ( 'NONE', #2128 ) ;
#2025 = EDGE_CURVE ( 'NONE', #301, #1901, #1991, .T. ) ;
#2026 = DIRECTION ( 'NONE',  ( -0.000000000000000000, 0.000000000000000000, 1.000000000000000000 ) ) ;
#2027 = DIRECTION ( 'NONE',  ( 1.000000000000000000, 0.000000000000000000, -0.000000000000000000 ) ) ;
#2028 = ORIENTED_EDGE ( 'NONE', *, *, #1157, .F. ) ;
#2029 = CARTESIAN_POINT ( 'NONE',  ( 2.899999999999999911, 0.2000000000000000111, 0.1899999999999999745 ) ) ;
#2030 = AXIS2_PLACEMENT_3D ( 'NONE', #203, #1654, #1980 ) ;
#2031 = VECTOR ( 'NONE', #1133, 1000.000000000000000 ) ;
#2032 = DIRECTION ( 'NONE',  ( 0.2262146621846513050, 0.1510651892345994118, -0.9622921776748467604 ) ) ;
#2033 = MECHANICAL_DESIGN_GEOMETRIC_PRESENTATION_REPRESENTATION (  '', ( #603 ), #562 ) ;
#2034 =( NAMED_UNIT ( * ) PLANE_ANGLE_UNIT ( ) SI_UNIT ( $, .RADIAN. ) );
#2035 = ORIENTED_EDGE ( 'NONE', *, *, #145, .F. ) ;
#2036 = CARTESIAN_POINT ( 'NONE',  ( 0.000000000000000000, 1.149999999999999911, 0.8671233367417989779 ) ) ;
#2037 = ORIENTED_EDGE ( 'NONE', *, *, #954, .T. ) ;
#2038 = MECHANICAL_DESIGN_GEOMETRIC_PRESENTATION_REPRESENTATION (  '', ( #414 ), #679 ) ;
#2039 = AXIS2_PLACEMENT_3D ( 'NONE', #967, #771, #1125 ) ;
#2040 = APPLICATION_PROTOCOL_DEFINITION ( 'draft international standard', 'automotive_design', 1998, #756 ) ;
#2041 = ADVANCED_FACE ( 'NONE', ( #1971 ), #350, .F. ) ;
#2042 = CARTESIAN_POINT ( 'NONE',  ( 1.058751721674725310, -1.030111992527300124, -7.589415207398531038E-16 ) ) ;
#2043 = EDGE_LOOP ( 'NONE', ( #700, #1349, #2107, #50 ) ) ;
#2044 = DIRECTION ( 'NONE',  ( 0.2288408853237000884, -0.000000000000000000, 0.9734638407276693384 ) ) ;
#2045 = VERTEX_POINT ( 'NONE', #219 ) ;
#2046 = SURFACE_SIDE_STYLE ('',( #1332 ) ) ;
#2047 = DIRECTION ( 'NONE',  ( 0.000000000000000000, -0.1743432962099200345, -0.9846849318775321436 ) ) ;
#2048 = SURFACE_STYLE_FILL_AREA ( #958 ) ;
#2049 = DIRECTION ( 'NONE',  ( -0.000000000000000000, 1.000000000000000000, 0.000000000000000000 ) ) ;
#2050 = EDGE_CURVE ( 'NONE', #1473, #2106, #65, .T. ) ;
#2051 = SURFACE_STYLE_FILL_AREA ( #468 ) ;
#2052 = ORIENTED_EDGE ( 'NONE', *, *, #570, .F. ) ;
#2053 = ORIENTED_EDGE ( 'NONE', *, *, #1350, .F. ) ;
#2054 = EDGE_CURVE ( 'NONE', #206, #1462, #1813, .T. ) ;
#2055 =( NAMED_UNIT ( * ) SI_UNIT ( $, .STERADIAN. ) SOLID_ANGLE_UNIT ( ) );
#2056 = VERTEX_POINT ( 'NONE', #1645 ) ;
#2057 = SURFACE_SIDE_STYLE ('',( #1345 ) ) ;
#2058 =( NAMED_UNIT ( * ) SI_UNIT ( $, .STERADIAN. ) SOLID_ANGLE_UNIT ( ) );
#2059 = PRODUCT_DEFINITION_SHAPE ( 'NONE', 'NONE',  #815 ) ;
#2060 = DIRECTION ( 'NONE',  ( 1.000000000000000000, 0.000000000000000000, -0.000000000000000000 ) ) ;
#2061 = ORIENTED_EDGE ( 'NONE', *, *, #386, .T. ) ;
#2062 = COLOUR_RGB ( '',0.8313725490196077761, 0.8313725490196077761, 0.8313725490196077761 ) ;
#2063 = PRODUCT_RELATED_PRODUCT_CATEGORY ( 'part', '', ( #629 ) ) ;
#2064 = CARTESIAN_POINT ( 'NONE',  ( 1.400793374233739952, 0.000000000000000000, 0.6771233372268180561 ) ) ;
#2065 = FILL_AREA_STYLE_COLOUR ( '', #1357 ) ;
#2066 = ORIENTED_EDGE ( 'NONE', *, *, #493, .T. ) ;
#2067 = EDGE_CURVE ( 'NONE', #2045, #1198, #44, .T. ) ;
#2068 = VECTOR ( 'NONE', #801, 1000.000000000000000 ) ;
#2069 = CARTESIAN_POINT ( 'NONE',  ( 1.445079338077449815, -0.2000000000000000111, 0.8671233372108918536 ) ) ;
#2070 = AXIS2_PLACEMENT_3D ( 'NONE', #2235, #2094, #470 ) ;
#2071 = EDGE_LOOP ( 'NONE', ( #922, #84, #371, #27 ) ) ;
#2072 =( NAMED_UNIT ( * ) PLANE_ANGLE_UNIT ( ) SI_UNIT ( $, .RADIAN. ) );
#2073 = FACE_OUTER_BOUND ( 'NONE', #970, .T. ) ;
#2074 = CARTESIAN_POINT ( 'NONE',  ( 1.058751721674722646, 1.030111992527300124, -3.964114193150125587E-16 ) ) ;
#2075 = DIRECTION ( 'NONE',  ( -1.000000000000000000, -0.000000000000000000, -1.866102676384489851E-09 ) ) ;
#2076 = VERTEX_POINT ( 'NONE', #2223 ) ;
#2077 = CARTESIAN_POINT ( 'NONE',  ( -1.149999999999999911, -0.2500000000000000000, 0.6771233370708157340 ) ) ;
#2078 = ADVANCED_FACE ( 'NONE', ( #11 ), #53, .T. ) ;
#2079 = CARTESIAN_POINT ( 'NONE',  ( 1.045577653237149907, 1.149999999999999911, -0.09776041085773691519 ) ) ;
#2080 = SURFACE_STYLE_USAGE ( .BOTH. , #120 ) ;
#2081 = DIRECTION ( 'NONE',  ( 0.000000000000000000, -0.000000000000000000, 1.000000000000000000 ) ) ;
#2082 = PRESENTATION_STYLE_ASSIGNMENT (( #1373 ) ) ;
#2083 = FACE_OUTER_BOUND ( 'NONE', #1276, .T. ) ;
#2084 = ORIENTED_EDGE ( 'NONE', *, *, #904, .F. ) ;
#2085 = DIRECTION ( 'NONE',  ( 0.000000000000000000, 0.000000000000000000, 1.000000000000000000 ) ) ;
#2086 = ADVANCED_FACE ( 'NONE', ( #742 ), #2198, .F. ) ;
#2087 =( REPRESENTATION_RELATIONSHIP ('NONE','NONE', #927, #1070 ) REPRESENTATION_RELATIONSHIP_WITH_TRANSFORMATION ( #1688 )SHAPE_REPRESENTATION_RELATIONSHIP( ) );
#2088 = EDGE_LOOP ( 'NONE', ( #879, #410, #1330, #441, #1768, #1647 ) ) ;
#2089 = UNCERTAINTY_MEASURE_WITH_UNIT (LENGTH_MEASURE( 1.000000000000000082E-05 ), #909, 'distance_accuracy_value', 'NONE');
#2090 = EDGE_CURVE ( 'NONE', #1973, #1963, #1854, .T. ) ;
#2091 = DIRECTION ( 'NONE',  ( -1.000000000000000000, -0.000000000000000000, -0.000000000000000000 ) ) ;
#2092 = ORIENTED_EDGE ( 'NONE', *, *, #738, .T. ) ;
#2093 = CARTESIAN_POINT ( 'NONE',  ( -1.149999999999999911, -0.2500000000000000000, 0.8671233367417989779 ) ) ;
#2094 = DIRECTION ( 'NONE',  ( 0.000000000000000000, 0.000000000000000000, 1.000000000000000000 ) ) ;
#2095 = VERTEX_POINT ( 'NONE', #588 ) ;
#2096 = PRESENTATION_LAYER_ASSIGNMENT (  '', '', ( #787 ) ) ;
#2097 = FILL_AREA_STYLE_COLOUR ( '', #1017 ) ;
#2098 = VECTOR ( 'NONE', #1569, 1000.000000000000114 ) ;
#2099 = DIRECTION ( 'NONE',  ( -0.6101384476457817341, 0.000000000000000000, 0.7922948155228555223 ) ) ;
#2100 = ORIENTED_EDGE ( 'NONE', *, *, #914, .F. ) ;
#2101 = VECTOR ( 'NONE', #1409, 1000.000000000000114 ) ;
#2102 = DIRECTION ( 'NONE',  ( -0.2288408853237000884, 0.000000000000000000, -0.9734638407276693384 ) ) ;
#2103 = VECTOR ( 'NONE', #997, 1000.000000000000000 ) ;
#2104 = ADVANCED_FACE ( 'NONE', ( #244 ), #1310, .F. ) ;
#2105 = LINE ( 'NONE', #539, #1766 ) ;
#2106 = VERTEX_POINT ( 'NONE', #232 ) ;
#2107 = ORIENTED_EDGE ( 'NONE', *, *, #1325, .F. ) ;
#2108 = SURFACE_SIDE_STYLE ('',( #1578 ) ) ;
#2109 =( LENGTH_UNIT ( ) NAMED_UNIT ( * ) SI_UNIT ( .MILLI., .METRE. ) );
#2110 = SHAPE_REPRESENTATION ( '2', ( #1331 ), #1038 ) ;
#2111 = ORIENTED_EDGE ( 'NONE', *, *, #2299, .F. ) ;
#2112 = DIRECTION ( 'NONE',  ( 1.000000000000000000, 0.000000000000000000, 0.000000000000000000 ) ) ;
#2113 = UNCERTAINTY_MEASURE_WITH_UNIT (LENGTH_MEASURE( 1.000000000000000082E-05 ), #2015, 'distance_accuracy_value', 'NONE');
#2114 = DIRECTION ( 'NONE',  ( -0.9734638407276693384, 0.000000000000000000, -0.2288408853237000884 ) ) ;
#2115 = FACE_OUTER_BOUND ( 'NONE', #31, .T. ) ;
#2117 = EDGE_CURVE ( 'NONE', #1407, #1170, #1466, .T. ) ;
#2116 = CARTESIAN_POINT ( 'NONE',  ( 0.000000000000000000, -1.030111992527299902, 0.000000000000000000 ) ) ;
#2118 = LINE ( 'NONE', #2327, #1395 ) ;
#2119 = ORIENTED_EDGE ( 'NONE', *, *, #593, .T. ) ;
#2120 = ORIENTED_EDGE ( 'NONE', *, *, #1343, .F. ) ;
#2121 = APPLICATION_CONTEXT ( 'automotive_design' ) ;
#2123 = EDGE_CURVE ( 'NONE', #229, #266, #421, .T. ) ;
#2122 = LINE ( 'NONE', #1459, #478 ) ;
#2124 = DIRECTION ( 'NONE',  ( 0.1335515398590959024, 0.000000000000000000, -0.9910418690455333746 ) ) ;
#2125 = LINE ( 'NONE', #556, #64 ) ;
#2126 = PLANE ( 'NONE',  #838 ) ;
#2127 = CARTESIAN_POINT ( 'NONE',  ( -2.899999999999999911, 0.2500000000000000000, 0.3648984879870940667 ) ) ;
#2128 = CARTESIAN_POINT ( 'NONE',  ( -1.100000000000000755, 1.100000000000000089, 1.079817812064830296 ) ) ;
#2129 = DIRECTION ( 'NONE',  ( 0.000000000000000000, 0.000000000000000000, 1.000000000000000000 ) ) ;
#2130 = ORIENTED_EDGE ( 'NONE', *, *, #977, .F. ) ;
#2131 = ORIENTED_EDGE ( 'NONE', *, *, #1835, .F. ) ;
#2132 = PLANE ( 'NONE',  #267 ) ;
#2133 = SURFACE_STYLE_FILL_AREA ( #724 ) ;
#2134 = ORIENTED_EDGE ( 'NONE', *, *, #626, .F. ) ;
#2135 = EDGE_CURVE ( 'NONE', #206, #332, #1839, .T. ) ;
#2136 = COLOUR_RGB ( '',0.8313725490196077761, 0.8313725490196077761, 0.8313725490196077761 ) ;
#2137 = FILL_AREA_STYLE_COLOUR ( '', #1425 ) ;
#2138 = CIRCLE ( 'NONE', #1130, 0.1000000000000000472 ) ;
#2139 = UNCERTAINTY_MEASURE_WITH_UNIT (LENGTH_MEASURE( 1.000000000000000082E-05 ), #811, 'distance_accuracy_value', 'NONE');
#2140 = VECTOR ( 'NONE', #874, 1000.000000000000000 ) ;
#2141 = AXIS2_PLACEMENT_3D ( 'NONE', #510, #710, #2124 ) ;
#2142 = CARTESIAN_POINT ( 'NONE',  ( -1.058751721674723978, 0.7427641899298480510, -5.421010862427522170E-16 ) ) ;
#2143 = SURFACE_SIDE_STYLE ('',( #1935 ) ) ;
#2144 = CARTESIAN_POINT ( 'NONE',  ( 1.149999999999999911, -1.149999999999999911, 0.000000000000000000 ) ) ;
#2145 = VECTOR ( 'NONE', #194, 1000.000000000000000 ) ;
#2146 = ORIENTED_EDGE ( 'NONE', *, *, #1218, .F. ) ;
#2147 = STYLED_ITEM ( 'NONE', ( #2156 ), #1292 ) ;
#2148 = AXIS2_PLACEMENT_3D ( 'NONE', #1358, #87, #848 ) ;
#2149 =( LENGTH_UNIT ( ) NAMED_UNIT ( * ) SI_UNIT ( .MILLI., .METRE. ) );
#2150 = CARTESIAN_POINT ( 'NONE',  ( -1.085703466909809345, 0.7189663722471459906, 0.1999999999999999833 ) ) ;
#2151 = DIRECTION ( 'NONE',  ( 1.000000000000000000, -0.000000000000000000, 8.573673661253349488E-11 ) ) ;
#2152 = ORIENTED_EDGE ( 'NONE', *, *, #1059, .F. ) ;
#2153 = VECTOR ( 'NONE', #1866, 1000.000000000000000 ) ;
#2154 = EDGE_CURVE ( 'NONE', #976, #1601, #2003, .T. ) ;
#2155 = PLANE ( 'NONE',  #1587 ) ;
#2156 = PRESENTATION_STYLE_ASSIGNMENT (( #1442 ) ) ;
#2157 = LINE ( 'NONE', #2116, #1015 ) ;
#2158 = PLANE ( 'NONE',  #147 ) ;
#2159 = ORIENTED_EDGE ( 'NONE', *, *, #2271, .F. ) ;
#2160 = ORIENTED_EDGE ( 'NONE', *, *, #1223, .T. ) ;
#2161 = CYLINDRICAL_SURFACE ( 'NONE', #905, 0.1000000000000000472 ) ;
#2162 = ORIENTED_EDGE ( 'NONE', *, *, #2135, .F. ) ;
#2163 = VERTEX_POINT ( 'NONE', #1863 ) ;
#2164 = CARTESIAN_POINT ( 'NONE',  ( -1.400793374233739952, 0.2500000000000000000, 0.5771233372268179673 ) ) ;
#2165 = EDGE_CURVE ( 'NONE', #1782, #1635, #1339, .T. ) ;
#2166 = DIRECTION ( 'NONE',  ( 1.000000000000000000, 0.000000000000000000, 0.000000000000000000 ) ) ;
#2167 = DIRECTION ( 'NONE',  ( -0.000000000000000000, 1.000000000000000000, -0.000000000000000000 ) ) ;
#2168 = VERTEX_POINT ( 'NONE', #948 ) ;
#2169 = EDGE_LOOP ( 'NONE', ( #1067, #2290, #1910, #239 ) ) ;
#2170 = DIRECTION ( 'NONE',  ( 0.000000000000000000, 1.000000000000000000, 0.000000000000000000 ) ) ;
#2171 = DIRECTION ( 'NONE',  ( 0.000000000000000000, 1.000000000000000000, 0.000000000000000000 ) ) ;
#2172 = PLANE ( 'NONE',  #2247 ) ;
#2173 =( GEOMETRIC_REPRESENTATION_CONTEXT ( 3 ) GLOBAL_UNCERTAINTY_ASSIGNED_CONTEXT ( ( #1086 ) ) GLOBAL_UNIT_ASSIGNED_CONTEXT ( ( #473, #1377, #1022 ) ) REPRESENTATION_CONTEXT ( 'NONE', 'WORKASPACE' ) );
#2174 = DIRECTION ( 'NONE',  ( 0.000000000000000000, -0.9879010681615291167, -0.1550853943003980551 ) ) ;
#2175 = EDGE_CURVE ( 'NONE', #1163, #624, #755, .T. ) ;
#2176 = COLOUR_RGB ( '',0.8313725490196077761, 0.8313725490196077761, 0.8313725490196077761 ) ;
#2177 = CARTESIAN_POINT ( 'NONE',  ( -1.960435512477249898, -0.2500000000000000000, 0.1899999999326230371 ) ) ;
#2178 = VECTOR ( 'NONE', #2249, 1000.000000000000000 ) ;
#2179 = VERTEX_POINT ( 'NONE', #2191 ) ;
#2180 = ORIENTED_EDGE ( 'NONE', *, *, #1738, .F. ) ;
#2181 = CIRCLE ( 'NONE', #1515, 0.1000000000000000472 ) ;
#2182 = DIRECTION ( 'NONE',  ( 0.7922948155072627729, 0.000000000000000000, 0.6101384476660298706 ) ) ;
#2183 = LINE ( 'NONE', #1145, #830 ) ;
#2184 = SURFACE_STYLE_FILL_AREA ( #1474 ) ;
#2185 = COLOUR_RGB ( '',0.8313725490196077761, 0.8313725490196077761, 0.8313725490196077761 ) ;
#2186 = VECTOR ( 'NONE', #181, 1000.000000000000114 ) ;
#2187 = DIRECTION ( 'NONE',  ( 1.000000000000000000, 0.000000000000000000, 0.000000000000000000 ) ) ;
#2188 =( NAMED_UNIT ( * ) SI_UNIT ( $, .STERADIAN. ) SOLID_ANGLE_UNIT ( ) );
#2189 = VECTOR ( 'NONE', #1187, 1000.000000000000000 ) ;
#2190 = SURFACE_STYLE_FILL_AREA ( #1124 ) ;
#2191 = CARTESIAN_POINT ( 'NONE',  ( -1.100000000000000089, 1.100000000000000089, 0.8671233367417989779 ) ) ;
#2192 = ORIENTED_EDGE ( 'NONE', *, *, #351, .T. ) ;
#2193 = CARTESIAN_POINT ( 'NONE',  ( 1.149999999999999911, 0.1999999999999999833, 0.8671233367417988669 ) ) ;
#2194 = ORIENTED_EDGE ( 'NONE', *, *, #324, .F. ) ;
#2195 = VERTEX_POINT ( 'NONE', #2017 ) ;
#2196 = CARTESIAN_POINT ( 'NONE',  ( 1.911400315867267441, 0.2000000000000000111, 0.07797231046679302391 ) ) ;
#2197 = LINE ( 'NONE', #1318, #790 ) ;
#2198 = PLANE ( 'NONE',  #758 ) ;
#2199 = LINE ( 'NONE', #1275, #76 ) ;
#2200 = ORIENTED_EDGE ( 'NONE', *, *, #1699, .T. ) ;
#2201 = SURFACE_STYLE_USAGE ( .BOTH. , #35 ) ;
#2202 = PLANE ( 'NONE',  #2283 ) ;
#2203 = DIRECTION ( 'NONE',  ( 0.000000000000000000, -1.000000000000000000, 0.000000000000000000 ) ) ;
#2204 = EDGE_CURVE ( 'NONE', #1290, #1782, #908, .T. ) ;
#2205 = ORIENTED_EDGE ( 'NONE', *, *, #1044, .T. ) ;
#2206 = AXIS2_PLACEMENT_3D ( 'NONE', #1789, #1952, #701 ) ;
#2207 = CARTESIAN_POINT ( 'NONE',  ( 1.149999999999999911, -1.149999999999999911, 0.8671233367417989779 ) ) ;
#2208 = ORIENTED_EDGE ( 'NONE', *, *, #62, .T. ) ;
#2209 = CARTESIAN_POINT ( 'NONE',  ( -0.9777161026055987136, 1.149999999999999911, 1.600000000000000311 ) ) ;
#2210 = VERTEX_POINT ( 'NONE', #1503 ) ;
#2211 = VECTOR ( 'NONE', #1386, 1000.000000000000000 ) ;
#2212 = COLOUR_RGB ( '',0.8313725490196077761, 0.8313725490196077761, 0.8313725490196077761 ) ;
#2213 = DIRECTION ( 'NONE',  ( -0.000000000000000000, -0.000000000000000000, 1.000000000000000000 ) ) ;
#2214 = VECTOR ( 'NONE', #553, 1000.000000000000000 ) ;
#2216 = PLANE ( 'NONE',  #1391 ) ;
#2215 = STYLED_ITEM ( 'NONE', ( #1800 ), #854 ) ;
#2217 = VECTOR ( 'NONE', #1035, 1000.000000000000114 ) ;
#2218 = ORIENTED_EDGE ( 'NONE', *, *, #964, .F. ) ;
#2219 = ORIENTED_EDGE ( 'NONE', *, *, #432, .T. ) ;
#2220 = EDGE_CURVE ( 'NONE', #1496, #1338, #1670, .T. ) ;
#2221 = LINE ( 'NONE', #788, #789 ) ;
#2222 = EDGE_CURVE ( 'NONE', #1802, #2289, #2286, .T. ) ;
#2223 = CARTESIAN_POINT ( 'NONE',  ( 1.400793374140434810, 0.2000000000000000111, 0.6771233372268178341 ) ) ;
#2224 = ORIENTED_EDGE ( 'NONE', *, *, #403, .T. ) ;
#2225 = EDGE_LOOP ( 'NONE', ( #343, #198, #2301 ) ) ;
#2226 = CYLINDRICAL_SURFACE ( 'NONE', #992, 0.2000000000000000111 ) ;
#2227 = DIRECTION ( 'NONE',  ( 0.000000000000000000, 0.9846849318775323656, 0.1743432962099190631 ) ) ;
#2228 = ORIENTED_EDGE ( 'NONE', *, *, #1337, .F. ) ;
#2229 = FACE_OUTER_BOUND ( 'NONE', #1822, .T. ) ;
#2230 = ORIENTED_EDGE ( 'NONE', *, *, #1266, .T. ) ;
#2231 = LINE ( 'NONE', #1161, #796 ) ;
#2232 = DIRECTION ( 'NONE',  ( 0.000000000000000000, -1.000000000000000000, 0.000000000000000000 ) ) ;
#2233 = ORIENTED_EDGE ( 'NONE', *, *, #2054, .T. ) ;
#2234 = EDGE_CURVE ( 'NONE', #897, #2195, #2231, .T. ) ;
#2235 = CARTESIAN_POINT ( 'NONE',  ( 0.000000000000000000, 0.000000000000000000, 0.8671233367417989779 ) ) ;
#2236 = VERTEX_POINT ( 'NONE', #1004 ) ;
#2237 = CYLINDRICAL_SURFACE ( 'NONE', #1353, 0.1999999999999999833 ) ;
#2238 = FACE_OUTER_BOUND ( 'NONE', #1312, .T. ) ;
#2239 = PLANE ( 'NONE',  #1585 ) ;
#2240 = MANIFOLD_SOLID_BREP ( 'Imported1', #1094 ) ;
#2241 = CARTESIAN_POINT ( 'NONE',  ( 2.899999999999999911, -0.2000000000000000111, 0.8671233366000531406 ) ) ;
#2242 = DIRECTION ( 'NONE',  ( 1.000000000000000000, 0.000000000000000000, 0.000000000000000000 ) ) ;
#2243 = STYLED_ITEM ( 'NONE', ( #1686 ), #1572 ) ;
#2245 = ADVANCED_FACE ( 'NONE', ( #254 ), #1921, .T. ) ;
#2244 =( NAMED_UNIT ( * ) SI_UNIT ( $, .STERADIAN. ) SOLID_ANGLE_UNIT ( ) );
#2246 = ORIENTED_EDGE ( 'NONE', *, *, #100, .F. ) ;
#2247 = AXIS2_PLACEMENT_3D ( 'NONE', #919, #753, #2002 ) ;
#2248 = VECTOR ( 'NONE', #1895, 1000.000000000000000 ) ;
#2249 = DIRECTION ( 'NONE',  ( -1.000000000000000000, -0.000000000000000000, -0.000000000000000000 ) ) ;
#2250 = AXIS2_PLACEMENT_3D ( 'NONE', #1998, #1488, #1128 ) ;
#2251 = COLOUR_RGB ( '',0.8313725490196077761, 0.8313725490196077761, 0.8313725490196077761 ) ;
#2252 = ORIENTED_EDGE ( 'NONE', *, *, #928, .T. ) ;
#2253 = VECTOR ( 'NONE', #2102, 1000.000000000000000 ) ;
#2254 = EDGE_LOOP ( 'NONE', ( #1914, #2228, #543, #1882 ) ) ;
#2255 = PRESENTATION_STYLE_ASSIGNMENT (( #2080 ) ) ;
#2256 = DIRECTION ( 'NONE',  ( 0.000000000000000000, 1.000000000000000000, 0.000000000000000000 ) ) ;
#2257 = AXIS2_PLACEMENT_3D ( 'NONE', #1234, #1245, #912 ) ;
#2258 = SURFACE_STYLE_FILL_AREA ( #828 ) ;
#2259 = VERTEX_POINT ( 'NONE', #298 ) ;
#2260 =( NAMED_UNIT ( * ) PLANE_ANGLE_UNIT ( ) SI_UNIT ( $, .RADIAN. ) );
#2261 = ADVANCED_FACE ( 'NONE', ( #268 ), #2263, .T. ) ;
#2262 = LINE ( 'NONE', #501, #1957 ) ;
#2263 = PLANE ( 'NONE',  #870 ) ;
#2264 = CARTESIAN_POINT ( 'NONE',  ( 2.034915761435939441, -0.2000000000000000111, 0.2289861551680469343 ) ) ;
#2265 = ORIENTED_EDGE ( 'NONE', *, *, #2123, .F. ) ;
#2266 = DIRECTION ( 'NONE',  ( 1.589718081720830042E-09, 0.000000000000000000, -1.000000000000000000 ) ) ;
#2267 = ORIENTED_EDGE ( 'NONE', *, *, #536, .T. ) ;
#2268 = DIRECTION ( 'NONE',  ( 0.000000000000000000, 1.000000000000000000, 0.000000000000000000 ) ) ;
#2269 = PRESENTATION_STYLE_ASSIGNMENT (( #1728 ) ) ;
#2270 = CARTESIAN_POINT ( 'NONE',  ( -2.069859278968719796, -0.2500000000000000000, 0.000000000000000000 ) ) ;
#2271 = EDGE_CURVE ( 'NONE', #1536, #897, #662, .T. ) ;
#2272 =( NAMED_UNIT ( * ) SI_UNIT ( $, .STERADIAN. ) SOLID_ANGLE_UNIT ( ) );
#2273 = CARTESIAN_POINT ( 'NONE',  ( 0.000000000000000000, 0.000000000000000000, -0.2694827586206897108 ) ) ;
#2274 = CARTESIAN_POINT ( 'NONE',  ( 1.088444694875950081, 0.000000000000000000, 0.6771233366439429746 ) ) ;
#2275 = LINE ( 'NONE', #1777, #833 ) ;
#2276 = ORIENTED_EDGE ( 'NONE', *, *, #1738, .T. ) ;
#2277 = SURFACE_STYLE_USAGE ( .BOTH. , #2108 ) ;
#2278 = STYLED_ITEM ( 'NONE', ( #843 ), #1615 ) ;
#2279 = LINE ( 'NONE', #1931, #24 ) ;
#2280 = STYLED_ITEM ( 'NONE', ( #2319 ), #86 ) ;
#2281 = PRESENTATION_LAYER_ASSIGNMENT (  '', '', ( #1624 ) ) ;
#2282 = EDGE_CURVE ( 'NONE', #1143, #1167, #986, .T. ) ;
#2283 = AXIS2_PLACEMENT_3D ( 'NONE', #1294, #592, #1818 ) ;
#2284 = DIRECTION ( 'NONE',  ( 0.000000000000000000, 0.000000000000000000, 1.000000000000000000 ) ) ;
#2285 = LINE ( 'NONE', #327, #1511 ) ;
#2286 = CIRCLE ( 'NONE', #1808, 0.2000000000000000111 ) ;
#2287 = EDGE_CURVE ( 'NONE', #1496, #1819, #1553, .T. ) ;
#2288 = DIRECTION ( 'NONE',  ( -1.000000000000000000, 0.000000000000000000, 0.000000000000000000 ) ) ;
#2289 = VERTEX_POINT ( 'NONE', #652 ) ;
#2290 = ORIENTED_EDGE ( 'NONE', *, *, #524, .F. ) ;
#2291 = COLOUR_RGB ( '',0.8313725490196077761, 0.8313725490196077761, 0.8313725490196077761 ) ;
#2292 = DIRECTION ( 'NONE',  ( 0.000000000000000000, -1.000000000000000000, 0.000000000000000000 ) ) ;
#2293 = CARTESIAN_POINT ( 'NONE',  ( 1.149999999999999911, -0.2000000000000000111, 0.8671233366000531406 ) ) ;
#2294 = SURFACE_STYLE_USAGE ( .BOTH. , #1618 ) ;
#2295 =( NAMED_UNIT ( * ) SI_UNIT ( $, .STERADIAN. ) SOLID_ANGLE_UNIT ( ) );
#2296 = EDGE_CURVE ( 'NONE', #1973, #488, #1194, .T. ) ;
#2297 = SURFACE_STYLE_FILL_AREA ( #1970 ) ;
#2298 = CARTESIAN_POINT ( 'NONE',  ( -0.9777161026055982695, 1.034949546105388807, 1.599999999999999867 ) ) ;
#2299 = EDGE_CURVE ( 'NONE', #1050, #114, #515, .T. ) ;
#2300 = CARTESIAN_POINT ( 'NONE',  ( 1.149999999999999911, -0.2500000000000000000, 0.6771233367588119778 ) ) ;
#2301 = ORIENTED_EDGE ( 'NONE', *, *, #477, .F. ) ;
#2302 = CARTESIAN_POINT ( 'NONE',  ( 1.075126806734629348, -1.100000000000000755, 1.185625627888568623 ) ) ;
#2303 =( NAMED_UNIT ( * ) SI_UNIT ( $, .STERADIAN. ) SOLID_ANGLE_UNIT ( ) );
#2304 = FILL_AREA_STYLE ('',( #1781 ) ) ;
#2305 = DIRECTION ( 'NONE',  ( 1.000000000000000000, 0.000000000000000000, 0.000000000000000000 ) ) ;
#2306 = CARTESIAN_POINT ( 'NONE',  ( -1.149999999999999911, 1.149999999999999911, 0.000000000000000000 ) ) ;
#2307 =( LENGTH_UNIT ( ) NAMED_UNIT ( * ) SI_UNIT ( .MILLI., .METRE. ) );
#2308 =( NAMED_UNIT ( * ) PLANE_ANGLE_UNIT ( ) SI_UNIT ( $, .RADIAN. ) );
#2309 = DIRECTION ( 'NONE',  ( -0.000000000000000000, 0.000000000000000000, -1.000000000000000000 ) ) ;
#2310 =( LENGTH_UNIT ( ) NAMED_UNIT ( * ) SI_UNIT ( .MILLI., .METRE. ) );
#2311 = ORIENTED_EDGE ( 'NONE', *, *, #622, .F. ) ;
#2312 = ADVANCED_FACE ( 'NONE', ( #1934 ), #2126, .F. ) ;
#2313 = PRESENTATION_STYLE_ASSIGNMENT (( #164 ) ) ;
#2314 = FILL_AREA_STYLE_COLOUR ( '', #261 ) ;
#2315 = CARTESIAN_POINT ( 'NONE',  ( -2.114145242988219930, -0.2500000000000000000, 0.2899999999326230427 ) ) ;
#2316 = ORIENTED_EDGE ( 'NONE', *, *, #1044, .F. ) ;
#2317 = EDGE_LOOP ( 'NONE', ( #1270, #862, #1792, #878 ) ) ;
#2318 =( GEOMETRIC_REPRESENTATION_CONTEXT ( 3 ) GLOBAL_UNCERTAINTY_ASSIGNED_CONTEXT ( ( #492 ) ) GLOBAL_UNIT_ASSIGNED_CONTEXT ( ( #211, #2034, #1847 ) ) REPRESENTATION_CONTEXT ( 'NONE', 'WORKASPACE' ) );
#2319 = PRESENTATION_STYLE_ASSIGNMENT (( #1631 ) ) ;
#2320 = UNCERTAINTY_MEASURE_WITH_UNIT (LENGTH_MEASURE( 1.000000000000000082E-05 ), #435, 'distance_accuracy_value', 'NONE');
#2321 = STYLED_ITEM ( 'NONE', ( #313 ), #1452 ) ;
#2322 = AXIS2_PLACEMENT_3D ( 'NONE', #1490, #212, #940 ) ;
#2323 = DIRECTION ( 'NONE',  ( 0.000000000000000000, 0.000000000000000000, -1.000000000000000000 ) ) ;
#2324 = VECTOR ( 'NONE', #2213, 1000.000000000000000 ) ;
#2325 = DIRECTION ( 'NONE',  ( -0.000000000000000000, 0.000000000000000000, 1.000000000000000000 ) ) ;
#2326 = AXIS2_PLACEMENT_3D ( 'NONE', #429, #637, #277 ) ;
#2327 = CARTESIAN_POINT ( 'NONE',  ( -1.149999999999999911, 0.000000000000000000, 0.6771233367588114227 ) ) ;
#2328 = VERTEX_POINT ( 'NONE', #1595 ) ;
#2329 = AXIS2_PLACEMENT_3D ( 'NONE', #1025, #1065, #2323 ) ;
#2330 = VECTOR ( 'NONE', #1267, 1000.000000000000000 ) ;
#2331 = LINE ( 'NONE', #723, #1620 ) ;
#2332 = FACE_OUTER_BOUND ( 'NONE', #613, .T. ) ;
#2333 = FACE_OUTER_BOUND ( 'NONE', #319, .T. ) ;
#2334 = DIRECTION ( 'NONE',  ( 0.000000000000000000, -1.000000000000000000, 0.000000000000000000 ) ) ;
#2335 = ADVANCED_FACE ( 'NONE', ( #884 ), #1087, .F. ) ;
#2336 = ORIENTED_EDGE ( 'NONE', *, *, #564, .T. ) ;
#2337 = NEXT_ASSEMBLY_USAGE_OCCURRENCE ( 'NAUO1', ' ', ' ', #670, #448, $ ) ;
#2338 = NEXT_ASSEMBLY_USAGE_OCCURRENCE ( 'NAUO2', ' ', ' ', #670, #696, $ ) ;
#2339 = NEXT_ASSEMBLY_USAGE_OCCURRENCE ( 'NAUO3', ' ', ' ', #670, #815, $ ) ;
ENDSEC;
END-ISO-10303-21;
