ISO-10303-21;
HEADER;
FILE_DESCRIPTION((''),'2;1');
FILE_NAME('C-5-146285-5','2017-06-28T',('workeradm'),('Tyco Electronics Ltd.'),
'CREO PARAMETRIC BY PTC INC, 2016050','CREO PARAMETRIC BY PTC INC, 2016050','');
FILE_SCHEMA(('AUTOMOTIVE_DESIGN { 1 0 10303 214 1 1 1 1 }'));
ENDSEC;
DATA;
#2=DIRECTION('',(-1.E0,0.E0,0.E0));
#3=VECTOR('',#2,6.223E-1);
#4=CARTESIAN_POINT('',(-4.76885E0,-3.1115E-1,0.E0));
#5=LINE('',#4,#3);
#6=DIRECTION('',(0.E0,1.E0,0.E0));
#7=VECTOR('',#6,6.223E-1);
#8=CARTESIAN_POINT('',(-4.76885E0,-3.1115E-1,0.E0));
#9=LINE('',#8,#7);
#10=DIRECTION('',(-1.E0,0.E0,0.E0));
#11=VECTOR('',#10,6.223E-1);
#12=CARTESIAN_POINT('',(-4.76885E0,3.1115E-1,0.E0));
#13=LINE('',#12,#11);
#14=DIRECTION('',(0.E0,1.E0,0.E0));
#15=VECTOR('',#14,6.223E-1);
#16=CARTESIAN_POINT('',(-5.39115E0,-3.1115E-1,0.E0));
#17=LINE('',#16,#15);
#18=DIRECTION('',(-1.E0,0.E0,0.E0));
#19=VECTOR('',#18,6.223E-1);
#20=CARTESIAN_POINT('',(-2.22885E0,-3.1115E-1,0.E0));
#21=LINE('',#20,#19);
#22=DIRECTION('',(0.E0,1.E0,0.E0));
#23=VECTOR('',#22,6.223E-1);
#24=CARTESIAN_POINT('',(-2.22885E0,-3.1115E-1,0.E0));
#25=LINE('',#24,#23);
#26=DIRECTION('',(-1.E0,0.E0,0.E0));
#27=VECTOR('',#26,6.223E-1);
#28=CARTESIAN_POINT('',(-2.22885E0,3.1115E-1,0.E0));
#29=LINE('',#28,#27);
#30=DIRECTION('',(0.E0,1.E0,0.E0));
#31=VECTOR('',#30,6.223E-1);
#32=CARTESIAN_POINT('',(-2.85115E0,-3.1115E-1,0.E0));
#33=LINE('',#32,#31);
#34=DIRECTION('',(-1.E0,0.E0,0.E0));
#35=VECTOR('',#34,6.223E-1);
#36=CARTESIAN_POINT('',(3.1115E-1,-3.1115E-1,0.E0));
#37=LINE('',#36,#35);
#38=DIRECTION('',(0.E0,1.E0,0.E0));
#39=VECTOR('',#38,6.223E-1);
#40=CARTESIAN_POINT('',(3.1115E-1,-3.1115E-1,0.E0));
#41=LINE('',#40,#39);
#42=DIRECTION('',(-1.E0,0.E0,0.E0));
#43=VECTOR('',#42,6.223E-1);
#44=CARTESIAN_POINT('',(3.1115E-1,3.1115E-1,0.E0));
#45=LINE('',#44,#43);
#46=DIRECTION('',(0.E0,1.E0,0.E0));
#47=VECTOR('',#46,6.223E-1);
#48=CARTESIAN_POINT('',(-3.1115E-1,-3.1115E-1,0.E0));
#49=LINE('',#48,#47);
#50=DIRECTION('',(-1.E0,0.E0,0.E0));
#51=VECTOR('',#50,6.223E-1);
#52=CARTESIAN_POINT('',(2.85115E0,-3.1115E-1,0.E0));
#53=LINE('',#52,#51);
#54=DIRECTION('',(0.E0,1.E0,0.E0));
#55=VECTOR('',#54,6.223E-1);
#56=CARTESIAN_POINT('',(2.85115E0,-3.1115E-1,0.E0));
#57=LINE('',#56,#55);
#58=DIRECTION('',(-1.E0,0.E0,0.E0));
#59=VECTOR('',#58,6.223E-1);
#60=CARTESIAN_POINT('',(2.85115E0,3.1115E-1,0.E0));
#61=LINE('',#60,#59);
#62=DIRECTION('',(0.E0,1.E0,0.E0));
#63=VECTOR('',#62,6.223E-1);
#64=CARTESIAN_POINT('',(2.22885E0,-3.1115E-1,0.E0));
#65=LINE('',#64,#63);
#66=DIRECTION('',(-1.E0,0.E0,0.E0));
#67=VECTOR('',#66,6.223E-1);
#68=CARTESIAN_POINT('',(5.39115E0,-3.1115E-1,0.E0));
#69=LINE('',#68,#67);
#70=DIRECTION('',(0.E0,1.E0,0.E0));
#71=VECTOR('',#70,6.223E-1);
#72=CARTESIAN_POINT('',(5.39115E0,-3.1115E-1,0.E0));
#73=LINE('',#72,#71);
#74=DIRECTION('',(-1.E0,0.E0,0.E0));
#75=VECTOR('',#74,6.223E-1);
#76=CARTESIAN_POINT('',(5.39115E0,3.1115E-1,0.E0));
#77=LINE('',#76,#75);
#78=DIRECTION('',(0.E0,1.E0,0.E0));
#79=VECTOR('',#78,6.223E-1);
#80=CARTESIAN_POINT('',(4.76885E0,-3.1115E-1,0.E0));
#81=LINE('',#80,#79);
#82=DIRECTION('',(4.999999999999E-1,-8.660254037845E-1,0.E0));
#83=VECTOR('',#82,4.106115114476E-1);
#84=CARTESIAN_POINT('',(3.604694244276E0,1.1684E0,0.E0));
#85=LINE('',#84,#83);
#86=DIRECTION('',(4.999999999999E-1,8.660254037845E-1,0.E0));
#87=VECTOR('',#86,4.106115114476E-1);
#88=CARTESIAN_POINT('',(3.81E0,8.128E-1,0.E0));
#89=LINE('',#88,#87);
#90=DIRECTION('',(-1.E0,0.E0,0.E0));
#91=VECTOR('',#90,2.131494244276E0);
#92=CARTESIAN_POINT('',(6.1468E0,1.1684E0,0.E0));
#93=LINE('',#92,#91);
#94=DIRECTION('',(0.E0,1.E0,0.E0));
#95=VECTOR('',#94,2.3368E0);
#96=CARTESIAN_POINT('',(6.1468E0,-1.1684E0,0.E0));
#97=LINE('',#96,#95);
#98=DIRECTION('',(1.E0,0.E0,0.E0));
#99=VECTOR('',#98,2.131494244276E0);
#100=CARTESIAN_POINT('',(4.015305755724E0,-1.1684E0,0.E0));
#101=LINE('',#100,#99);
#102=DIRECTION('',(-4.999999999999E-1,8.660254037845E-1,0.E0));
#103=VECTOR('',#102,4.106115114476E-1);
#104=CARTESIAN_POINT('',(4.015305755724E0,-1.1684E0,0.E0));
#105=LINE('',#104,#103);
#106=DIRECTION('',(-4.999999999999E-1,-8.660254037845E-1,0.E0));
#107=VECTOR('',#106,4.106115114476E-1);
#108=CARTESIAN_POINT('',(3.81E0,-8.128E-1,0.E0));
#109=LINE('',#108,#107);
#110=DIRECTION('',(1.E0,0.E0,0.E0));
#111=VECTOR('',#110,2.129388488552E0);
#112=CARTESIAN_POINT('',(1.475305755724E0,-1.1684E0,0.E0));
#113=LINE('',#112,#111);
#114=DIRECTION('',(-4.999999999999E-1,8.660254037845E-1,0.E0));
#115=VECTOR('',#114,4.106115114476E-1);
#116=CARTESIAN_POINT('',(1.475305755724E0,-1.1684E0,0.E0));
#117=LINE('',#116,#115);
#118=DIRECTION('',(-4.999999999999E-1,-8.660254037845E-1,0.E0));
#119=VECTOR('',#118,4.106115114476E-1);
#120=CARTESIAN_POINT('',(1.27E0,-8.128E-1,0.E0));
#121=LINE('',#120,#119);
#122=DIRECTION('',(1.E0,0.E0,0.E0));
#123=VECTOR('',#122,2.129388488552E0);
#124=CARTESIAN_POINT('',(-1.064694244276E0,-1.1684E0,0.E0));
#125=LINE('',#124,#123);
#126=DIRECTION('',(-4.999999999999E-1,8.660254037845E-1,0.E0));
#127=VECTOR('',#126,4.106115114476E-1);
#128=CARTESIAN_POINT('',(-1.064694244276E0,-1.1684E0,0.E0));
#129=LINE('',#128,#127);
#130=DIRECTION('',(-4.999999999999E-1,-8.660254037845E-1,0.E0));
#131=VECTOR('',#130,4.106115114476E-1);
#132=CARTESIAN_POINT('',(-1.27E0,-8.128E-1,0.E0));
#133=LINE('',#132,#131);
#134=DIRECTION('',(1.E0,0.E0,0.E0));
#135=VECTOR('',#134,2.129388488552E0);
#136=CARTESIAN_POINT('',(-3.604694244276E0,-1.1684E0,0.E0));
#137=LINE('',#136,#135);
#138=DIRECTION('',(-4.999999999999E-1,8.660254037845E-1,0.E0));
#139=VECTOR('',#138,4.106115114476E-1);
#140=CARTESIAN_POINT('',(-3.604694244276E0,-1.1684E0,0.E0));
#141=LINE('',#140,#139);
#142=DIRECTION('',(-4.999999999999E-1,-8.660254037845E-1,0.E0));
#143=VECTOR('',#142,4.106115114476E-1);
#144=CARTESIAN_POINT('',(-3.81E0,-8.128E-1,0.E0));
#145=LINE('',#144,#143);
#146=DIRECTION('',(1.E0,0.E0,0.E0));
#147=VECTOR('',#146,2.131494244276E0);
#148=CARTESIAN_POINT('',(-6.1468E0,-1.1684E0,0.E0));
#149=LINE('',#148,#147);
#150=DIRECTION('',(0.E0,-1.E0,0.E0));
#151=VECTOR('',#150,2.3368E0);
#152=CARTESIAN_POINT('',(-6.1468E0,1.1684E0,0.E0));
#153=LINE('',#152,#151);
#154=DIRECTION('',(-1.E0,0.E0,0.E0));
#155=VECTOR('',#154,2.131494244276E0);
#156=CARTESIAN_POINT('',(-4.015305755724E0,1.1684E0,0.E0));
#157=LINE('',#156,#155);
#158=DIRECTION('',(4.999999999999E-1,-8.660254037845E-1,0.E0));
#159=VECTOR('',#158,4.106115114476E-1);
#160=CARTESIAN_POINT('',(-4.015305755724E0,1.1684E0,0.E0));
#161=LINE('',#160,#159);
#162=DIRECTION('',(4.999999999999E-1,8.660254037845E-1,0.E0));
#163=VECTOR('',#162,4.106115114476E-1);
#164=CARTESIAN_POINT('',(-3.81E0,8.128E-1,0.E0));
#165=LINE('',#164,#163);
#166=DIRECTION('',(-1.E0,0.E0,0.E0));
#167=VECTOR('',#166,2.129388488552E0);
#168=CARTESIAN_POINT('',(-1.475305755724E0,1.1684E0,0.E0));
#169=LINE('',#168,#167);
#170=DIRECTION('',(4.999999999999E-1,-8.660254037845E-1,0.E0));
#171=VECTOR('',#170,4.106115114476E-1);
#172=CARTESIAN_POINT('',(-1.475305755724E0,1.1684E0,0.E0));
#173=LINE('',#172,#171);
#174=DIRECTION('',(4.999999999999E-1,8.660254037845E-1,0.E0));
#175=VECTOR('',#174,4.106115114476E-1);
#176=CARTESIAN_POINT('',(-1.27E0,8.128E-1,0.E0));
#177=LINE('',#176,#175);
#178=DIRECTION('',(-1.E0,0.E0,0.E0));
#179=VECTOR('',#178,2.129388488552E0);
#180=CARTESIAN_POINT('',(1.064694244276E0,1.1684E0,0.E0));
#181=LINE('',#180,#179);
#182=DIRECTION('',(4.999999999999E-1,-8.660254037845E-1,0.E0));
#183=VECTOR('',#182,4.106115114476E-1);
#184=CARTESIAN_POINT('',(1.064694244276E0,1.1684E0,0.E0));
#185=LINE('',#184,#183);
#186=DIRECTION('',(4.999999999999E-1,8.660254037845E-1,0.E0));
#187=VECTOR('',#186,4.106115114476E-1);
#188=CARTESIAN_POINT('',(1.27E0,8.128E-1,0.E0));
#189=LINE('',#188,#187);
#190=DIRECTION('',(-1.E0,0.E0,0.E0));
#191=VECTOR('',#190,2.129388488552E0);
#192=CARTESIAN_POINT('',(3.604694244276E0,1.1684E0,0.E0));
#193=LINE('',#192,#191);
#194=DIRECTION('',(0.E0,0.E0,1.E0));
#195=VECTOR('',#194,5.84E0);
#196=CARTESIAN_POINT('',(-5.39115E0,-3.1115E-1,0.E0));
#197=LINE('',#196,#195);
#198=DIRECTION('',(1.E0,0.E0,0.E0));
#199=VECTOR('',#198,6.223E-1);
#200=CARTESIAN_POINT('',(-5.39115E0,-3.1115E-1,5.84E0));
#201=LINE('',#200,#199);
#202=DIRECTION('',(0.E0,0.E0,-1.E0));
#203=VECTOR('',#202,5.84E0);
#204=CARTESIAN_POINT('',(-4.76885E0,-3.1115E-1,5.84E0));
#205=LINE('',#204,#203);
#206=DIRECTION('',(0.E0,0.E0,-1.E0));
#207=VECTOR('',#206,2.925E0);
#208=CARTESIAN_POINT('',(-4.76885E0,-3.1115E-1,-1.651E0));
#209=LINE('',#208,#207);
#210=DIRECTION('',(-1.E0,0.E0,0.E0));
#211=VECTOR('',#210,6.223E-1);
#212=CARTESIAN_POINT('',(-4.76885E0,-3.1115E-1,-4.576E0));
#213=LINE('',#212,#211);
#214=DIRECTION('',(0.E0,0.E0,1.E0));
#215=VECTOR('',#214,2.925E0);
#216=CARTESIAN_POINT('',(-5.39115E0,-3.1115E-1,-4.576E0));
#217=LINE('',#216,#215);
#218=DIRECTION('',(0.E0,0.E0,-1.E0));
#219=VECTOR('',#218,5.84E0);
#220=CARTESIAN_POINT('',(-4.76885E0,3.1115E-1,5.84E0));
#221=LINE('',#220,#219);
#222=DIRECTION('',(1.E0,0.E0,0.E0));
#223=VECTOR('',#222,6.223E-1);
#224=CARTESIAN_POINT('',(-5.39115E0,3.1115E-1,5.84E0));
#225=LINE('',#224,#223);
#226=DIRECTION('',(0.E0,0.E0,1.E0));
#227=VECTOR('',#226,5.84E0);
#228=CARTESIAN_POINT('',(-5.39115E0,3.1115E-1,0.E0));
#229=LINE('',#228,#227);
#230=DIRECTION('',(0.E0,0.E0,1.E0));
#231=VECTOR('',#230,2.925E0);
#232=CARTESIAN_POINT('',(-5.39115E0,3.1115E-1,-4.576E0));
#233=LINE('',#232,#231);
#234=DIRECTION('',(-1.E0,0.E0,0.E0));
#235=VECTOR('',#234,6.223E-1);
#236=CARTESIAN_POINT('',(-4.76885E0,3.1115E-1,-4.576E0));
#237=LINE('',#236,#235);
#238=DIRECTION('',(0.E0,0.E0,-1.E0));
#239=VECTOR('',#238,2.925E0);
#240=CARTESIAN_POINT('',(-4.76885E0,3.1115E-1,-1.651E0));
#241=LINE('',#240,#239);
#242=DIRECTION('',(0.E0,1.E0,0.E0));
#243=VECTOR('',#242,6.223E-1);
#244=CARTESIAN_POINT('',(-4.76885E0,-3.1115E-1,5.84E0));
#245=LINE('',#244,#243);
#246=DIRECTION('',(0.E0,1.E0,0.E0));
#247=VECTOR('',#246,6.223E-1);
#248=CARTESIAN_POINT('',(-5.39115E0,-3.1115E-1,5.84E0));
#249=LINE('',#248,#247);
#250=DIRECTION('',(0.E0,-1.E0,0.E0));
#251=VECTOR('',#250,2.3368E0);
#252=CARTESIAN_POINT('',(-5.588E0,1.1684E0,-1.651E0));
#253=LINE('',#252,#251);
#254=DIRECTION('',(-1.E0,0.E0,0.E0));
#255=VECTOR('',#254,6.223E-1);
#256=CARTESIAN_POINT('',(-4.76885E0,-3.1115E-1,-1.651E0));
#257=LINE('',#256,#255);
#258=DIRECTION('',(0.E0,1.E0,0.E0));
#259=VECTOR('',#258,6.223E-1);
#260=CARTESIAN_POINT('',(-5.39115E0,-3.1115E-1,-1.651E0));
#261=LINE('',#260,#259);
#262=DIRECTION('',(-1.E0,0.E0,0.E0));
#263=VECTOR('',#262,6.223E-1);
#264=CARTESIAN_POINT('',(-4.76885E0,3.1115E-1,-1.651E0));
#265=LINE('',#264,#263);
#266=DIRECTION('',(0.E0,1.E0,0.E0));
#267=VECTOR('',#266,6.223E-1);
#268=CARTESIAN_POINT('',(-4.76885E0,-3.1115E-1,-1.651E0));
#269=LINE('',#268,#267);
#270=DIRECTION('',(0.E0,0.E0,1.E0));
#271=VECTOR('',#270,2.286E0);
#272=CARTESIAN_POINT('',(-4.015305755724E0,-1.1684E0,-2.286E0));
#273=LINE('',#272,#271);
#274=DIRECTION('',(0.E0,0.E0,1.E0));
#275=VECTOR('',#274,6.35E-1);
#276=CARTESIAN_POINT('',(-4.572E0,-1.1684E0,-2.286E0));
#277=LINE('',#276,#275);
#278=DIRECTION('',(-1.E0,0.E0,0.E0));
#279=VECTOR('',#278,1.016E0);
#280=CARTESIAN_POINT('',(-4.572E0,-1.1684E0,-1.651E0));
#281=LINE('',#280,#279);
#282=DIRECTION('',(0.E0,0.E0,1.E0));
#283=VECTOR('',#282,6.35E-1);
#284=CARTESIAN_POINT('',(-5.588E0,-1.1684E0,-2.286E0));
#285=LINE('',#284,#283);
#286=DIRECTION('',(0.E0,0.E0,-1.E0));
#287=VECTOR('',#286,2.286E0);
#288=CARTESIAN_POINT('',(-6.1468E0,-1.1684E0,0.E0));
#289=LINE('',#288,#287);
#290=DIRECTION('',(0.E0,0.E0,1.E0));
#291=VECTOR('',#290,2.286E0);
#292=CARTESIAN_POINT('',(-1.475305755724E0,-1.1684E0,-2.286E0));
#293=LINE('',#292,#291);
#294=DIRECTION('',(0.E0,0.E0,1.E0));
#295=VECTOR('',#294,6.35E-1);
#296=CARTESIAN_POINT('',(-2.032E0,-1.1684E0,-2.286E0));
#297=LINE('',#296,#295);
#298=DIRECTION('',(1.E0,0.E0,0.E0));
#299=VECTOR('',#298,1.016E0);
#300=CARTESIAN_POINT('',(-3.048E0,-1.1684E0,-1.651E0));
#301=LINE('',#300,#299);
#302=DIRECTION('',(0.E0,0.E0,1.E0));
#303=VECTOR('',#302,6.35E-1);
#304=CARTESIAN_POINT('',(-3.048E0,-1.1684E0,-2.286E0));
#305=LINE('',#304,#303);
#306=DIRECTION('',(0.E0,0.E0,1.E0));
#307=VECTOR('',#306,2.286E0);
#308=CARTESIAN_POINT('',(-3.604694244276E0,-1.1684E0,-2.286E0));
#309=LINE('',#308,#307);
#310=DIRECTION('',(0.E0,0.E0,1.E0));
#311=VECTOR('',#310,2.286E0);
#312=CARTESIAN_POINT('',(1.064694244276E0,-1.1684E0,-2.286E0));
#313=LINE('',#312,#311);
#314=DIRECTION('',(0.E0,0.E0,1.E0));
#315=VECTOR('',#314,6.35E-1);
#316=CARTESIAN_POINT('',(5.08E-1,-1.1684E0,-2.286E0));
#317=LINE('',#316,#315);
#318=DIRECTION('',(1.E0,0.E0,0.E0));
#319=VECTOR('',#318,1.016E0);
#320=CARTESIAN_POINT('',(-5.08E-1,-1.1684E0,-1.651E0));
#321=LINE('',#320,#319);
#322=DIRECTION('',(0.E0,0.E0,1.E0));
#323=VECTOR('',#322,6.35E-1);
#324=CARTESIAN_POINT('',(-5.08E-1,-1.1684E0,-2.286E0));
#325=LINE('',#324,#323);
#326=DIRECTION('',(0.E0,0.E0,1.E0));
#327=VECTOR('',#326,2.286E0);
#328=CARTESIAN_POINT('',(-1.064694244276E0,-1.1684E0,-2.286E0));
#329=LINE('',#328,#327);
#330=DIRECTION('',(0.E0,0.E0,1.E0));
#331=VECTOR('',#330,2.286E0);
#332=CARTESIAN_POINT('',(3.604694244276E0,-1.1684E0,-2.286E0));
#333=LINE('',#332,#331);
#334=DIRECTION('',(0.E0,0.E0,1.E0));
#335=VECTOR('',#334,6.35E-1);
#336=CARTESIAN_POINT('',(3.048E0,-1.1684E0,-2.286E0));
#337=LINE('',#336,#335);
#338=DIRECTION('',(1.E0,0.E0,0.E0));
#339=VECTOR('',#338,1.016E0);
#340=CARTESIAN_POINT('',(2.032E0,-1.1684E0,-1.651E0));
#341=LINE('',#340,#339);
#342=DIRECTION('',(0.E0,0.E0,1.E0));
#343=VECTOR('',#342,6.35E-1);
#344=CARTESIAN_POINT('',(2.032E0,-1.1684E0,-2.286E0));
#345=LINE('',#344,#343);
#346=DIRECTION('',(0.E0,0.E0,1.E0));
#347=VECTOR('',#346,2.286E0);
#348=CARTESIAN_POINT('',(1.475305755724E0,-1.1684E0,-2.286E0));
#349=LINE('',#348,#347);
#350=DIRECTION('',(0.E0,0.E0,1.E0));
#351=VECTOR('',#350,2.286E0);
#352=CARTESIAN_POINT('',(4.015305755724E0,-1.1684E0,-2.286E0));
#353=LINE('',#352,#351);
#354=DIRECTION('',(0.E0,0.E0,1.E0));
#355=VECTOR('',#354,6.35E-1);
#356=CARTESIAN_POINT('',(5.588E0,-1.1684E0,-2.286E0));
#357=LINE('',#356,#355);
#358=DIRECTION('',(1.E0,0.E0,0.E0));
#359=VECTOR('',#358,1.016E0);
#360=CARTESIAN_POINT('',(4.572E0,-1.1684E0,-1.651E0));
#361=LINE('',#360,#359);
#362=DIRECTION('',(0.E0,0.E0,1.E0));
#363=VECTOR('',#362,6.35E-1);
#364=CARTESIAN_POINT('',(4.572E0,-1.1684E0,-2.286E0));
#365=LINE('',#364,#363);
#366=DIRECTION('',(0.E0,0.E0,-1.E0));
#367=VECTOR('',#366,2.286E0);
#368=CARTESIAN_POINT('',(-3.81E0,-8.128E-1,0.E0));
#369=LINE('',#368,#367);
#370=DIRECTION('',(1.E0,0.E0,0.E0));
#371=VECTOR('',#370,5.588E-1);
#372=CARTESIAN_POINT('',(-6.1468E0,-1.1684E0,-2.286E0));
#373=LINE('',#372,#371);
#374=DIRECTION('',(0.E0,1.E0,0.E0));
#375=VECTOR('',#374,2.3368E0);
#376=CARTESIAN_POINT('',(-5.588E0,-1.1684E0,-2.286E0));
#377=LINE('',#376,#375);
#378=DIRECTION('',(-1.E0,0.E0,0.E0));
#379=VECTOR('',#378,5.588E-1);
#380=CARTESIAN_POINT('',(-5.588E0,1.1684E0,-2.286E0));
#381=LINE('',#380,#379);
#382=DIRECTION('',(0.E0,-1.E0,0.E0));
#383=VECTOR('',#382,2.3368E0);
#384=CARTESIAN_POINT('',(-6.1468E0,1.1684E0,-2.286E0));
#385=LINE('',#384,#383);
#386=DIRECTION('',(0.E0,1.E0,0.E0));
#387=VECTOR('',#386,2.3368E0);
#388=CARTESIAN_POINT('',(5.588E0,-1.1684E0,-2.286E0));
#389=LINE('',#388,#387);
#390=DIRECTION('',(1.E0,0.E0,0.E0));
#391=VECTOR('',#390,5.588E-1);
#392=CARTESIAN_POINT('',(5.588E0,-1.1684E0,-2.286E0));
#393=LINE('',#392,#391);
#394=DIRECTION('',(0.E0,1.E0,0.E0));
#395=VECTOR('',#394,2.3368E0);
#396=CARTESIAN_POINT('',(6.1468E0,-1.1684E0,-2.286E0));
#397=LINE('',#396,#395);
#398=DIRECTION('',(-1.E0,0.E0,0.E0));
#399=VECTOR('',#398,5.588E-1);
#400=CARTESIAN_POINT('',(6.1468E0,1.1684E0,-2.286E0));
#401=LINE('',#400,#399);
#402=DIRECTION('',(4.999999999999E-1,-8.660254037845E-1,0.E0));
#403=VECTOR('',#402,4.106115114476E-1);
#404=CARTESIAN_POINT('',(-4.015305755724E0,1.1684E0,-2.286E0));
#405=LINE('',#404,#403);
#406=DIRECTION('',(-1.E0,0.E0,0.E0));
#407=VECTOR('',#406,5.566942442762E-1);
#408=CARTESIAN_POINT('',(-4.015305755724E0,1.1684E0,-2.286E0));
#409=LINE('',#408,#407);
#410=DIRECTION('',(0.E0,1.E0,0.E0));
#411=VECTOR('',#410,2.3368E0);
#412=CARTESIAN_POINT('',(-4.572E0,-1.1684E0,-2.286E0));
#413=LINE('',#412,#411);
#414=DIRECTION('',(1.E0,0.E0,0.E0));
#415=VECTOR('',#414,5.566942442762E-1);
#416=CARTESIAN_POINT('',(-4.572E0,-1.1684E0,-2.286E0));
#417=LINE('',#416,#415);
#418=DIRECTION('',(-4.999999999999E-1,-8.660254037845E-1,0.E0));
#419=VECTOR('',#418,4.106115114476E-1);
#420=CARTESIAN_POINT('',(-3.81E0,-8.128E-1,-2.286E0));
#421=LINE('',#420,#419);
#422=DIRECTION('',(-4.999999999999E-1,8.660254037845E-1,0.E0));
#423=VECTOR('',#422,4.106115114476E-1);
#424=CARTESIAN_POINT('',(-3.604694244276E0,-1.1684E0,-2.286E0));
#425=LINE('',#424,#423);
#426=DIRECTION('',(1.E0,0.E0,0.E0));
#427=VECTOR('',#426,5.566942442762E-1);
#428=CARTESIAN_POINT('',(-3.604694244276E0,-1.1684E0,-2.286E0));
#429=LINE('',#428,#427);
#430=DIRECTION('',(0.E0,1.E0,0.E0));
#431=VECTOR('',#430,2.3368E0);
#432=CARTESIAN_POINT('',(-3.048E0,-1.1684E0,-2.286E0));
#433=LINE('',#432,#431);
#434=DIRECTION('',(-1.E0,0.E0,0.E0));
#435=VECTOR('',#434,5.566942442762E-1);
#436=CARTESIAN_POINT('',(-3.048E0,1.1684E0,-2.286E0));
#437=LINE('',#436,#435);
#438=DIRECTION('',(4.999999999999E-1,8.660254037845E-1,0.E0));
#439=VECTOR('',#438,4.106115114476E-1);
#440=CARTESIAN_POINT('',(-3.81E0,8.128E-1,-2.286E0));
#441=LINE('',#440,#439);
#442=DIRECTION('',(4.999999999999E-1,-8.660254037845E-1,0.E0));
#443=VECTOR('',#442,4.106115114476E-1);
#444=CARTESIAN_POINT('',(-1.475305755724E0,1.1684E0,-2.286E0));
#445=LINE('',#444,#443);
#446=DIRECTION('',(-1.E0,0.E0,0.E0));
#447=VECTOR('',#446,5.566942442762E-1);
#448=CARTESIAN_POINT('',(-1.475305755724E0,1.1684E0,-2.286E0));
#449=LINE('',#448,#447);
#450=DIRECTION('',(0.E0,1.E0,0.E0));
#451=VECTOR('',#450,2.3368E0);
#452=CARTESIAN_POINT('',(-2.032E0,-1.1684E0,-2.286E0));
#453=LINE('',#452,#451);
#454=DIRECTION('',(1.E0,0.E0,0.E0));
#455=VECTOR('',#454,5.566942442762E-1);
#456=CARTESIAN_POINT('',(-2.032E0,-1.1684E0,-2.286E0));
#457=LINE('',#456,#455);
#458=DIRECTION('',(-4.999999999999E-1,-8.660254037845E-1,0.E0));
#459=VECTOR('',#458,4.106115114476E-1);
#460=CARTESIAN_POINT('',(-1.27E0,-8.128E-1,-2.286E0));
#461=LINE('',#460,#459);
#462=DIRECTION('',(-4.999999999999E-1,8.660254037845E-1,0.E0));
#463=VECTOR('',#462,4.106115114476E-1);
#464=CARTESIAN_POINT('',(-1.064694244276E0,-1.1684E0,-2.286E0));
#465=LINE('',#464,#463);
#466=DIRECTION('',(1.E0,0.E0,0.E0));
#467=VECTOR('',#466,5.566942442762E-1);
#468=CARTESIAN_POINT('',(-1.064694244276E0,-1.1684E0,-2.286E0));
#469=LINE('',#468,#467);
#470=DIRECTION('',(0.E0,1.E0,0.E0));
#471=VECTOR('',#470,2.3368E0);
#472=CARTESIAN_POINT('',(-5.08E-1,-1.1684E0,-2.286E0));
#473=LINE('',#472,#471);
#474=DIRECTION('',(-1.E0,0.E0,0.E0));
#475=VECTOR('',#474,5.566942442762E-1);
#476=CARTESIAN_POINT('',(-5.08E-1,1.1684E0,-2.286E0));
#477=LINE('',#476,#475);
#478=DIRECTION('',(4.999999999999E-1,8.660254037845E-1,0.E0));
#479=VECTOR('',#478,4.106115114476E-1);
#480=CARTESIAN_POINT('',(-1.27E0,8.128E-1,-2.286E0));
#481=LINE('',#480,#479);
#482=DIRECTION('',(4.999999999999E-1,-8.660254037845E-1,0.E0));
#483=VECTOR('',#482,4.106115114476E-1);
#484=CARTESIAN_POINT('',(1.064694244276E0,1.1684E0,-2.286E0));
#485=LINE('',#484,#483);
#486=DIRECTION('',(-1.E0,0.E0,0.E0));
#487=VECTOR('',#486,5.566942442762E-1);
#488=CARTESIAN_POINT('',(1.064694244276E0,1.1684E0,-2.286E0));
#489=LINE('',#488,#487);
#490=DIRECTION('',(0.E0,1.E0,0.E0));
#491=VECTOR('',#490,2.3368E0);
#492=CARTESIAN_POINT('',(5.08E-1,-1.1684E0,-2.286E0));
#493=LINE('',#492,#491);
#494=DIRECTION('',(1.E0,0.E0,0.E0));
#495=VECTOR('',#494,5.566942442762E-1);
#496=CARTESIAN_POINT('',(5.08E-1,-1.1684E0,-2.286E0));
#497=LINE('',#496,#495);
#498=DIRECTION('',(-4.999999999999E-1,-8.660254037845E-1,0.E0));
#499=VECTOR('',#498,4.106115114476E-1);
#500=CARTESIAN_POINT('',(1.27E0,-8.128E-1,-2.286E0));
#501=LINE('',#500,#499);
#502=DIRECTION('',(-4.999999999999E-1,8.660254037845E-1,0.E0));
#503=VECTOR('',#502,4.106115114476E-1);
#504=CARTESIAN_POINT('',(1.475305755724E0,-1.1684E0,-2.286E0));
#505=LINE('',#504,#503);
#506=DIRECTION('',(1.E0,0.E0,0.E0));
#507=VECTOR('',#506,5.566942442762E-1);
#508=CARTESIAN_POINT('',(1.475305755724E0,-1.1684E0,-2.286E0));
#509=LINE('',#508,#507);
#510=DIRECTION('',(0.E0,1.E0,0.E0));
#511=VECTOR('',#510,2.3368E0);
#512=CARTESIAN_POINT('',(2.032E0,-1.1684E0,-2.286E0));
#513=LINE('',#512,#511);
#514=DIRECTION('',(-1.E0,0.E0,0.E0));
#515=VECTOR('',#514,5.566942442762E-1);
#516=CARTESIAN_POINT('',(2.032E0,1.1684E0,-2.286E0));
#517=LINE('',#516,#515);
#518=DIRECTION('',(4.999999999999E-1,8.660254037845E-1,0.E0));
#519=VECTOR('',#518,4.106115114476E-1);
#520=CARTESIAN_POINT('',(1.27E0,8.128E-1,-2.286E0));
#521=LINE('',#520,#519);
#522=DIRECTION('',(4.999999999999E-1,-8.660254037845E-1,0.E0));
#523=VECTOR('',#522,4.106115114476E-1);
#524=CARTESIAN_POINT('',(3.604694244276E0,1.1684E0,-2.286E0));
#525=LINE('',#524,#523);
#526=DIRECTION('',(-1.E0,0.E0,0.E0));
#527=VECTOR('',#526,5.566942442762E-1);
#528=CARTESIAN_POINT('',(3.604694244276E0,1.1684E0,-2.286E0));
#529=LINE('',#528,#527);
#530=DIRECTION('',(0.E0,1.E0,0.E0));
#531=VECTOR('',#530,2.3368E0);
#532=CARTESIAN_POINT('',(3.048E0,-1.1684E0,-2.286E0));
#533=LINE('',#532,#531);
#534=DIRECTION('',(1.E0,0.E0,0.E0));
#535=VECTOR('',#534,5.566942442762E-1);
#536=CARTESIAN_POINT('',(3.048E0,-1.1684E0,-2.286E0));
#537=LINE('',#536,#535);
#538=DIRECTION('',(-4.999999999999E-1,-8.660254037845E-1,0.E0));
#539=VECTOR('',#538,4.106115114476E-1);
#540=CARTESIAN_POINT('',(3.81E0,-8.128E-1,-2.286E0));
#541=LINE('',#540,#539);
#542=DIRECTION('',(-4.999999999999E-1,8.660254037845E-1,0.E0));
#543=VECTOR('',#542,4.106115114476E-1);
#544=CARTESIAN_POINT('',(4.015305755724E0,-1.1684E0,-2.286E0));
#545=LINE('',#544,#543);
#546=DIRECTION('',(1.E0,0.E0,0.E0));
#547=VECTOR('',#546,5.566942442762E-1);
#548=CARTESIAN_POINT('',(4.015305755724E0,-1.1684E0,-2.286E0));
#549=LINE('',#548,#547);
#550=DIRECTION('',(0.E0,1.E0,0.E0));
#551=VECTOR('',#550,2.3368E0);
#552=CARTESIAN_POINT('',(4.572E0,-1.1684E0,-2.286E0));
#553=LINE('',#552,#551);
#554=DIRECTION('',(-1.E0,0.E0,0.E0));
#555=VECTOR('',#554,5.566942442762E-1);
#556=CARTESIAN_POINT('',(4.572E0,1.1684E0,-2.286E0));
#557=LINE('',#556,#555);
#558=DIRECTION('',(4.999999999999E-1,8.660254037845E-1,0.E0));
#559=VECTOR('',#558,4.106115114476E-1);
#560=CARTESIAN_POINT('',(3.81E0,8.128E-1,-2.286E0));
#561=LINE('',#560,#559);
#562=DIRECTION('',(0.E0,0.E0,1.E0));
#563=VECTOR('',#562,2.286E0);
#564=CARTESIAN_POINT('',(-4.015305755724E0,1.1684E0,-2.286E0));
#565=LINE('',#564,#563);
#566=DIRECTION('',(0.E0,0.E0,1.E0));
#567=VECTOR('',#566,6.35E-1);
#568=CARTESIAN_POINT('',(-5.588E0,1.1684E0,-2.286E0));
#569=LINE('',#568,#567);
#570=DIRECTION('',(-1.E0,0.E0,0.E0));
#571=VECTOR('',#570,1.016E0);
#572=CARTESIAN_POINT('',(-4.572E0,1.1684E0,-1.651E0));
#573=LINE('',#572,#571);
#574=DIRECTION('',(0.E0,0.E0,1.E0));
#575=VECTOR('',#574,6.35E-1);
#576=CARTESIAN_POINT('',(-4.572E0,1.1684E0,-2.286E0));
#577=LINE('',#576,#575);
#578=DIRECTION('',(0.E0,0.E0,1.E0));
#579=VECTOR('',#578,2.286E0);
#580=CARTESIAN_POINT('',(-1.475305755724E0,1.1684E0,-2.286E0));
#581=LINE('',#580,#579);
#582=DIRECTION('',(0.E0,0.E0,1.E0));
#583=VECTOR('',#582,2.286E0);
#584=CARTESIAN_POINT('',(-3.604694244276E0,1.1684E0,-2.286E0));
#585=LINE('',#584,#583);
#586=DIRECTION('',(0.E0,0.E0,1.E0));
#587=VECTOR('',#586,6.35E-1);
#588=CARTESIAN_POINT('',(-3.048E0,1.1684E0,-2.286E0));
#589=LINE('',#588,#587);
#590=DIRECTION('',(-1.E0,0.E0,0.E0));
#591=VECTOR('',#590,1.016E0);
#592=CARTESIAN_POINT('',(-2.032E0,1.1684E0,-1.651E0));
#593=LINE('',#592,#591);
#594=DIRECTION('',(0.E0,0.E0,1.E0));
#595=VECTOR('',#594,6.35E-1);
#596=CARTESIAN_POINT('',(-2.032E0,1.1684E0,-2.286E0));
#597=LINE('',#596,#595);
#598=DIRECTION('',(0.E0,0.E0,1.E0));
#599=VECTOR('',#598,2.286E0);
#600=CARTESIAN_POINT('',(1.064694244276E0,1.1684E0,-2.286E0));
#601=LINE('',#600,#599);
#602=DIRECTION('',(0.E0,0.E0,1.E0));
#603=VECTOR('',#602,2.286E0);
#604=CARTESIAN_POINT('',(-1.064694244276E0,1.1684E0,-2.286E0));
#605=LINE('',#604,#603);
#606=DIRECTION('',(0.E0,0.E0,1.E0));
#607=VECTOR('',#606,6.35E-1);
#608=CARTESIAN_POINT('',(-5.08E-1,1.1684E0,-2.286E0));
#609=LINE('',#608,#607);
#610=DIRECTION('',(-1.E0,0.E0,0.E0));
#611=VECTOR('',#610,1.016E0);
#612=CARTESIAN_POINT('',(5.08E-1,1.1684E0,-1.651E0));
#613=LINE('',#612,#611);
#614=DIRECTION('',(0.E0,0.E0,1.E0));
#615=VECTOR('',#614,6.35E-1);
#616=CARTESIAN_POINT('',(5.08E-1,1.1684E0,-2.286E0));
#617=LINE('',#616,#615);
#618=DIRECTION('',(0.E0,0.E0,1.E0));
#619=VECTOR('',#618,2.286E0);
#620=CARTESIAN_POINT('',(3.604694244276E0,1.1684E0,-2.286E0));
#621=LINE('',#620,#619);
#622=DIRECTION('',(0.E0,0.E0,1.E0));
#623=VECTOR('',#622,2.286E0);
#624=CARTESIAN_POINT('',(1.475305755724E0,1.1684E0,-2.286E0));
#625=LINE('',#624,#623);
#626=DIRECTION('',(0.E0,0.E0,1.E0));
#627=VECTOR('',#626,6.35E-1);
#628=CARTESIAN_POINT('',(2.032E0,1.1684E0,-2.286E0));
#629=LINE('',#628,#627);
#630=DIRECTION('',(-1.E0,0.E0,0.E0));
#631=VECTOR('',#630,1.016E0);
#632=CARTESIAN_POINT('',(3.048E0,1.1684E0,-1.651E0));
#633=LINE('',#632,#631);
#634=DIRECTION('',(0.E0,0.E0,1.E0));
#635=VECTOR('',#634,6.35E-1);
#636=CARTESIAN_POINT('',(3.048E0,1.1684E0,-2.286E0));
#637=LINE('',#636,#635);
#638=DIRECTION('',(0.E0,0.E0,1.E0));
#639=VECTOR('',#638,2.286E0);
#640=CARTESIAN_POINT('',(4.015305755724E0,1.1684E0,-2.286E0));
#641=LINE('',#640,#639);
#642=DIRECTION('',(0.E0,0.E0,1.E0));
#643=VECTOR('',#642,6.35E-1);
#644=CARTESIAN_POINT('',(4.572E0,1.1684E0,-2.286E0));
#645=LINE('',#644,#643);
#646=DIRECTION('',(-1.E0,0.E0,0.E0));
#647=VECTOR('',#646,1.016E0);
#648=CARTESIAN_POINT('',(5.588E0,1.1684E0,-1.651E0));
#649=LINE('',#648,#647);
#650=DIRECTION('',(0.E0,0.E0,1.E0));
#651=VECTOR('',#650,6.35E-1);
#652=CARTESIAN_POINT('',(5.588E0,1.1684E0,-2.286E0));
#653=LINE('',#652,#651);
#654=DIRECTION('',(0.E0,0.E0,-1.E0));
#655=VECTOR('',#654,2.286E0);
#656=CARTESIAN_POINT('',(6.1468E0,1.1684E0,0.E0));
#657=LINE('',#656,#655);
#658=DIRECTION('',(0.E0,0.E0,-1.E0));
#659=VECTOR('',#658,2.286E0);
#660=CARTESIAN_POINT('',(-3.81E0,8.128E-1,0.E0));
#661=LINE('',#660,#659);
#662=DIRECTION('',(0.E0,0.E0,-1.E0));
#663=VECTOR('',#662,2.286E0);
#664=CARTESIAN_POINT('',(-6.1468E0,1.1684E0,0.E0));
#665=LINE('',#664,#663);
#666=DIRECTION('',(0.E0,-1.E0,0.E0));
#667=VECTOR('',#666,2.3368E0);
#668=CARTESIAN_POINT('',(-4.572E0,1.1684E0,-1.651E0));
#669=LINE('',#668,#667);
#670=DIRECTION('',(0.E0,0.E0,-1.E0));
#671=VECTOR('',#670,2.286E0);
#672=CARTESIAN_POINT('',(-1.27E0,8.128E-1,0.E0));
#673=LINE('',#672,#671);
#674=DIRECTION('',(0.E0,-1.E0,0.E0));
#675=VECTOR('',#674,2.3368E0);
#676=CARTESIAN_POINT('',(-3.048E0,1.1684E0,-1.651E0));
#677=LINE('',#676,#675);
#678=DIRECTION('',(-1.E0,0.E0,0.E0));
#679=VECTOR('',#678,6.223E-1);
#680=CARTESIAN_POINT('',(-2.22885E0,-3.1115E-1,-1.651E0));
#681=LINE('',#680,#679);
#682=DIRECTION('',(0.E0,1.E0,0.E0));
#683=VECTOR('',#682,6.223E-1);
#684=CARTESIAN_POINT('',(-2.85115E0,-3.1115E-1,-1.651E0));
#685=LINE('',#684,#683);
#686=DIRECTION('',(-1.E0,0.E0,0.E0));
#687=VECTOR('',#686,6.223E-1);
#688=CARTESIAN_POINT('',(-2.22885E0,3.1115E-1,-1.651E0));
#689=LINE('',#688,#687);
#690=DIRECTION('',(0.E0,1.E0,0.E0));
#691=VECTOR('',#690,6.223E-1);
#692=CARTESIAN_POINT('',(-2.22885E0,-3.1115E-1,-1.651E0));
#693=LINE('',#692,#691);
#694=DIRECTION('',(0.E0,-1.E0,0.E0));
#695=VECTOR('',#694,2.3368E0);
#696=CARTESIAN_POINT('',(-2.032E0,1.1684E0,-1.651E0));
#697=LINE('',#696,#695);
#698=DIRECTION('',(0.E0,0.E0,-1.E0));
#699=VECTOR('',#698,5.84E0);
#700=CARTESIAN_POINT('',(-2.22885E0,-3.1115E-1,5.84E0));
#701=LINE('',#700,#699);
#702=DIRECTION('',(0.E0,0.E0,1.E0));
#703=VECTOR('',#702,5.84E0);
#704=CARTESIAN_POINT('',(-2.85115E0,-3.1115E-1,0.E0));
#705=LINE('',#704,#703);
#706=DIRECTION('',(1.E0,0.E0,0.E0));
#707=VECTOR('',#706,6.223E-1);
#708=CARTESIAN_POINT('',(-2.85115E0,-3.1115E-1,5.84E0));
#709=LINE('',#708,#707);
#710=DIRECTION('',(0.E0,0.E0,-1.E0));
#711=VECTOR('',#710,2.925E0);
#712=CARTESIAN_POINT('',(-2.22885E0,-3.1115E-1,-1.651E0));
#713=LINE('',#712,#711);
#714=DIRECTION('',(-1.E0,0.E0,0.E0));
#715=VECTOR('',#714,6.223E-1);
#716=CARTESIAN_POINT('',(-2.22885E0,-3.1115E-1,-4.576E0));
#717=LINE('',#716,#715);
#718=DIRECTION('',(0.E0,0.E0,1.E0));
#719=VECTOR('',#718,2.925E0);
#720=CARTESIAN_POINT('',(-2.85115E0,-3.1115E-1,-4.576E0));
#721=LINE('',#720,#719);
#722=DIRECTION('',(0.E0,1.E0,0.E0));
#723=VECTOR('',#722,6.223E-1);
#724=CARTESIAN_POINT('',(-2.22885E0,-3.1115E-1,5.84E0));
#725=LINE('',#724,#723);
#726=DIRECTION('',(0.E0,1.E0,0.E0));
#727=VECTOR('',#726,6.223E-1);
#728=CARTESIAN_POINT('',(-2.85115E0,-3.1115E-1,5.84E0));
#729=LINE('',#728,#727);
#730=DIRECTION('',(0.E0,0.E0,-1.E0));
#731=VECTOR('',#730,5.84E0);
#732=CARTESIAN_POINT('',(-2.22885E0,3.1115E-1,5.84E0));
#733=LINE('',#732,#731);
#734=DIRECTION('',(1.E0,0.E0,0.E0));
#735=VECTOR('',#734,6.223E-1);
#736=CARTESIAN_POINT('',(-2.85115E0,3.1115E-1,5.84E0));
#737=LINE('',#736,#735);
#738=DIRECTION('',(0.E0,0.E0,1.E0));
#739=VECTOR('',#738,5.84E0);
#740=CARTESIAN_POINT('',(-2.85115E0,3.1115E-1,0.E0));
#741=LINE('',#740,#739);
#742=DIRECTION('',(0.E0,0.E0,-1.E0));
#743=VECTOR('',#742,2.925E0);
#744=CARTESIAN_POINT('',(-2.22885E0,3.1115E-1,-1.651E0));
#745=LINE('',#744,#743);
#746=DIRECTION('',(0.E0,0.E0,1.E0));
#747=VECTOR('',#746,2.925E0);
#748=CARTESIAN_POINT('',(-2.85115E0,3.1115E-1,-4.576E0));
#749=LINE('',#748,#747);
#750=DIRECTION('',(-1.E0,0.E0,0.E0));
#751=VECTOR('',#750,6.223E-1);
#752=CARTESIAN_POINT('',(-2.22885E0,3.1115E-1,-4.576E0));
#753=LINE('',#752,#751);
#754=DIRECTION('',(0.E0,1.E0,0.E0));
#755=VECTOR('',#754,6.223E-1);
#756=CARTESIAN_POINT('',(-2.22885E0,-3.1115E-1,-4.576E0));
#757=LINE('',#756,#755);
#758=DIRECTION('',(0.E0,1.E0,0.E0));
#759=VECTOR('',#758,6.223E-1);
#760=CARTESIAN_POINT('',(-2.85115E0,-3.1115E-1,-4.576E0));
#761=LINE('',#760,#759);
#762=DIRECTION('',(0.E0,0.E0,-1.E0));
#763=VECTOR('',#762,2.286E0);
#764=CARTESIAN_POINT('',(1.27E0,8.128E-1,0.E0));
#765=LINE('',#764,#763);
#766=DIRECTION('',(0.E0,-1.E0,0.E0));
#767=VECTOR('',#766,2.3368E0);
#768=CARTESIAN_POINT('',(-5.08E-1,1.1684E0,-1.651E0));
#769=LINE('',#768,#767);
#770=DIRECTION('',(-1.E0,0.E0,0.E0));
#771=VECTOR('',#770,6.223E-1);
#772=CARTESIAN_POINT('',(3.1115E-1,-3.1115E-1,-1.651E0));
#773=LINE('',#772,#771);
#774=DIRECTION('',(0.E0,1.E0,0.E0));
#775=VECTOR('',#774,6.223E-1);
#776=CARTESIAN_POINT('',(-3.1115E-1,-3.1115E-1,-1.651E0));
#777=LINE('',#776,#775);
#778=DIRECTION('',(-1.E0,0.E0,0.E0));
#779=VECTOR('',#778,6.223E-1);
#780=CARTESIAN_POINT('',(3.1115E-1,3.1115E-1,-1.651E0));
#781=LINE('',#780,#779);
#782=DIRECTION('',(0.E0,1.E0,0.E0));
#783=VECTOR('',#782,6.223E-1);
#784=CARTESIAN_POINT('',(3.1115E-1,-3.1115E-1,-1.651E0));
#785=LINE('',#784,#783);
#786=DIRECTION('',(0.E0,-1.E0,0.E0));
#787=VECTOR('',#786,2.3368E0);
#788=CARTESIAN_POINT('',(5.08E-1,1.1684E0,-1.651E0));
#789=LINE('',#788,#787);
#790=DIRECTION('',(0.E0,0.E0,-1.E0));
#791=VECTOR('',#790,5.84E0);
#792=CARTESIAN_POINT('',(3.1115E-1,-3.1115E-1,5.84E0));
#793=LINE('',#792,#791);
#794=DIRECTION('',(0.E0,0.E0,1.E0));
#795=VECTOR('',#794,5.84E0);
#796=CARTESIAN_POINT('',(-3.1115E-1,-3.1115E-1,0.E0));
#797=LINE('',#796,#795);
#798=DIRECTION('',(1.E0,0.E0,0.E0));
#799=VECTOR('',#798,6.223E-1);
#800=CARTESIAN_POINT('',(-3.1115E-1,-3.1115E-1,5.84E0));
#801=LINE('',#800,#799);
#802=DIRECTION('',(0.E0,0.E0,-1.E0));
#803=VECTOR('',#802,2.925E0);
#804=CARTESIAN_POINT('',(3.1115E-1,-3.1115E-1,-1.651E0));
#805=LINE('',#804,#803);
#806=DIRECTION('',(-1.E0,0.E0,0.E0));
#807=VECTOR('',#806,6.223E-1);
#808=CARTESIAN_POINT('',(3.1115E-1,-3.1115E-1,-4.576E0));
#809=LINE('',#808,#807);
#810=DIRECTION('',(0.E0,0.E0,1.E0));
#811=VECTOR('',#810,2.925E0);
#812=CARTESIAN_POINT('',(-3.1115E-1,-3.1115E-1,-4.576E0));
#813=LINE('',#812,#811);
#814=DIRECTION('',(0.E0,1.E0,0.E0));
#815=VECTOR('',#814,6.223E-1);
#816=CARTESIAN_POINT('',(3.1115E-1,-3.1115E-1,5.84E0));
#817=LINE('',#816,#815);
#818=DIRECTION('',(0.E0,1.E0,0.E0));
#819=VECTOR('',#818,6.223E-1);
#820=CARTESIAN_POINT('',(-3.1115E-1,-3.1115E-1,5.84E0));
#821=LINE('',#820,#819);
#822=DIRECTION('',(0.E0,0.E0,-1.E0));
#823=VECTOR('',#822,5.84E0);
#824=CARTESIAN_POINT('',(3.1115E-1,3.1115E-1,5.84E0));
#825=LINE('',#824,#823);
#826=DIRECTION('',(1.E0,0.E0,0.E0));
#827=VECTOR('',#826,6.223E-1);
#828=CARTESIAN_POINT('',(-3.1115E-1,3.1115E-1,5.84E0));
#829=LINE('',#828,#827);
#830=DIRECTION('',(0.E0,0.E0,1.E0));
#831=VECTOR('',#830,5.84E0);
#832=CARTESIAN_POINT('',(-3.1115E-1,3.1115E-1,0.E0));
#833=LINE('',#832,#831);
#834=DIRECTION('',(0.E0,0.E0,-1.E0));
#835=VECTOR('',#834,2.925E0);
#836=CARTESIAN_POINT('',(3.1115E-1,3.1115E-1,-1.651E0));
#837=LINE('',#836,#835);
#838=DIRECTION('',(0.E0,0.E0,1.E0));
#839=VECTOR('',#838,2.925E0);
#840=CARTESIAN_POINT('',(-3.1115E-1,3.1115E-1,-4.576E0));
#841=LINE('',#840,#839);
#842=DIRECTION('',(-1.E0,0.E0,0.E0));
#843=VECTOR('',#842,6.223E-1);
#844=CARTESIAN_POINT('',(3.1115E-1,3.1115E-1,-4.576E0));
#845=LINE('',#844,#843);
#846=DIRECTION('',(0.E0,1.E0,0.E0));
#847=VECTOR('',#846,6.223E-1);
#848=CARTESIAN_POINT('',(3.1115E-1,-3.1115E-1,-4.576E0));
#849=LINE('',#848,#847);
#850=DIRECTION('',(0.E0,1.E0,0.E0));
#851=VECTOR('',#850,6.223E-1);
#852=CARTESIAN_POINT('',(-3.1115E-1,-3.1115E-1,-4.576E0));
#853=LINE('',#852,#851);
#854=DIRECTION('',(0.E0,0.E0,-1.E0));
#855=VECTOR('',#854,2.286E0);
#856=CARTESIAN_POINT('',(3.81E0,8.128E-1,0.E0));
#857=LINE('',#856,#855);
#858=DIRECTION('',(0.E0,-1.E0,0.E0));
#859=VECTOR('',#858,2.3368E0);
#860=CARTESIAN_POINT('',(2.032E0,1.1684E0,-1.651E0));
#861=LINE('',#860,#859);
#862=DIRECTION('',(-1.E0,0.E0,0.E0));
#863=VECTOR('',#862,6.223E-1);
#864=CARTESIAN_POINT('',(2.85115E0,-3.1115E-1,-1.651E0));
#865=LINE('',#864,#863);
#866=DIRECTION('',(0.E0,1.E0,0.E0));
#867=VECTOR('',#866,6.223E-1);
#868=CARTESIAN_POINT('',(2.22885E0,-3.1115E-1,-1.651E0));
#869=LINE('',#868,#867);
#870=DIRECTION('',(-1.E0,0.E0,0.E0));
#871=VECTOR('',#870,6.223E-1);
#872=CARTESIAN_POINT('',(2.85115E0,3.1115E-1,-1.651E0));
#873=LINE('',#872,#871);
#874=DIRECTION('',(0.E0,1.E0,0.E0));
#875=VECTOR('',#874,6.223E-1);
#876=CARTESIAN_POINT('',(2.85115E0,-3.1115E-1,-1.651E0));
#877=LINE('',#876,#875);
#878=DIRECTION('',(0.E0,-1.E0,0.E0));
#879=VECTOR('',#878,2.3368E0);
#880=CARTESIAN_POINT('',(3.048E0,1.1684E0,-1.651E0));
#881=LINE('',#880,#879);
#882=DIRECTION('',(0.E0,0.E0,-1.E0));
#883=VECTOR('',#882,5.84E0);
#884=CARTESIAN_POINT('',(2.85115E0,-3.1115E-1,5.84E0));
#885=LINE('',#884,#883);
#886=DIRECTION('',(0.E0,0.E0,1.E0));
#887=VECTOR('',#886,5.84E0);
#888=CARTESIAN_POINT('',(2.22885E0,-3.1115E-1,0.E0));
#889=LINE('',#888,#887);
#890=DIRECTION('',(1.E0,0.E0,0.E0));
#891=VECTOR('',#890,6.223E-1);
#892=CARTESIAN_POINT('',(2.22885E0,-3.1115E-1,5.84E0));
#893=LINE('',#892,#891);
#894=DIRECTION('',(0.E0,0.E0,-1.E0));
#895=VECTOR('',#894,2.925E0);
#896=CARTESIAN_POINT('',(2.85115E0,-3.1115E-1,-1.651E0));
#897=LINE('',#896,#895);
#898=DIRECTION('',(-1.E0,0.E0,0.E0));
#899=VECTOR('',#898,6.223E-1);
#900=CARTESIAN_POINT('',(2.85115E0,-3.1115E-1,-4.576E0));
#901=LINE('',#900,#899);
#902=DIRECTION('',(0.E0,0.E0,1.E0));
#903=VECTOR('',#902,2.925E0);
#904=CARTESIAN_POINT('',(2.22885E0,-3.1115E-1,-4.576E0));
#905=LINE('',#904,#903);
#906=DIRECTION('',(0.E0,1.E0,0.E0));
#907=VECTOR('',#906,6.223E-1);
#908=CARTESIAN_POINT('',(2.85115E0,-3.1115E-1,5.84E0));
#909=LINE('',#908,#907);
#910=DIRECTION('',(0.E0,1.E0,0.E0));
#911=VECTOR('',#910,6.223E-1);
#912=CARTESIAN_POINT('',(2.22885E0,-3.1115E-1,5.84E0));
#913=LINE('',#912,#911);
#914=DIRECTION('',(0.E0,0.E0,-1.E0));
#915=VECTOR('',#914,5.84E0);
#916=CARTESIAN_POINT('',(2.85115E0,3.1115E-1,5.84E0));
#917=LINE('',#916,#915);
#918=DIRECTION('',(1.E0,0.E0,0.E0));
#919=VECTOR('',#918,6.223E-1);
#920=CARTESIAN_POINT('',(2.22885E0,3.1115E-1,5.84E0));
#921=LINE('',#920,#919);
#922=DIRECTION('',(0.E0,0.E0,1.E0));
#923=VECTOR('',#922,5.84E0);
#924=CARTESIAN_POINT('',(2.22885E0,3.1115E-1,0.E0));
#925=LINE('',#924,#923);
#926=DIRECTION('',(0.E0,0.E0,-1.E0));
#927=VECTOR('',#926,2.925E0);
#928=CARTESIAN_POINT('',(2.85115E0,3.1115E-1,-1.651E0));
#929=LINE('',#928,#927);
#930=DIRECTION('',(0.E0,0.E0,1.E0));
#931=VECTOR('',#930,2.925E0);
#932=CARTESIAN_POINT('',(2.22885E0,3.1115E-1,-4.576E0));
#933=LINE('',#932,#931);
#934=DIRECTION('',(-1.E0,0.E0,0.E0));
#935=VECTOR('',#934,6.223E-1);
#936=CARTESIAN_POINT('',(2.85115E0,3.1115E-1,-4.576E0));
#937=LINE('',#936,#935);
#938=DIRECTION('',(0.E0,1.E0,0.E0));
#939=VECTOR('',#938,6.223E-1);
#940=CARTESIAN_POINT('',(2.85115E0,-3.1115E-1,-4.576E0));
#941=LINE('',#940,#939);
#942=DIRECTION('',(0.E0,1.E0,0.E0));
#943=VECTOR('',#942,6.223E-1);
#944=CARTESIAN_POINT('',(2.22885E0,-3.1115E-1,-4.576E0));
#945=LINE('',#944,#943);
#946=DIRECTION('',(0.E0,-1.E0,0.E0));
#947=VECTOR('',#946,2.3368E0);
#948=CARTESIAN_POINT('',(4.572E0,1.1684E0,-1.651E0));
#949=LINE('',#948,#947);
#950=DIRECTION('',(-1.E0,0.E0,0.E0));
#951=VECTOR('',#950,6.223E-1);
#952=CARTESIAN_POINT('',(5.39115E0,-3.1115E-1,-1.651E0));
#953=LINE('',#952,#951);
#954=DIRECTION('',(0.E0,1.E0,0.E0));
#955=VECTOR('',#954,6.223E-1);
#956=CARTESIAN_POINT('',(4.76885E0,-3.1115E-1,-1.651E0));
#957=LINE('',#956,#955);
#958=DIRECTION('',(-1.E0,0.E0,0.E0));
#959=VECTOR('',#958,6.223E-1);
#960=CARTESIAN_POINT('',(5.39115E0,3.1115E-1,-1.651E0));
#961=LINE('',#960,#959);
#962=DIRECTION('',(0.E0,1.E0,0.E0));
#963=VECTOR('',#962,6.223E-1);
#964=CARTESIAN_POINT('',(5.39115E0,-3.1115E-1,-1.651E0));
#965=LINE('',#964,#963);
#966=DIRECTION('',(0.E0,-1.E0,0.E0));
#967=VECTOR('',#966,2.3368E0);
#968=CARTESIAN_POINT('',(5.588E0,1.1684E0,-1.651E0));
#969=LINE('',#968,#967);
#970=DIRECTION('',(0.E0,0.E0,-1.E0));
#971=VECTOR('',#970,5.84E0);
#972=CARTESIAN_POINT('',(5.39115E0,-3.1115E-1,5.84E0));
#973=LINE('',#972,#971);
#974=DIRECTION('',(0.E0,0.E0,1.E0));
#975=VECTOR('',#974,5.84E0);
#976=CARTESIAN_POINT('',(4.76885E0,-3.1115E-1,0.E0));
#977=LINE('',#976,#975);
#978=DIRECTION('',(1.E0,0.E0,0.E0));
#979=VECTOR('',#978,6.223E-1);
#980=CARTESIAN_POINT('',(4.76885E0,-3.1115E-1,5.84E0));
#981=LINE('',#980,#979);
#982=DIRECTION('',(0.E0,0.E0,-1.E0));
#983=VECTOR('',#982,2.925E0);
#984=CARTESIAN_POINT('',(5.39115E0,-3.1115E-1,-1.651E0));
#985=LINE('',#984,#983);
#986=DIRECTION('',(-1.E0,0.E0,0.E0));
#987=VECTOR('',#986,6.223E-1);
#988=CARTESIAN_POINT('',(5.39115E0,-3.1115E-1,-4.576E0));
#989=LINE('',#988,#987);
#990=DIRECTION('',(0.E0,0.E0,1.E0));
#991=VECTOR('',#990,2.925E0);
#992=CARTESIAN_POINT('',(4.76885E0,-3.1115E-1,-4.576E0));
#993=LINE('',#992,#991);
#994=DIRECTION('',(0.E0,1.E0,0.E0));
#995=VECTOR('',#994,6.223E-1);
#996=CARTESIAN_POINT('',(5.39115E0,-3.1115E-1,5.84E0));
#997=LINE('',#996,#995);
#998=DIRECTION('',(0.E0,1.E0,0.E0));
#999=VECTOR('',#998,6.223E-1);
#1000=CARTESIAN_POINT('',(4.76885E0,-3.1115E-1,5.84E0));
#1001=LINE('',#1000,#999);
#1002=DIRECTION('',(0.E0,0.E0,-1.E0));
#1003=VECTOR('',#1002,5.84E0);
#1004=CARTESIAN_POINT('',(5.39115E0,3.1115E-1,5.84E0));
#1005=LINE('',#1004,#1003);
#1006=DIRECTION('',(1.E0,0.E0,0.E0));
#1007=VECTOR('',#1006,6.223E-1);
#1008=CARTESIAN_POINT('',(4.76885E0,3.1115E-1,5.84E0));
#1009=LINE('',#1008,#1007);
#1010=DIRECTION('',(0.E0,0.E0,1.E0));
#1011=VECTOR('',#1010,5.84E0);
#1012=CARTESIAN_POINT('',(4.76885E0,3.1115E-1,0.E0));
#1013=LINE('',#1012,#1011);
#1014=DIRECTION('',(0.E0,0.E0,-1.E0));
#1015=VECTOR('',#1014,2.925E0);
#1016=CARTESIAN_POINT('',(5.39115E0,3.1115E-1,-1.651E0));
#1017=LINE('',#1016,#1015);
#1018=DIRECTION('',(0.E0,0.E0,1.E0));
#1019=VECTOR('',#1018,2.925E0);
#1020=CARTESIAN_POINT('',(4.76885E0,3.1115E-1,-4.576E0));
#1021=LINE('',#1020,#1019);
#1022=DIRECTION('',(-1.E0,0.E0,0.E0));
#1023=VECTOR('',#1022,6.223E-1);
#1024=CARTESIAN_POINT('',(5.39115E0,3.1115E-1,-4.576E0));
#1025=LINE('',#1024,#1023);
#1026=DIRECTION('',(0.E0,1.E0,0.E0));
#1027=VECTOR('',#1026,6.223E-1);
#1028=CARTESIAN_POINT('',(5.39115E0,-3.1115E-1,-4.576E0));
#1029=LINE('',#1028,#1027);
#1030=DIRECTION('',(0.E0,1.E0,0.E0));
#1031=VECTOR('',#1030,6.223E-1);
#1032=CARTESIAN_POINT('',(4.76885E0,-3.1115E-1,-4.576E0));
#1033=LINE('',#1032,#1031);
#1034=DIRECTION('',(0.E0,0.E0,-1.E0));
#1035=VECTOR('',#1034,2.286E0);
#1036=CARTESIAN_POINT('',(6.1468E0,-1.1684E0,0.E0));
#1037=LINE('',#1036,#1035);
#1038=DIRECTION('',(0.E0,0.E0,-1.E0));
#1039=VECTOR('',#1038,2.286E0);
#1040=CARTESIAN_POINT('',(-1.27E0,-8.128E-1,0.E0));
#1041=LINE('',#1040,#1039);
#1042=DIRECTION('',(0.E0,0.E0,-1.E0));
#1043=VECTOR('',#1042,2.286E0);
#1044=CARTESIAN_POINT('',(1.27E0,-8.128E-1,0.E0));
#1045=LINE('',#1044,#1043);
#1046=DIRECTION('',(0.E0,0.E0,-1.E0));
#1047=VECTOR('',#1046,2.286E0);
#1048=CARTESIAN_POINT('',(3.81E0,-8.128E-1,0.E0));
#1049=LINE('',#1048,#1047);
#1050=DIRECTION('',(0.E0,1.E0,0.E0));
#1051=VECTOR('',#1050,6.223E-1);
#1052=CARTESIAN_POINT('',(-5.39115E0,-3.1115E-1,-4.576E0));
#1053=LINE('',#1052,#1051);
#1054=DIRECTION('',(0.E0,1.E0,0.E0));
#1055=VECTOR('',#1054,6.223E-1);
#1056=CARTESIAN_POINT('',(-4.76885E0,-3.1115E-1,-4.576E0));
#1057=LINE('',#1056,#1055);
#1058=CARTESIAN_POINT('',(-6.1468E0,1.1684E0,0.E0));
#1059=CARTESIAN_POINT('',(-6.1468E0,-1.1684E0,0.E0));
#1060=VERTEX_POINT('',#1058);
#1061=VERTEX_POINT('',#1059);
#1062=CARTESIAN_POINT('',(6.1468E0,-1.1684E0,0.E0));
#1063=CARTESIAN_POINT('',(6.1468E0,1.1684E0,0.E0));
#1064=VERTEX_POINT('',#1062);
#1065=VERTEX_POINT('',#1063);
#1066=CARTESIAN_POINT('',(-6.1468E0,1.1684E0,-2.286E0));
#1067=CARTESIAN_POINT('',(-6.1468E0,-1.1684E0,-2.286E0));
#1068=VERTEX_POINT('',#1066);
#1069=VERTEX_POINT('',#1067);
#1070=CARTESIAN_POINT('',(6.1468E0,-1.1684E0,-2.286E0));
#1071=CARTESIAN_POINT('',(6.1468E0,1.1684E0,-2.286E0));
#1072=VERTEX_POINT('',#1070);
#1073=VERTEX_POINT('',#1071);
#1074=CARTESIAN_POINT('',(-4.015305755724E0,1.1684E0,0.E0));
#1075=CARTESIAN_POINT('',(-3.81E0,8.128E-1,0.E0));
#1076=VERTEX_POINT('',#1074);
#1077=VERTEX_POINT('',#1075);
#1078=CARTESIAN_POINT('',(-3.604694244276E0,1.1684E0,0.E0));
#1079=VERTEX_POINT('',#1078);
#1080=CARTESIAN_POINT('',(-3.81E0,-8.128E-1,0.E0));
#1081=CARTESIAN_POINT('',(-4.015305755724E0,-1.1684E0,0.E0));
#1082=VERTEX_POINT('',#1080);
#1083=VERTEX_POINT('',#1081);
#1084=CARTESIAN_POINT('',(-3.604694244276E0,-1.1684E0,0.E0));
#1085=VERTEX_POINT('',#1084);
#1086=CARTESIAN_POINT('',(-4.015305755724E0,1.1684E0,-2.286E0));
#1087=CARTESIAN_POINT('',(-3.81E0,8.128E-1,-2.286E0));
#1088=VERTEX_POINT('',#1086);
#1089=VERTEX_POINT('',#1087);
#1090=CARTESIAN_POINT('',(-3.604694244276E0,1.1684E0,-2.286E0));
#1091=VERTEX_POINT('',#1090);
#1092=CARTESIAN_POINT('',(-3.81E0,-8.128E-1,-2.286E0));
#1093=CARTESIAN_POINT('',(-4.015305755724E0,-1.1684E0,-2.286E0));
#1094=VERTEX_POINT('',#1092);
#1095=VERTEX_POINT('',#1093);
#1096=CARTESIAN_POINT('',(-3.604694244276E0,-1.1684E0,-2.286E0));
#1097=VERTEX_POINT('',#1096);
#1098=CARTESIAN_POINT('',(-1.475305755724E0,1.1684E0,0.E0));
#1099=CARTESIAN_POINT('',(-1.27E0,8.128E-1,0.E0));
#1100=VERTEX_POINT('',#1098);
#1101=VERTEX_POINT('',#1099);
#1102=CARTESIAN_POINT('',(-1.064694244276E0,1.1684E0,0.E0));
#1103=VERTEX_POINT('',#1102);
#1104=CARTESIAN_POINT('',(-1.27E0,-8.128E-1,0.E0));
#1105=CARTESIAN_POINT('',(-1.475305755724E0,-1.1684E0,0.E0));
#1106=VERTEX_POINT('',#1104);
#1107=VERTEX_POINT('',#1105);
#1108=CARTESIAN_POINT('',(-1.064694244276E0,-1.1684E0,0.E0));
#1109=VERTEX_POINT('',#1108);
#1110=CARTESIAN_POINT('',(-1.475305755724E0,1.1684E0,-2.286E0));
#1111=CARTESIAN_POINT('',(-1.27E0,8.128E-1,-2.286E0));
#1112=VERTEX_POINT('',#1110);
#1113=VERTEX_POINT('',#1111);
#1114=CARTESIAN_POINT('',(-1.064694244276E0,1.1684E0,-2.286E0));
#1115=VERTEX_POINT('',#1114);
#1116=CARTESIAN_POINT('',(-1.27E0,-8.128E-1,-2.286E0));
#1117=CARTESIAN_POINT('',(-1.475305755724E0,-1.1684E0,-2.286E0));
#1118=VERTEX_POINT('',#1116);
#1119=VERTEX_POINT('',#1117);
#1120=CARTESIAN_POINT('',(-1.064694244276E0,-1.1684E0,-2.286E0));
#1121=VERTEX_POINT('',#1120);
#1122=CARTESIAN_POINT('',(1.064694244276E0,1.1684E0,0.E0));
#1123=CARTESIAN_POINT('',(1.27E0,8.128E-1,0.E0));
#1124=VERTEX_POINT('',#1122);
#1125=VERTEX_POINT('',#1123);
#1126=CARTESIAN_POINT('',(1.475305755724E0,1.1684E0,0.E0));
#1127=VERTEX_POINT('',#1126);
#1128=CARTESIAN_POINT('',(1.27E0,-8.128E-1,0.E0));
#1129=CARTESIAN_POINT('',(1.064694244276E0,-1.1684E0,0.E0));
#1130=VERTEX_POINT('',#1128);
#1131=VERTEX_POINT('',#1129);
#1132=CARTESIAN_POINT('',(1.475305755724E0,-1.1684E0,0.E0));
#1133=VERTEX_POINT('',#1132);
#1134=CARTESIAN_POINT('',(1.064694244276E0,1.1684E0,-2.286E0));
#1135=CARTESIAN_POINT('',(1.27E0,8.128E-1,-2.286E0));
#1136=VERTEX_POINT('',#1134);
#1137=VERTEX_POINT('',#1135);
#1138=CARTESIAN_POINT('',(1.475305755724E0,1.1684E0,-2.286E0));
#1139=VERTEX_POINT('',#1138);
#1140=CARTESIAN_POINT('',(1.27E0,-8.128E-1,-2.286E0));
#1141=CARTESIAN_POINT('',(1.064694244276E0,-1.1684E0,-2.286E0));
#1142=VERTEX_POINT('',#1140);
#1143=VERTEX_POINT('',#1141);
#1144=CARTESIAN_POINT('',(1.475305755724E0,-1.1684E0,-2.286E0));
#1145=VERTEX_POINT('',#1144);
#1146=CARTESIAN_POINT('',(3.604694244276E0,1.1684E0,0.E0));
#1147=CARTESIAN_POINT('',(3.81E0,8.128E-1,0.E0));
#1148=VERTEX_POINT('',#1146);
#1149=VERTEX_POINT('',#1147);
#1150=CARTESIAN_POINT('',(4.015305755724E0,1.1684E0,0.E0));
#1151=VERTEX_POINT('',#1150);
#1152=CARTESIAN_POINT('',(3.81E0,-8.128E-1,0.E0));
#1153=CARTESIAN_POINT('',(3.604694244276E0,-1.1684E0,0.E0));
#1154=VERTEX_POINT('',#1152);
#1155=VERTEX_POINT('',#1153);
#1156=CARTESIAN_POINT('',(4.015305755724E0,-1.1684E0,0.E0));
#1157=VERTEX_POINT('',#1156);
#1158=CARTESIAN_POINT('',(3.604694244276E0,1.1684E0,-2.286E0));
#1159=CARTESIAN_POINT('',(3.81E0,8.128E-1,-2.286E0));
#1160=VERTEX_POINT('',#1158);
#1161=VERTEX_POINT('',#1159);
#1162=CARTESIAN_POINT('',(4.015305755724E0,1.1684E0,-2.286E0));
#1163=VERTEX_POINT('',#1162);
#1164=CARTESIAN_POINT('',(3.81E0,-8.128E-1,-2.286E0));
#1165=CARTESIAN_POINT('',(3.604694244276E0,-1.1684E0,-2.286E0));
#1166=VERTEX_POINT('',#1164);
#1167=VERTEX_POINT('',#1165);
#1168=CARTESIAN_POINT('',(4.015305755724E0,-1.1684E0,-2.286E0));
#1169=VERTEX_POINT('',#1168);
#1170=CARTESIAN_POINT('',(-4.572E0,-1.1684E0,-1.651E0));
#1171=CARTESIAN_POINT('',(-5.588E0,-1.1684E0,-1.651E0));
#1172=VERTEX_POINT('',#1170);
#1173=VERTEX_POINT('',#1171);
#1174=CARTESIAN_POINT('',(-4.572E0,1.1684E0,-1.651E0));
#1175=CARTESIAN_POINT('',(-5.588E0,1.1684E0,-1.651E0));
#1176=VERTEX_POINT('',#1174);
#1177=VERTEX_POINT('',#1175);
#1178=CARTESIAN_POINT('',(-5.39115E0,-3.1115E-1,5.84E0));
#1179=CARTESIAN_POINT('',(-4.76885E0,-3.1115E-1,5.84E0));
#1180=VERTEX_POINT('',#1178);
#1181=VERTEX_POINT('',#1179);
#1182=CARTESIAN_POINT('',(-4.76885E0,-3.1115E-1,-4.576E0));
#1183=CARTESIAN_POINT('',(-5.39115E0,-3.1115E-1,-4.576E0));
#1184=VERTEX_POINT('',#1182);
#1185=VERTEX_POINT('',#1183);
#1186=CARTESIAN_POINT('',(-5.39115E0,3.1115E-1,5.84E0));
#1187=CARTESIAN_POINT('',(-4.76885E0,3.1115E-1,5.84E0));
#1188=VERTEX_POINT('',#1186);
#1189=VERTEX_POINT('',#1187);
#1190=CARTESIAN_POINT('',(-4.76885E0,3.1115E-1,-4.576E0));
#1191=CARTESIAN_POINT('',(-5.39115E0,3.1115E-1,-4.576E0));
#1192=VERTEX_POINT('',#1190);
#1193=VERTEX_POINT('',#1191);
#1194=CARTESIAN_POINT('',(-4.76885E0,-3.1115E-1,0.E0));
#1195=CARTESIAN_POINT('',(-5.39115E0,-3.1115E-1,0.E0));
#1196=VERTEX_POINT('',#1194);
#1197=VERTEX_POINT('',#1195);
#1198=CARTESIAN_POINT('',(-4.76885E0,3.1115E-1,0.E0));
#1199=CARTESIAN_POINT('',(-5.39115E0,3.1115E-1,0.E0));
#1200=VERTEX_POINT('',#1198);
#1201=VERTEX_POINT('',#1199);
#1202=CARTESIAN_POINT('',(-4.76885E0,-3.1115E-1,-1.651E0));
#1203=CARTESIAN_POINT('',(-5.39115E0,-3.1115E-1,-1.651E0));
#1204=VERTEX_POINT('',#1202);
#1205=VERTEX_POINT('',#1203);
#1206=CARTESIAN_POINT('',(-4.76885E0,3.1115E-1,-1.651E0));
#1207=CARTESIAN_POINT('',(-5.39115E0,3.1115E-1,-1.651E0));
#1208=VERTEX_POINT('',#1206);
#1209=VERTEX_POINT('',#1207);
#1210=CARTESIAN_POINT('',(-5.588E0,-1.1684E0,-2.286E0));
#1211=VERTEX_POINT('',#1210);
#1212=CARTESIAN_POINT('',(-5.588E0,1.1684E0,-2.286E0));
#1213=VERTEX_POINT('',#1212);
#1214=CARTESIAN_POINT('',(-4.572E0,-1.1684E0,-2.286E0));
#1215=CARTESIAN_POINT('',(-4.572E0,1.1684E0,-2.286E0));
#1216=VERTEX_POINT('',#1214);
#1217=VERTEX_POINT('',#1215);
#1218=CARTESIAN_POINT('',(-2.032E0,1.1684E0,-1.651E0));
#1219=CARTESIAN_POINT('',(-2.032E0,-1.1684E0,-1.651E0));
#1220=VERTEX_POINT('',#1218);
#1221=VERTEX_POINT('',#1219);
#1222=CARTESIAN_POINT('',(-3.048E0,1.1684E0,-1.651E0));
#1223=CARTESIAN_POINT('',(-3.048E0,-1.1684E0,-1.651E0));
#1224=VERTEX_POINT('',#1222);
#1225=VERTEX_POINT('',#1223);
#1226=CARTESIAN_POINT('',(-2.85115E0,-3.1115E-1,5.84E0));
#1227=CARTESIAN_POINT('',(-2.22885E0,-3.1115E-1,5.84E0));
#1228=VERTEX_POINT('',#1226);
#1229=VERTEX_POINT('',#1227);
#1230=CARTESIAN_POINT('',(-2.22885E0,-3.1115E-1,-4.576E0));
#1231=CARTESIAN_POINT('',(-2.85115E0,-3.1115E-1,-4.576E0));
#1232=VERTEX_POINT('',#1230);
#1233=VERTEX_POINT('',#1231);
#1234=CARTESIAN_POINT('',(-2.85115E0,3.1115E-1,5.84E0));
#1235=CARTESIAN_POINT('',(-2.22885E0,3.1115E-1,5.84E0));
#1236=VERTEX_POINT('',#1234);
#1237=VERTEX_POINT('',#1235);
#1238=CARTESIAN_POINT('',(-2.22885E0,3.1115E-1,-4.576E0));
#1239=CARTESIAN_POINT('',(-2.85115E0,3.1115E-1,-4.576E0));
#1240=VERTEX_POINT('',#1238);
#1241=VERTEX_POINT('',#1239);
#1242=CARTESIAN_POINT('',(-2.22885E0,-3.1115E-1,0.E0));
#1243=VERTEX_POINT('',#1242);
#1244=CARTESIAN_POINT('',(-2.85115E0,-3.1115E-1,0.E0));
#1245=VERTEX_POINT('',#1244);
#1246=CARTESIAN_POINT('',(-2.22885E0,-3.1115E-1,-1.651E0));
#1247=VERTEX_POINT('',#1246);
#1248=CARTESIAN_POINT('',(-2.85115E0,-3.1115E-1,-1.651E0));
#1249=VERTEX_POINT('',#1248);
#1250=CARTESIAN_POINT('',(-2.22885E0,3.1115E-1,0.E0));
#1251=VERTEX_POINT('',#1250);
#1252=CARTESIAN_POINT('',(-2.85115E0,3.1115E-1,0.E0));
#1253=VERTEX_POINT('',#1252);
#1254=CARTESIAN_POINT('',(-2.22885E0,3.1115E-1,-1.651E0));
#1255=VERTEX_POINT('',#1254);
#1256=CARTESIAN_POINT('',(-2.85115E0,3.1115E-1,-1.651E0));
#1257=VERTEX_POINT('',#1256);
#1258=CARTESIAN_POINT('',(5.08E-1,1.1684E0,-1.651E0));
#1259=CARTESIAN_POINT('',(5.08E-1,-1.1684E0,-1.651E0));
#1260=VERTEX_POINT('',#1258);
#1261=VERTEX_POINT('',#1259);
#1262=CARTESIAN_POINT('',(-5.08E-1,1.1684E0,-1.651E0));
#1263=CARTESIAN_POINT('',(-5.08E-1,-1.1684E0,-1.651E0));
#1264=VERTEX_POINT('',#1262);
#1265=VERTEX_POINT('',#1263);
#1266=CARTESIAN_POINT('',(-3.1115E-1,-3.1115E-1,5.84E0));
#1267=CARTESIAN_POINT('',(3.1115E-1,-3.1115E-1,5.84E0));
#1268=VERTEX_POINT('',#1266);
#1269=VERTEX_POINT('',#1267);
#1270=CARTESIAN_POINT('',(3.1115E-1,-3.1115E-1,-4.576E0));
#1271=CARTESIAN_POINT('',(-3.1115E-1,-3.1115E-1,-4.576E0));
#1272=VERTEX_POINT('',#1270);
#1273=VERTEX_POINT('',#1271);
#1274=CARTESIAN_POINT('',(-3.1115E-1,3.1115E-1,5.84E0));
#1275=CARTESIAN_POINT('',(3.1115E-1,3.1115E-1,5.84E0));
#1276=VERTEX_POINT('',#1274);
#1277=VERTEX_POINT('',#1275);
#1278=CARTESIAN_POINT('',(3.1115E-1,3.1115E-1,-4.576E0));
#1279=CARTESIAN_POINT('',(-3.1115E-1,3.1115E-1,-4.576E0));
#1280=VERTEX_POINT('',#1278);
#1281=VERTEX_POINT('',#1279);
#1282=CARTESIAN_POINT('',(3.1115E-1,-3.1115E-1,0.E0));
#1283=VERTEX_POINT('',#1282);
#1284=CARTESIAN_POINT('',(-3.1115E-1,-3.1115E-1,0.E0));
#1285=VERTEX_POINT('',#1284);
#1286=CARTESIAN_POINT('',(3.1115E-1,-3.1115E-1,-1.651E0));
#1287=VERTEX_POINT('',#1286);
#1288=CARTESIAN_POINT('',(-3.1115E-1,-3.1115E-1,-1.651E0));
#1289=VERTEX_POINT('',#1288);
#1290=CARTESIAN_POINT('',(3.1115E-1,3.1115E-1,0.E0));
#1291=VERTEX_POINT('',#1290);
#1292=CARTESIAN_POINT('',(-3.1115E-1,3.1115E-1,0.E0));
#1293=VERTEX_POINT('',#1292);
#1294=CARTESIAN_POINT('',(3.1115E-1,3.1115E-1,-1.651E0));
#1295=VERTEX_POINT('',#1294);
#1296=CARTESIAN_POINT('',(-3.1115E-1,3.1115E-1,-1.651E0));
#1297=VERTEX_POINT('',#1296);
#1298=CARTESIAN_POINT('',(-2.032E0,-1.1684E0,-2.286E0));
#1299=CARTESIAN_POINT('',(-2.032E0,1.1684E0,-2.286E0));
#1300=VERTEX_POINT('',#1298);
#1301=VERTEX_POINT('',#1299);
#1302=CARTESIAN_POINT('',(-3.048E0,-1.1684E0,-2.286E0));
#1303=CARTESIAN_POINT('',(-3.048E0,1.1684E0,-2.286E0));
#1304=VERTEX_POINT('',#1302);
#1305=VERTEX_POINT('',#1303);
#1306=CARTESIAN_POINT('',(5.08E-1,-1.1684E0,-2.286E0));
#1307=CARTESIAN_POINT('',(5.08E-1,1.1684E0,-2.286E0));
#1308=VERTEX_POINT('',#1306);
#1309=VERTEX_POINT('',#1307);
#1310=CARTESIAN_POINT('',(-5.08E-1,-1.1684E0,-2.286E0));
#1311=CARTESIAN_POINT('',(-5.08E-1,1.1684E0,-2.286E0));
#1312=VERTEX_POINT('',#1310);
#1313=VERTEX_POINT('',#1311);
#1314=CARTESIAN_POINT('',(3.048E0,1.1684E0,-1.651E0));
#1315=CARTESIAN_POINT('',(3.048E0,-1.1684E0,-1.651E0));
#1316=VERTEX_POINT('',#1314);
#1317=VERTEX_POINT('',#1315);
#1318=CARTESIAN_POINT('',(2.032E0,1.1684E0,-1.651E0));
#1319=CARTESIAN_POINT('',(2.032E0,-1.1684E0,-1.651E0));
#1320=VERTEX_POINT('',#1318);
#1321=VERTEX_POINT('',#1319);
#1322=CARTESIAN_POINT('',(2.22885E0,-3.1115E-1,5.84E0));
#1323=CARTESIAN_POINT('',(2.85115E0,-3.1115E-1,5.84E0));
#1324=VERTEX_POINT('',#1322);
#1325=VERTEX_POINT('',#1323);
#1326=CARTESIAN_POINT('',(2.85115E0,-3.1115E-1,-4.576E0));
#1327=CARTESIAN_POINT('',(2.22885E0,-3.1115E-1,-4.576E0));
#1328=VERTEX_POINT('',#1326);
#1329=VERTEX_POINT('',#1327);
#1330=CARTESIAN_POINT('',(2.22885E0,3.1115E-1,5.84E0));
#1331=CARTESIAN_POINT('',(2.85115E0,3.1115E-1,5.84E0));
#1332=VERTEX_POINT('',#1330);
#1333=VERTEX_POINT('',#1331);
#1334=CARTESIAN_POINT('',(2.85115E0,3.1115E-1,-4.576E0));
#1335=CARTESIAN_POINT('',(2.22885E0,3.1115E-1,-4.576E0));
#1336=VERTEX_POINT('',#1334);
#1337=VERTEX_POINT('',#1335);
#1338=CARTESIAN_POINT('',(2.85115E0,-3.1115E-1,0.E0));
#1339=VERTEX_POINT('',#1338);
#1340=CARTESIAN_POINT('',(2.22885E0,-3.1115E-1,0.E0));
#1341=VERTEX_POINT('',#1340);
#1342=CARTESIAN_POINT('',(2.85115E0,-3.1115E-1,-1.651E0));
#1343=VERTEX_POINT('',#1342);
#1344=CARTESIAN_POINT('',(2.22885E0,-3.1115E-1,-1.651E0));
#1345=VERTEX_POINT('',#1344);
#1346=CARTESIAN_POINT('',(2.85115E0,3.1115E-1,0.E0));
#1347=VERTEX_POINT('',#1346);
#1348=CARTESIAN_POINT('',(2.22885E0,3.1115E-1,0.E0));
#1349=VERTEX_POINT('',#1348);
#1350=CARTESIAN_POINT('',(2.85115E0,3.1115E-1,-1.651E0));
#1351=VERTEX_POINT('',#1350);
#1352=CARTESIAN_POINT('',(2.22885E0,3.1115E-1,-1.651E0));
#1353=VERTEX_POINT('',#1352);
#1354=CARTESIAN_POINT('',(3.048E0,-1.1684E0,-2.286E0));
#1355=CARTESIAN_POINT('',(3.048E0,1.1684E0,-2.286E0));
#1356=VERTEX_POINT('',#1354);
#1357=VERTEX_POINT('',#1355);
#1358=CARTESIAN_POINT('',(2.032E0,-1.1684E0,-2.286E0));
#1359=CARTESIAN_POINT('',(2.032E0,1.1684E0,-2.286E0));
#1360=VERTEX_POINT('',#1358);
#1361=VERTEX_POINT('',#1359);
#1362=CARTESIAN_POINT('',(5.588E0,1.1684E0,-1.651E0));
#1363=CARTESIAN_POINT('',(5.588E0,-1.1684E0,-1.651E0));
#1364=VERTEX_POINT('',#1362);
#1365=VERTEX_POINT('',#1363);
#1366=CARTESIAN_POINT('',(4.572E0,1.1684E0,-1.651E0));
#1367=CARTESIAN_POINT('',(4.572E0,-1.1684E0,-1.651E0));
#1368=VERTEX_POINT('',#1366);
#1369=VERTEX_POINT('',#1367);
#1370=CARTESIAN_POINT('',(4.76885E0,-3.1115E-1,5.84E0));
#1371=CARTESIAN_POINT('',(5.39115E0,-3.1115E-1,5.84E0));
#1372=VERTEX_POINT('',#1370);
#1373=VERTEX_POINT('',#1371);
#1374=CARTESIAN_POINT('',(5.39115E0,-3.1115E-1,-4.576E0));
#1375=CARTESIAN_POINT('',(4.76885E0,-3.1115E-1,-4.576E0));
#1376=VERTEX_POINT('',#1374);
#1377=VERTEX_POINT('',#1375);
#1378=CARTESIAN_POINT('',(4.76885E0,3.1115E-1,5.84E0));
#1379=CARTESIAN_POINT('',(5.39115E0,3.1115E-1,5.84E0));
#1380=VERTEX_POINT('',#1378);
#1381=VERTEX_POINT('',#1379);
#1382=CARTESIAN_POINT('',(5.39115E0,3.1115E-1,-4.576E0));
#1383=CARTESIAN_POINT('',(4.76885E0,3.1115E-1,-4.576E0));
#1384=VERTEX_POINT('',#1382);
#1385=VERTEX_POINT('',#1383);
#1386=CARTESIAN_POINT('',(5.39115E0,-3.1115E-1,0.E0));
#1387=VERTEX_POINT('',#1386);
#1388=CARTESIAN_POINT('',(4.76885E0,-3.1115E-1,0.E0));
#1389=VERTEX_POINT('',#1388);
#1390=CARTESIAN_POINT('',(5.39115E0,-3.1115E-1,-1.651E0));
#1391=VERTEX_POINT('',#1390);
#1392=CARTESIAN_POINT('',(4.76885E0,-3.1115E-1,-1.651E0));
#1393=VERTEX_POINT('',#1392);
#1394=CARTESIAN_POINT('',(5.39115E0,3.1115E-1,0.E0));
#1395=VERTEX_POINT('',#1394);
#1396=CARTESIAN_POINT('',(4.76885E0,3.1115E-1,0.E0));
#1397=VERTEX_POINT('',#1396);
#1398=CARTESIAN_POINT('',(5.39115E0,3.1115E-1,-1.651E0));
#1399=VERTEX_POINT('',#1398);
#1400=CARTESIAN_POINT('',(4.76885E0,3.1115E-1,-1.651E0));
#1401=VERTEX_POINT('',#1400);
#1402=CARTESIAN_POINT('',(5.588E0,-1.1684E0,-2.286E0));
#1403=CARTESIAN_POINT('',(5.588E0,1.1684E0,-2.286E0));
#1404=VERTEX_POINT('',#1402);
#1405=VERTEX_POINT('',#1403);
#1406=CARTESIAN_POINT('',(4.572E0,-1.1684E0,-2.286E0));
#1407=CARTESIAN_POINT('',(4.572E0,1.1684E0,-2.286E0));
#1408=VERTEX_POINT('',#1406);
#1409=VERTEX_POINT('',#1407);
#1410=CARTESIAN_POINT('',(0.E0,0.E0,0.E0));
#1411=DIRECTION('',(0.E0,0.E0,1.E0));
#1412=DIRECTION('',(1.E0,0.E0,0.E0));
#1413=AXIS2_PLACEMENT_3D('',#1410,#1411,#1412);
#1414=PLANE('',#1413);
#1416=ORIENTED_EDGE('',*,*,#1415,.T.);
#1418=ORIENTED_EDGE('',*,*,#1417,.T.);
#1420=ORIENTED_EDGE('',*,*,#1419,.F.);
#1422=ORIENTED_EDGE('',*,*,#1421,.F.);
#1424=ORIENTED_EDGE('',*,*,#1423,.F.);
#1426=ORIENTED_EDGE('',*,*,#1425,.T.);
#1428=ORIENTED_EDGE('',*,*,#1427,.T.);
#1430=ORIENTED_EDGE('',*,*,#1429,.F.);
#1432=ORIENTED_EDGE('',*,*,#1431,.T.);
#1434=ORIENTED_EDGE('',*,*,#1433,.T.);
#1436=ORIENTED_EDGE('',*,*,#1435,.F.);
#1438=ORIENTED_EDGE('',*,*,#1437,.T.);
#1440=ORIENTED_EDGE('',*,*,#1439,.T.);
#1442=ORIENTED_EDGE('',*,*,#1441,.F.);
#1444=ORIENTED_EDGE('',*,*,#1443,.T.);
#1446=ORIENTED_EDGE('',*,*,#1445,.T.);
#1448=ORIENTED_EDGE('',*,*,#1447,.F.);
#1450=ORIENTED_EDGE('',*,*,#1449,.F.);
#1452=ORIENTED_EDGE('',*,*,#1451,.F.);
#1454=ORIENTED_EDGE('',*,*,#1453,.T.);
#1456=ORIENTED_EDGE('',*,*,#1455,.T.);
#1458=ORIENTED_EDGE('',*,*,#1457,.F.);
#1460=ORIENTED_EDGE('',*,*,#1459,.T.);
#1462=ORIENTED_EDGE('',*,*,#1461,.T.);
#1464=ORIENTED_EDGE('',*,*,#1463,.F.);
#1466=ORIENTED_EDGE('',*,*,#1465,.T.);
#1468=ORIENTED_EDGE('',*,*,#1467,.T.);
#1470=ORIENTED_EDGE('',*,*,#1469,.F.);
#1471=EDGE_LOOP('',(#1416,#1418,#1420,#1422,#1424,#1426,#1428,#1430,#1432,#1434,
#1436,#1438,#1440,#1442,#1444,#1446,#1448,#1450,#1452,#1454,#1456,#1458,#1460,
#1462,#1464,#1466,#1468,#1470));
#1472=FACE_OUTER_BOUND('',#1471,.F.);
#1474=ORIENTED_EDGE('',*,*,#1473,.F.);
#1476=ORIENTED_EDGE('',*,*,#1475,.T.);
#1478=ORIENTED_EDGE('',*,*,#1477,.T.);
#1480=ORIENTED_EDGE('',*,*,#1479,.F.);
#1481=EDGE_LOOP('',(#1474,#1476,#1478,#1480));
#1482=FACE_BOUND('',#1481,.F.);
#1484=ORIENTED_EDGE('',*,*,#1483,.F.);
#1486=ORIENTED_EDGE('',*,*,#1485,.T.);
#1488=ORIENTED_EDGE('',*,*,#1487,.T.);
#1490=ORIENTED_EDGE('',*,*,#1489,.F.);
#1491=EDGE_LOOP('',(#1484,#1486,#1488,#1490));
#1492=FACE_BOUND('',#1491,.F.);
#1494=ORIENTED_EDGE('',*,*,#1493,.F.);
#1496=ORIENTED_EDGE('',*,*,#1495,.T.);
#1498=ORIENTED_EDGE('',*,*,#1497,.T.);
#1500=ORIENTED_EDGE('',*,*,#1499,.F.);
#1501=EDGE_LOOP('',(#1494,#1496,#1498,#1500));
#1502=FACE_BOUND('',#1501,.F.);
#1504=ORIENTED_EDGE('',*,*,#1503,.F.);
#1506=ORIENTED_EDGE('',*,*,#1505,.T.);
#1508=ORIENTED_EDGE('',*,*,#1507,.T.);
#1510=ORIENTED_EDGE('',*,*,#1509,.F.);
#1511=EDGE_LOOP('',(#1504,#1506,#1508,#1510));
#1512=FACE_BOUND('',#1511,.F.);
#1514=ORIENTED_EDGE('',*,*,#1513,.F.);
#1516=ORIENTED_EDGE('',*,*,#1515,.T.);
#1518=ORIENTED_EDGE('',*,*,#1517,.T.);
#1520=ORIENTED_EDGE('',*,*,#1519,.F.);
#1521=EDGE_LOOP('',(#1514,#1516,#1518,#1520));
#1522=FACE_BOUND('',#1521,.F.);
#1524=CARTESIAN_POINT('',(0.E0,-3.1115E-1,0.E0));
#1525=DIRECTION('',(0.E0,1.E0,0.E0));
#1526=DIRECTION('',(-1.E0,0.E0,0.E0));
#1527=AXIS2_PLACEMENT_3D('',#1524,#1525,#1526);
#1528=PLANE('',#1527);
#1529=ORIENTED_EDGE('',*,*,#1513,.T.);
#1531=ORIENTED_EDGE('',*,*,#1530,.T.);
#1533=ORIENTED_EDGE('',*,*,#1532,.T.);
#1535=ORIENTED_EDGE('',*,*,#1534,.T.);
#1536=EDGE_LOOP('',(#1529,#1531,#1533,#1535));
#1537=FACE_OUTER_BOUND('',#1536,.F.);
#1539=CARTESIAN_POINT('',(0.E0,-3.1115E-1,0.E0));
#1540=DIRECTION('',(0.E0,1.E0,0.E0));
#1541=DIRECTION('',(-1.E0,0.E0,0.E0));
#1542=AXIS2_PLACEMENT_3D('',#1539,#1540,#1541);
#1543=PLANE('',#1542);
#1545=ORIENTED_EDGE('',*,*,#1544,.F.);
#1547=ORIENTED_EDGE('',*,*,#1546,.T.);
#1549=ORIENTED_EDGE('',*,*,#1548,.T.);
#1551=ORIENTED_EDGE('',*,*,#1550,.T.);
#1552=EDGE_LOOP('',(#1545,#1547,#1549,#1551));
#1553=FACE_OUTER_BOUND('',#1552,.F.);
#1555=CARTESIAN_POINT('',(-5.39115E0,-3.1115E-1,0.E0));
#1556=DIRECTION('',(-1.E0,0.E0,0.E0));
#1557=DIRECTION('',(0.E0,0.E0,1.E0));
#1558=AXIS2_PLACEMENT_3D('',#1555,#1556,#1557);
#1559=PLANE('',#1558);
#1560=ORIENTED_EDGE('',*,*,#1519,.T.);
#1562=ORIENTED_EDGE('',*,*,#1561,.T.);
#1564=ORIENTED_EDGE('',*,*,#1563,.F.);
#1565=ORIENTED_EDGE('',*,*,#1530,.F.);
#1566=EDGE_LOOP('',(#1560,#1562,#1564,#1565));
#1567=FACE_OUTER_BOUND('',#1566,.F.);
#1569=CARTESIAN_POINT('',(0.E0,3.1115E-1,0.E0));
#1570=DIRECTION('',(0.E0,1.E0,0.E0));
#1571=DIRECTION('',(-1.E0,0.E0,0.E0));
#1572=AXIS2_PLACEMENT_3D('',#1569,#1570,#1571);
#1573=PLANE('',#1572);
#1574=ORIENTED_EDGE('',*,*,#1517,.F.);
#1576=ORIENTED_EDGE('',*,*,#1575,.F.);
#1578=ORIENTED_EDGE('',*,*,#1577,.F.);
#1579=ORIENTED_EDGE('',*,*,#1561,.F.);
#1580=EDGE_LOOP('',(#1574,#1576,#1578,#1579));
#1581=FACE_OUTER_BOUND('',#1580,.F.);
#1583=CARTESIAN_POINT('',(0.E0,3.1115E-1,0.E0));
#1584=DIRECTION('',(0.E0,1.E0,0.E0));
#1585=DIRECTION('',(-1.E0,0.E0,0.E0));
#1586=AXIS2_PLACEMENT_3D('',#1583,#1584,#1585);
#1587=PLANE('',#1586);
#1589=ORIENTED_EDGE('',*,*,#1588,.T.);
#1591=ORIENTED_EDGE('',*,*,#1590,.F.);
#1593=ORIENTED_EDGE('',*,*,#1592,.F.);
#1595=ORIENTED_EDGE('',*,*,#1594,.F.);
#1596=EDGE_LOOP('',(#1589,#1591,#1593,#1595));
#1597=FACE_OUTER_BOUND('',#1596,.F.);
#1599=CARTESIAN_POINT('',(-4.76885E0,-3.1115E-1,5.84E0));
#1600=DIRECTION('',(1.E0,0.E0,0.E0));
#1601=DIRECTION('',(0.E0,0.E0,-1.E0));
#1602=AXIS2_PLACEMENT_3D('',#1599,#1600,#1601);
#1603=PLANE('',#1602);
#1604=ORIENTED_EDGE('',*,*,#1515,.F.);
#1605=ORIENTED_EDGE('',*,*,#1534,.F.);
#1607=ORIENTED_EDGE('',*,*,#1606,.T.);
#1608=ORIENTED_EDGE('',*,*,#1575,.T.);
#1609=EDGE_LOOP('',(#1604,#1605,#1607,#1608));
#1610=FACE_OUTER_BOUND('',#1609,.F.);
#1612=CARTESIAN_POINT('',(-5.39115E0,-3.1115E-1,5.84E0));
#1613=DIRECTION('',(0.E0,0.E0,1.E0));
#1614=DIRECTION('',(1.E0,0.E0,0.E0));
#1615=AXIS2_PLACEMENT_3D('',#1612,#1613,#1614);
#1616=PLANE('',#1615);
#1617=ORIENTED_EDGE('',*,*,#1532,.F.);
#1618=ORIENTED_EDGE('',*,*,#1563,.T.);
#1619=ORIENTED_EDGE('',*,*,#1577,.T.);
#1620=ORIENTED_EDGE('',*,*,#1606,.F.);
#1621=EDGE_LOOP('',(#1617,#1618,#1619,#1620));
#1622=FACE_OUTER_BOUND('',#1621,.F.);
#1624=CARTESIAN_POINT('',(-5.588E0,1.1684E0,-1.651E0));
#1625=DIRECTION('',(0.E0,0.E0,1.E0));
#1626=DIRECTION('',(1.E0,0.E0,0.E0));
#1627=AXIS2_PLACEMENT_3D('',#1624,#1625,#1626);
#1628=PLANE('',#1627);
#1630=ORIENTED_EDGE('',*,*,#1629,.F.);
#1632=ORIENTED_EDGE('',*,*,#1631,.F.);
#1634=ORIENTED_EDGE('',*,*,#1633,.T.);
#1636=ORIENTED_EDGE('',*,*,#1635,.T.);
#1637=EDGE_LOOP('',(#1630,#1632,#1634,#1636));
#1638=FACE_OUTER_BOUND('',#1637,.F.);
#1639=ORIENTED_EDGE('',*,*,#1544,.T.);
#1641=ORIENTED_EDGE('',*,*,#1640,.T.);
#1642=ORIENTED_EDGE('',*,*,#1588,.F.);
#1644=ORIENTED_EDGE('',*,*,#1643,.F.);
#1645=EDGE_LOOP('',(#1639,#1641,#1642,#1644));
#1646=FACE_BOUND('',#1645,.F.);
#1648=CARTESIAN_POINT('',(-6.1468E0,-1.1684E0,0.E0));
#1649=DIRECTION('',(0.E0,-1.E0,0.E0));
#1650=DIRECTION('',(1.E0,0.E0,0.E0));
#1651=AXIS2_PLACEMENT_3D('',#1648,#1649,#1650);
#1652=PLANE('',#1651);
#1654=ORIENTED_EDGE('',*,*,#1653,.F.);
#1656=ORIENTED_EDGE('',*,*,#1655,.F.);
#1658=ORIENTED_EDGE('',*,*,#1657,.T.);
#1659=ORIENTED_EDGE('',*,*,#1629,.T.);
#1661=ORIENTED_EDGE('',*,*,#1660,.F.);
#1663=ORIENTED_EDGE('',*,*,#1662,.F.);
#1665=ORIENTED_EDGE('',*,*,#1664,.F.);
#1666=ORIENTED_EDGE('',*,*,#1447,.T.);
#1667=EDGE_LOOP('',(#1654,#1656,#1658,#1659,#1661,#1663,#1665,#1666));
#1668=FACE_OUTER_BOUND('',#1667,.F.);
#1670=CARTESIAN_POINT('',(-6.1468E0,-1.1684E0,0.E0));
#1671=DIRECTION('',(0.E0,-1.E0,0.E0));
#1672=DIRECTION('',(1.E0,0.E0,0.E0));
#1673=AXIS2_PLACEMENT_3D('',#1670,#1671,#1672);
#1674=PLANE('',#1673);
#1676=ORIENTED_EDGE('',*,*,#1675,.F.);
#1678=ORIENTED_EDGE('',*,*,#1677,.F.);
#1680=ORIENTED_EDGE('',*,*,#1679,.T.);
#1682=ORIENTED_EDGE('',*,*,#1681,.F.);
#1684=ORIENTED_EDGE('',*,*,#1683,.F.);
#1686=ORIENTED_EDGE('',*,*,#1685,.F.);
#1688=ORIENTED_EDGE('',*,*,#1687,.T.);
#1689=ORIENTED_EDGE('',*,*,#1441,.T.);
#1690=EDGE_LOOP('',(#1676,#1678,#1680,#1682,#1684,#1686,#1688,#1689));
#1691=FACE_OUTER_BOUND('',#1690,.F.);
#1693=CARTESIAN_POINT('',(-6.1468E0,-1.1684E0,0.E0));
#1694=DIRECTION('',(0.E0,-1.E0,0.E0));
#1695=DIRECTION('',(1.E0,0.E0,0.E0));
#1696=AXIS2_PLACEMENT_3D('',#1693,#1694,#1695);
#1697=PLANE('',#1696);
#1699=ORIENTED_EDGE('',*,*,#1698,.F.);
#1701=ORIENTED_EDGE('',*,*,#1700,.F.);
#1703=ORIENTED_EDGE('',*,*,#1702,.T.);
#1705=ORIENTED_EDGE('',*,*,#1704,.F.);
#1707=ORIENTED_EDGE('',*,*,#1706,.F.);
#1709=ORIENTED_EDGE('',*,*,#1708,.F.);
#1711=ORIENTED_EDGE('',*,*,#1710,.T.);
#1712=ORIENTED_EDGE('',*,*,#1435,.T.);
#1713=EDGE_LOOP('',(#1699,#1701,#1703,#1705,#1707,#1709,#1711,#1712));
#1714=FACE_OUTER_BOUND('',#1713,.F.);
#1716=CARTESIAN_POINT('',(-6.1468E0,-1.1684E0,0.E0));
#1717=DIRECTION('',(0.E0,-1.E0,0.E0));
#1718=DIRECTION('',(1.E0,0.E0,0.E0));
#1719=AXIS2_PLACEMENT_3D('',#1716,#1717,#1718);
#1720=PLANE('',#1719);
#1722=ORIENTED_EDGE('',*,*,#1721,.F.);
#1724=ORIENTED_EDGE('',*,*,#1723,.F.);
#1726=ORIENTED_EDGE('',*,*,#1725,.T.);
#1728=ORIENTED_EDGE('',*,*,#1727,.F.);
#1730=ORIENTED_EDGE('',*,*,#1729,.F.);
#1732=ORIENTED_EDGE('',*,*,#1731,.F.);
#1734=ORIENTED_EDGE('',*,*,#1733,.T.);
#1735=ORIENTED_EDGE('',*,*,#1429,.T.);
#1736=EDGE_LOOP('',(#1722,#1724,#1726,#1728,#1730,#1732,#1734,#1735));
#1737=FACE_OUTER_BOUND('',#1736,.F.);
#1739=CARTESIAN_POINT('',(-6.1468E0,-1.1684E0,0.E0));
#1740=DIRECTION('',(0.E0,-1.E0,0.E0));
#1741=DIRECTION('',(1.E0,0.E0,0.E0));
#1742=AXIS2_PLACEMENT_3D('',#1739,#1740,#1741);
#1743=PLANE('',#1742);
#1745=ORIENTED_EDGE('',*,*,#1744,.T.);
#1746=ORIENTED_EDGE('',*,*,#1423,.T.);
#1748=ORIENTED_EDGE('',*,*,#1747,.T.);
#1750=ORIENTED_EDGE('',*,*,#1749,.F.);
#1752=ORIENTED_EDGE('',*,*,#1751,.T.);
#1754=ORIENTED_EDGE('',*,*,#1753,.F.);
#1756=ORIENTED_EDGE('',*,*,#1755,.F.);
#1758=ORIENTED_EDGE('',*,*,#1757,.F.);
#1759=EDGE_LOOP('',(#1745,#1746,#1748,#1750,#1752,#1754,#1756,#1758));
#1760=FACE_OUTER_BOUND('',#1759,.F.);
#1762=CARTESIAN_POINT('',(-3.81E0,-8.128E-1,0.E0));
#1763=DIRECTION('',(-8.660254037845E-1,4.999999999999E-1,0.E0));
#1764=DIRECTION('',(-4.999999999999E-1,-8.660254037845E-1,0.E0));
#1765=AXIS2_PLACEMENT_3D('',#1762,#1763,#1764);
#1766=PLANE('',#1765);
#1767=ORIENTED_EDGE('',*,*,#1445,.F.);
#1769=ORIENTED_EDGE('',*,*,#1768,.T.);
#1771=ORIENTED_EDGE('',*,*,#1770,.T.);
#1772=ORIENTED_EDGE('',*,*,#1653,.T.);
#1773=EDGE_LOOP('',(#1767,#1769,#1771,#1772));
#1774=FACE_OUTER_BOUND('',#1773,.F.);
#1776=CARTESIAN_POINT('',(-3.604694244276E0,-1.1684E0,0.E0));
#1777=DIRECTION('',(8.660254037845E-1,4.999999999999E-1,0.E0));
#1778=DIRECTION('',(-4.999999999999E-1,8.660254037845E-1,0.E0));
#1779=AXIS2_PLACEMENT_3D('',#1776,#1777,#1778);
#1780=PLANE('',#1779);
#1781=ORIENTED_EDGE('',*,*,#1443,.F.);
#1782=ORIENTED_EDGE('',*,*,#1687,.F.);
#1784=ORIENTED_EDGE('',*,*,#1783,.T.);
#1785=ORIENTED_EDGE('',*,*,#1768,.F.);
#1786=EDGE_LOOP('',(#1781,#1782,#1784,#1785));
#1787=FACE_OUTER_BOUND('',#1786,.F.);
#1789=CARTESIAN_POINT('',(0.E0,0.E0,-2.286E0));
#1790=DIRECTION('',(0.E0,0.E0,1.E0));
#1791=DIRECTION('',(1.E0,0.E0,0.E0));
#1792=AXIS2_PLACEMENT_3D('',#1789,#1790,#1791);
#1793=PLANE('',#1792);
#1794=ORIENTED_EDGE('',*,*,#1662,.T.);
#1796=ORIENTED_EDGE('',*,*,#1795,.T.);
#1798=ORIENTED_EDGE('',*,*,#1797,.T.);
#1800=ORIENTED_EDGE('',*,*,#1799,.T.);
#1801=EDGE_LOOP('',(#1794,#1796,#1798,#1800));
#1802=FACE_OUTER_BOUND('',#1801,.F.);
#1804=CARTESIAN_POINT('',(0.E0,0.E0,-2.286E0));
#1805=DIRECTION('',(0.E0,0.E0,1.E0));
#1806=DIRECTION('',(1.E0,0.E0,0.E0));
#1807=AXIS2_PLACEMENT_3D('',#1804,#1805,#1806);
#1808=PLANE('',#1807);
#1810=ORIENTED_EDGE('',*,*,#1809,.F.);
#1811=ORIENTED_EDGE('',*,*,#1749,.T.);
#1813=ORIENTED_EDGE('',*,*,#1812,.T.);
#1815=ORIENTED_EDGE('',*,*,#1814,.T.);
#1816=EDGE_LOOP('',(#1810,#1811,#1813,#1815));
#1817=FACE_OUTER_BOUND('',#1816,.F.);
#1819=CARTESIAN_POINT('',(0.E0,0.E0,-2.286E0));
#1820=DIRECTION('',(0.E0,0.E0,1.E0));
#1821=DIRECTION('',(1.E0,0.E0,0.E0));
#1822=AXIS2_PLACEMENT_3D('',#1819,#1820,#1821);
#1823=PLANE('',#1822);
#1825=ORIENTED_EDGE('',*,*,#1824,.F.);
#1827=ORIENTED_EDGE('',*,*,#1826,.T.);
#1829=ORIENTED_EDGE('',*,*,#1828,.F.);
#1830=ORIENTED_EDGE('',*,*,#1655,.T.);
#1831=ORIENTED_EDGE('',*,*,#1770,.F.);
#1832=ORIENTED_EDGE('',*,*,#1783,.F.);
#1833=ORIENTED_EDGE('',*,*,#1685,.T.);
#1835=ORIENTED_EDGE('',*,*,#1834,.T.);
#1837=ORIENTED_EDGE('',*,*,#1836,.T.);
#1839=ORIENTED_EDGE('',*,*,#1838,.F.);
#1840=EDGE_LOOP('',(#1825,#1827,#1829,#1830,#1831,#1832,#1833,#1835,#1837,
#1839));
#1841=FACE_OUTER_BOUND('',#1840,.F.);
#1843=CARTESIAN_POINT('',(0.E0,0.E0,-2.286E0));
#1844=DIRECTION('',(0.E0,0.E0,1.E0));
#1845=DIRECTION('',(1.E0,0.E0,0.E0));
#1846=AXIS2_PLACEMENT_3D('',#1843,#1844,#1845);
#1847=PLANE('',#1846);
#1849=ORIENTED_EDGE('',*,*,#1848,.F.);
#1851=ORIENTED_EDGE('',*,*,#1850,.T.);
#1853=ORIENTED_EDGE('',*,*,#1852,.F.);
#1854=ORIENTED_EDGE('',*,*,#1677,.T.);
#1856=ORIENTED_EDGE('',*,*,#1855,.F.);
#1858=ORIENTED_EDGE('',*,*,#1857,.F.);
#1859=ORIENTED_EDGE('',*,*,#1708,.T.);
#1861=ORIENTED_EDGE('',*,*,#1860,.T.);
#1863=ORIENTED_EDGE('',*,*,#1862,.T.);
#1865=ORIENTED_EDGE('',*,*,#1864,.F.);
#1866=EDGE_LOOP('',(#1849,#1851,#1853,#1854,#1856,#1858,#1859,#1861,#1863,
#1865));
#1867=FACE_OUTER_BOUND('',#1866,.F.);
#1869=CARTESIAN_POINT('',(0.E0,0.E0,-2.286E0));
#1870=DIRECTION('',(0.E0,0.E0,1.E0));
#1871=DIRECTION('',(1.E0,0.E0,0.E0));
#1872=AXIS2_PLACEMENT_3D('',#1869,#1870,#1871);
#1873=PLANE('',#1872);
#1875=ORIENTED_EDGE('',*,*,#1874,.F.);
#1877=ORIENTED_EDGE('',*,*,#1876,.T.);
#1879=ORIENTED_EDGE('',*,*,#1878,.F.);
#1880=ORIENTED_EDGE('',*,*,#1700,.T.);
#1882=ORIENTED_EDGE('',*,*,#1881,.F.);
#1884=ORIENTED_EDGE('',*,*,#1883,.F.);
#1885=ORIENTED_EDGE('',*,*,#1731,.T.);
#1887=ORIENTED_EDGE('',*,*,#1886,.T.);
#1889=ORIENTED_EDGE('',*,*,#1888,.T.);
#1891=ORIENTED_EDGE('',*,*,#1890,.F.);
#1892=EDGE_LOOP('',(#1875,#1877,#1879,#1880,#1882,#1884,#1885,#1887,#1889,
#1891));
#1893=FACE_OUTER_BOUND('',#1892,.F.);
#1895=CARTESIAN_POINT('',(0.E0,0.E0,-2.286E0));
#1896=DIRECTION('',(0.E0,0.E0,1.E0));
#1897=DIRECTION('',(1.E0,0.E0,0.E0));
#1898=AXIS2_PLACEMENT_3D('',#1895,#1896,#1897);
#1899=PLANE('',#1898);
#1901=ORIENTED_EDGE('',*,*,#1900,.F.);
#1903=ORIENTED_EDGE('',*,*,#1902,.T.);
#1905=ORIENTED_EDGE('',*,*,#1904,.F.);
#1906=ORIENTED_EDGE('',*,*,#1723,.T.);
#1908=ORIENTED_EDGE('',*,*,#1907,.F.);
#1910=ORIENTED_EDGE('',*,*,#1909,.F.);
#1911=ORIENTED_EDGE('',*,*,#1757,.T.);
#1913=ORIENTED_EDGE('',*,*,#1912,.T.);
#1915=ORIENTED_EDGE('',*,*,#1914,.T.);
#1917=ORIENTED_EDGE('',*,*,#1916,.F.);
#1918=EDGE_LOOP('',(#1901,#1903,#1905,#1906,#1908,#1910,#1911,#1913,#1915,
#1917));
#1919=FACE_OUTER_BOUND('',#1918,.F.);
#1921=CARTESIAN_POINT('',(-5.588E0,1.1684E0,-2.286E0));
#1922=DIRECTION('',(-1.E0,0.E0,0.E0));
#1923=DIRECTION('',(0.E0,0.E0,1.E0));
#1924=AXIS2_PLACEMENT_3D('',#1921,#1922,#1923);
#1925=PLANE('',#1924);
#1926=ORIENTED_EDGE('',*,*,#1795,.F.);
#1927=ORIENTED_EDGE('',*,*,#1660,.T.);
#1928=ORIENTED_EDGE('',*,*,#1635,.F.);
#1930=ORIENTED_EDGE('',*,*,#1929,.F.);
#1931=EDGE_LOOP('',(#1926,#1927,#1928,#1930));
#1932=FACE_OUTER_BOUND('',#1931,.F.);
#1934=CARTESIAN_POINT('',(6.1468E0,1.1684E0,0.E0));
#1935=DIRECTION('',(0.E0,1.E0,0.E0));
#1936=DIRECTION('',(-1.E0,0.E0,0.E0));
#1937=AXIS2_PLACEMENT_3D('',#1934,#1935,#1936);
#1938=PLANE('',#1937);
#1940=ORIENTED_EDGE('',*,*,#1939,.T.);
#1941=ORIENTED_EDGE('',*,*,#1451,.T.);
#1943=ORIENTED_EDGE('',*,*,#1942,.T.);
#1944=ORIENTED_EDGE('',*,*,#1797,.F.);
#1945=ORIENTED_EDGE('',*,*,#1929,.T.);
#1946=ORIENTED_EDGE('',*,*,#1633,.F.);
#1948=ORIENTED_EDGE('',*,*,#1947,.F.);
#1949=ORIENTED_EDGE('',*,*,#1826,.F.);
#1950=EDGE_LOOP('',(#1940,#1941,#1943,#1944,#1945,#1946,#1948,#1949));
#1951=FACE_OUTER_BOUND('',#1950,.F.);
#1953=CARTESIAN_POINT('',(6.1468E0,1.1684E0,0.E0));
#1954=DIRECTION('',(0.E0,1.E0,0.E0));
#1955=DIRECTION('',(-1.E0,0.E0,0.E0));
#1956=AXIS2_PLACEMENT_3D('',#1953,#1954,#1955);
#1957=PLANE('',#1956);
#1959=ORIENTED_EDGE('',*,*,#1958,.T.);
#1960=ORIENTED_EDGE('',*,*,#1457,.T.);
#1962=ORIENTED_EDGE('',*,*,#1961,.F.);
#1963=ORIENTED_EDGE('',*,*,#1836,.F.);
#1965=ORIENTED_EDGE('',*,*,#1964,.T.);
#1967=ORIENTED_EDGE('',*,*,#1966,.F.);
#1969=ORIENTED_EDGE('',*,*,#1968,.F.);
#1970=ORIENTED_EDGE('',*,*,#1850,.F.);
#1971=EDGE_LOOP('',(#1959,#1960,#1962,#1963,#1965,#1967,#1969,#1970));
#1972=FACE_OUTER_BOUND('',#1971,.F.);
#1974=CARTESIAN_POINT('',(6.1468E0,1.1684E0,0.E0));
#1975=DIRECTION('',(0.E0,1.E0,0.E0));
#1976=DIRECTION('',(-1.E0,0.E0,0.E0));
#1977=AXIS2_PLACEMENT_3D('',#1974,#1975,#1976);
#1978=PLANE('',#1977);
#1980=ORIENTED_EDGE('',*,*,#1979,.T.);
#1981=ORIENTED_EDGE('',*,*,#1463,.T.);
#1983=ORIENTED_EDGE('',*,*,#1982,.F.);
#1984=ORIENTED_EDGE('',*,*,#1862,.F.);
#1986=ORIENTED_EDGE('',*,*,#1985,.T.);
#1988=ORIENTED_EDGE('',*,*,#1987,.F.);
#1990=ORIENTED_EDGE('',*,*,#1989,.F.);
#1991=ORIENTED_EDGE('',*,*,#1876,.F.);
#1992=EDGE_LOOP('',(#1980,#1981,#1983,#1984,#1986,#1988,#1990,#1991));
#1993=FACE_OUTER_BOUND('',#1992,.F.);
#1995=CARTESIAN_POINT('',(6.1468E0,1.1684E0,0.E0));
#1996=DIRECTION('',(0.E0,1.E0,0.E0));
#1997=DIRECTION('',(-1.E0,0.E0,0.E0));
#1998=AXIS2_PLACEMENT_3D('',#1995,#1996,#1997);
#1999=PLANE('',#1998);
#2001=ORIENTED_EDGE('',*,*,#2000,.T.);
#2002=ORIENTED_EDGE('',*,*,#1469,.T.);
#2004=ORIENTED_EDGE('',*,*,#2003,.F.);
#2005=ORIENTED_EDGE('',*,*,#1888,.F.);
#2007=ORIENTED_EDGE('',*,*,#2006,.T.);
#2009=ORIENTED_EDGE('',*,*,#2008,.F.);
#2011=ORIENTED_EDGE('',*,*,#2010,.F.);
#2012=ORIENTED_EDGE('',*,*,#1902,.F.);
#2013=EDGE_LOOP('',(#2001,#2002,#2004,#2005,#2007,#2009,#2011,#2012));
#2014=FACE_OUTER_BOUND('',#2013,.F.);
#2016=CARTESIAN_POINT('',(6.1468E0,1.1684E0,0.E0));
#2017=DIRECTION('',(0.E0,1.E0,0.E0));
#2018=DIRECTION('',(-1.E0,0.E0,0.E0));
#2019=AXIS2_PLACEMENT_3D('',#2016,#2017,#2018);
#2020=PLANE('',#2019);
#2022=ORIENTED_EDGE('',*,*,#2021,.F.);
#2023=ORIENTED_EDGE('',*,*,#1914,.F.);
#2025=ORIENTED_EDGE('',*,*,#2024,.T.);
#2027=ORIENTED_EDGE('',*,*,#2026,.F.);
#2029=ORIENTED_EDGE('',*,*,#2028,.F.);
#2030=ORIENTED_EDGE('',*,*,#1814,.F.);
#2032=ORIENTED_EDGE('',*,*,#2031,.F.);
#2033=ORIENTED_EDGE('',*,*,#1419,.T.);
#2034=EDGE_LOOP('',(#2022,#2023,#2025,#2027,#2029,#2030,#2032,#2033));
#2035=FACE_OUTER_BOUND('',#2034,.F.);
#2037=CARTESIAN_POINT('',(-4.015305755724E0,1.1684E0,0.E0));
#2038=DIRECTION('',(-8.660254037845E-1,-4.999999999999E-1,0.E0));
#2039=DIRECTION('',(4.999999999999E-1,-8.660254037845E-1,0.E0));
#2040=AXIS2_PLACEMENT_3D('',#2037,#2038,#2039);
#2041=PLANE('',#2040);
#2042=ORIENTED_EDGE('',*,*,#1453,.F.);
#2043=ORIENTED_EDGE('',*,*,#1939,.F.);
#2044=ORIENTED_EDGE('',*,*,#1824,.T.);
#2046=ORIENTED_EDGE('',*,*,#2045,.F.);
#2047=EDGE_LOOP('',(#2042,#2043,#2044,#2046));
#2048=FACE_OUTER_BOUND('',#2047,.F.);
#2050=CARTESIAN_POINT('',(-3.81E0,8.128E-1,0.E0));
#2051=DIRECTION('',(8.660254037845E-1,-4.999999999999E-1,0.E0));
#2052=DIRECTION('',(4.999999999999E-1,8.660254037845E-1,0.E0));
#2053=AXIS2_PLACEMENT_3D('',#2050,#2051,#2052);
#2054=PLANE('',#2053);
#2055=ORIENTED_EDGE('',*,*,#1455,.F.);
#2056=ORIENTED_EDGE('',*,*,#2045,.T.);
#2057=ORIENTED_EDGE('',*,*,#1838,.T.);
#2058=ORIENTED_EDGE('',*,*,#1961,.T.);
#2059=EDGE_LOOP('',(#2055,#2056,#2057,#2058));
#2060=FACE_OUTER_BOUND('',#2059,.F.);
#2062=CARTESIAN_POINT('',(-6.1468E0,1.1684E0,0.E0));
#2063=DIRECTION('',(-1.E0,0.E0,0.E0));
#2064=DIRECTION('',(0.E0,-1.E0,0.E0));
#2065=AXIS2_PLACEMENT_3D('',#2062,#2063,#2064);
#2066=PLANE('',#2065);
#2067=ORIENTED_EDGE('',*,*,#1449,.T.);
#2068=ORIENTED_EDGE('',*,*,#1664,.T.);
#2069=ORIENTED_EDGE('',*,*,#1799,.F.);
#2070=ORIENTED_EDGE('',*,*,#1942,.F.);
#2071=EDGE_LOOP('',(#2067,#2068,#2069,#2070));
#2072=FACE_OUTER_BOUND('',#2071,.F.);
#2074=CARTESIAN_POINT('',(-4.572E0,1.1684E0,-1.651E0));
#2075=DIRECTION('',(1.E0,0.E0,0.E0));
#2076=DIRECTION('',(0.E0,0.E0,-1.E0));
#2077=AXIS2_PLACEMENT_3D('',#2074,#2075,#2076);
#2078=PLANE('',#2077);
#2079=ORIENTED_EDGE('',*,*,#1828,.T.);
#2080=ORIENTED_EDGE('',*,*,#1947,.T.);
#2081=ORIENTED_EDGE('',*,*,#1631,.T.);
#2082=ORIENTED_EDGE('',*,*,#1657,.F.);
#2083=EDGE_LOOP('',(#2079,#2080,#2081,#2082));
#2084=FACE_OUTER_BOUND('',#2083,.F.);
#2086=CARTESIAN_POINT('',(-1.475305755724E0,1.1684E0,0.E0));
#2087=DIRECTION('',(-8.660254037845E-1,-4.999999999999E-1,0.E0));
#2088=DIRECTION('',(4.999999999999E-1,-8.660254037845E-1,0.E0));
#2089=AXIS2_PLACEMENT_3D('',#2086,#2087,#2088);
#2090=PLANE('',#2089);
#2091=ORIENTED_EDGE('',*,*,#1459,.F.);
#2092=ORIENTED_EDGE('',*,*,#1958,.F.);
#2093=ORIENTED_EDGE('',*,*,#1848,.T.);
#2095=ORIENTED_EDGE('',*,*,#2094,.F.);
#2096=EDGE_LOOP('',(#2091,#2092,#2093,#2095));
#2097=FACE_OUTER_BOUND('',#2096,.F.);
#2099=CARTESIAN_POINT('',(-1.27E0,8.128E-1,0.E0));
#2100=DIRECTION('',(8.660254037845E-1,-4.999999999999E-1,0.E0));
#2101=DIRECTION('',(4.999999999999E-1,8.660254037845E-1,0.E0));
#2102=AXIS2_PLACEMENT_3D('',#2099,#2100,#2101);
#2103=PLANE('',#2102);
#2104=ORIENTED_EDGE('',*,*,#1461,.F.);
#2105=ORIENTED_EDGE('',*,*,#2094,.T.);
#2106=ORIENTED_EDGE('',*,*,#1864,.T.);
#2107=ORIENTED_EDGE('',*,*,#1982,.T.);
#2108=EDGE_LOOP('',(#2104,#2105,#2106,#2107));
#2109=FACE_OUTER_BOUND('',#2108,.F.);
#2111=CARTESIAN_POINT('',(-3.048E0,1.1684E0,-2.286E0));
#2112=DIRECTION('',(-1.E0,0.E0,0.E0));
#2113=DIRECTION('',(0.E0,0.E0,1.E0));
#2114=AXIS2_PLACEMENT_3D('',#2111,#2112,#2113);
#2115=PLANE('',#2114);
#2117=ORIENTED_EDGE('',*,*,#2116,.F.);
#2118=ORIENTED_EDGE('',*,*,#1964,.F.);
#2119=ORIENTED_EDGE('',*,*,#1834,.F.);
#2120=ORIENTED_EDGE('',*,*,#1683,.T.);
#2121=EDGE_LOOP('',(#2117,#2118,#2119,#2120));
#2122=FACE_OUTER_BOUND('',#2121,.F.);
#2124=CARTESIAN_POINT('',(-3.048E0,1.1684E0,-1.651E0));
#2125=DIRECTION('',(0.E0,0.E0,1.E0));
#2126=DIRECTION('',(1.E0,0.E0,0.E0));
#2127=AXIS2_PLACEMENT_3D('',#2124,#2125,#2126);
#2128=PLANE('',#2127);
#2130=ORIENTED_EDGE('',*,*,#2129,.F.);
#2131=ORIENTED_EDGE('',*,*,#1966,.T.);
#2132=ORIENTED_EDGE('',*,*,#2116,.T.);
#2133=ORIENTED_EDGE('',*,*,#1681,.T.);
#2134=EDGE_LOOP('',(#2130,#2131,#2132,#2133));
#2135=FACE_OUTER_BOUND('',#2134,.F.);
#2137=ORIENTED_EDGE('',*,*,#2136,.T.);
#2139=ORIENTED_EDGE('',*,*,#2138,.T.);
#2141=ORIENTED_EDGE('',*,*,#2140,.F.);
#2143=ORIENTED_EDGE('',*,*,#2142,.F.);
#2144=EDGE_LOOP('',(#2137,#2139,#2141,#2143));
#2145=FACE_BOUND('',#2144,.F.);
#2147=CARTESIAN_POINT('',(-2.032E0,1.1684E0,-1.651E0));
#2148=DIRECTION('',(1.E0,0.E0,0.E0));
#2149=DIRECTION('',(0.E0,0.E0,-1.E0));
#2150=AXIS2_PLACEMENT_3D('',#2147,#2148,#2149);
#2151=PLANE('',#2150);
#2152=ORIENTED_EDGE('',*,*,#2129,.T.);
#2153=ORIENTED_EDGE('',*,*,#1679,.F.);
#2154=ORIENTED_EDGE('',*,*,#1852,.T.);
#2155=ORIENTED_EDGE('',*,*,#1968,.T.);
#2156=EDGE_LOOP('',(#2152,#2153,#2154,#2155));
#2157=FACE_OUTER_BOUND('',#2156,.F.);
#2159=CARTESIAN_POINT('',(2.54E0,-3.1115E-1,0.E0));
#2160=DIRECTION('',(0.E0,1.E0,0.E0));
#2161=DIRECTION('',(-1.E0,0.E0,0.E0));
#2162=AXIS2_PLACEMENT_3D('',#2159,#2160,#2161);
#2163=PLANE('',#2162);
#2165=ORIENTED_EDGE('',*,*,#2164,.T.);
#2166=ORIENTED_EDGE('',*,*,#1473,.T.);
#2168=ORIENTED_EDGE('',*,*,#2167,.T.);
#2170=ORIENTED_EDGE('',*,*,#2169,.T.);
#2171=EDGE_LOOP('',(#2165,#2166,#2168,#2170));
#2172=FACE_OUTER_BOUND('',#2171,.F.);
#2174=CARTESIAN_POINT('',(2.54E0,-3.1115E-1,0.E0));
#2175=DIRECTION('',(0.E0,1.E0,0.E0));
#2176=DIRECTION('',(-1.E0,0.E0,0.E0));
#2177=AXIS2_PLACEMENT_3D('',#2174,#2175,#2176);
#2178=PLANE('',#2177);
#2180=ORIENTED_EDGE('',*,*,#2179,.T.);
#2182=ORIENTED_EDGE('',*,*,#2181,.T.);
#2184=ORIENTED_EDGE('',*,*,#2183,.T.);
#2185=ORIENTED_EDGE('',*,*,#2136,.F.);
#2186=EDGE_LOOP('',(#2180,#2182,#2184,#2185));
#2187=FACE_OUTER_BOUND('',#2186,.F.);
#2189=CARTESIAN_POINT('',(-2.22885E0,-3.1115E-1,5.84E0));
#2190=DIRECTION('',(1.E0,0.E0,0.E0));
#2191=DIRECTION('',(0.E0,0.E0,-1.E0));
#2192=AXIS2_PLACEMENT_3D('',#2189,#2190,#2191);
#2193=PLANE('',#2192);
#2194=ORIENTED_EDGE('',*,*,#2164,.F.);
#2196=ORIENTED_EDGE('',*,*,#2195,.T.);
#2198=ORIENTED_EDGE('',*,*,#2197,.T.);
#2199=ORIENTED_EDGE('',*,*,#1475,.F.);
#2200=EDGE_LOOP('',(#2194,#2196,#2198,#2199));
#2201=FACE_OUTER_BOUND('',#2200,.F.);
#2203=CARTESIAN_POINT('',(-2.85115E0,-3.1115E-1,5.84E0));
#2204=DIRECTION('',(0.E0,0.E0,1.E0));
#2205=DIRECTION('',(1.E0,0.E0,0.E0));
#2206=AXIS2_PLACEMENT_3D('',#2203,#2204,#2205);
#2207=PLANE('',#2206);
#2208=ORIENTED_EDGE('',*,*,#2169,.F.);
#2210=ORIENTED_EDGE('',*,*,#2209,.T.);
#2212=ORIENTED_EDGE('',*,*,#2211,.T.);
#2213=ORIENTED_EDGE('',*,*,#2195,.F.);
#2214=EDGE_LOOP('',(#2208,#2210,#2212,#2213));
#2215=FACE_OUTER_BOUND('',#2214,.F.);
#2217=CARTESIAN_POINT('',(-2.85115E0,-3.1115E-1,0.E0));
#2218=DIRECTION('',(-1.E0,0.E0,0.E0));
#2219=DIRECTION('',(0.E0,0.E0,1.E0));
#2220=AXIS2_PLACEMENT_3D('',#2217,#2218,#2219);
#2221=PLANE('',#2220);
#2222=ORIENTED_EDGE('',*,*,#2167,.F.);
#2223=ORIENTED_EDGE('',*,*,#1479,.T.);
#2225=ORIENTED_EDGE('',*,*,#2224,.T.);
#2226=ORIENTED_EDGE('',*,*,#2209,.F.);
#2227=EDGE_LOOP('',(#2222,#2223,#2225,#2226));
#2228=FACE_OUTER_BOUND('',#2227,.F.);
#2230=CARTESIAN_POINT('',(2.54E0,3.1115E-1,0.E0));
#2231=DIRECTION('',(0.E0,1.E0,0.E0));
#2232=DIRECTION('',(-1.E0,0.E0,0.E0));
#2233=AXIS2_PLACEMENT_3D('',#2230,#2231,#2232);
#2234=PLANE('',#2233);
#2235=ORIENTED_EDGE('',*,*,#2197,.F.);
#2236=ORIENTED_EDGE('',*,*,#2211,.F.);
#2237=ORIENTED_EDGE('',*,*,#2224,.F.);
#2238=ORIENTED_EDGE('',*,*,#1477,.F.);
#2239=EDGE_LOOP('',(#2235,#2236,#2237,#2238));
#2240=FACE_OUTER_BOUND('',#2239,.F.);
#2242=CARTESIAN_POINT('',(2.54E0,3.1115E-1,0.E0));
#2243=DIRECTION('',(0.E0,1.E0,0.E0));
#2244=DIRECTION('',(-1.E0,0.E0,0.E0));
#2245=AXIS2_PLACEMENT_3D('',#2242,#2243,#2244);
#2246=PLANE('',#2245);
#2248=ORIENTED_EDGE('',*,*,#2247,.F.);
#2249=ORIENTED_EDGE('',*,*,#2140,.T.);
#2251=ORIENTED_EDGE('',*,*,#2250,.F.);
#2253=ORIENTED_EDGE('',*,*,#2252,.F.);
#2254=EDGE_LOOP('',(#2248,#2249,#2251,#2253));
#2255=FACE_OUTER_BOUND('',#2254,.F.);
#2257=CARTESIAN_POINT('',(-2.22885E0,-3.1115E-1,-1.651E0));
#2258=DIRECTION('',(1.E0,0.E0,0.E0));
#2259=DIRECTION('',(0.E0,0.E0,-1.E0));
#2260=AXIS2_PLACEMENT_3D('',#2257,#2258,#2259);
#2261=PLANE('',#2260);
#2262=ORIENTED_EDGE('',*,*,#2179,.F.);
#2263=ORIENTED_EDGE('',*,*,#2142,.T.);
#2264=ORIENTED_EDGE('',*,*,#2247,.T.);
#2266=ORIENTED_EDGE('',*,*,#2265,.F.);
#2267=EDGE_LOOP('',(#2262,#2263,#2264,#2266));
#2268=FACE_OUTER_BOUND('',#2267,.F.);
#2270=CARTESIAN_POINT('',(-2.22885E0,-3.1115E-1,-4.576E0));
#2271=DIRECTION('',(0.E0,0.E0,-1.E0));
#2272=DIRECTION('',(-1.E0,0.E0,0.E0));
#2273=AXIS2_PLACEMENT_3D('',#2270,#2271,#2272);
#2274=PLANE('',#2273);
#2275=ORIENTED_EDGE('',*,*,#2181,.F.);
#2276=ORIENTED_EDGE('',*,*,#2265,.T.);
#2277=ORIENTED_EDGE('',*,*,#2252,.T.);
#2279=ORIENTED_EDGE('',*,*,#2278,.F.);
#2280=EDGE_LOOP('',(#2275,#2276,#2277,#2279));
#2281=FACE_OUTER_BOUND('',#2280,.F.);
#2283=CARTESIAN_POINT('',(-2.85115E0,-3.1115E-1,-4.576E0));
#2284=DIRECTION('',(-1.E0,0.E0,0.E0));
#2285=DIRECTION('',(0.E0,0.E0,1.E0));
#2286=AXIS2_PLACEMENT_3D('',#2283,#2284,#2285);
#2287=PLANE('',#2286);
#2288=ORIENTED_EDGE('',*,*,#2183,.F.);
#2289=ORIENTED_EDGE('',*,*,#2278,.T.);
#2290=ORIENTED_EDGE('',*,*,#2250,.T.);
#2291=ORIENTED_EDGE('',*,*,#2138,.F.);
#2292=EDGE_LOOP('',(#2288,#2289,#2290,#2291));
#2293=FACE_OUTER_BOUND('',#2292,.F.);
#2295=CARTESIAN_POINT('',(1.064694244276E0,1.1684E0,0.E0));
#2296=DIRECTION('',(-8.660254037845E-1,-4.999999999999E-1,0.E0));
#2297=DIRECTION('',(4.999999999999E-1,-8.660254037845E-1,0.E0));
#2298=AXIS2_PLACEMENT_3D('',#2295,#2296,#2297);
#2299=PLANE('',#2298);
#2300=ORIENTED_EDGE('',*,*,#1465,.F.);
#2301=ORIENTED_EDGE('',*,*,#1979,.F.);
#2302=ORIENTED_EDGE('',*,*,#1874,.T.);
#2304=ORIENTED_EDGE('',*,*,#2303,.F.);
#2305=EDGE_LOOP('',(#2300,#2301,#2302,#2304));
#2306=FACE_OUTER_BOUND('',#2305,.F.);
#2308=CARTESIAN_POINT('',(1.27E0,8.128E-1,0.E0));
#2309=DIRECTION('',(8.660254037845E-1,-4.999999999999E-1,0.E0));
#2310=DIRECTION('',(4.999999999999E-1,8.660254037845E-1,0.E0));
#2311=AXIS2_PLACEMENT_3D('',#2308,#2309,#2310);
#2312=PLANE('',#2311);
#2313=ORIENTED_EDGE('',*,*,#1467,.F.);
#2314=ORIENTED_EDGE('',*,*,#2303,.T.);
#2315=ORIENTED_EDGE('',*,*,#1890,.T.);
#2316=ORIENTED_EDGE('',*,*,#2003,.T.);
#2317=EDGE_LOOP('',(#2313,#2314,#2315,#2316));
#2318=FACE_OUTER_BOUND('',#2317,.F.);
#2320=CARTESIAN_POINT('',(-5.08E-1,1.1684E0,-2.286E0));
#2321=DIRECTION('',(-1.E0,0.E0,0.E0));
#2322=DIRECTION('',(0.E0,0.E0,1.E0));
#2323=AXIS2_PLACEMENT_3D('',#2320,#2321,#2322);
#2324=PLANE('',#2323);
#2326=ORIENTED_EDGE('',*,*,#2325,.F.);
#2327=ORIENTED_EDGE('',*,*,#1985,.F.);
#2328=ORIENTED_EDGE('',*,*,#1860,.F.);
#2329=ORIENTED_EDGE('',*,*,#1706,.T.);
#2330=EDGE_LOOP('',(#2326,#2327,#2328,#2329));
#2331=FACE_OUTER_BOUND('',#2330,.F.);
#2333=CARTESIAN_POINT('',(-5.08E-1,1.1684E0,-1.651E0));
#2334=DIRECTION('',(0.E0,0.E0,1.E0));
#2335=DIRECTION('',(1.E0,0.E0,0.E0));
#2336=AXIS2_PLACEMENT_3D('',#2333,#2334,#2335);
#2337=PLANE('',#2336);
#2339=ORIENTED_EDGE('',*,*,#2338,.F.);
#2340=ORIENTED_EDGE('',*,*,#1987,.T.);
#2341=ORIENTED_EDGE('',*,*,#2325,.T.);
#2342=ORIENTED_EDGE('',*,*,#1704,.T.);
#2343=EDGE_LOOP('',(#2339,#2340,#2341,#2342));
#2344=FACE_OUTER_BOUND('',#2343,.F.);
#2346=ORIENTED_EDGE('',*,*,#2345,.T.);
#2348=ORIENTED_EDGE('',*,*,#2347,.T.);
#2350=ORIENTED_EDGE('',*,*,#2349,.F.);
#2352=ORIENTED_EDGE('',*,*,#2351,.F.);
#2353=EDGE_LOOP('',(#2346,#2348,#2350,#2352));
#2354=FACE_BOUND('',#2353,.F.);
#2356=CARTESIAN_POINT('',(5.08E-1,1.1684E0,-1.651E0));
#2357=DIRECTION('',(1.E0,0.E0,0.E0));
#2358=DIRECTION('',(0.E0,0.E0,-1.E0));
#2359=AXIS2_PLACEMENT_3D('',#2356,#2357,#2358);
#2360=PLANE('',#2359);
#2361=ORIENTED_EDGE('',*,*,#2338,.T.);
#2362=ORIENTED_EDGE('',*,*,#1702,.F.);
#2363=ORIENTED_EDGE('',*,*,#1878,.T.);
#2364=ORIENTED_EDGE('',*,*,#1989,.T.);
#2365=EDGE_LOOP('',(#2361,#2362,#2363,#2364));
#2366=FACE_OUTER_BOUND('',#2365,.F.);
#2368=CARTESIAN_POINT('',(5.08E0,-3.1115E-1,0.E0));
#2369=DIRECTION('',(0.E0,1.E0,0.E0));
#2370=DIRECTION('',(-1.E0,0.E0,0.E0));
#2371=AXIS2_PLACEMENT_3D('',#2368,#2369,#2370);
#2372=PLANE('',#2371);
#2374=ORIENTED_EDGE('',*,*,#2373,.T.);
#2375=ORIENTED_EDGE('',*,*,#1483,.T.);
#2377=ORIENTED_EDGE('',*,*,#2376,.T.);
#2379=ORIENTED_EDGE('',*,*,#2378,.T.);
#2380=EDGE_LOOP('',(#2374,#2375,#2377,#2379));
#2381=FACE_OUTER_BOUND('',#2380,.F.);
#2383=CARTESIAN_POINT('',(5.08E0,-3.1115E-1,0.E0));
#2384=DIRECTION('',(0.E0,1.E0,0.E0));
#2385=DIRECTION('',(-1.E0,0.E0,0.E0));
#2386=AXIS2_PLACEMENT_3D('',#2383,#2384,#2385);
#2387=PLANE('',#2386);
#2389=ORIENTED_EDGE('',*,*,#2388,.T.);
#2391=ORIENTED_EDGE('',*,*,#2390,.T.);
#2393=ORIENTED_EDGE('',*,*,#2392,.T.);
#2394=ORIENTED_EDGE('',*,*,#2345,.F.);
#2395=EDGE_LOOP('',(#2389,#2391,#2393,#2394));
#2396=FACE_OUTER_BOUND('',#2395,.F.);
#2398=CARTESIAN_POINT('',(3.1115E-1,-3.1115E-1,5.84E0));
#2399=DIRECTION('',(1.E0,0.E0,0.E0));
#2400=DIRECTION('',(0.E0,0.E0,-1.E0));
#2401=AXIS2_PLACEMENT_3D('',#2398,#2399,#2400);
#2402=PLANE('',#2401);
#2403=ORIENTED_EDGE('',*,*,#2373,.F.);
#2405=ORIENTED_EDGE('',*,*,#2404,.T.);
#2407=ORIENTED_EDGE('',*,*,#2406,.T.);
#2408=ORIENTED_EDGE('',*,*,#1485,.F.);
#2409=EDGE_LOOP('',(#2403,#2405,#2407,#2408));
#2410=FACE_OUTER_BOUND('',#2409,.F.);
#2412=CARTESIAN_POINT('',(-3.1115E-1,-3.1115E-1,5.84E0));
#2413=DIRECTION('',(0.E0,0.E0,1.E0));
#2414=DIRECTION('',(1.E0,0.E0,0.E0));
#2415=AXIS2_PLACEMENT_3D('',#2412,#2413,#2414);
#2416=PLANE('',#2415);
#2417=ORIENTED_EDGE('',*,*,#2378,.F.);
#2419=ORIENTED_EDGE('',*,*,#2418,.T.);
#2421=ORIENTED_EDGE('',*,*,#2420,.T.);
#2422=ORIENTED_EDGE('',*,*,#2404,.F.);
#2423=EDGE_LOOP('',(#2417,#2419,#2421,#2422));
#2424=FACE_OUTER_BOUND('',#2423,.F.);
#2426=CARTESIAN_POINT('',(-3.1115E-1,-3.1115E-1,0.E0));
#2427=DIRECTION('',(-1.E0,0.E0,0.E0));
#2428=DIRECTION('',(0.E0,0.E0,1.E0));
#2429=AXIS2_PLACEMENT_3D('',#2426,#2427,#2428);
#2430=PLANE('',#2429);
#2431=ORIENTED_EDGE('',*,*,#2376,.F.);
#2432=ORIENTED_EDGE('',*,*,#1489,.T.);
#2434=ORIENTED_EDGE('',*,*,#2433,.T.);
#2435=ORIENTED_EDGE('',*,*,#2418,.F.);
#2436=EDGE_LOOP('',(#2431,#2432,#2434,#2435));
#2437=FACE_OUTER_BOUND('',#2436,.F.);
#2439=CARTESIAN_POINT('',(5.08E0,3.1115E-1,0.E0));
#2440=DIRECTION('',(0.E0,1.E0,0.E0));
#2441=DIRECTION('',(-1.E0,0.E0,0.E0));
#2442=AXIS2_PLACEMENT_3D('',#2439,#2440,#2441);
#2443=PLANE('',#2442);
#2444=ORIENTED_EDGE('',*,*,#2406,.F.);
#2445=ORIENTED_EDGE('',*,*,#2420,.F.);
#2446=ORIENTED_EDGE('',*,*,#2433,.F.);
#2447=ORIENTED_EDGE('',*,*,#1487,.F.);
#2448=EDGE_LOOP('',(#2444,#2445,#2446,#2447));
#2449=FACE_OUTER_BOUND('',#2448,.F.);
#2451=CARTESIAN_POINT('',(5.08E0,3.1115E-1,0.E0));
#2452=DIRECTION('',(0.E0,1.E0,0.E0));
#2453=DIRECTION('',(-1.E0,0.E0,0.E0));
#2454=AXIS2_PLACEMENT_3D('',#2451,#2452,#2453);
#2455=PLANE('',#2454);
#2457=ORIENTED_EDGE('',*,*,#2456,.F.);
#2458=ORIENTED_EDGE('',*,*,#2349,.T.);
#2460=ORIENTED_EDGE('',*,*,#2459,.F.);
#2462=ORIENTED_EDGE('',*,*,#2461,.F.);
#2463=EDGE_LOOP('',(#2457,#2458,#2460,#2462));
#2464=FACE_OUTER_BOUND('',#2463,.F.);
#2466=CARTESIAN_POINT('',(3.1115E-1,-3.1115E-1,-1.651E0));
#2467=DIRECTION('',(1.E0,0.E0,0.E0));
#2468=DIRECTION('',(0.E0,0.E0,-1.E0));
#2469=AXIS2_PLACEMENT_3D('',#2466,#2467,#2468);
#2470=PLANE('',#2469);
#2471=ORIENTED_EDGE('',*,*,#2388,.F.);
#2472=ORIENTED_EDGE('',*,*,#2351,.T.);
#2473=ORIENTED_EDGE('',*,*,#2456,.T.);
#2475=ORIENTED_EDGE('',*,*,#2474,.F.);
#2476=EDGE_LOOP('',(#2471,#2472,#2473,#2475));
#2477=FACE_OUTER_BOUND('',#2476,.F.);
#2479=CARTESIAN_POINT('',(3.1115E-1,-3.1115E-1,-4.576E0));
#2480=DIRECTION('',(0.E0,0.E0,-1.E0));
#2481=DIRECTION('',(-1.E0,0.E0,0.E0));
#2482=AXIS2_PLACEMENT_3D('',#2479,#2480,#2481);
#2483=PLANE('',#2482);
#2484=ORIENTED_EDGE('',*,*,#2390,.F.);
#2485=ORIENTED_EDGE('',*,*,#2474,.T.);
#2486=ORIENTED_EDGE('',*,*,#2461,.T.);
#2488=ORIENTED_EDGE('',*,*,#2487,.F.);
#2489=EDGE_LOOP('',(#2484,#2485,#2486,#2488));
#2490=FACE_OUTER_BOUND('',#2489,.F.);
#2492=CARTESIAN_POINT('',(-3.1115E-1,-3.1115E-1,-4.576E0));
#2493=DIRECTION('',(-1.E0,0.E0,0.E0));
#2494=DIRECTION('',(0.E0,0.E0,1.E0));
#2495=AXIS2_PLACEMENT_3D('',#2492,#2493,#2494);
#2496=PLANE('',#2495);
#2497=ORIENTED_EDGE('',*,*,#2392,.F.);
#2498=ORIENTED_EDGE('',*,*,#2487,.T.);
#2499=ORIENTED_EDGE('',*,*,#2459,.T.);
#2500=ORIENTED_EDGE('',*,*,#2347,.F.);
#2501=EDGE_LOOP('',(#2497,#2498,#2499,#2500));
#2502=FACE_OUTER_BOUND('',#2501,.F.);
#2504=CARTESIAN_POINT('',(3.604694244276E0,1.1684E0,0.E0));
#2505=DIRECTION('',(-8.660254037845E-1,-4.999999999999E-1,0.E0));
#2506=DIRECTION('',(4.999999999999E-1,-8.660254037845E-1,0.E0));
#2507=AXIS2_PLACEMENT_3D('',#2504,#2505,#2506);
#2508=PLANE('',#2507);
#2509=ORIENTED_EDGE('',*,*,#1415,.F.);
#2510=ORIENTED_EDGE('',*,*,#2000,.F.);
#2511=ORIENTED_EDGE('',*,*,#1900,.T.);
#2513=ORIENTED_EDGE('',*,*,#2512,.F.);
#2514=EDGE_LOOP('',(#2509,#2510,#2511,#2513));
#2515=FACE_OUTER_BOUND('',#2514,.F.);
#2517=CARTESIAN_POINT('',(3.81E0,8.128E-1,0.E0));
#2518=DIRECTION('',(8.660254037845E-1,-4.999999999999E-1,0.E0));
#2519=DIRECTION('',(4.999999999999E-1,8.660254037845E-1,0.E0));
#2520=AXIS2_PLACEMENT_3D('',#2517,#2518,#2519);
#2521=PLANE('',#2520);
#2522=ORIENTED_EDGE('',*,*,#1417,.F.);
#2523=ORIENTED_EDGE('',*,*,#2512,.T.);
#2524=ORIENTED_EDGE('',*,*,#1916,.T.);
#2525=ORIENTED_EDGE('',*,*,#2021,.T.);
#2526=EDGE_LOOP('',(#2522,#2523,#2524,#2525));
#2527=FACE_OUTER_BOUND('',#2526,.F.);
#2529=CARTESIAN_POINT('',(2.032E0,1.1684E0,-2.286E0));
#2530=DIRECTION('',(-1.E0,0.E0,0.E0));
#2531=DIRECTION('',(0.E0,0.E0,1.E0));
#2532=AXIS2_PLACEMENT_3D('',#2529,#2530,#2531);
#2533=PLANE('',#2532);
#2535=ORIENTED_EDGE('',*,*,#2534,.F.);
#2536=ORIENTED_EDGE('',*,*,#2006,.F.);
#2537=ORIENTED_EDGE('',*,*,#1886,.F.);
#2538=ORIENTED_EDGE('',*,*,#1729,.T.);
#2539=EDGE_LOOP('',(#2535,#2536,#2537,#2538));
#2540=FACE_OUTER_BOUND('',#2539,.F.);
#2542=CARTESIAN_POINT('',(2.032E0,1.1684E0,-1.651E0));
#2543=DIRECTION('',(0.E0,0.E0,1.E0));
#2544=DIRECTION('',(1.E0,0.E0,0.E0));
#2545=AXIS2_PLACEMENT_3D('',#2542,#2543,#2544);
#2546=PLANE('',#2545);
#2548=ORIENTED_EDGE('',*,*,#2547,.F.);
#2549=ORIENTED_EDGE('',*,*,#2008,.T.);
#2550=ORIENTED_EDGE('',*,*,#2534,.T.);
#2551=ORIENTED_EDGE('',*,*,#1727,.T.);
#2552=EDGE_LOOP('',(#2548,#2549,#2550,#2551));
#2553=FACE_OUTER_BOUND('',#2552,.F.);
#2555=ORIENTED_EDGE('',*,*,#2554,.T.);
#2557=ORIENTED_EDGE('',*,*,#2556,.T.);
#2559=ORIENTED_EDGE('',*,*,#2558,.F.);
#2561=ORIENTED_EDGE('',*,*,#2560,.F.);
#2562=EDGE_LOOP('',(#2555,#2557,#2559,#2561));
#2563=FACE_BOUND('',#2562,.F.);
#2565=CARTESIAN_POINT('',(3.048E0,1.1684E0,-1.651E0));
#2566=DIRECTION('',(1.E0,0.E0,0.E0));
#2567=DIRECTION('',(0.E0,0.E0,-1.E0));
#2568=AXIS2_PLACEMENT_3D('',#2565,#2566,#2567);
#2569=PLANE('',#2568);
#2570=ORIENTED_EDGE('',*,*,#2547,.T.);
#2571=ORIENTED_EDGE('',*,*,#1725,.F.);
#2572=ORIENTED_EDGE('',*,*,#1904,.T.);
#2573=ORIENTED_EDGE('',*,*,#2010,.T.);
#2574=EDGE_LOOP('',(#2570,#2571,#2572,#2573));
#2575=FACE_OUTER_BOUND('',#2574,.F.);
#2577=CARTESIAN_POINT('',(7.62E0,-3.1115E-1,0.E0));
#2578=DIRECTION('',(0.E0,1.E0,0.E0));
#2579=DIRECTION('',(-1.E0,0.E0,0.E0));
#2580=AXIS2_PLACEMENT_3D('',#2577,#2578,#2579);
#2581=PLANE('',#2580);
#2583=ORIENTED_EDGE('',*,*,#2582,.T.);
#2584=ORIENTED_EDGE('',*,*,#1493,.T.);
#2586=ORIENTED_EDGE('',*,*,#2585,.T.);
#2588=ORIENTED_EDGE('',*,*,#2587,.T.);
#2589=EDGE_LOOP('',(#2583,#2584,#2586,#2588));
#2590=FACE_OUTER_BOUND('',#2589,.F.);
#2592=CARTESIAN_POINT('',(7.62E0,-3.1115E-1,0.E0));
#2593=DIRECTION('',(0.E0,1.E0,0.E0));
#2594=DIRECTION('',(-1.E0,0.E0,0.E0));
#2595=AXIS2_PLACEMENT_3D('',#2592,#2593,#2594);
#2596=PLANE('',#2595);
#2598=ORIENTED_EDGE('',*,*,#2597,.T.);
#2600=ORIENTED_EDGE('',*,*,#2599,.T.);
#2602=ORIENTED_EDGE('',*,*,#2601,.T.);
#2603=ORIENTED_EDGE('',*,*,#2554,.F.);
#2604=EDGE_LOOP('',(#2598,#2600,#2602,#2603));
#2605=FACE_OUTER_BOUND('',#2604,.F.);
#2607=CARTESIAN_POINT('',(2.85115E0,-3.1115E-1,5.84E0));
#2608=DIRECTION('',(1.E0,0.E0,0.E0));
#2609=DIRECTION('',(0.E0,0.E0,-1.E0));
#2610=AXIS2_PLACEMENT_3D('',#2607,#2608,#2609);
#2611=PLANE('',#2610);
#2612=ORIENTED_EDGE('',*,*,#2582,.F.);
#2614=ORIENTED_EDGE('',*,*,#2613,.T.);
#2616=ORIENTED_EDGE('',*,*,#2615,.T.);
#2617=ORIENTED_EDGE('',*,*,#1495,.F.);
#2618=EDGE_LOOP('',(#2612,#2614,#2616,#2617));
#2619=FACE_OUTER_BOUND('',#2618,.F.);
#2621=CARTESIAN_POINT('',(2.22885E0,-3.1115E-1,5.84E0));
#2622=DIRECTION('',(0.E0,0.E0,1.E0));
#2623=DIRECTION('',(1.E0,0.E0,0.E0));
#2624=AXIS2_PLACEMENT_3D('',#2621,#2622,#2623);
#2625=PLANE('',#2624);
#2626=ORIENTED_EDGE('',*,*,#2587,.F.);
#2628=ORIENTED_EDGE('',*,*,#2627,.T.);
#2630=ORIENTED_EDGE('',*,*,#2629,.T.);
#2631=ORIENTED_EDGE('',*,*,#2613,.F.);
#2632=EDGE_LOOP('',(#2626,#2628,#2630,#2631));
#2633=FACE_OUTER_BOUND('',#2632,.F.);
#2635=CARTESIAN_POINT('',(2.22885E0,-3.1115E-1,0.E0));
#2636=DIRECTION('',(-1.E0,0.E0,0.E0));
#2637=DIRECTION('',(0.E0,0.E0,1.E0));
#2638=AXIS2_PLACEMENT_3D('',#2635,#2636,#2637);
#2639=PLANE('',#2638);
#2640=ORIENTED_EDGE('',*,*,#2585,.F.);
#2641=ORIENTED_EDGE('',*,*,#1499,.T.);
#2643=ORIENTED_EDGE('',*,*,#2642,.T.);
#2644=ORIENTED_EDGE('',*,*,#2627,.F.);
#2645=EDGE_LOOP('',(#2640,#2641,#2643,#2644));
#2646=FACE_OUTER_BOUND('',#2645,.F.);
#2648=CARTESIAN_POINT('',(7.62E0,3.1115E-1,0.E0));
#2649=DIRECTION('',(0.E0,1.E0,0.E0));
#2650=DIRECTION('',(-1.E0,0.E0,0.E0));
#2651=AXIS2_PLACEMENT_3D('',#2648,#2649,#2650);
#2652=PLANE('',#2651);
#2653=ORIENTED_EDGE('',*,*,#2615,.F.);
#2654=ORIENTED_EDGE('',*,*,#2629,.F.);
#2655=ORIENTED_EDGE('',*,*,#2642,.F.);
#2656=ORIENTED_EDGE('',*,*,#1497,.F.);
#2657=EDGE_LOOP('',(#2653,#2654,#2655,#2656));
#2658=FACE_OUTER_BOUND('',#2657,.F.);
#2660=CARTESIAN_POINT('',(7.62E0,3.1115E-1,0.E0));
#2661=DIRECTION('',(0.E0,1.E0,0.E0));
#2662=DIRECTION('',(-1.E0,0.E0,0.E0));
#2663=AXIS2_PLACEMENT_3D('',#2660,#2661,#2662);
#2664=PLANE('',#2663);
#2666=ORIENTED_EDGE('',*,*,#2665,.F.);
#2667=ORIENTED_EDGE('',*,*,#2558,.T.);
#2669=ORIENTED_EDGE('',*,*,#2668,.F.);
#2671=ORIENTED_EDGE('',*,*,#2670,.F.);
#2672=EDGE_LOOP('',(#2666,#2667,#2669,#2671));
#2673=FACE_OUTER_BOUND('',#2672,.F.);
#2675=CARTESIAN_POINT('',(2.85115E0,-3.1115E-1,-1.651E0));
#2676=DIRECTION('',(1.E0,0.E0,0.E0));
#2677=DIRECTION('',(0.E0,0.E0,-1.E0));
#2678=AXIS2_PLACEMENT_3D('',#2675,#2676,#2677);
#2679=PLANE('',#2678);
#2680=ORIENTED_EDGE('',*,*,#2597,.F.);
#2681=ORIENTED_EDGE('',*,*,#2560,.T.);
#2682=ORIENTED_EDGE('',*,*,#2665,.T.);
#2684=ORIENTED_EDGE('',*,*,#2683,.F.);
#2685=EDGE_LOOP('',(#2680,#2681,#2682,#2684));
#2686=FACE_OUTER_BOUND('',#2685,.F.);
#2688=CARTESIAN_POINT('',(2.85115E0,-3.1115E-1,-4.576E0));
#2689=DIRECTION('',(0.E0,0.E0,-1.E0));
#2690=DIRECTION('',(-1.E0,0.E0,0.E0));
#2691=AXIS2_PLACEMENT_3D('',#2688,#2689,#2690);
#2692=PLANE('',#2691);
#2693=ORIENTED_EDGE('',*,*,#2599,.F.);
#2694=ORIENTED_EDGE('',*,*,#2683,.T.);
#2695=ORIENTED_EDGE('',*,*,#2670,.T.);
#2697=ORIENTED_EDGE('',*,*,#2696,.F.);
#2698=EDGE_LOOP('',(#2693,#2694,#2695,#2697));
#2699=FACE_OUTER_BOUND('',#2698,.F.);
#2701=CARTESIAN_POINT('',(2.22885E0,-3.1115E-1,-4.576E0));
#2702=DIRECTION('',(-1.E0,0.E0,0.E0));
#2703=DIRECTION('',(0.E0,0.E0,1.E0));
#2704=AXIS2_PLACEMENT_3D('',#2701,#2702,#2703);
#2705=PLANE('',#2704);
#2706=ORIENTED_EDGE('',*,*,#2601,.F.);
#2707=ORIENTED_EDGE('',*,*,#2696,.T.);
#2708=ORIENTED_EDGE('',*,*,#2668,.T.);
#2709=ORIENTED_EDGE('',*,*,#2556,.F.);
#2710=EDGE_LOOP('',(#2706,#2707,#2708,#2709));
#2711=FACE_OUTER_BOUND('',#2710,.F.);
#2713=CARTESIAN_POINT('',(4.572E0,1.1684E0,-2.286E0));
#2714=DIRECTION('',(-1.E0,0.E0,0.E0));
#2715=DIRECTION('',(0.E0,0.E0,1.E0));
#2716=AXIS2_PLACEMENT_3D('',#2713,#2714,#2715);
#2717=PLANE('',#2716);
#2719=ORIENTED_EDGE('',*,*,#2718,.F.);
#2720=ORIENTED_EDGE('',*,*,#2024,.F.);
#2721=ORIENTED_EDGE('',*,*,#1912,.F.);
#2722=ORIENTED_EDGE('',*,*,#1755,.T.);
#2723=EDGE_LOOP('',(#2719,#2720,#2721,#2722));
#2724=FACE_OUTER_BOUND('',#2723,.F.);
#2726=CARTESIAN_POINT('',(4.572E0,1.1684E0,-1.651E0));
#2727=DIRECTION('',(0.E0,0.E0,1.E0));
#2728=DIRECTION('',(1.E0,0.E0,0.E0));
#2729=AXIS2_PLACEMENT_3D('',#2726,#2727,#2728);
#2730=PLANE('',#2729);
#2732=ORIENTED_EDGE('',*,*,#2731,.F.);
#2733=ORIENTED_EDGE('',*,*,#2026,.T.);
#2734=ORIENTED_EDGE('',*,*,#2718,.T.);
#2735=ORIENTED_EDGE('',*,*,#1753,.T.);
#2736=EDGE_LOOP('',(#2732,#2733,#2734,#2735));
#2737=FACE_OUTER_BOUND('',#2736,.F.);
#2739=ORIENTED_EDGE('',*,*,#2738,.T.);
#2741=ORIENTED_EDGE('',*,*,#2740,.T.);
#2743=ORIENTED_EDGE('',*,*,#2742,.F.);
#2745=ORIENTED_EDGE('',*,*,#2744,.F.);
#2746=EDGE_LOOP('',(#2739,#2741,#2743,#2745));
#2747=FACE_BOUND('',#2746,.F.);
#2749=CARTESIAN_POINT('',(5.588E0,1.1684E0,-1.651E0));
#2750=DIRECTION('',(1.E0,0.E0,0.E0));
#2751=DIRECTION('',(0.E0,0.E0,-1.E0));
#2752=AXIS2_PLACEMENT_3D('',#2749,#2750,#2751);
#2753=PLANE('',#2752);
#2754=ORIENTED_EDGE('',*,*,#2731,.T.);
#2755=ORIENTED_EDGE('',*,*,#1751,.F.);
#2756=ORIENTED_EDGE('',*,*,#1809,.T.);
#2757=ORIENTED_EDGE('',*,*,#2028,.T.);
#2758=EDGE_LOOP('',(#2754,#2755,#2756,#2757));
#2759=FACE_OUTER_BOUND('',#2758,.F.);
#2761=CARTESIAN_POINT('',(1.016E1,-3.1115E-1,0.E0));
#2762=DIRECTION('',(0.E0,1.E0,0.E0));
#2763=DIRECTION('',(-1.E0,0.E0,0.E0));
#2764=AXIS2_PLACEMENT_3D('',#2761,#2762,#2763);
#2765=PLANE('',#2764);
#2767=ORIENTED_EDGE('',*,*,#2766,.T.);
#2768=ORIENTED_EDGE('',*,*,#1503,.T.);
#2770=ORIENTED_EDGE('',*,*,#2769,.T.);
#2772=ORIENTED_EDGE('',*,*,#2771,.T.);
#2773=EDGE_LOOP('',(#2767,#2768,#2770,#2772));
#2774=FACE_OUTER_BOUND('',#2773,.F.);
#2776=CARTESIAN_POINT('',(1.016E1,-3.1115E-1,0.E0));
#2777=DIRECTION('',(0.E0,1.E0,0.E0));
#2778=DIRECTION('',(-1.E0,0.E0,0.E0));
#2779=AXIS2_PLACEMENT_3D('',#2776,#2777,#2778);
#2780=PLANE('',#2779);
#2782=ORIENTED_EDGE('',*,*,#2781,.T.);
#2784=ORIENTED_EDGE('',*,*,#2783,.T.);
#2786=ORIENTED_EDGE('',*,*,#2785,.T.);
#2787=ORIENTED_EDGE('',*,*,#2738,.F.);
#2788=EDGE_LOOP('',(#2782,#2784,#2786,#2787));
#2789=FACE_OUTER_BOUND('',#2788,.F.);
#2791=CARTESIAN_POINT('',(5.39115E0,-3.1115E-1,5.84E0));
#2792=DIRECTION('',(1.E0,0.E0,0.E0));
#2793=DIRECTION('',(0.E0,0.E0,-1.E0));
#2794=AXIS2_PLACEMENT_3D('',#2791,#2792,#2793);
#2795=PLANE('',#2794);
#2796=ORIENTED_EDGE('',*,*,#2766,.F.);
#2798=ORIENTED_EDGE('',*,*,#2797,.T.);
#2800=ORIENTED_EDGE('',*,*,#2799,.T.);
#2801=ORIENTED_EDGE('',*,*,#1505,.F.);
#2802=EDGE_LOOP('',(#2796,#2798,#2800,#2801));
#2803=FACE_OUTER_BOUND('',#2802,.F.);
#2805=CARTESIAN_POINT('',(4.76885E0,-3.1115E-1,5.84E0));
#2806=DIRECTION('',(0.E0,0.E0,1.E0));
#2807=DIRECTION('',(1.E0,0.E0,0.E0));
#2808=AXIS2_PLACEMENT_3D('',#2805,#2806,#2807);
#2809=PLANE('',#2808);
#2810=ORIENTED_EDGE('',*,*,#2771,.F.);
#2812=ORIENTED_EDGE('',*,*,#2811,.T.);
#2814=ORIENTED_EDGE('',*,*,#2813,.T.);
#2815=ORIENTED_EDGE('',*,*,#2797,.F.);
#2816=EDGE_LOOP('',(#2810,#2812,#2814,#2815));
#2817=FACE_OUTER_BOUND('',#2816,.F.);
#2819=CARTESIAN_POINT('',(4.76885E0,-3.1115E-1,0.E0));
#2820=DIRECTION('',(-1.E0,0.E0,0.E0));
#2821=DIRECTION('',(0.E0,0.E0,1.E0));
#2822=AXIS2_PLACEMENT_3D('',#2819,#2820,#2821);
#2823=PLANE('',#2822);
#2824=ORIENTED_EDGE('',*,*,#2769,.F.);
#2825=ORIENTED_EDGE('',*,*,#1509,.T.);
#2827=ORIENTED_EDGE('',*,*,#2826,.T.);
#2828=ORIENTED_EDGE('',*,*,#2811,.F.);
#2829=EDGE_LOOP('',(#2824,#2825,#2827,#2828));
#2830=FACE_OUTER_BOUND('',#2829,.F.);
#2832=CARTESIAN_POINT('',(1.016E1,3.1115E-1,0.E0));
#2833=DIRECTION('',(0.E0,1.E0,0.E0));
#2834=DIRECTION('',(-1.E0,0.E0,0.E0));
#2835=AXIS2_PLACEMENT_3D('',#2832,#2833,#2834);
#2836=PLANE('',#2835);
#2837=ORIENTED_EDGE('',*,*,#2799,.F.);
#2838=ORIENTED_EDGE('',*,*,#2813,.F.);
#2839=ORIENTED_EDGE('',*,*,#2826,.F.);
#2840=ORIENTED_EDGE('',*,*,#1507,.F.);
#2841=EDGE_LOOP('',(#2837,#2838,#2839,#2840));
#2842=FACE_OUTER_BOUND('',#2841,.F.);
#2844=CARTESIAN_POINT('',(1.016E1,3.1115E-1,0.E0));
#2845=DIRECTION('',(0.E0,1.E0,0.E0));
#2846=DIRECTION('',(-1.E0,0.E0,0.E0));
#2847=AXIS2_PLACEMENT_3D('',#2844,#2845,#2846);
#2848=PLANE('',#2847);
#2850=ORIENTED_EDGE('',*,*,#2849,.F.);
#2851=ORIENTED_EDGE('',*,*,#2742,.T.);
#2853=ORIENTED_EDGE('',*,*,#2852,.F.);
#2855=ORIENTED_EDGE('',*,*,#2854,.F.);
#2856=EDGE_LOOP('',(#2850,#2851,#2853,#2855));
#2857=FACE_OUTER_BOUND('',#2856,.F.);
#2859=CARTESIAN_POINT('',(5.39115E0,-3.1115E-1,-1.651E0));
#2860=DIRECTION('',(1.E0,0.E0,0.E0));
#2861=DIRECTION('',(0.E0,0.E0,-1.E0));
#2862=AXIS2_PLACEMENT_3D('',#2859,#2860,#2861);
#2863=PLANE('',#2862);
#2864=ORIENTED_EDGE('',*,*,#2781,.F.);
#2865=ORIENTED_EDGE('',*,*,#2744,.T.);
#2866=ORIENTED_EDGE('',*,*,#2849,.T.);
#2868=ORIENTED_EDGE('',*,*,#2867,.F.);
#2869=EDGE_LOOP('',(#2864,#2865,#2866,#2868));
#2870=FACE_OUTER_BOUND('',#2869,.F.);
#2872=CARTESIAN_POINT('',(5.39115E0,-3.1115E-1,-4.576E0));
#2873=DIRECTION('',(0.E0,0.E0,-1.E0));
#2874=DIRECTION('',(-1.E0,0.E0,0.E0));
#2875=AXIS2_PLACEMENT_3D('',#2872,#2873,#2874);
#2876=PLANE('',#2875);
#2877=ORIENTED_EDGE('',*,*,#2783,.F.);
#2878=ORIENTED_EDGE('',*,*,#2867,.T.);
#2879=ORIENTED_EDGE('',*,*,#2854,.T.);
#2881=ORIENTED_EDGE('',*,*,#2880,.F.);
#2882=EDGE_LOOP('',(#2877,#2878,#2879,#2881));
#2883=FACE_OUTER_BOUND('',#2882,.F.);
#2885=CARTESIAN_POINT('',(4.76885E0,-3.1115E-1,-4.576E0));
#2886=DIRECTION('',(-1.E0,0.E0,0.E0));
#2887=DIRECTION('',(0.E0,0.E0,1.E0));
#2888=AXIS2_PLACEMENT_3D('',#2885,#2886,#2887);
#2889=PLANE('',#2888);
#2890=ORIENTED_EDGE('',*,*,#2785,.F.);
#2891=ORIENTED_EDGE('',*,*,#2880,.T.);
#2892=ORIENTED_EDGE('',*,*,#2852,.T.);
#2893=ORIENTED_EDGE('',*,*,#2740,.F.);
#2894=EDGE_LOOP('',(#2890,#2891,#2892,#2893));
#2895=FACE_OUTER_BOUND('',#2894,.F.);
#2897=CARTESIAN_POINT('',(6.1468E0,-1.1684E0,0.E0));
#2898=DIRECTION('',(1.E0,0.E0,0.E0));
#2899=DIRECTION('',(0.E0,1.E0,0.E0));
#2900=AXIS2_PLACEMENT_3D('',#2897,#2898,#2899);
#2901=PLANE('',#2900);
#2902=ORIENTED_EDGE('',*,*,#1421,.T.);
#2903=ORIENTED_EDGE('',*,*,#2031,.T.);
#2904=ORIENTED_EDGE('',*,*,#1812,.F.);
#2905=ORIENTED_EDGE('',*,*,#1747,.F.);
#2906=EDGE_LOOP('',(#2902,#2903,#2904,#2905));
#2907=FACE_OUTER_BOUND('',#2906,.F.);
#2909=CARTESIAN_POINT('',(-1.27E0,-8.128E-1,0.E0));
#2910=DIRECTION('',(-8.660254037845E-1,4.999999999999E-1,0.E0));
#2911=DIRECTION('',(-4.999999999999E-1,-8.660254037845E-1,0.E0));
#2912=AXIS2_PLACEMENT_3D('',#2909,#2910,#2911);
#2913=PLANE('',#2912);
#2914=ORIENTED_EDGE('',*,*,#1439,.F.);
#2916=ORIENTED_EDGE('',*,*,#2915,.T.);
#2917=ORIENTED_EDGE('',*,*,#1855,.T.);
#2918=ORIENTED_EDGE('',*,*,#1675,.T.);
#2919=EDGE_LOOP('',(#2914,#2916,#2917,#2918));
#2920=FACE_OUTER_BOUND('',#2919,.F.);
#2922=CARTESIAN_POINT('',(-1.064694244276E0,-1.1684E0,0.E0));
#2923=DIRECTION('',(8.660254037845E-1,4.999999999999E-1,0.E0));
#2924=DIRECTION('',(-4.999999999999E-1,8.660254037845E-1,0.E0));
#2925=AXIS2_PLACEMENT_3D('',#2922,#2923,#2924);
#2926=PLANE('',#2925);
#2927=ORIENTED_EDGE('',*,*,#1437,.F.);
#2928=ORIENTED_EDGE('',*,*,#1710,.F.);
#2929=ORIENTED_EDGE('',*,*,#1857,.T.);
#2930=ORIENTED_EDGE('',*,*,#2915,.F.);
#2931=EDGE_LOOP('',(#2927,#2928,#2929,#2930));
#2932=FACE_OUTER_BOUND('',#2931,.F.);
#2934=CARTESIAN_POINT('',(1.27E0,-8.128E-1,0.E0));
#2935=DIRECTION('',(-8.660254037845E-1,4.999999999999E-1,0.E0));
#2936=DIRECTION('',(-4.999999999999E-1,-8.660254037845E-1,0.E0));
#2937=AXIS2_PLACEMENT_3D('',#2934,#2935,#2936);
#2938=PLANE('',#2937);
#2939=ORIENTED_EDGE('',*,*,#1433,.F.);
#2941=ORIENTED_EDGE('',*,*,#2940,.T.);
#2942=ORIENTED_EDGE('',*,*,#1881,.T.);
#2943=ORIENTED_EDGE('',*,*,#1698,.T.);
#2944=EDGE_LOOP('',(#2939,#2941,#2942,#2943));
#2945=FACE_OUTER_BOUND('',#2944,.F.);
#2947=CARTESIAN_POINT('',(1.475305755724E0,-1.1684E0,0.E0));
#2948=DIRECTION('',(8.660254037845E-1,4.999999999999E-1,0.E0));
#2949=DIRECTION('',(-4.999999999999E-1,8.660254037845E-1,0.E0));
#2950=AXIS2_PLACEMENT_3D('',#2947,#2948,#2949);
#2951=PLANE('',#2950);
#2952=ORIENTED_EDGE('',*,*,#1431,.F.);
#2953=ORIENTED_EDGE('',*,*,#1733,.F.);
#2954=ORIENTED_EDGE('',*,*,#1883,.T.);
#2955=ORIENTED_EDGE('',*,*,#2940,.F.);
#2956=EDGE_LOOP('',(#2952,#2953,#2954,#2955));
#2957=FACE_OUTER_BOUND('',#2956,.F.);
#2959=CARTESIAN_POINT('',(3.81E0,-8.128E-1,0.E0));
#2960=DIRECTION('',(-8.660254037845E-1,4.999999999999E-1,0.E0));
#2961=DIRECTION('',(-4.999999999999E-1,-8.660254037845E-1,0.E0));
#2962=AXIS2_PLACEMENT_3D('',#2959,#2960,#2961);
#2963=PLANE('',#2962);
#2964=ORIENTED_EDGE('',*,*,#1427,.F.);
#2966=ORIENTED_EDGE('',*,*,#2965,.T.);
#2967=ORIENTED_EDGE('',*,*,#1907,.T.);
#2968=ORIENTED_EDGE('',*,*,#1721,.T.);
#2969=EDGE_LOOP('',(#2964,#2966,#2967,#2968));
#2970=FACE_OUTER_BOUND('',#2969,.F.);
#2972=CARTESIAN_POINT('',(4.015305755724E0,-1.1684E0,0.E0));
#2973=DIRECTION('',(8.660254037845E-1,4.999999999999E-1,0.E0));
#2974=DIRECTION('',(-4.999999999999E-1,8.660254037845E-1,0.E0));
#2975=AXIS2_PLACEMENT_3D('',#2972,#2973,#2974);
#2976=PLANE('',#2975);
#2977=ORIENTED_EDGE('',*,*,#1425,.F.);
#2978=ORIENTED_EDGE('',*,*,#1744,.F.);
#2979=ORIENTED_EDGE('',*,*,#1909,.T.);
#2980=ORIENTED_EDGE('',*,*,#2965,.F.);
#2981=EDGE_LOOP('',(#2977,#2978,#2979,#2980));
#2982=FACE_OUTER_BOUND('',#2981,.F.);
#2984=CARTESIAN_POINT('',(-5.39115E0,-3.1115E-1,-4.576E0));
#2985=DIRECTION('',(-1.E0,0.E0,0.E0));
#2986=DIRECTION('',(0.E0,0.E0,1.E0));
#2987=AXIS2_PLACEMENT_3D('',#2984,#2985,#2986);
#2988=PLANE('',#2987);
#2989=ORIENTED_EDGE('',*,*,#1640,.F.);
#2990=ORIENTED_EDGE('',*,*,#1550,.F.);
#2992=ORIENTED_EDGE('',*,*,#2991,.T.);
#2993=ORIENTED_EDGE('',*,*,#1590,.T.);
#2994=EDGE_LOOP('',(#2989,#2990,#2992,#2993));
#2995=FACE_OUTER_BOUND('',#2994,.F.);
#2997=CARTESIAN_POINT('',(-4.76885E0,-3.1115E-1,-4.576E0));
#2998=DIRECTION('',(0.E0,0.E0,-1.E0));
#2999=DIRECTION('',(-1.E0,0.E0,0.E0));
#3000=AXIS2_PLACEMENT_3D('',#2997,#2998,#2999);
#3001=PLANE('',#3000);
#3002=ORIENTED_EDGE('',*,*,#1548,.F.);
#3004=ORIENTED_EDGE('',*,*,#3003,.T.);
#3005=ORIENTED_EDGE('',*,*,#1592,.T.);
#3006=ORIENTED_EDGE('',*,*,#2991,.F.);
#3007=EDGE_LOOP('',(#3002,#3004,#3005,#3006));
#3008=FACE_OUTER_BOUND('',#3007,.F.);
#3010=CARTESIAN_POINT('',(-4.76885E0,-3.1115E-1,-1.651E0));
#3011=DIRECTION('',(1.E0,0.E0,0.E0));
#3012=DIRECTION('',(0.E0,0.E0,-1.E0));
#3013=AXIS2_PLACEMENT_3D('',#3010,#3011,#3012);
#3014=PLANE('',#3013);
#3015=ORIENTED_EDGE('',*,*,#1643,.T.);
#3016=ORIENTED_EDGE('',*,*,#1594,.T.);
#3017=ORIENTED_EDGE('',*,*,#3003,.F.);
#3018=ORIENTED_EDGE('',*,*,#1546,.F.);
#3019=EDGE_LOOP('',(#3015,#3016,#3017,#3018));
#3020=FACE_OUTER_BOUND('',#3019,.F.);
#3022=CLOSED_SHELL('',(#1523,#1538,#1554,#1568,#1582,#1598,#1611,#1623,#1647,
#1669,#1692,#1715,#1738,#1761,#1775,#1788,#1803,#1818,#1842,#1868,#1894,#1920,
#1933,#1952,#1973,#1994,#2015,#2036,#2049,#2061,#2073,#2085,#2098,#2110,#2123,
#2146,#2158,#2173,#2188,#2202,#2216,#2229,#2241,#2256,#2269,#2282,#2294,#2307,
#2319,#2332,#2355,#2367,#2382,#2397,#2411,#2425,#2438,#2450,#2465,#2478,#2491,
#2503,#2516,#2528,#2541,#2564,#2576,#2591,#2606,#2620,#2634,#2647,#2659,#2674,
#2687,#2700,#2712,#2725,#2748,#2760,#2775,#2790,#2804,#2818,#2831,#2843,#2858,
#2871,#2884,#2896,#2908,#2921,#2933,#2946,#2958,#2971,#2983,#2996,#3009,#3021));
#3023=MANIFOLD_SOLID_BREP('',#3022);
#3026=PLANE_ANGLE_MEASURE_WITH_UNIT(PLANE_ANGLE_MEASURE(1.745329251994E-2),
#3025);
#3027=(CONVERSION_BASED_UNIT('DEGREE',#3026)NAMED_UNIT(*)PLANE_ANGLE_UNIT());
#3029=UNCERTAINTY_MEASURE_WITH_UNIT(LENGTH_MEASURE(1.628081953468E-3),#3024,
'distance_accuracy_value',
'Maximum model space distance between geometric entities at asserted connectivities');
#3032=APPLICATION_CONTEXT('automotive_design');
#3033=APPLICATION_PROTOCOL_DEFINITION('international standard',
'automotive_design',2001,#3032);
#3034=PRODUCT_DEFINITION_CONTEXT('part definition',#3032,'design');
#3035=PRODUCT_CONTEXT('',#3032,'mechanical');
#3036=PRODUCT('C-5-146285-5','C-5-146285-5','NOT SPECIFIED',(#3035));
#3037=PRODUCT_DEFINITION_FORMATION('1','LAST_VERSION',#3036);
#3045=DERIVED_UNIT_ELEMENT(#3044,2.E0);
#3046=DERIVED_UNIT((#3045));
#3047=MEASURE_REPRESENTATION_ITEM('surface area measure',AREA_MEASURE(
2.481629834536E2),#3046);
#3052=DERIVED_UNIT_ELEMENT(#3051,3.E0);
#3053=DERIVED_UNIT((#3052));
#3054=MEASURE_REPRESENTATION_ITEM('volume measure',VOLUME_MEASURE(
7.376984099699E1),#3053);
#3058=CARTESIAN_POINT('centre point',(0.E0,0.E0,-5.871290529333E-1));
#3063=DERIVED_UNIT_ELEMENT(#3062,2.E0);
#3064=DERIVED_UNIT((#3063));
#3065=MEASURE_REPRESENTATION_ITEM('surface area measure',AREA_MEASURE(
2.481629834536E2),#3064);
#3070=DERIVED_UNIT_ELEMENT(#3069,3.E0);
#3071=DERIVED_UNIT((#3070));
#3072=MEASURE_REPRESENTATION_ITEM('volume measure',VOLUME_MEASURE(
7.376984099699E1),#3071);
#3076=CARTESIAN_POINT('centre point',(0.E0,0.E0,-5.871290529333E-1));
#3081=PRODUCT_RELATED_PRODUCT_CATEGORY('part','',(#3036));
#1=COLOUR_RGB('',8.784E-1,9.49E-1,1.E0);
#1415=EDGE_CURVE('',#1148,#1149,#85,.T.);
#1417=EDGE_CURVE('',#1149,#1151,#89,.T.);
#1419=EDGE_CURVE('',#1065,#1151,#93,.T.);
#1421=EDGE_CURVE('',#1064,#1065,#97,.T.);
#1423=EDGE_CURVE('',#1157,#1064,#101,.T.);
#1425=EDGE_CURVE('',#1157,#1154,#105,.T.);
#1427=EDGE_CURVE('',#1154,#1155,#109,.T.);
#1429=EDGE_CURVE('',#1133,#1155,#113,.T.);
#1431=EDGE_CURVE('',#1133,#1130,#117,.T.);
#1433=EDGE_CURVE('',#1130,#1131,#121,.T.);
#1435=EDGE_CURVE('',#1109,#1131,#125,.T.);
#1437=EDGE_CURVE('',#1109,#1106,#129,.T.);
#1439=EDGE_CURVE('',#1106,#1107,#133,.T.);
#1441=EDGE_CURVE('',#1085,#1107,#137,.T.);
#1443=EDGE_CURVE('',#1085,#1082,#141,.T.);
#1445=EDGE_CURVE('',#1082,#1083,#145,.T.);
#1447=EDGE_CURVE('',#1061,#1083,#149,.T.);
#1449=EDGE_CURVE('',#1060,#1061,#153,.T.);
#1451=EDGE_CURVE('',#1076,#1060,#157,.T.);
#1453=EDGE_CURVE('',#1076,#1077,#161,.T.);
#1455=EDGE_CURVE('',#1077,#1079,#165,.T.);
#1457=EDGE_CURVE('',#1100,#1079,#169,.T.);
#1459=EDGE_CURVE('',#1100,#1101,#173,.T.);
#1461=EDGE_CURVE('',#1101,#1103,#177,.T.);
#1463=EDGE_CURVE('',#1124,#1103,#181,.T.);
#1465=EDGE_CURVE('',#1124,#1125,#185,.T.);
#1467=EDGE_CURVE('',#1125,#1127,#189,.T.);
#1469=EDGE_CURVE('',#1148,#1127,#193,.T.);
#1473=EDGE_CURVE('',#1243,#1245,#21,.T.);
#1475=EDGE_CURVE('',#1243,#1251,#25,.T.);
#1477=EDGE_CURVE('',#1251,#1253,#29,.T.);
#1479=EDGE_CURVE('',#1245,#1253,#33,.T.);
#1483=EDGE_CURVE('',#1283,#1285,#37,.T.);
#1485=EDGE_CURVE('',#1283,#1291,#41,.T.);
#1487=EDGE_CURVE('',#1291,#1293,#45,.T.);
#1489=EDGE_CURVE('',#1285,#1293,#49,.T.);
#1493=EDGE_CURVE('',#1339,#1341,#53,.T.);
#1495=EDGE_CURVE('',#1339,#1347,#57,.T.);
#1497=EDGE_CURVE('',#1347,#1349,#61,.T.);
#1499=EDGE_CURVE('',#1341,#1349,#65,.T.);
#1503=EDGE_CURVE('',#1387,#1389,#69,.T.);
#1505=EDGE_CURVE('',#1387,#1395,#73,.T.);
#1507=EDGE_CURVE('',#1395,#1397,#77,.T.);
#1509=EDGE_CURVE('',#1389,#1397,#81,.T.);
#1513=EDGE_CURVE('',#1196,#1197,#5,.T.);
#1515=EDGE_CURVE('',#1196,#1200,#9,.T.);
#1517=EDGE_CURVE('',#1200,#1201,#13,.T.);
#1519=EDGE_CURVE('',#1197,#1201,#17,.T.);
#1523=ADVANCED_FACE('',(#1472,#1482,#1492,#1502,#1512,#1522),#1414,.T.);
#1530=EDGE_CURVE('',#1197,#1180,#197,.T.);
#1532=EDGE_CURVE('',#1180,#1181,#201,.T.);
#1534=EDGE_CURVE('',#1181,#1196,#205,.T.);
#1538=ADVANCED_FACE('',(#1537),#1528,.F.);
#1544=EDGE_CURVE('',#1204,#1205,#257,.T.);
#1546=EDGE_CURVE('',#1204,#1184,#209,.T.);
#1548=EDGE_CURVE('',#1184,#1185,#213,.T.);
#1550=EDGE_CURVE('',#1185,#1205,#217,.T.);
#1554=ADVANCED_FACE('',(#1553),#1543,.F.);
#1561=EDGE_CURVE('',#1201,#1188,#229,.T.);
#1563=EDGE_CURVE('',#1180,#1188,#249,.T.);
#1568=ADVANCED_FACE('',(#1567),#1559,.T.);
#1575=EDGE_CURVE('',#1189,#1200,#221,.T.);
#1577=EDGE_CURVE('',#1188,#1189,#225,.T.);
#1582=ADVANCED_FACE('',(#1581),#1573,.T.);
#1588=EDGE_CURVE('',#1208,#1209,#265,.T.);
#1590=EDGE_CURVE('',#1193,#1209,#233,.T.);
#1592=EDGE_CURVE('',#1192,#1193,#237,.T.);
#1594=EDGE_CURVE('',#1208,#1192,#241,.T.);
#1598=ADVANCED_FACE('',(#1597),#1587,.T.);
#1606=EDGE_CURVE('',#1181,#1189,#245,.T.);
#1611=ADVANCED_FACE('',(#1610),#1603,.T.);
#1623=ADVANCED_FACE('',(#1622),#1616,.T.);
#1629=EDGE_CURVE('',#1172,#1173,#281,.T.);
#1631=EDGE_CURVE('',#1176,#1172,#669,.T.);
#1633=EDGE_CURVE('',#1176,#1177,#573,.T.);
#1635=EDGE_CURVE('',#1177,#1173,#253,.T.);
#1640=EDGE_CURVE('',#1205,#1209,#261,.T.);
#1643=EDGE_CURVE('',#1204,#1208,#269,.T.);
#1647=ADVANCED_FACE('',(#1638,#1646),#1628,.F.);
#1653=EDGE_CURVE('',#1095,#1083,#273,.T.);
#1655=EDGE_CURVE('',#1216,#1095,#417,.T.);
#1657=EDGE_CURVE('',#1216,#1172,#277,.T.);
#1660=EDGE_CURVE('',#1211,#1173,#285,.T.);
#1662=EDGE_CURVE('',#1069,#1211,#373,.T.);
#1664=EDGE_CURVE('',#1061,#1069,#289,.T.);
#1669=ADVANCED_FACE('',(#1668),#1652,.T.);
#1675=EDGE_CURVE('',#1119,#1107,#293,.T.);
#1677=EDGE_CURVE('',#1300,#1119,#457,.T.);
#1679=EDGE_CURVE('',#1300,#1221,#297,.T.);
#1681=EDGE_CURVE('',#1225,#1221,#301,.T.);
#1683=EDGE_CURVE('',#1304,#1225,#305,.T.);
#1685=EDGE_CURVE('',#1097,#1304,#429,.T.);
#1687=EDGE_CURVE('',#1097,#1085,#309,.T.);
#1692=ADVANCED_FACE('',(#1691),#1674,.T.);
#1698=EDGE_CURVE('',#1143,#1131,#313,.T.);
#1700=EDGE_CURVE('',#1308,#1143,#497,.T.);
#1702=EDGE_CURVE('',#1308,#1261,#317,.T.);
#1704=EDGE_CURVE('',#1265,#1261,#321,.T.);
#1706=EDGE_CURVE('',#1312,#1265,#325,.T.);
#1708=EDGE_CURVE('',#1121,#1312,#469,.T.);
#1710=EDGE_CURVE('',#1121,#1109,#329,.T.);
#1715=ADVANCED_FACE('',(#1714),#1697,.T.);
#1721=EDGE_CURVE('',#1167,#1155,#333,.T.);
#1723=EDGE_CURVE('',#1356,#1167,#537,.T.);
#1725=EDGE_CURVE('',#1356,#1317,#337,.T.);
#1727=EDGE_CURVE('',#1321,#1317,#341,.T.);
#1729=EDGE_CURVE('',#1360,#1321,#345,.T.);
#1731=EDGE_CURVE('',#1145,#1360,#509,.T.);
#1733=EDGE_CURVE('',#1145,#1133,#349,.T.);
#1738=ADVANCED_FACE('',(#1737),#1720,.T.);
#1744=EDGE_CURVE('',#1169,#1157,#353,.T.);
#1747=EDGE_CURVE('',#1064,#1072,#1037,.T.);
#1749=EDGE_CURVE('',#1404,#1072,#393,.T.);
#1751=EDGE_CURVE('',#1404,#1365,#357,.T.);
#1753=EDGE_CURVE('',#1369,#1365,#361,.T.);
#1755=EDGE_CURVE('',#1408,#1369,#365,.T.);
#1757=EDGE_CURVE('',#1169,#1408,#549,.T.);
#1761=ADVANCED_FACE('',(#1760),#1743,.T.);
#1768=EDGE_CURVE('',#1082,#1094,#369,.T.);
#1770=EDGE_CURVE('',#1094,#1095,#421,.T.);
#1775=ADVANCED_FACE('',(#1774),#1766,.F.);
#1783=EDGE_CURVE('',#1097,#1094,#425,.T.);
#1788=ADVANCED_FACE('',(#1787),#1780,.F.);
#1795=EDGE_CURVE('',#1211,#1213,#377,.T.);
#1797=EDGE_CURVE('',#1213,#1068,#381,.T.);
#1799=EDGE_CURVE('',#1068,#1069,#385,.T.);
#1803=ADVANCED_FACE('',(#1802),#1793,.F.);
#1809=EDGE_CURVE('',#1404,#1405,#389,.T.);
#1812=EDGE_CURVE('',#1072,#1073,#397,.T.);
#1814=EDGE_CURVE('',#1073,#1405,#401,.T.);
#1818=ADVANCED_FACE('',(#1817),#1808,.F.);
#1824=EDGE_CURVE('',#1088,#1089,#405,.T.);
#1826=EDGE_CURVE('',#1088,#1217,#409,.T.);
#1828=EDGE_CURVE('',#1216,#1217,#413,.T.);
#1834=EDGE_CURVE('',#1304,#1305,#433,.T.);
#1836=EDGE_CURVE('',#1305,#1091,#437,.T.);
#1838=EDGE_CURVE('',#1089,#1091,#441,.T.);
#1842=ADVANCED_FACE('',(#1841),#1823,.F.);
#1848=EDGE_CURVE('',#1112,#1113,#445,.T.);
#1850=EDGE_CURVE('',#1112,#1301,#449,.T.);
#1852=EDGE_CURVE('',#1300,#1301,#453,.T.);
#1855=EDGE_CURVE('',#1118,#1119,#461,.T.);
#1857=EDGE_CURVE('',#1121,#1118,#465,.T.);
#1860=EDGE_CURVE('',#1312,#1313,#473,.T.);
#1862=EDGE_CURVE('',#1313,#1115,#477,.T.);
#1864=EDGE_CURVE('',#1113,#1115,#481,.T.);
#1868=ADVANCED_FACE('',(#1867),#1847,.F.);
#1874=EDGE_CURVE('',#1136,#1137,#485,.T.);
#1876=EDGE_CURVE('',#1136,#1309,#489,.T.);
#1878=EDGE_CURVE('',#1308,#1309,#493,.T.);
#1881=EDGE_CURVE('',#1142,#1143,#501,.T.);
#1883=EDGE_CURVE('',#1145,#1142,#505,.T.);
#1886=EDGE_CURVE('',#1360,#1361,#513,.T.);
#1888=EDGE_CURVE('',#1361,#1139,#517,.T.);
#1890=EDGE_CURVE('',#1137,#1139,#521,.T.);
#1894=ADVANCED_FACE('',(#1893),#1873,.F.);
#1900=EDGE_CURVE('',#1160,#1161,#525,.T.);
#1902=EDGE_CURVE('',#1160,#1357,#529,.T.);
#1904=EDGE_CURVE('',#1356,#1357,#533,.T.);
#1907=EDGE_CURVE('',#1166,#1167,#541,.T.);
#1909=EDGE_CURVE('',#1169,#1166,#545,.T.);
#1912=EDGE_CURVE('',#1408,#1409,#553,.T.);
#1914=EDGE_CURVE('',#1409,#1163,#557,.T.);
#1916=EDGE_CURVE('',#1161,#1163,#561,.T.);
#1920=ADVANCED_FACE('',(#1919),#1899,.F.);
#1929=EDGE_CURVE('',#1213,#1177,#569,.T.);
#1933=ADVANCED_FACE('',(#1932),#1925,.F.);
#1939=EDGE_CURVE('',#1088,#1076,#565,.T.);
#1942=EDGE_CURVE('',#1060,#1068,#665,.T.);
#1947=EDGE_CURVE('',#1217,#1176,#577,.T.);
#1952=ADVANCED_FACE('',(#1951),#1938,.T.);
#1958=EDGE_CURVE('',#1112,#1100,#581,.T.);
#1961=EDGE_CURVE('',#1091,#1079,#585,.T.);
#1964=EDGE_CURVE('',#1305,#1224,#589,.T.);
#1966=EDGE_CURVE('',#1220,#1224,#593,.T.);
#1968=EDGE_CURVE('',#1301,#1220,#597,.T.);
#1973=ADVANCED_FACE('',(#1972),#1957,.T.);
#1979=EDGE_CURVE('',#1136,#1124,#601,.T.);
#1982=EDGE_CURVE('',#1115,#1103,#605,.T.);
#1985=EDGE_CURVE('',#1313,#1264,#609,.T.);
#1987=EDGE_CURVE('',#1260,#1264,#613,.T.);
#1989=EDGE_CURVE('',#1309,#1260,#617,.T.);
#1994=ADVANCED_FACE('',(#1993),#1978,.T.);
#2000=EDGE_CURVE('',#1160,#1148,#621,.T.);
#2003=EDGE_CURVE('',#1139,#1127,#625,.T.);
#2006=EDGE_CURVE('',#1361,#1320,#629,.T.);
#2008=EDGE_CURVE('',#1316,#1320,#633,.T.);
#2010=EDGE_CURVE('',#1357,#1316,#637,.T.);
#2015=ADVANCED_FACE('',(#2014),#1999,.T.);
#2021=EDGE_CURVE('',#1163,#1151,#641,.T.);
#2024=EDGE_CURVE('',#1409,#1368,#645,.T.);
#2026=EDGE_CURVE('',#1364,#1368,#649,.T.);
#2028=EDGE_CURVE('',#1405,#1364,#653,.T.);
#2031=EDGE_CURVE('',#1065,#1073,#657,.T.);
#2036=ADVANCED_FACE('',(#2035),#2020,.T.);
#2045=EDGE_CURVE('',#1077,#1089,#661,.T.);
#2049=ADVANCED_FACE('',(#2048),#2041,.F.);
#2061=ADVANCED_FACE('',(#2060),#2054,.F.);
#2073=ADVANCED_FACE('',(#2072),#2066,.T.);
#2085=ADVANCED_FACE('',(#2084),#2078,.F.);
#2094=EDGE_CURVE('',#1101,#1113,#673,.T.);
#2098=ADVANCED_FACE('',(#2097),#2090,.F.);
#2110=ADVANCED_FACE('',(#2109),#2103,.F.);
#2116=EDGE_CURVE('',#1224,#1225,#677,.T.);
#2123=ADVANCED_FACE('',(#2122),#2115,.F.);
#2129=EDGE_CURVE('',#1220,#1221,#697,.T.);
#2136=EDGE_CURVE('',#1247,#1249,#681,.T.);
#2138=EDGE_CURVE('',#1249,#1257,#685,.T.);
#2140=EDGE_CURVE('',#1255,#1257,#689,.T.);
#2142=EDGE_CURVE('',#1247,#1255,#693,.T.);
#2146=ADVANCED_FACE('',(#2135,#2145),#2128,.F.);
#2158=ADVANCED_FACE('',(#2157),#2151,.F.);
#2164=EDGE_CURVE('',#1229,#1243,#701,.T.);
#2167=EDGE_CURVE('',#1245,#1228,#705,.T.);
#2169=EDGE_CURVE('',#1228,#1229,#709,.T.);
#2173=ADVANCED_FACE('',(#2172),#2163,.F.);
#2179=EDGE_CURVE('',#1247,#1232,#713,.T.);
#2181=EDGE_CURVE('',#1232,#1233,#717,.T.);
#2183=EDGE_CURVE('',#1233,#1249,#721,.T.);
#2188=ADVANCED_FACE('',(#2187),#2178,.F.);
#2195=EDGE_CURVE('',#1229,#1237,#725,.T.);
#2197=EDGE_CURVE('',#1237,#1251,#733,.T.);
#2202=ADVANCED_FACE('',(#2201),#2193,.T.);
#2209=EDGE_CURVE('',#1228,#1236,#729,.T.);
#2211=EDGE_CURVE('',#1236,#1237,#737,.T.);
#2216=ADVANCED_FACE('',(#2215),#2207,.T.);
#2224=EDGE_CURVE('',#1253,#1236,#741,.T.);
#2229=ADVANCED_FACE('',(#2228),#2221,.T.);
#2241=ADVANCED_FACE('',(#2240),#2234,.T.);
#2247=EDGE_CURVE('',#1255,#1240,#745,.T.);
#2250=EDGE_CURVE('',#1241,#1257,#749,.T.);
#2252=EDGE_CURVE('',#1240,#1241,#753,.T.);
#2256=ADVANCED_FACE('',(#2255),#2246,.T.);
#2265=EDGE_CURVE('',#1232,#1240,#757,.T.);
#2269=ADVANCED_FACE('',(#2268),#2261,.T.);
#2278=EDGE_CURVE('',#1233,#1241,#761,.T.);
#2282=ADVANCED_FACE('',(#2281),#2274,.T.);
#2294=ADVANCED_FACE('',(#2293),#2287,.T.);
#2303=EDGE_CURVE('',#1125,#1137,#765,.T.);
#2307=ADVANCED_FACE('',(#2306),#2299,.F.);
#2319=ADVANCED_FACE('',(#2318),#2312,.F.);
#2325=EDGE_CURVE('',#1264,#1265,#769,.T.);
#2332=ADVANCED_FACE('',(#2331),#2324,.F.);
#2338=EDGE_CURVE('',#1260,#1261,#789,.T.);
#2345=EDGE_CURVE('',#1287,#1289,#773,.T.);
#2347=EDGE_CURVE('',#1289,#1297,#777,.T.);
#2349=EDGE_CURVE('',#1295,#1297,#781,.T.);
#2351=EDGE_CURVE('',#1287,#1295,#785,.T.);
#2355=ADVANCED_FACE('',(#2344,#2354),#2337,.F.);
#2367=ADVANCED_FACE('',(#2366),#2360,.F.);
#2373=EDGE_CURVE('',#1269,#1283,#793,.T.);
#2376=EDGE_CURVE('',#1285,#1268,#797,.T.);
#2378=EDGE_CURVE('',#1268,#1269,#801,.T.);
#2382=ADVANCED_FACE('',(#2381),#2372,.F.);
#2388=EDGE_CURVE('',#1287,#1272,#805,.T.);
#2390=EDGE_CURVE('',#1272,#1273,#809,.T.);
#2392=EDGE_CURVE('',#1273,#1289,#813,.T.);
#2397=ADVANCED_FACE('',(#2396),#2387,.F.);
#2404=EDGE_CURVE('',#1269,#1277,#817,.T.);
#2406=EDGE_CURVE('',#1277,#1291,#825,.T.);
#2411=ADVANCED_FACE('',(#2410),#2402,.T.);
#2418=EDGE_CURVE('',#1268,#1276,#821,.T.);
#2420=EDGE_CURVE('',#1276,#1277,#829,.T.);
#2425=ADVANCED_FACE('',(#2424),#2416,.T.);
#2433=EDGE_CURVE('',#1293,#1276,#833,.T.);
#2438=ADVANCED_FACE('',(#2437),#2430,.T.);
#2450=ADVANCED_FACE('',(#2449),#2443,.T.);
#2456=EDGE_CURVE('',#1295,#1280,#837,.T.);
#2459=EDGE_CURVE('',#1281,#1297,#841,.T.);
#2461=EDGE_CURVE('',#1280,#1281,#845,.T.);
#2465=ADVANCED_FACE('',(#2464),#2455,.T.);
#2474=EDGE_CURVE('',#1272,#1280,#849,.T.);
#2478=ADVANCED_FACE('',(#2477),#2470,.T.);
#2487=EDGE_CURVE('',#1273,#1281,#853,.T.);
#2491=ADVANCED_FACE('',(#2490),#2483,.T.);
#2503=ADVANCED_FACE('',(#2502),#2496,.T.);
#2512=EDGE_CURVE('',#1149,#1161,#857,.T.);
#2516=ADVANCED_FACE('',(#2515),#2508,.F.);
#2528=ADVANCED_FACE('',(#2527),#2521,.F.);
#2534=EDGE_CURVE('',#1320,#1321,#861,.T.);
#2541=ADVANCED_FACE('',(#2540),#2533,.F.);
#2547=EDGE_CURVE('',#1316,#1317,#881,.T.);
#2554=EDGE_CURVE('',#1343,#1345,#865,.T.);
#2556=EDGE_CURVE('',#1345,#1353,#869,.T.);
#2558=EDGE_CURVE('',#1351,#1353,#873,.T.);
#2560=EDGE_CURVE('',#1343,#1351,#877,.T.);
#2564=ADVANCED_FACE('',(#2553,#2563),#2546,.F.);
#2576=ADVANCED_FACE('',(#2575),#2569,.F.);
#2582=EDGE_CURVE('',#1325,#1339,#885,.T.);
#2585=EDGE_CURVE('',#1341,#1324,#889,.T.);
#2587=EDGE_CURVE('',#1324,#1325,#893,.T.);
#2591=ADVANCED_FACE('',(#2590),#2581,.F.);
#2597=EDGE_CURVE('',#1343,#1328,#897,.T.);
#2599=EDGE_CURVE('',#1328,#1329,#901,.T.);
#2601=EDGE_CURVE('',#1329,#1345,#905,.T.);
#2606=ADVANCED_FACE('',(#2605),#2596,.F.);
#2613=EDGE_CURVE('',#1325,#1333,#909,.T.);
#2615=EDGE_CURVE('',#1333,#1347,#917,.T.);
#2620=ADVANCED_FACE('',(#2619),#2611,.T.);
#2627=EDGE_CURVE('',#1324,#1332,#913,.T.);
#2629=EDGE_CURVE('',#1332,#1333,#921,.T.);
#2634=ADVANCED_FACE('',(#2633),#2625,.T.);
#2642=EDGE_CURVE('',#1349,#1332,#925,.T.);
#2647=ADVANCED_FACE('',(#2646),#2639,.T.);
#2659=ADVANCED_FACE('',(#2658),#2652,.T.);
#2665=EDGE_CURVE('',#1351,#1336,#929,.T.);
#2668=EDGE_CURVE('',#1337,#1353,#933,.T.);
#2670=EDGE_CURVE('',#1336,#1337,#937,.T.);
#2674=ADVANCED_FACE('',(#2673),#2664,.T.);
#2683=EDGE_CURVE('',#1328,#1336,#941,.T.);
#2687=ADVANCED_FACE('',(#2686),#2679,.T.);
#2696=EDGE_CURVE('',#1329,#1337,#945,.T.);
#2700=ADVANCED_FACE('',(#2699),#2692,.T.);
#2712=ADVANCED_FACE('',(#2711),#2705,.T.);
#2718=EDGE_CURVE('',#1368,#1369,#949,.T.);
#2725=ADVANCED_FACE('',(#2724),#2717,.F.);
#2731=EDGE_CURVE('',#1364,#1365,#969,.T.);
#2738=EDGE_CURVE('',#1391,#1393,#953,.T.);
#2740=EDGE_CURVE('',#1393,#1401,#957,.T.);
#2742=EDGE_CURVE('',#1399,#1401,#961,.T.);
#2744=EDGE_CURVE('',#1391,#1399,#965,.T.);
#2748=ADVANCED_FACE('',(#2737,#2747),#2730,.F.);
#2760=ADVANCED_FACE('',(#2759),#2753,.F.);
#2766=EDGE_CURVE('',#1373,#1387,#973,.T.);
#2769=EDGE_CURVE('',#1389,#1372,#977,.T.);
#2771=EDGE_CURVE('',#1372,#1373,#981,.T.);
#2775=ADVANCED_FACE('',(#2774),#2765,.F.);
#2781=EDGE_CURVE('',#1391,#1376,#985,.T.);
#2783=EDGE_CURVE('',#1376,#1377,#989,.T.);
#2785=EDGE_CURVE('',#1377,#1393,#993,.T.);
#2790=ADVANCED_FACE('',(#2789),#2780,.F.);
#2797=EDGE_CURVE('',#1373,#1381,#997,.T.);
#2799=EDGE_CURVE('',#1381,#1395,#1005,.T.);
#2804=ADVANCED_FACE('',(#2803),#2795,.T.);
#2811=EDGE_CURVE('',#1372,#1380,#1001,.T.);
#2813=EDGE_CURVE('',#1380,#1381,#1009,.T.);
#2818=ADVANCED_FACE('',(#2817),#2809,.T.);
#2826=EDGE_CURVE('',#1397,#1380,#1013,.T.);
#2831=ADVANCED_FACE('',(#2830),#2823,.T.);
#2843=ADVANCED_FACE('',(#2842),#2836,.T.);
#2849=EDGE_CURVE('',#1399,#1384,#1017,.T.);
#2852=EDGE_CURVE('',#1385,#1401,#1021,.T.);
#2854=EDGE_CURVE('',#1384,#1385,#1025,.T.);
#2858=ADVANCED_FACE('',(#2857),#2848,.T.);
#2867=EDGE_CURVE('',#1376,#1384,#1029,.T.);
#2871=ADVANCED_FACE('',(#2870),#2863,.T.);
#2880=EDGE_CURVE('',#1377,#1385,#1033,.T.);
#2884=ADVANCED_FACE('',(#2883),#2876,.T.);
#2896=ADVANCED_FACE('',(#2895),#2889,.T.);
#2908=ADVANCED_FACE('',(#2907),#2901,.T.);
#2915=EDGE_CURVE('',#1106,#1118,#1041,.T.);
#2921=ADVANCED_FACE('',(#2920),#2913,.F.);
#2933=ADVANCED_FACE('',(#2932),#2926,.F.);
#2940=EDGE_CURVE('',#1130,#1142,#1045,.T.);
#2946=ADVANCED_FACE('',(#2945),#2938,.F.);
#2958=ADVANCED_FACE('',(#2957),#2951,.F.);
#2965=EDGE_CURVE('',#1154,#1166,#1049,.T.);
#2971=ADVANCED_FACE('',(#2970),#2963,.F.);
#2983=ADVANCED_FACE('',(#2982),#2976,.F.);
#2991=EDGE_CURVE('',#1185,#1193,#1053,.T.);
#2996=ADVANCED_FACE('',(#2995),#2988,.T.);
#3003=EDGE_CURVE('',#1184,#1192,#1057,.T.);
#3009=ADVANCED_FACE('',(#3008),#3001,.T.);
#3021=ADVANCED_FACE('',(#3020),#3014,.T.);
#3024=(LENGTH_UNIT()NAMED_UNIT(*)SI_UNIT(.MILLI.,.METRE.));
#3025=(NAMED_UNIT(*)PLANE_ANGLE_UNIT()SI_UNIT($,.RADIAN.));
#3028=(NAMED_UNIT(*)SI_UNIT($,.STERADIAN.)SOLID_ANGLE_UNIT());
#3030=(GEOMETRIC_REPRESENTATION_CONTEXT(3)GLOBAL_UNCERTAINTY_ASSIGNED_CONTEXT((
#3029))GLOBAL_UNIT_ASSIGNED_CONTEXT((#3024,#3027,#3028))REPRESENTATION_CONTEXT(
'ID1','3'));
#3031=ADVANCED_BREP_SHAPE_REPRESENTATION('',(#3023),#3030);
#3038=PRODUCT_DEFINITION('part definition','',#3037,#3034);
#3039=PRODUCT_DEFINITION_SHAPE('','SHAPE FOR C-5-146285-5.',#3038);
#3040=SHAPE_ASPECT('','solid data associated with C-5-146285-5',#3039,.F.);
#3041=PROPERTY_DEFINITION('',
'shape for solid data with which properties are associated',#3040);
#3042=SHAPE_REPRESENTATION('',(#3023),#3030);
#3043=SHAPE_DEFINITION_REPRESENTATION(#3041,#3042);
#3044=(LENGTH_UNIT()NAMED_UNIT(*)SI_UNIT(.MILLI.,.METRE.));
#3048=PROPERTY_DEFINITION('geometric validation property',
'area of C-5-146285-5',#3040);
#3049=REPRESENTATION('surface area',(#3047),#3030);
#3050=PROPERTY_DEFINITION_REPRESENTATION(#3048,#3049);
#3051=(LENGTH_UNIT()NAMED_UNIT(*)SI_UNIT(.MILLI.,.METRE.));
#3055=PROPERTY_DEFINITION('geometric validation property',
'volume of C-5-146285-5',#3040);
#3056=REPRESENTATION('volume',(#3054),#3030);
#3057=PROPERTY_DEFINITION_REPRESENTATION(#3055,#3056);
#3059=PROPERTY_DEFINITION('geometric validation property',
'centroid of C-5-146285-5',#3040);
#3060=REPRESENTATION('centroid',(#3058),#3030);
#3061=PROPERTY_DEFINITION_REPRESENTATION(#3059,#3060);
#3062=(LENGTH_UNIT()NAMED_UNIT(*)SI_UNIT(.MILLI.,.METRE.));
#3066=PROPERTY_DEFINITION('geometric validation property',
'area of C-5-146285-5',#3039);
#3067=REPRESENTATION('surface area',(#3065),#3030);
#3068=PROPERTY_DEFINITION_REPRESENTATION(#3066,#3067);
#3069=(LENGTH_UNIT()NAMED_UNIT(*)SI_UNIT(.MILLI.,.METRE.));
#3073=PROPERTY_DEFINITION('geometric validation property',
'volume of C-5-146285-5',#3039);
#3074=REPRESENTATION('volume',(#3072),#3030);
#3075=PROPERTY_DEFINITION_REPRESENTATION(#3073,#3074);
#3077=PROPERTY_DEFINITION('geometric validation property',
'centroid of C-5-146285-5',#3039);
#3078=REPRESENTATION('centroid',(#3076),#3030);
#3079=PROPERTY_DEFINITION_REPRESENTATION(#3077,#3078);
#3080=SHAPE_DEFINITION_REPRESENTATION(#3039,#3031);
ENDSEC;
END-ISO-10303-21;
