ISO-10303-21;
HEADER;
/*Generated by software containing ST-Developer
 * from STEP Tools, Inc. (www.steptools.com) 
 */
/*OPTION: using custom renumber hook */
/*description */
/*implementation_level */
FILE_DESCRIPTION(('STEP AP242 Edition 2','STEP AP242 Edition 2''CAx-IF Rec.Pracs.---Representation and Presentation of Product Manufa
cturing Information (PMI)---4.0---2014-10-13','STEP AP242 Edition 2''CAx-IF Rec.Pracs.---Representation and Presentation of Product Manufa
cturing Information (PMI)---4.0---2014-10-13''CAx-IF Rec.Pracs.---3D Tessellated Geometry---0.4---2014-09-14','STEP AP242 Edition 2''CAx-IF Rec.Pracs.---Representation and Presentation of Product Manufa
cturing Information (PMI)---4.0---2014-10-13''CAx-IF Rec.Pracs.---3D Tessellated Geometry---0.4---2014-09-14''2;1','STEP AP242 Edition 2''CAx-IF Rec.Pracs.---Representation and Presentation of Product Manufa
cturing Information (PMI)---4.0---2014-10-13''CAx-IF Rec.Pracs.---3D Tessellated Geometry---0.4---2014-09-14''2;1''CAx-IF Rec.Pracs.---User Defined Attributes---1.5---2016-08-15'),'2;1');
/*name */
/*time_stamp */
/*author */
/*organization */
/*preprocessor_version */
/*originating_system */
/*authorisation */
FILE_NAME('/vol/tmp/translate-6721892473570443357/Part Studio 1.step','2026-02-25T19:50:49',(''),(''),'ST-DEVELOPER v20','ONSHAPE BY PTC INC, 1.211','  ');
FILE_SCHEMA(('AP242_MANAGED_MODEL_BASED_3D_ENGINEERING_MIM_LF { 1 0 10303 442 3 1 4 }'));
ENDSEC;
DATA;
#10=SHAPE_REPRESENTATION_RELATIONSHIP('','',#1781,#13);
#11=SHAPE_REPRESENTATION_RELATIONSHIP('','',#1782,#14);
#12=SHAPE_REPRESENTATION_RELATIONSHIP('','',#1783,#15);
#13=ADVANCED_BREP_SHAPE_REPRESENTATION('',(#1775),#2827);
#14=ADVANCED_BREP_SHAPE_REPRESENTATION('',(#1776),#2828);
#15=ADVANCED_BREP_SHAPE_REPRESENTATION('',(#1777),#2829);
#16=CIRCLE('',#1792,0.0017);
#17=CIRCLE('',#1793,0.0017);
#18=CIRCLE('',#1796,0.0018);
#19=CIRCLE('',#1797,0.0018);
#20=CIRCLE('',#1862,0.00165);
#21=CIRCLE('',#1863,0.00165);
#22=CIRCLE('',#1865,0.00165);
#23=CIRCLE('',#1866,0.00165);
#24=CIRCLE('',#1868,0.00165);
#25=CIRCLE('',#1869,0.00165);
#26=CIRCLE('',#1872,0.00165);
#27=CIRCLE('',#1873,0.00165);
#28=CYLINDRICAL_SURFACE('',#1791,0.0017);
#29=CYLINDRICAL_SURFACE('',#1795,0.0018);
#30=CYLINDRICAL_SURFACE('',#1861,0.00165);
#31=CYLINDRICAL_SURFACE('',#1864,0.00165);
#32=CYLINDRICAL_SURFACE('',#1867,0.00165);
#33=CYLINDRICAL_SURFACE('',#1871,0.00165);
#34=ORIENTED_EDGE('',*,*,#494,.T.);
#35=ORIENTED_EDGE('',*,*,#495,.T.);
#36=ORIENTED_EDGE('',*,*,#496,.T.);
#37=ORIENTED_EDGE('',*,*,#497,.T.);
#38=ORIENTED_EDGE('',*,*,#498,.F.);
#39=ORIENTED_EDGE('',*,*,#499,.F.);
#40=ORIENTED_EDGE('',*,*,#500,.T.);
#41=ORIENTED_EDGE('',*,*,#501,.F.);
#42=ORIENTED_EDGE('',*,*,#502,.F.);
#43=ORIENTED_EDGE('',*,*,#503,.F.);
#44=ORIENTED_EDGE('',*,*,#504,.T.);
#45=ORIENTED_EDGE('',*,*,#499,.T.);
#46=ORIENTED_EDGE('',*,*,#505,.T.);
#47=ORIENTED_EDGE('',*,*,#506,.F.);
#48=ORIENTED_EDGE('',*,*,#507,.F.);
#49=ORIENTED_EDGE('',*,*,#503,.T.);
#50=ORIENTED_EDGE('',*,*,#508,.T.);
#51=ORIENTED_EDGE('',*,*,#497,.F.);
#52=ORIENTED_EDGE('',*,*,#509,.F.);
#53=ORIENTED_EDGE('',*,*,#506,.T.);
#54=ORIENTED_EDGE('',*,*,#510,.T.);
#55=ORIENTED_EDGE('',*,*,#511,.T.);
#56=ORIENTED_EDGE('',*,*,#512,.F.);
#57=ORIENTED_EDGE('',*,*,#513,.F.);
#58=ORIENTED_EDGE('',*,*,#504,.F.);
#59=ORIENTED_EDGE('',*,*,#507,.T.);
#60=ORIENTED_EDGE('',*,*,#509,.T.);
#61=ORIENTED_EDGE('',*,*,#496,.F.);
#62=ORIENTED_EDGE('',*,*,#514,.T.);
#63=ORIENTED_EDGE('',*,*,#515,.F.);
#64=ORIENTED_EDGE('',*,*,#516,.F.);
#65=ORIENTED_EDGE('',*,*,#500,.F.);
#66=ORIENTED_EDGE('',*,*,#502,.T.);
#67=ORIENTED_EDGE('',*,*,#498,.T.);
#68=ORIENTED_EDGE('',*,*,#508,.F.);
#69=ORIENTED_EDGE('',*,*,#505,.F.);
#70=ORIENTED_EDGE('',*,*,#517,.F.);
#71=ORIENTED_EDGE('',*,*,#518,.F.);
#72=ORIENTED_EDGE('',*,*,#519,.T.);
#73=ORIENTED_EDGE('',*,*,#520,.T.);
#74=ORIENTED_EDGE('',*,*,#521,.T.);
#75=ORIENTED_EDGE('',*,*,#494,.F.);
#76=ORIENTED_EDGE('',*,*,#522,.F.);
#77=ORIENTED_EDGE('',*,*,#518,.T.);
#78=ORIENTED_EDGE('',*,*,#523,.T.);
#79=ORIENTED_EDGE('',*,*,#524,.F.);
#80=ORIENTED_EDGE('',*,*,#525,.F.);
#81=ORIENTED_EDGE('',*,*,#515,.T.);
#82=ORIENTED_EDGE('',*,*,#526,.T.);
#83=ORIENTED_EDGE('',*,*,#520,.F.);
#84=ORIENTED_EDGE('',*,*,#527,.F.);
#85=ORIENTED_EDGE('',*,*,#524,.T.);
#86=ORIENTED_EDGE('',*,*,#519,.F.);
#87=ORIENTED_EDGE('',*,*,#522,.T.);
#88=ORIENTED_EDGE('',*,*,#501,.T.);
#89=ORIENTED_EDGE('',*,*,#516,.T.);
#90=ORIENTED_EDGE('',*,*,#525,.T.);
#91=ORIENTED_EDGE('',*,*,#527,.T.);
#92=ORIENTED_EDGE('',*,*,#517,.T.);
#93=ORIENTED_EDGE('',*,*,#526,.F.);
#94=ORIENTED_EDGE('',*,*,#523,.F.);
#95=ORIENTED_EDGE('',*,*,#514,.F.);
#96=ORIENTED_EDGE('',*,*,#495,.F.);
#97=ORIENTED_EDGE('',*,*,#521,.F.);
#98=ORIENTED_EDGE('',*,*,#510,.F.);
#99=ORIENTED_EDGE('',*,*,#528,.F.);
#100=ORIENTED_EDGE('',*,*,#529,.T.);
#101=ORIENTED_EDGE('',*,*,#530,.T.);
#102=ORIENTED_EDGE('',*,*,#513,.T.);
#103=ORIENTED_EDGE('',*,*,#531,.F.);
#104=ORIENTED_EDGE('',*,*,#532,.F.);
#105=ORIENTED_EDGE('',*,*,#528,.T.);
#106=ORIENTED_EDGE('',*,*,#512,.T.);
#107=ORIENTED_EDGE('',*,*,#533,.F.);
#108=ORIENTED_EDGE('',*,*,#534,.F.);
#109=ORIENTED_EDGE('',*,*,#531,.T.);
#110=ORIENTED_EDGE('',*,*,#511,.F.);
#111=ORIENTED_EDGE('',*,*,#530,.F.);
#112=ORIENTED_EDGE('',*,*,#535,.T.);
#113=ORIENTED_EDGE('',*,*,#533,.T.);
#114=ORIENTED_EDGE('',*,*,#529,.F.);
#115=ORIENTED_EDGE('',*,*,#532,.T.);
#116=ORIENTED_EDGE('',*,*,#534,.T.);
#117=ORIENTED_EDGE('',*,*,#535,.F.);
#118=ORIENTED_EDGE('',*,*,#536,.F.);
#119=ORIENTED_EDGE('',*,*,#537,.T.);
#120=ORIENTED_EDGE('',*,*,#538,.T.);
#121=ORIENTED_EDGE('',*,*,#539,.F.);
#122=ORIENTED_EDGE('',*,*,#540,.F.);
#123=ORIENTED_EDGE('',*,*,#541,.T.);
#124=ORIENTED_EDGE('',*,*,#542,.T.);
#125=ORIENTED_EDGE('',*,*,#543,.F.);
#126=ORIENTED_EDGE('',*,*,#544,.T.);
#127=ORIENTED_EDGE('',*,*,#545,.T.);
#128=ORIENTED_EDGE('',*,*,#546,.F.);
#129=ORIENTED_EDGE('',*,*,#547,.F.);
#130=ORIENTED_EDGE('',*,*,#548,.F.);
#131=ORIENTED_EDGE('',*,*,#549,.T.);
#132=ORIENTED_EDGE('',*,*,#550,.T.);
#133=ORIENTED_EDGE('',*,*,#551,.F.);
#134=ORIENTED_EDGE('',*,*,#552,.F.);
#135=ORIENTED_EDGE('',*,*,#553,.T.);
#136=ORIENTED_EDGE('',*,*,#554,.T.);
#137=ORIENTED_EDGE('',*,*,#555,.F.);
#138=ORIENTED_EDGE('',*,*,#556,.F.);
#139=ORIENTED_EDGE('',*,*,#557,.T.);
#140=ORIENTED_EDGE('',*,*,#558,.T.);
#141=ORIENTED_EDGE('',*,*,#559,.F.);
#142=ORIENTED_EDGE('',*,*,#560,.F.);
#143=ORIENTED_EDGE('',*,*,#561,.T.);
#144=ORIENTED_EDGE('',*,*,#562,.T.);
#145=ORIENTED_EDGE('',*,*,#563,.F.);
#146=ORIENTED_EDGE('',*,*,#564,.F.);
#147=ORIENTED_EDGE('',*,*,#565,.T.);
#148=ORIENTED_EDGE('',*,*,#566,.T.);
#149=ORIENTED_EDGE('',*,*,#567,.F.);
#150=ORIENTED_EDGE('',*,*,#568,.F.);
#151=ORIENTED_EDGE('',*,*,#569,.T.);
#152=ORIENTED_EDGE('',*,*,#570,.T.);
#153=ORIENTED_EDGE('',*,*,#571,.F.);
#154=ORIENTED_EDGE('',*,*,#572,.F.);
#155=ORIENTED_EDGE('',*,*,#573,.T.);
#156=ORIENTED_EDGE('',*,*,#574,.T.);
#157=ORIENTED_EDGE('',*,*,#575,.F.);
#158=ORIENTED_EDGE('',*,*,#556,.T.);
#159=ORIENTED_EDGE('',*,*,#576,.F.);
#160=ORIENTED_EDGE('',*,*,#544,.F.);
#161=ORIENTED_EDGE('',*,*,#577,.T.);
#162=ORIENTED_EDGE('',*,*,#557,.F.);
#163=ORIENTED_EDGE('',*,*,#577,.F.);
#164=ORIENTED_EDGE('',*,*,#547,.T.);
#165=ORIENTED_EDGE('',*,*,#578,.T.);
#166=ORIENTED_EDGE('',*,*,#558,.F.);
#167=ORIENTED_EDGE('',*,*,#578,.F.);
#168=ORIENTED_EDGE('',*,*,#546,.T.);
#169=ORIENTED_EDGE('',*,*,#579,.T.);
#170=ORIENTED_EDGE('',*,*,#559,.T.);
#171=ORIENTED_EDGE('',*,*,#579,.F.);
#172=ORIENTED_EDGE('',*,*,#545,.F.);
#173=ORIENTED_EDGE('',*,*,#576,.T.);
#174=ORIENTED_EDGE('',*,*,#580,.F.);
#175=ORIENTED_EDGE('',*,*,#581,.T.);
#176=ORIENTED_EDGE('',*,*,#582,.T.);
#177=ORIENTED_EDGE('',*,*,#583,.F.);
#178=ORIENTED_EDGE('',*,*,#562,.F.);
#179=ORIENTED_EDGE('',*,*,#584,.T.);
#180=ORIENTED_EDGE('',*,*,#583,.T.);
#181=ORIENTED_EDGE('',*,*,#585,.F.);
#182=ORIENTED_EDGE('',*,*,#586,.F.);
#183=ORIENTED_EDGE('',*,*,#563,.T.);
#184=ORIENTED_EDGE('',*,*,#585,.T.);
#185=ORIENTED_EDGE('',*,*,#582,.F.);
#186=ORIENTED_EDGE('',*,*,#587,.F.);
#187=ORIENTED_EDGE('',*,*,#560,.T.);
#188=ORIENTED_EDGE('',*,*,#586,.T.);
#189=ORIENTED_EDGE('',*,*,#581,.F.);
#190=ORIENTED_EDGE('',*,*,#561,.F.);
#191=ORIENTED_EDGE('',*,*,#587,.T.);
#192=ORIENTED_EDGE('',*,*,#580,.T.);
#193=ORIENTED_EDGE('',*,*,#584,.F.);
#194=ORIENTED_EDGE('',*,*,#588,.F.);
#195=ORIENTED_EDGE('',*,*,#589,.T.);
#196=ORIENTED_EDGE('',*,*,#590,.T.);
#197=ORIENTED_EDGE('',*,*,#591,.F.);
#198=ORIENTED_EDGE('',*,*,#566,.F.);
#199=ORIENTED_EDGE('',*,*,#592,.T.);
#200=ORIENTED_EDGE('',*,*,#591,.T.);
#201=ORIENTED_EDGE('',*,*,#593,.F.);
#202=ORIENTED_EDGE('',*,*,#594,.F.);
#203=ORIENTED_EDGE('',*,*,#567,.T.);
#204=ORIENTED_EDGE('',*,*,#593,.T.);
#205=ORIENTED_EDGE('',*,*,#590,.F.);
#206=ORIENTED_EDGE('',*,*,#595,.F.);
#207=ORIENTED_EDGE('',*,*,#564,.T.);
#208=ORIENTED_EDGE('',*,*,#594,.T.);
#209=ORIENTED_EDGE('',*,*,#589,.F.);
#210=ORIENTED_EDGE('',*,*,#565,.F.);
#211=ORIENTED_EDGE('',*,*,#595,.T.);
#212=ORIENTED_EDGE('',*,*,#588,.T.);
#213=ORIENTED_EDGE('',*,*,#592,.F.);
#214=ORIENTED_EDGE('',*,*,#596,.F.);
#215=ORIENTED_EDGE('',*,*,#597,.T.);
#216=ORIENTED_EDGE('',*,*,#598,.T.);
#217=ORIENTED_EDGE('',*,*,#599,.F.);
#218=ORIENTED_EDGE('',*,*,#570,.F.);
#219=ORIENTED_EDGE('',*,*,#600,.T.);
#220=ORIENTED_EDGE('',*,*,#599,.T.);
#221=ORIENTED_EDGE('',*,*,#601,.F.);
#222=ORIENTED_EDGE('',*,*,#602,.F.);
#223=ORIENTED_EDGE('',*,*,#571,.T.);
#224=ORIENTED_EDGE('',*,*,#601,.T.);
#225=ORIENTED_EDGE('',*,*,#598,.F.);
#226=ORIENTED_EDGE('',*,*,#603,.F.);
#227=ORIENTED_EDGE('',*,*,#568,.T.);
#228=ORIENTED_EDGE('',*,*,#602,.T.);
#229=ORIENTED_EDGE('',*,*,#597,.F.);
#230=ORIENTED_EDGE('',*,*,#569,.F.);
#231=ORIENTED_EDGE('',*,*,#603,.T.);
#232=ORIENTED_EDGE('',*,*,#596,.T.);
#233=ORIENTED_EDGE('',*,*,#600,.F.);
#234=ORIENTED_EDGE('',*,*,#604,.F.);
#235=ORIENTED_EDGE('',*,*,#605,.T.);
#236=ORIENTED_EDGE('',*,*,#606,.T.);
#237=ORIENTED_EDGE('',*,*,#607,.F.);
#238=ORIENTED_EDGE('',*,*,#574,.F.);
#239=ORIENTED_EDGE('',*,*,#608,.T.);
#240=ORIENTED_EDGE('',*,*,#607,.T.);
#241=ORIENTED_EDGE('',*,*,#609,.F.);
#242=ORIENTED_EDGE('',*,*,#610,.F.);
#243=ORIENTED_EDGE('',*,*,#575,.T.);
#244=ORIENTED_EDGE('',*,*,#609,.T.);
#245=ORIENTED_EDGE('',*,*,#606,.F.);
#246=ORIENTED_EDGE('',*,*,#611,.F.);
#247=ORIENTED_EDGE('',*,*,#572,.T.);
#248=ORIENTED_EDGE('',*,*,#610,.T.);
#249=ORIENTED_EDGE('',*,*,#605,.F.);
#250=ORIENTED_EDGE('',*,*,#573,.F.);
#251=ORIENTED_EDGE('',*,*,#611,.T.);
#252=ORIENTED_EDGE('',*,*,#604,.T.);
#253=ORIENTED_EDGE('',*,*,#608,.F.);
#254=ORIENTED_EDGE('',*,*,#612,.T.);
#255=ORIENTED_EDGE('',*,*,#540,.T.);
#256=ORIENTED_EDGE('',*,*,#613,.F.);
#257=ORIENTED_EDGE('',*,*,#614,.F.);
#258=ORIENTED_EDGE('',*,*,#541,.F.);
#259=ORIENTED_EDGE('',*,*,#612,.F.);
#260=ORIENTED_EDGE('',*,*,#615,.T.);
#261=ORIENTED_EDGE('',*,*,#616,.T.);
#262=ORIENTED_EDGE('',*,*,#542,.F.);
#263=ORIENTED_EDGE('',*,*,#616,.F.);
#264=ORIENTED_EDGE('',*,*,#617,.T.);
#265=ORIENTED_EDGE('',*,*,#618,.T.);
#266=ORIENTED_EDGE('',*,*,#613,.T.);
#267=ORIENTED_EDGE('',*,*,#543,.T.);
#268=ORIENTED_EDGE('',*,*,#618,.F.);
#269=ORIENTED_EDGE('',*,*,#619,.F.);
#270=ORIENTED_EDGE('',*,*,#614,.T.);
#271=ORIENTED_EDGE('',*,*,#619,.T.);
#272=ORIENTED_EDGE('',*,*,#617,.F.);
#273=ORIENTED_EDGE('',*,*,#615,.F.);
#274=ORIENTED_EDGE('',*,*,#620,.T.);
#275=ORIENTED_EDGE('',*,*,#548,.T.);
#276=ORIENTED_EDGE('',*,*,#621,.F.);
#277=ORIENTED_EDGE('',*,*,#622,.F.);
#278=ORIENTED_EDGE('',*,*,#549,.F.);
#279=ORIENTED_EDGE('',*,*,#620,.F.);
#280=ORIENTED_EDGE('',*,*,#623,.T.);
#281=ORIENTED_EDGE('',*,*,#624,.T.);
#282=ORIENTED_EDGE('',*,*,#550,.F.);
#283=ORIENTED_EDGE('',*,*,#624,.F.);
#284=ORIENTED_EDGE('',*,*,#625,.T.);
#285=ORIENTED_EDGE('',*,*,#626,.T.);
#286=ORIENTED_EDGE('',*,*,#621,.T.);
#287=ORIENTED_EDGE('',*,*,#551,.T.);
#288=ORIENTED_EDGE('',*,*,#626,.F.);
#289=ORIENTED_EDGE('',*,*,#627,.F.);
#290=ORIENTED_EDGE('',*,*,#622,.T.);
#291=ORIENTED_EDGE('',*,*,#627,.T.);
#292=ORIENTED_EDGE('',*,*,#625,.F.);
#293=ORIENTED_EDGE('',*,*,#623,.F.);
#294=ORIENTED_EDGE('',*,*,#628,.T.);
#295=ORIENTED_EDGE('',*,*,#536,.T.);
#296=ORIENTED_EDGE('',*,*,#629,.F.);
#297=ORIENTED_EDGE('',*,*,#630,.F.);
#298=ORIENTED_EDGE('',*,*,#537,.F.);
#299=ORIENTED_EDGE('',*,*,#628,.F.);
#300=ORIENTED_EDGE('',*,*,#631,.T.);
#301=ORIENTED_EDGE('',*,*,#632,.T.);
#302=ORIENTED_EDGE('',*,*,#538,.F.);
#303=ORIENTED_EDGE('',*,*,#632,.F.);
#304=ORIENTED_EDGE('',*,*,#633,.T.);
#305=ORIENTED_EDGE('',*,*,#634,.T.);
#306=ORIENTED_EDGE('',*,*,#629,.T.);
#307=ORIENTED_EDGE('',*,*,#539,.T.);
#308=ORIENTED_EDGE('',*,*,#634,.F.);
#309=ORIENTED_EDGE('',*,*,#635,.F.);
#310=ORIENTED_EDGE('',*,*,#630,.T.);
#311=ORIENTED_EDGE('',*,*,#635,.T.);
#312=ORIENTED_EDGE('',*,*,#633,.F.);
#313=ORIENTED_EDGE('',*,*,#631,.F.);
#314=ORIENTED_EDGE('',*,*,#636,.T.);
#315=ORIENTED_EDGE('',*,*,#552,.T.);
#316=ORIENTED_EDGE('',*,*,#637,.F.);
#317=ORIENTED_EDGE('',*,*,#638,.F.);
#318=ORIENTED_EDGE('',*,*,#553,.F.);
#319=ORIENTED_EDGE('',*,*,#636,.F.);
#320=ORIENTED_EDGE('',*,*,#639,.T.);
#321=ORIENTED_EDGE('',*,*,#640,.T.);
#322=ORIENTED_EDGE('',*,*,#554,.F.);
#323=ORIENTED_EDGE('',*,*,#640,.F.);
#324=ORIENTED_EDGE('',*,*,#641,.T.);
#325=ORIENTED_EDGE('',*,*,#642,.T.);
#326=ORIENTED_EDGE('',*,*,#637,.T.);
#327=ORIENTED_EDGE('',*,*,#555,.T.);
#328=ORIENTED_EDGE('',*,*,#642,.F.);
#329=ORIENTED_EDGE('',*,*,#643,.F.);
#330=ORIENTED_EDGE('',*,*,#638,.T.);
#331=ORIENTED_EDGE('',*,*,#643,.T.);
#332=ORIENTED_EDGE('',*,*,#641,.F.);
#333=ORIENTED_EDGE('',*,*,#639,.F.);
#334=ORIENTED_EDGE('',*,*,#644,.F.);
#335=ORIENTED_EDGE('',*,*,#645,.F.);
#336=ORIENTED_EDGE('',*,*,#646,.T.);
#337=ORIENTED_EDGE('',*,*,#647,.T.);
#338=ORIENTED_EDGE('',*,*,#648,.F.);
#339=ORIENTED_EDGE('',*,*,#649,.F.);
#340=ORIENTED_EDGE('',*,*,#650,.T.);
#341=ORIENTED_EDGE('',*,*,#645,.T.);
#342=ORIENTED_EDGE('',*,*,#651,.T.);
#343=ORIENTED_EDGE('',*,*,#652,.F.);
#344=ORIENTED_EDGE('',*,*,#653,.F.);
#345=ORIENTED_EDGE('',*,*,#649,.T.);
#346=ORIENTED_EDGE('',*,*,#654,.T.);
#347=ORIENTED_EDGE('',*,*,#655,.F.);
#348=ORIENTED_EDGE('',*,*,#656,.F.);
#349=ORIENTED_EDGE('',*,*,#652,.T.);
#350=ORIENTED_EDGE('',*,*,#657,.F.);
#351=ORIENTED_EDGE('',*,*,#658,.F.);
#352=ORIENTED_EDGE('',*,*,#659,.T.);
#353=ORIENTED_EDGE('',*,*,#655,.T.);
#354=ORIENTED_EDGE('',*,*,#660,.T.);
#355=ORIENTED_EDGE('',*,*,#661,.F.);
#356=ORIENTED_EDGE('',*,*,#662,.F.);
#357=ORIENTED_EDGE('',*,*,#658,.T.);
#358=ORIENTED_EDGE('',*,*,#663,.F.);
#359=ORIENTED_EDGE('',*,*,#664,.F.);
#360=ORIENTED_EDGE('',*,*,#665,.T.);
#361=ORIENTED_EDGE('',*,*,#661,.T.);
#362=ORIENTED_EDGE('',*,*,#666,.T.);
#363=ORIENTED_EDGE('',*,*,#667,.F.);
#364=ORIENTED_EDGE('',*,*,#668,.T.);
#365=ORIENTED_EDGE('',*,*,#669,.F.);
#366=ORIENTED_EDGE('',*,*,#670,.T.);
#367=ORIENTED_EDGE('',*,*,#671,.F.);
#368=ORIENTED_EDGE('',*,*,#672,.F.);
#369=ORIENTED_EDGE('',*,*,#647,.F.);
#370=ORIENTED_EDGE('',*,*,#673,.T.);
#371=ORIENTED_EDGE('',*,*,#664,.T.);
#372=ORIENTED_EDGE('',*,*,#674,.T.);
#373=ORIENTED_EDGE('',*,*,#675,.F.);
#374=ORIENTED_EDGE('',*,*,#676,.F.);
#375=ORIENTED_EDGE('',*,*,#677,.T.);
#376=ORIENTED_EDGE('',*,*,#678,.T.);
#377=ORIENTED_EDGE('',*,*,#679,.F.);
#378=ORIENTED_EDGE('',*,*,#646,.F.);
#379=ORIENTED_EDGE('',*,*,#650,.F.);
#380=ORIENTED_EDGE('',*,*,#653,.T.);
#381=ORIENTED_EDGE('',*,*,#656,.T.);
#382=ORIENTED_EDGE('',*,*,#659,.F.);
#383=ORIENTED_EDGE('',*,*,#662,.T.);
#384=ORIENTED_EDGE('',*,*,#665,.F.);
#385=ORIENTED_EDGE('',*,*,#673,.F.);
#386=ORIENTED_EDGE('',*,*,#670,.F.);
#387=ORIENTED_EDGE('',*,*,#668,.F.);
#388=ORIENTED_EDGE('',*,*,#666,.F.);
#389=ORIENTED_EDGE('',*,*,#674,.F.);
#390=ORIENTED_EDGE('',*,*,#680,.F.);
#391=ORIENTED_EDGE('',*,*,#681,.T.);
#392=ORIENTED_EDGE('',*,*,#682,.T.);
#393=ORIENTED_EDGE('',*,*,#683,.F.);
#394=ORIENTED_EDGE('',*,*,#684,.F.);
#395=ORIENTED_EDGE('',*,*,#685,.T.);
#396=ORIENTED_EDGE('',*,*,#686,.T.);
#397=ORIENTED_EDGE('',*,*,#687,.F.);
#398=ORIENTED_EDGE('',*,*,#688,.F.);
#399=ORIENTED_EDGE('',*,*,#689,.T.);
#400=ORIENTED_EDGE('',*,*,#690,.T.);
#401=ORIENTED_EDGE('',*,*,#691,.F.);
#402=ORIENTED_EDGE('',*,*,#644,.T.);
#403=ORIENTED_EDGE('',*,*,#672,.T.);
#404=ORIENTED_EDGE('',*,*,#663,.T.);
#405=ORIENTED_EDGE('',*,*,#660,.F.);
#406=ORIENTED_EDGE('',*,*,#657,.T.);
#407=ORIENTED_EDGE('',*,*,#654,.F.);
#408=ORIENTED_EDGE('',*,*,#651,.F.);
#409=ORIENTED_EDGE('',*,*,#648,.T.);
#410=ORIENTED_EDGE('',*,*,#671,.T.);
#411=ORIENTED_EDGE('',*,*,#669,.T.);
#412=ORIENTED_EDGE('',*,*,#667,.T.);
#413=ORIENTED_EDGE('',*,*,#675,.T.);
#414=ORIENTED_EDGE('',*,*,#689,.F.);
#415=ORIENTED_EDGE('',*,*,#692,.F.);
#416=ORIENTED_EDGE('',*,*,#693,.T.);
#417=ORIENTED_EDGE('',*,*,#694,.T.);
#418=ORIENTED_EDGE('',*,*,#688,.T.);
#419=ORIENTED_EDGE('',*,*,#695,.F.);
#420=ORIENTED_EDGE('',*,*,#696,.F.);
#421=ORIENTED_EDGE('',*,*,#692,.T.);
#422=ORIENTED_EDGE('',*,*,#691,.T.);
#423=ORIENTED_EDGE('',*,*,#697,.F.);
#424=ORIENTED_EDGE('',*,*,#698,.F.);
#425=ORIENTED_EDGE('',*,*,#695,.T.);
#426=ORIENTED_EDGE('',*,*,#690,.F.);
#427=ORIENTED_EDGE('',*,*,#694,.F.);
#428=ORIENTED_EDGE('',*,*,#699,.T.);
#429=ORIENTED_EDGE('',*,*,#697,.T.);
#430=ORIENTED_EDGE('',*,*,#693,.F.);
#431=ORIENTED_EDGE('',*,*,#696,.T.);
#432=ORIENTED_EDGE('',*,*,#698,.T.);
#433=ORIENTED_EDGE('',*,*,#699,.F.);
#434=ORIENTED_EDGE('',*,*,#685,.F.);
#435=ORIENTED_EDGE('',*,*,#700,.F.);
#436=ORIENTED_EDGE('',*,*,#701,.T.);
#437=ORIENTED_EDGE('',*,*,#702,.T.);
#438=ORIENTED_EDGE('',*,*,#684,.T.);
#439=ORIENTED_EDGE('',*,*,#703,.F.);
#440=ORIENTED_EDGE('',*,*,#704,.F.);
#441=ORIENTED_EDGE('',*,*,#700,.T.);
#442=ORIENTED_EDGE('',*,*,#687,.T.);
#443=ORIENTED_EDGE('',*,*,#705,.F.);
#444=ORIENTED_EDGE('',*,*,#706,.F.);
#445=ORIENTED_EDGE('',*,*,#703,.T.);
#446=ORIENTED_EDGE('',*,*,#686,.F.);
#447=ORIENTED_EDGE('',*,*,#702,.F.);
#448=ORIENTED_EDGE('',*,*,#707,.T.);
#449=ORIENTED_EDGE('',*,*,#705,.T.);
#450=ORIENTED_EDGE('',*,*,#701,.F.);
#451=ORIENTED_EDGE('',*,*,#704,.T.);
#452=ORIENTED_EDGE('',*,*,#706,.T.);
#453=ORIENTED_EDGE('',*,*,#707,.F.);
#454=ORIENTED_EDGE('',*,*,#681,.F.);
#455=ORIENTED_EDGE('',*,*,#708,.F.);
#456=ORIENTED_EDGE('',*,*,#709,.T.);
#457=ORIENTED_EDGE('',*,*,#710,.T.);
#458=ORIENTED_EDGE('',*,*,#680,.T.);
#459=ORIENTED_EDGE('',*,*,#711,.F.);
#460=ORIENTED_EDGE('',*,*,#712,.F.);
#461=ORIENTED_EDGE('',*,*,#708,.T.);
#462=ORIENTED_EDGE('',*,*,#683,.T.);
#463=ORIENTED_EDGE('',*,*,#713,.F.);
#464=ORIENTED_EDGE('',*,*,#714,.F.);
#465=ORIENTED_EDGE('',*,*,#711,.T.);
#466=ORIENTED_EDGE('',*,*,#682,.F.);
#467=ORIENTED_EDGE('',*,*,#710,.F.);
#468=ORIENTED_EDGE('',*,*,#715,.T.);
#469=ORIENTED_EDGE('',*,*,#713,.T.);
#470=ORIENTED_EDGE('',*,*,#709,.F.);
#471=ORIENTED_EDGE('',*,*,#712,.T.);
#472=ORIENTED_EDGE('',*,*,#714,.T.);
#473=ORIENTED_EDGE('',*,*,#715,.F.);
#474=ORIENTED_EDGE('',*,*,#676,.T.);
#475=ORIENTED_EDGE('',*,*,#716,.F.);
#476=ORIENTED_EDGE('',*,*,#717,.F.);
#477=ORIENTED_EDGE('',*,*,#718,.T.);
#478=ORIENTED_EDGE('',*,*,#679,.T.);
#479=ORIENTED_EDGE('',*,*,#719,.F.);
#480=ORIENTED_EDGE('',*,*,#720,.F.);
#481=ORIENTED_EDGE('',*,*,#716,.T.);
#482=ORIENTED_EDGE('',*,*,#678,.F.);
#483=ORIENTED_EDGE('',*,*,#721,.F.);
#484=ORIENTED_EDGE('',*,*,#722,.T.);
#485=ORIENTED_EDGE('',*,*,#719,.T.);
#486=ORIENTED_EDGE('',*,*,#677,.F.);
#487=ORIENTED_EDGE('',*,*,#718,.F.);
#488=ORIENTED_EDGE('',*,*,#723,.T.);
#489=ORIENTED_EDGE('',*,*,#721,.T.);
#490=ORIENTED_EDGE('',*,*,#717,.T.);
#491=ORIENTED_EDGE('',*,*,#720,.T.);
#492=ORIENTED_EDGE('',*,*,#722,.F.);
#493=ORIENTED_EDGE('',*,*,#723,.F.);
#494=EDGE_CURVE('',#724,#725,#880,.T.);
#495=EDGE_CURVE('',#725,#726,#881,.T.);
#496=EDGE_CURVE('',#726,#727,#882,.T.);
#497=EDGE_CURVE('',#727,#728,#883,.T.);
#498=EDGE_CURVE('',#729,#728,#884,.T.);
#499=EDGE_CURVE('',#730,#729,#885,.T.);
#500=EDGE_CURVE('',#730,#731,#886,.T.);
#501=EDGE_CURVE('',#724,#731,#887,.T.);
#502=EDGE_CURVE('',#732,#729,#888,.T.);
#503=EDGE_CURVE('',#733,#732,#889,.T.);
#504=EDGE_CURVE('',#733,#730,#890,.T.);
#505=EDGE_CURVE('',#732,#734,#891,.T.);
#506=EDGE_CURVE('',#735,#734,#892,.T.);
#507=EDGE_CURVE('',#733,#735,#893,.T.);
#508=EDGE_CURVE('',#734,#728,#894,.T.);
#509=EDGE_CURVE('',#735,#727,#895,.T.);
#510=EDGE_CURVE('',#736,#737,#896,.T.);
#511=EDGE_CURVE('',#737,#738,#897,.T.);
#512=EDGE_CURVE('',#739,#738,#898,.T.);
#513=EDGE_CURVE('',#736,#739,#899,.T.);
#514=EDGE_CURVE('',#726,#740,#900,.T.);
#515=EDGE_CURVE('',#741,#740,#901,.T.);
#516=EDGE_CURVE('',#731,#741,#902,.T.);
#517=EDGE_CURVE('',#742,#743,#16,.T.);
#518=EDGE_CURVE('',#744,#742,#903,.T.);
#519=EDGE_CURVE('',#744,#745,#17,.T.);
#520=EDGE_CURVE('',#745,#743,#904,.T.);
#521=EDGE_CURVE('',#742,#725,#905,.T.);
#522=EDGE_CURVE('',#744,#724,#906,.T.);
#523=EDGE_CURVE('',#740,#746,#18,.T.);
#524=EDGE_CURVE('',#747,#746,#907,.T.);
#525=EDGE_CURVE('',#741,#747,#19,.T.);
#526=EDGE_CURVE('',#746,#743,#908,.T.);
#527=EDGE_CURVE('',#747,#745,#909,.T.);
#528=EDGE_CURVE('',#748,#736,#910,.T.);
#529=EDGE_CURVE('',#748,#749,#911,.T.);
#530=EDGE_CURVE('',#749,#737,#912,.T.);
#531=EDGE_CURVE('',#750,#739,#913,.T.);
#532=EDGE_CURVE('',#748,#750,#914,.T.);
#533=EDGE_CURVE('',#751,#738,#915,.T.);
#534=EDGE_CURVE('',#750,#751,#916,.T.);
#535=EDGE_CURVE('',#749,#751,#917,.T.);
#536=EDGE_CURVE('',#752,#753,#918,.T.);
#537=EDGE_CURVE('',#752,#754,#919,.T.);
#538=EDGE_CURVE('',#754,#755,#920,.T.);
#539=EDGE_CURVE('',#753,#755,#921,.T.);
#540=EDGE_CURVE('',#756,#757,#922,.T.);
#541=EDGE_CURVE('',#756,#758,#923,.T.);
#542=EDGE_CURVE('',#758,#759,#924,.T.);
#543=EDGE_CURVE('',#757,#759,#925,.T.);
#544=EDGE_CURVE('',#760,#761,#926,.T.);
#545=EDGE_CURVE('',#761,#762,#927,.T.);
#546=EDGE_CURVE('',#763,#762,#928,.T.);
#547=EDGE_CURVE('',#760,#763,#929,.T.);
#548=EDGE_CURVE('',#764,#765,#930,.T.);
#549=EDGE_CURVE('',#764,#766,#931,.T.);
#550=EDGE_CURVE('',#766,#767,#932,.T.);
#551=EDGE_CURVE('',#765,#767,#933,.T.);
#552=EDGE_CURVE('',#768,#769,#934,.T.);
#553=EDGE_CURVE('',#768,#770,#935,.T.);
#554=EDGE_CURVE('',#770,#771,#936,.T.);
#555=EDGE_CURVE('',#769,#771,#937,.T.);
#556=EDGE_CURVE('',#772,#773,#938,.T.);
#557=EDGE_CURVE('',#772,#774,#939,.T.);
#558=EDGE_CURVE('',#774,#775,#940,.T.);
#559=EDGE_CURVE('',#773,#775,#941,.T.);
#560=EDGE_CURVE('',#776,#777,#942,.T.);
#561=EDGE_CURVE('',#776,#778,#943,.T.);
#562=EDGE_CURVE('',#778,#779,#944,.T.);
#563=EDGE_CURVE('',#777,#779,#945,.T.);
#564=EDGE_CURVE('',#780,#781,#946,.T.);
#565=EDGE_CURVE('',#780,#782,#947,.T.);
#566=EDGE_CURVE('',#782,#783,#948,.T.);
#567=EDGE_CURVE('',#781,#783,#949,.T.);
#568=EDGE_CURVE('',#784,#785,#950,.T.);
#569=EDGE_CURVE('',#784,#786,#951,.T.);
#570=EDGE_CURVE('',#786,#787,#952,.T.);
#571=EDGE_CURVE('',#785,#787,#953,.T.);
#572=EDGE_CURVE('',#788,#789,#954,.T.);
#573=EDGE_CURVE('',#788,#790,#955,.T.);
#574=EDGE_CURVE('',#790,#791,#956,.T.);
#575=EDGE_CURVE('',#789,#791,#957,.T.);
#576=EDGE_CURVE('',#761,#773,#958,.T.);
#577=EDGE_CURVE('',#760,#772,#959,.T.);
#578=EDGE_CURVE('',#763,#774,#960,.T.);
#579=EDGE_CURVE('',#762,#775,#961,.T.);
#580=EDGE_CURVE('',#792,#793,#962,.T.);
#581=EDGE_CURVE('',#792,#794,#963,.T.);
#582=EDGE_CURVE('',#794,#795,#964,.T.);
#583=EDGE_CURVE('',#793,#795,#965,.T.);
#584=EDGE_CURVE('',#778,#793,#966,.T.);
#585=EDGE_CURVE('',#779,#795,#967,.T.);
#586=EDGE_CURVE('',#777,#794,#968,.T.);
#587=EDGE_CURVE('',#776,#792,#969,.T.);
#588=EDGE_CURVE('',#796,#797,#970,.T.);
#589=EDGE_CURVE('',#796,#798,#971,.T.);
#590=EDGE_CURVE('',#798,#799,#972,.T.);
#591=EDGE_CURVE('',#797,#799,#973,.T.);
#592=EDGE_CURVE('',#782,#797,#974,.T.);
#593=EDGE_CURVE('',#783,#799,#975,.T.);
#594=EDGE_CURVE('',#781,#798,#976,.T.);
#595=EDGE_CURVE('',#780,#796,#977,.T.);
#596=EDGE_CURVE('',#800,#801,#978,.T.);
#597=EDGE_CURVE('',#800,#802,#979,.T.);
#598=EDGE_CURVE('',#802,#803,#980,.T.);
#599=EDGE_CURVE('',#801,#803,#981,.T.);
#600=EDGE_CURVE('',#786,#801,#982,.T.);
#601=EDGE_CURVE('',#787,#803,#983,.T.);
#602=EDGE_CURVE('',#785,#802,#984,.T.);
#603=EDGE_CURVE('',#784,#800,#985,.T.);
#604=EDGE_CURVE('',#804,#805,#986,.T.);
#605=EDGE_CURVE('',#804,#806,#987,.T.);
#606=EDGE_CURVE('',#806,#807,#988,.T.);
#607=EDGE_CURVE('',#805,#807,#989,.T.);
#608=EDGE_CURVE('',#790,#805,#990,.T.);
#609=EDGE_CURVE('',#791,#807,#991,.T.);
#610=EDGE_CURVE('',#789,#806,#992,.T.);
#611=EDGE_CURVE('',#788,#804,#993,.T.);
#612=EDGE_CURVE('',#808,#756,#994,.T.);
#613=EDGE_CURVE('',#809,#757,#995,.T.);
#614=EDGE_CURVE('',#808,#809,#996,.T.);
#615=EDGE_CURVE('',#808,#810,#997,.T.);
#616=EDGE_CURVE('',#810,#758,#998,.T.);
#617=EDGE_CURVE('',#810,#811,#999,.T.);
#618=EDGE_CURVE('',#811,#759,#1000,.T.);
#619=EDGE_CURVE('',#809,#811,#1001,.T.);
#620=EDGE_CURVE('',#812,#764,#1002,.T.);
#621=EDGE_CURVE('',#813,#765,#1003,.T.);
#622=EDGE_CURVE('',#812,#813,#1004,.T.);
#623=EDGE_CURVE('',#812,#814,#1005,.T.);
#624=EDGE_CURVE('',#814,#766,#1006,.T.);
#625=EDGE_CURVE('',#814,#815,#1007,.T.);
#626=EDGE_CURVE('',#815,#767,#1008,.T.);
#627=EDGE_CURVE('',#813,#815,#1009,.T.);
#628=EDGE_CURVE('',#816,#752,#1010,.T.);
#629=EDGE_CURVE('',#817,#753,#1011,.T.);
#630=EDGE_CURVE('',#816,#817,#1012,.T.);
#631=EDGE_CURVE('',#816,#818,#1013,.T.);
#632=EDGE_CURVE('',#818,#754,#1014,.T.);
#633=EDGE_CURVE('',#818,#819,#1015,.T.);
#634=EDGE_CURVE('',#819,#755,#1016,.T.);
#635=EDGE_CURVE('',#817,#819,#1017,.T.);
#636=EDGE_CURVE('',#820,#768,#1018,.T.);
#637=EDGE_CURVE('',#821,#769,#1019,.T.);
#638=EDGE_CURVE('',#820,#821,#1020,.T.);
#639=EDGE_CURVE('',#820,#822,#1021,.T.);
#640=EDGE_CURVE('',#822,#770,#1022,.T.);
#641=EDGE_CURVE('',#822,#823,#1023,.T.);
#642=EDGE_CURVE('',#823,#771,#1024,.T.);
#643=EDGE_CURVE('',#821,#823,#1025,.T.);
#644=EDGE_CURVE('',#824,#825,#1026,.T.);
#645=EDGE_CURVE('',#826,#824,#1027,.T.);
#646=EDGE_CURVE('',#826,#827,#1028,.T.);
#647=EDGE_CURVE('',#827,#825,#1029,.T.);
#648=EDGE_CURVE('',#828,#824,#1030,.T.);
#649=EDGE_CURVE('',#829,#828,#1031,.T.);
#650=EDGE_CURVE('',#829,#826,#1032,.T.);
#651=EDGE_CURVE('',#828,#830,#1033,.T.);
#652=EDGE_CURVE('',#831,#830,#1034,.T.);
#653=EDGE_CURVE('',#829,#831,#1035,.T.);
#654=EDGE_CURVE('',#830,#832,#1036,.T.);
#655=EDGE_CURVE('',#833,#832,#1037,.T.);
#656=EDGE_CURVE('',#831,#833,#1038,.T.);
#657=EDGE_CURVE('',#834,#832,#1039,.T.);
#658=EDGE_CURVE('',#835,#834,#1040,.T.);
#659=EDGE_CURVE('',#835,#833,#1041,.T.);
#660=EDGE_CURVE('',#834,#836,#1042,.T.);
#661=EDGE_CURVE('',#837,#836,#1043,.T.);
#662=EDGE_CURVE('',#835,#837,#1044,.T.);
#663=EDGE_CURVE('',#838,#836,#1045,.T.);
#664=EDGE_CURVE('',#839,#838,#1046,.T.);
#665=EDGE_CURVE('',#839,#837,#1047,.T.);
#666=EDGE_CURVE('',#840,#840,#20,.T.);
#667=EDGE_CURVE('',#841,#841,#21,.T.);
#668=EDGE_CURVE('',#842,#842,#22,.T.);
#669=EDGE_CURVE('',#843,#843,#23,.T.);
#670=EDGE_CURVE('',#844,#844,#24,.T.);
#671=EDGE_CURVE('',#845,#845,#25,.T.);
#672=EDGE_CURVE('',#825,#838,#1048,.T.);
#673=EDGE_CURVE('',#827,#839,#1049,.T.);
#674=EDGE_CURVE('',#846,#846,#26,.T.);
#675=EDGE_CURVE('',#847,#847,#27,.T.);
#676=EDGE_CURVE('',#848,#849,#1050,.T.);
#677=EDGE_CURVE('',#848,#850,#1051,.T.);
#678=EDGE_CURVE('',#850,#851,#1052,.T.);
#679=EDGE_CURVE('',#849,#851,#1053,.T.);
#680=EDGE_CURVE('',#852,#853,#1054,.T.);
#681=EDGE_CURVE('',#852,#854,#1055,.T.);
#682=EDGE_CURVE('',#854,#855,#1056,.T.);
#683=EDGE_CURVE('',#853,#855,#1057,.T.);
#684=EDGE_CURVE('',#856,#857,#1058,.T.);
#685=EDGE_CURVE('',#856,#858,#1059,.T.);
#686=EDGE_CURVE('',#858,#859,#1060,.T.);
#687=EDGE_CURVE('',#857,#859,#1061,.T.);
#688=EDGE_CURVE('',#860,#861,#1062,.T.);
#689=EDGE_CURVE('',#860,#862,#1063,.T.);
#690=EDGE_CURVE('',#862,#863,#1064,.T.);
#691=EDGE_CURVE('',#861,#863,#1065,.T.);
#692=EDGE_CURVE('',#864,#860,#1066,.T.);
#693=EDGE_CURVE('',#864,#865,#1067,.T.);
#694=EDGE_CURVE('',#865,#862,#1068,.T.);
#695=EDGE_CURVE('',#866,#861,#1069,.T.);
#696=EDGE_CURVE('',#864,#866,#1070,.T.);
#697=EDGE_CURVE('',#867,#863,#1071,.T.);
#698=EDGE_CURVE('',#866,#867,#1072,.T.);
#699=EDGE_CURVE('',#865,#867,#1073,.T.);
#700=EDGE_CURVE('',#868,#856,#1074,.T.);
#701=EDGE_CURVE('',#868,#869,#1075,.T.);
#702=EDGE_CURVE('',#869,#858,#1076,.T.);
#703=EDGE_CURVE('',#870,#857,#1077,.T.);
#704=EDGE_CURVE('',#868,#870,#1078,.T.);
#705=EDGE_CURVE('',#871,#859,#1079,.T.);
#706=EDGE_CURVE('',#870,#871,#1080,.T.);
#707=EDGE_CURVE('',#869,#871,#1081,.T.);
#708=EDGE_CURVE('',#872,#852,#1082,.T.);
#709=EDGE_CURVE('',#872,#873,#1083,.T.);
#710=EDGE_CURVE('',#873,#854,#1084,.T.);
#711=EDGE_CURVE('',#874,#853,#1085,.T.);
#712=EDGE_CURVE('',#872,#874,#1086,.T.);
#713=EDGE_CURVE('',#875,#855,#1087,.T.);
#714=EDGE_CURVE('',#874,#875,#1088,.T.);
#715=EDGE_CURVE('',#873,#875,#1089,.T.);
#716=EDGE_CURVE('',#876,#849,#1090,.T.);
#717=EDGE_CURVE('',#877,#876,#1091,.T.);
#718=EDGE_CURVE('',#877,#848,#1092,.T.);
#719=EDGE_CURVE('',#878,#851,#1093,.T.);
#720=EDGE_CURVE('',#876,#878,#1094,.T.);
#721=EDGE_CURVE('',#879,#850,#1095,.T.);
#722=EDGE_CURVE('',#879,#878,#1096,.T.);
#723=EDGE_CURVE('',#877,#879,#1097,.T.);
#724=VERTEX_POINT('',#2341);
#725=VERTEX_POINT('',#2342);
#726=VERTEX_POINT('',#2344);
#727=VERTEX_POINT('',#2346);
#728=VERTEX_POINT('',#2348);
#729=VERTEX_POINT('',#2350);
#730=VERTEX_POINT('',#2352);
#731=VERTEX_POINT('',#2354);
#732=VERTEX_POINT('',#2358);
#733=VERTEX_POINT('',#2360);
#734=VERTEX_POINT('',#2364);
#735=VERTEX_POINT('',#2366);
#736=VERTEX_POINT('',#2373);
#737=VERTEX_POINT('',#2374);
#738=VERTEX_POINT('',#2376);
#739=VERTEX_POINT('',#2378);
#740=VERTEX_POINT('',#2381);
#741=VERTEX_POINT('',#2383);
#742=VERTEX_POINT('',#2388);
#743=VERTEX_POINT('',#2389);
#744=VERTEX_POINT('',#2391);
#745=VERTEX_POINT('',#2393);
#746=VERTEX_POINT('',#2400);
#747=VERTEX_POINT('',#2402);
#748=VERTEX_POINT('',#2411);
#749=VERTEX_POINT('',#2413);
#750=VERTEX_POINT('',#2417);
#751=VERTEX_POINT('',#2421);
#752=VERTEX_POINT('',#2429);
#753=VERTEX_POINT('',#2430);
#754=VERTEX_POINT('',#2432);
#755=VERTEX_POINT('',#2434);
#756=VERTEX_POINT('',#2437);
#757=VERTEX_POINT('',#2438);
#758=VERTEX_POINT('',#2440);
#759=VERTEX_POINT('',#2442);
#760=VERTEX_POINT('',#2445);
#761=VERTEX_POINT('',#2446);
#762=VERTEX_POINT('',#2448);
#763=VERTEX_POINT('',#2450);
#764=VERTEX_POINT('',#2453);
#765=VERTEX_POINT('',#2454);
#766=VERTEX_POINT('',#2456);
#767=VERTEX_POINT('',#2458);
#768=VERTEX_POINT('',#2461);
#769=VERTEX_POINT('',#2462);
#770=VERTEX_POINT('',#2464);
#771=VERTEX_POINT('',#2466);
#772=VERTEX_POINT('',#2470);
#773=VERTEX_POINT('',#2471);
#774=VERTEX_POINT('',#2473);
#775=VERTEX_POINT('',#2475);
#776=VERTEX_POINT('',#2478);
#777=VERTEX_POINT('',#2479);
#778=VERTEX_POINT('',#2481);
#779=VERTEX_POINT('',#2483);
#780=VERTEX_POINT('',#2486);
#781=VERTEX_POINT('',#2487);
#782=VERTEX_POINT('',#2489);
#783=VERTEX_POINT('',#2491);
#784=VERTEX_POINT('',#2494);
#785=VERTEX_POINT('',#2495);
#786=VERTEX_POINT('',#2497);
#787=VERTEX_POINT('',#2499);
#788=VERTEX_POINT('',#2502);
#789=VERTEX_POINT('',#2503);
#790=VERTEX_POINT('',#2505);
#791=VERTEX_POINT('',#2507);
#792=VERTEX_POINT('',#2519);
#793=VERTEX_POINT('',#2520);
#794=VERTEX_POINT('',#2522);
#795=VERTEX_POINT('',#2524);
#796=VERTEX_POINT('',#2536);
#797=VERTEX_POINT('',#2537);
#798=VERTEX_POINT('',#2539);
#799=VERTEX_POINT('',#2541);
#800=VERTEX_POINT('',#2553);
#801=VERTEX_POINT('',#2554);
#802=VERTEX_POINT('',#2556);
#803=VERTEX_POINT('',#2558);
#804=VERTEX_POINT('',#2570);
#805=VERTEX_POINT('',#2571);
#806=VERTEX_POINT('',#2573);
#807=VERTEX_POINT('',#2575);
#808=VERTEX_POINT('',#2587);
#809=VERTEX_POINT('',#2589);
#810=VERTEX_POINT('',#2593);
#811=VERTEX_POINT('',#2597);
#812=VERTEX_POINT('',#2604);
#813=VERTEX_POINT('',#2606);
#814=VERTEX_POINT('',#2610);
#815=VERTEX_POINT('',#2614);
#816=VERTEX_POINT('',#2621);
#817=VERTEX_POINT('',#2623);
#818=VERTEX_POINT('',#2627);
#819=VERTEX_POINT('',#2631);
#820=VERTEX_POINT('',#2638);
#821=VERTEX_POINT('',#2640);
#822=VERTEX_POINT('',#2644);
#823=VERTEX_POINT('',#2648);
#824=VERTEX_POINT('',#2656);
#825=VERTEX_POINT('',#2657);
#826=VERTEX_POINT('',#2659);
#827=VERTEX_POINT('',#2661);
#828=VERTEX_POINT('',#2665);
#829=VERTEX_POINT('',#2667);
#830=VERTEX_POINT('',#2671);
#831=VERTEX_POINT('',#2673);
#832=VERTEX_POINT('',#2677);
#833=VERTEX_POINT('',#2679);
#834=VERTEX_POINT('',#2683);
#835=VERTEX_POINT('',#2685);
#836=VERTEX_POINT('',#2689);
#837=VERTEX_POINT('',#2691);
#838=VERTEX_POINT('',#2695);
#839=VERTEX_POINT('',#2697);
#840=VERTEX_POINT('',#2701);
#841=VERTEX_POINT('',#2703);
#842=VERTEX_POINT('',#2706);
#843=VERTEX_POINT('',#2708);
#844=VERTEX_POINT('',#2711);
#845=VERTEX_POINT('',#2713);
#846=VERTEX_POINT('',#2719);
#847=VERTEX_POINT('',#2721);
#848=VERTEX_POINT('',#2724);
#849=VERTEX_POINT('',#2725);
#850=VERTEX_POINT('',#2727);
#851=VERTEX_POINT('',#2729);
#852=VERTEX_POINT('',#2733);
#853=VERTEX_POINT('',#2734);
#854=VERTEX_POINT('',#2736);
#855=VERTEX_POINT('',#2738);
#856=VERTEX_POINT('',#2741);
#857=VERTEX_POINT('',#2742);
#858=VERTEX_POINT('',#2744);
#859=VERTEX_POINT('',#2746);
#860=VERTEX_POINT('',#2749);
#861=VERTEX_POINT('',#2750);
#862=VERTEX_POINT('',#2752);
#863=VERTEX_POINT('',#2754);
#864=VERTEX_POINT('',#2758);
#865=VERTEX_POINT('',#2760);
#866=VERTEX_POINT('',#2764);
#867=VERTEX_POINT('',#2768);
#868=VERTEX_POINT('',#2775);
#869=VERTEX_POINT('',#2777);
#870=VERTEX_POINT('',#2781);
#871=VERTEX_POINT('',#2785);
#872=VERTEX_POINT('',#2792);
#873=VERTEX_POINT('',#2794);
#874=VERTEX_POINT('',#2798);
#875=VERTEX_POINT('',#2802);
#876=VERTEX_POINT('',#2809);
#877=VERTEX_POINT('',#2811);
#878=VERTEX_POINT('',#2815);
#879=VERTEX_POINT('',#2819);
#880=LINE('',#2340,#1098);
#881=LINE('',#2343,#1099);
#882=LINE('',#2345,#1100);
#883=LINE('',#2347,#1101);
#884=LINE('',#2349,#1102);
#885=LINE('',#2351,#1103);
#886=LINE('',#2353,#1104);
#887=LINE('',#2355,#1105);
#888=LINE('',#2357,#1106);
#889=LINE('',#2359,#1107);
#890=LINE('',#2361,#1108);
#891=LINE('',#2363,#1109);
#892=LINE('',#2365,#1110);
#893=LINE('',#2367,#1111);
#894=LINE('',#2369,#1112);
#895=LINE('',#2370,#1113);
#896=LINE('',#2372,#1114);
#897=LINE('',#2375,#1115);
#898=LINE('',#2377,#1116);
#899=LINE('',#2379,#1117);
#900=LINE('',#2380,#1118);
#901=LINE('',#2382,#1119);
#902=LINE('',#2384,#1120);
#903=LINE('',#2390,#1121);
#904=LINE('',#2394,#1122);
#905=LINE('',#2396,#1123);
#906=LINE('',#2397,#1124);
#907=LINE('',#2401,#1125);
#908=LINE('',#2405,#1126);
#909=LINE('',#2406,#1127);
#910=LINE('',#2410,#1128);
#911=LINE('',#2412,#1129);
#912=LINE('',#2414,#1130);
#913=LINE('',#2416,#1131);
#914=LINE('',#2418,#1132);
#915=LINE('',#2420,#1133);
#916=LINE('',#2422,#1134);
#917=LINE('',#2424,#1135);
#918=LINE('',#2428,#1136);
#919=LINE('',#2431,#1137);
#920=LINE('',#2433,#1138);
#921=LINE('',#2435,#1139);
#922=LINE('',#2436,#1140);
#923=LINE('',#2439,#1141);
#924=LINE('',#2441,#1142);
#925=LINE('',#2443,#1143);
#926=LINE('',#2444,#1144);
#927=LINE('',#2447,#1145);
#928=LINE('',#2449,#1146);
#929=LINE('',#2451,#1147);
#930=LINE('',#2452,#1148);
#931=LINE('',#2455,#1149);
#932=LINE('',#2457,#1150);
#933=LINE('',#2459,#1151);
#934=LINE('',#2460,#1152);
#935=LINE('',#2463,#1153);
#936=LINE('',#2465,#1154);
#937=LINE('',#2467,#1155);
#938=LINE('',#2469,#1156);
#939=LINE('',#2472,#1157);
#940=LINE('',#2474,#1158);
#941=LINE('',#2476,#1159);
#942=LINE('',#2477,#1160);
#943=LINE('',#2480,#1161);
#944=LINE('',#2482,#1162);
#945=LINE('',#2484,#1163);
#946=LINE('',#2485,#1164);
#947=LINE('',#2488,#1165);
#948=LINE('',#2490,#1166);
#949=LINE('',#2492,#1167);
#950=LINE('',#2493,#1168);
#951=LINE('',#2496,#1169);
#952=LINE('',#2498,#1170);
#953=LINE('',#2500,#1171);
#954=LINE('',#2501,#1172);
#955=LINE('',#2504,#1173);
#956=LINE('',#2506,#1174);
#957=LINE('',#2508,#1175);
#958=LINE('',#2510,#1176);
#959=LINE('',#2511,#1177);
#960=LINE('',#2513,#1178);
#961=LINE('',#2515,#1179);
#962=LINE('',#2518,#1180);
#963=LINE('',#2521,#1181);
#964=LINE('',#2523,#1182);
#965=LINE('',#2525,#1183);
#966=LINE('',#2527,#1184);
#967=LINE('',#2528,#1185);
#968=LINE('',#2530,#1186);
#969=LINE('',#2532,#1187);
#970=LINE('',#2535,#1188);
#971=LINE('',#2538,#1189);
#972=LINE('',#2540,#1190);
#973=LINE('',#2542,#1191);
#974=LINE('',#2544,#1192);
#975=LINE('',#2545,#1193);
#976=LINE('',#2547,#1194);
#977=LINE('',#2549,#1195);
#978=LINE('',#2552,#1196);
#979=LINE('',#2555,#1197);
#980=LINE('',#2557,#1198);
#981=LINE('',#2559,#1199);
#982=LINE('',#2561,#1200);
#983=LINE('',#2562,#1201);
#984=LINE('',#2564,#1202);
#985=LINE('',#2566,#1203);
#986=LINE('',#2569,#1204);
#987=LINE('',#2572,#1205);
#988=LINE('',#2574,#1206);
#989=LINE('',#2576,#1207);
#990=LINE('',#2578,#1208);
#991=LINE('',#2579,#1209);
#992=LINE('',#2581,#1210);
#993=LINE('',#2583,#1211);
#994=LINE('',#2586,#1212);
#995=LINE('',#2588,#1213);
#996=LINE('',#2590,#1214);
#997=LINE('',#2592,#1215);
#998=LINE('',#2594,#1216);
#999=LINE('',#2596,#1217);
#1000=LINE('',#2598,#1218);
#1001=LINE('',#2600,#1219);
#1002=LINE('',#2603,#1220);
#1003=LINE('',#2605,#1221);
#1004=LINE('',#2607,#1222);
#1005=LINE('',#2609,#1223);
#1006=LINE('',#2611,#1224);
#1007=LINE('',#2613,#1225);
#1008=LINE('',#2615,#1226);
#1009=LINE('',#2617,#1227);
#1010=LINE('',#2620,#1228);
#1011=LINE('',#2622,#1229);
#1012=LINE('',#2624,#1230);
#1013=LINE('',#2626,#1231);
#1014=LINE('',#2628,#1232);
#1015=LINE('',#2630,#1233);
#1016=LINE('',#2632,#1234);
#1017=LINE('',#2634,#1235);
#1018=LINE('',#2637,#1236);
#1019=LINE('',#2639,#1237);
#1020=LINE('',#2641,#1238);
#1021=LINE('',#2643,#1239);
#1022=LINE('',#2645,#1240);
#1023=LINE('',#2647,#1241);
#1024=LINE('',#2649,#1242);
#1025=LINE('',#2651,#1243);
#1026=LINE('',#2655,#1244);
#1027=LINE('',#2658,#1245);
#1028=LINE('',#2660,#1246);
#1029=LINE('',#2662,#1247);
#1030=LINE('',#2664,#1248);
#1031=LINE('',#2666,#1249);
#1032=LINE('',#2668,#1250);
#1033=LINE('',#2670,#1251);
#1034=LINE('',#2672,#1252);
#1035=LINE('',#2674,#1253);
#1036=LINE('',#2676,#1254);
#1037=LINE('',#2678,#1255);
#1038=LINE('',#2680,#1256);
#1039=LINE('',#2682,#1257);
#1040=LINE('',#2684,#1258);
#1041=LINE('',#2686,#1259);
#1042=LINE('',#2688,#1260);
#1043=LINE('',#2690,#1261);
#1044=LINE('',#2692,#1262);
#1045=LINE('',#2694,#1263);
#1046=LINE('',#2696,#1264);
#1047=LINE('',#2698,#1265);
#1048=LINE('',#2715,#1266);
#1049=LINE('',#2716,#1267);
#1050=LINE('',#2723,#1268);
#1051=LINE('',#2726,#1269);
#1052=LINE('',#2728,#1270);
#1053=LINE('',#2730,#1271);
#1054=LINE('',#2732,#1272);
#1055=LINE('',#2735,#1273);
#1056=LINE('',#2737,#1274);
#1057=LINE('',#2739,#1275);
#1058=LINE('',#2740,#1276);
#1059=LINE('',#2743,#1277);
#1060=LINE('',#2745,#1278);
#1061=LINE('',#2747,#1279);
#1062=LINE('',#2748,#1280);
#1063=LINE('',#2751,#1281);
#1064=LINE('',#2753,#1282);
#1065=LINE('',#2755,#1283);
#1066=LINE('',#2757,#1284);
#1067=LINE('',#2759,#1285);
#1068=LINE('',#2761,#1286);
#1069=LINE('',#2763,#1287);
#1070=LINE('',#2765,#1288);
#1071=LINE('',#2767,#1289);
#1072=LINE('',#2769,#1290);
#1073=LINE('',#2771,#1291);
#1074=LINE('',#2774,#1292);
#1075=LINE('',#2776,#1293);
#1076=LINE('',#2778,#1294);
#1077=LINE('',#2780,#1295);
#1078=LINE('',#2782,#1296);
#1079=LINE('',#2784,#1297);
#1080=LINE('',#2786,#1298);
#1081=LINE('',#2788,#1299);
#1082=LINE('',#2791,#1300);
#1083=LINE('',#2793,#1301);
#1084=LINE('',#2795,#1302);
#1085=LINE('',#2797,#1303);
#1086=LINE('',#2799,#1304);
#1087=LINE('',#2801,#1305);
#1088=LINE('',#2803,#1306);
#1089=LINE('',#2805,#1307);
#1090=LINE('',#2808,#1308);
#1091=LINE('',#2810,#1309);
#1092=LINE('',#2812,#1310);
#1093=LINE('',#2814,#1311);
#1094=LINE('',#2816,#1312);
#1095=LINE('',#2818,#1313);
#1096=LINE('',#2820,#1314);
#1097=LINE('',#2822,#1315);
#1098=VECTOR('',#1900,1.);
#1099=VECTOR('',#1901,1.);
#1100=VECTOR('',#1902,1.);
#1101=VECTOR('',#1903,1.);
#1102=VECTOR('',#1904,1.);
#1103=VECTOR('',#1905,1.);
#1104=VECTOR('',#1906,1.);
#1105=VECTOR('',#1907,1.);
#1106=VECTOR('',#1910,1.);
#1107=VECTOR('',#1911,1.);
#1108=VECTOR('',#1912,1.);
#1109=VECTOR('',#1915,1.);
#1110=VECTOR('',#1916,1.);
#1111=VECTOR('',#1917,1.);
#1112=VECTOR('',#1920,1.);
#1113=VECTOR('',#1921,1.);
#1114=VECTOR('',#1924,1.);
#1115=VECTOR('',#1925,1.);
#1116=VECTOR('',#1926,1.);
#1117=VECTOR('',#1927,1.);
#1118=VECTOR('',#1928,1.);
#1119=VECTOR('',#1929,1.);
#1120=VECTOR('',#1930,1.);
#1121=VECTOR('',#1937,1.);
#1122=VECTOR('',#1940,1.);
#1123=VECTOR('',#1943,1.);
#1124=VECTOR('',#1944,1.);
#1125=VECTOR('',#1949,1.);
#1126=VECTOR('',#1954,1.);
#1127=VECTOR('',#1955,1.);
#1128=VECTOR('',#1962,1.);
#1129=VECTOR('',#1963,1.);
#1130=VECTOR('',#1964,1.);
#1131=VECTOR('',#1967,1.);
#1132=VECTOR('',#1968,1.);
#1133=VECTOR('',#1971,1.);
#1134=VECTOR('',#1972,1.);
#1135=VECTOR('',#1975,1.);
#1136=VECTOR('',#1982,1.);
#1137=VECTOR('',#1983,1.);
#1138=VECTOR('',#1984,1.);
#1139=VECTOR('',#1985,1.);
#1140=VECTOR('',#1986,1.);
#1141=VECTOR('',#1987,1.);
#1142=VECTOR('',#1988,1.);
#1143=VECTOR('',#1989,1.);
#1144=VECTOR('',#1990,1.);
#1145=VECTOR('',#1991,1.);
#1146=VECTOR('',#1992,1.);
#1147=VECTOR('',#1993,1.);
#1148=VECTOR('',#1994,1.);
#1149=VECTOR('',#1995,1.);
#1150=VECTOR('',#1996,1.);
#1151=VECTOR('',#1997,1.);
#1152=VECTOR('',#1998,1.);
#1153=VECTOR('',#1999,1.);
#1154=VECTOR('',#2000,1.);
#1155=VECTOR('',#2001,1.);
#1156=VECTOR('',#2004,1.);
#1157=VECTOR('',#2005,1.);
#1158=VECTOR('',#2006,1.);
#1159=VECTOR('',#2007,1.);
#1160=VECTOR('',#2008,1.);
#1161=VECTOR('',#2009,1.);
#1162=VECTOR('',#2010,1.);
#1163=VECTOR('',#2011,1.);
#1164=VECTOR('',#2012,1.);
#1165=VECTOR('',#2013,1.);
#1166=VECTOR('',#2014,1.);
#1167=VECTOR('',#2015,1.);
#1168=VECTOR('',#2016,1.);
#1169=VECTOR('',#2017,1.);
#1170=VECTOR('',#2018,1.);
#1171=VECTOR('',#2019,1.);
#1172=VECTOR('',#2020,1.);
#1173=VECTOR('',#2021,1.);
#1174=VECTOR('',#2022,1.);
#1175=VECTOR('',#2023,1.);
#1176=VECTOR('',#2026,1.);
#1177=VECTOR('',#2027,1.);
#1178=VECTOR('',#2030,1.);
#1179=VECTOR('',#2033,1.);
#1180=VECTOR('',#2038,1.);
#1181=VECTOR('',#2039,1.);
#1182=VECTOR('',#2040,1.);
#1183=VECTOR('',#2041,1.);
#1184=VECTOR('',#2044,1.);
#1185=VECTOR('',#2045,1.);
#1186=VECTOR('',#2048,1.);
#1187=VECTOR('',#2051,1.);
#1188=VECTOR('',#2056,1.);
#1189=VECTOR('',#2057,1.);
#1190=VECTOR('',#2058,1.);
#1191=VECTOR('',#2059,1.);
#1192=VECTOR('',#2062,1.);
#1193=VECTOR('',#2063,1.);
#1194=VECTOR('',#2066,1.);
#1195=VECTOR('',#2069,1.);
#1196=VECTOR('',#2074,1.);
#1197=VECTOR('',#2075,1.);
#1198=VECTOR('',#2076,1.);
#1199=VECTOR('',#2077,1.);
#1200=VECTOR('',#2080,1.);
#1201=VECTOR('',#2081,1.);
#1202=VECTOR('',#2084,1.);
#1203=VECTOR('',#2087,1.);
#1204=VECTOR('',#2092,1.);
#1205=VECTOR('',#2093,1.);
#1206=VECTOR('',#2094,1.);
#1207=VECTOR('',#2095,1.);
#1208=VECTOR('',#2098,1.);
#1209=VECTOR('',#2099,1.);
#1210=VECTOR('',#2102,1.);
#1211=VECTOR('',#2105,1.);
#1212=VECTOR('',#2110,1.);
#1213=VECTOR('',#2111,1.);
#1214=VECTOR('',#2112,1.);
#1215=VECTOR('',#2115,1.);
#1216=VECTOR('',#2116,1.);
#1217=VECTOR('',#2119,1.);
#1218=VECTOR('',#2120,1.);
#1219=VECTOR('',#2123,1.);
#1220=VECTOR('',#2128,1.);
#1221=VECTOR('',#2129,1.);
#1222=VECTOR('',#2130,1.);
#1223=VECTOR('',#2133,1.);
#1224=VECTOR('',#2134,1.);
#1225=VECTOR('',#2137,1.);
#1226=VECTOR('',#2138,1.);
#1227=VECTOR('',#2141,1.);
#1228=VECTOR('',#2146,1.);
#1229=VECTOR('',#2147,1.);
#1230=VECTOR('',#2148,1.);
#1231=VECTOR('',#2151,1.);
#1232=VECTOR('',#2152,1.);
#1233=VECTOR('',#2155,1.);
#1234=VECTOR('',#2156,1.);
#1235=VECTOR('',#2159,1.);
#1236=VECTOR('',#2164,1.);
#1237=VECTOR('',#2165,1.);
#1238=VECTOR('',#2166,1.);
#1239=VECTOR('',#2169,1.);
#1240=VECTOR('',#2170,1.);
#1241=VECTOR('',#2173,1.);
#1242=VECTOR('',#2174,1.);
#1243=VECTOR('',#2177,1.);
#1244=VECTOR('',#2184,1.);
#1245=VECTOR('',#2185,1.);
#1246=VECTOR('',#2186,1.);
#1247=VECTOR('',#2187,1.);
#1248=VECTOR('',#2190,1.);
#1249=VECTOR('',#2191,1.);
#1250=VECTOR('',#2192,1.);
#1251=VECTOR('',#2195,1.);
#1252=VECTOR('',#2196,1.);
#1253=VECTOR('',#2197,1.);
#1254=VECTOR('',#2200,1.);
#1255=VECTOR('',#2201,1.);
#1256=VECTOR('',#2202,1.);
#1257=VECTOR('',#2205,1.);
#1258=VECTOR('',#2206,1.);
#1259=VECTOR('',#2207,1.);
#1260=VECTOR('',#2210,1.);
#1261=VECTOR('',#2211,1.);
#1262=VECTOR('',#2212,1.);
#1263=VECTOR('',#2215,1.);
#1264=VECTOR('',#2216,1.);
#1265=VECTOR('',#2217,1.);
#1266=VECTOR('',#2238,1.);
#1267=VECTOR('',#2239,1.);
#1268=VECTOR('',#2248,1.);
#1269=VECTOR('',#2249,1.);
#1270=VECTOR('',#2250,1.);
#1271=VECTOR('',#2251,1.);
#1272=VECTOR('',#2254,1.);
#1273=VECTOR('',#2255,1.);
#1274=VECTOR('',#2256,1.);
#1275=VECTOR('',#2257,1.);
#1276=VECTOR('',#2258,1.);
#1277=VECTOR('',#2259,1.);
#1278=VECTOR('',#2260,1.);
#1279=VECTOR('',#2261,1.);
#1280=VECTOR('',#2262,1.);
#1281=VECTOR('',#2263,1.);
#1282=VECTOR('',#2264,1.);
#1283=VECTOR('',#2265,1.);
#1284=VECTOR('',#2268,1.);
#1285=VECTOR('',#2269,1.);
#1286=VECTOR('',#2270,1.);
#1287=VECTOR('',#2273,1.);
#1288=VECTOR('',#2274,1.);
#1289=VECTOR('',#2277,1.);
#1290=VECTOR('',#2278,1.);
#1291=VECTOR('',#2281,1.);
#1292=VECTOR('',#2286,1.);
#1293=VECTOR('',#2287,1.);
#1294=VECTOR('',#2288,1.);
#1295=VECTOR('',#2291,1.);
#1296=VECTOR('',#2292,1.);
#1297=VECTOR('',#2295,1.);
#1298=VECTOR('',#2296,1.);
#1299=VECTOR('',#2299,1.);
#1300=VECTOR('',#2304,1.);
#1301=VECTOR('',#2305,1.);
#1302=VECTOR('',#2306,1.);
#1303=VECTOR('',#2309,1.);
#1304=VECTOR('',#2310,1.);
#1305=VECTOR('',#2313,1.);
#1306=VECTOR('',#2314,1.);
#1307=VECTOR('',#2317,1.);
#1308=VECTOR('',#2322,1.);
#1309=VECTOR('',#2323,1.);
#1310=VECTOR('',#2324,1.);
#1311=VECTOR('',#2327,1.);
#1312=VECTOR('',#2328,1.);
#1313=VECTOR('',#2331,1.);
#1314=VECTOR('',#2332,1.);
#1315=VECTOR('',#2335,1.);
#1316=EDGE_LOOP('',(#34,#35,#36,#37,#38,#39,#40,#41));
#1317=EDGE_LOOP('',(#42,#43,#44,#45));
#1318=EDGE_LOOP('',(#46,#47,#48,#49));
#1319=EDGE_LOOP('',(#50,#51,#52,#53));
#1320=EDGE_LOOP('',(#54,#55,#56,#57));
#1321=EDGE_LOOP('',(#58,#59,#60,#61,#62,#63,#64,#65));
#1322=EDGE_LOOP('',(#66,#67,#68,#69));
#1323=EDGE_LOOP('',(#70,#71,#72,#73));
#1324=EDGE_LOOP('',(#74,#75,#76,#77));
#1325=EDGE_LOOP('',(#78,#79,#80,#81));
#1326=EDGE_LOOP('',(#82,#83,#84,#85));
#1327=EDGE_LOOP('',(#86,#87,#88,#89,#90,#91));
#1328=EDGE_LOOP('',(#92,#93,#94,#95,#96,#97));
#1329=EDGE_LOOP('',(#98,#99,#100,#101));
#1330=EDGE_LOOP('',(#102,#103,#104,#105));
#1331=EDGE_LOOP('',(#106,#107,#108,#109));
#1332=EDGE_LOOP('',(#110,#111,#112,#113));
#1333=EDGE_LOOP('',(#114,#115,#116,#117));
#1334=EDGE_LOOP('',(#118,#119,#120,#121));
#1335=EDGE_LOOP('',(#122,#123,#124,#125));
#1336=EDGE_LOOP('',(#126,#127,#128,#129));
#1337=EDGE_LOOP('',(#130,#131,#132,#133));
#1338=EDGE_LOOP('',(#134,#135,#136,#137));
#1339=EDGE_LOOP('',(#138,#139,#140,#141));
#1340=EDGE_LOOP('',(#142,#143,#144,#145));
#1341=EDGE_LOOP('',(#146,#147,#148,#149));
#1342=EDGE_LOOP('',(#150,#151,#152,#153));
#1343=EDGE_LOOP('',(#154,#155,#156,#157));
#1344=EDGE_LOOP('',(#158,#159,#160,#161));
#1345=EDGE_LOOP('',(#162,#163,#164,#165));
#1346=EDGE_LOOP('',(#166,#167,#168,#169));
#1347=EDGE_LOOP('',(#170,#171,#172,#173));
#1348=EDGE_LOOP('',(#174,#175,#176,#177));
#1349=EDGE_LOOP('',(#178,#179,#180,#181));
#1350=EDGE_LOOP('',(#182,#183,#184,#185));
#1351=EDGE_LOOP('',(#186,#187,#188,#189));
#1352=EDGE_LOOP('',(#190,#191,#192,#193));
#1353=EDGE_LOOP('',(#194,#195,#196,#197));
#1354=EDGE_LOOP('',(#198,#199,#200,#201));
#1355=EDGE_LOOP('',(#202,#203,#204,#205));
#1356=EDGE_LOOP('',(#206,#207,#208,#209));
#1357=EDGE_LOOP('',(#210,#211,#212,#213));
#1358=EDGE_LOOP('',(#214,#215,#216,#217));
#1359=EDGE_LOOP('',(#218,#219,#220,#221));
#1360=EDGE_LOOP('',(#222,#223,#224,#225));
#1361=EDGE_LOOP('',(#226,#227,#228,#229));
#1362=EDGE_LOOP('',(#230,#231,#232,#233));
#1363=EDGE_LOOP('',(#234,#235,#236,#237));
#1364=EDGE_LOOP('',(#238,#239,#240,#241));
#1365=EDGE_LOOP('',(#242,#243,#244,#245));
#1366=EDGE_LOOP('',(#246,#247,#248,#249));
#1367=EDGE_LOOP('',(#250,#251,#252,#253));
#1368=EDGE_LOOP('',(#254,#255,#256,#257));
#1369=EDGE_LOOP('',(#258,#259,#260,#261));
#1370=EDGE_LOOP('',(#262,#263,#264,#265));
#1371=EDGE_LOOP('',(#266,#267,#268,#269));
#1372=EDGE_LOOP('',(#270,#271,#272,#273));
#1373=EDGE_LOOP('',(#274,#275,#276,#277));
#1374=EDGE_LOOP('',(#278,#279,#280,#281));
#1375=EDGE_LOOP('',(#282,#283,#284,#285));
#1376=EDGE_LOOP('',(#286,#287,#288,#289));
#1377=EDGE_LOOP('',(#290,#291,#292,#293));
#1378=EDGE_LOOP('',(#294,#295,#296,#297));
#1379=EDGE_LOOP('',(#298,#299,#300,#301));
#1380=EDGE_LOOP('',(#302,#303,#304,#305));
#1381=EDGE_LOOP('',(#306,#307,#308,#309));
#1382=EDGE_LOOP('',(#310,#311,#312,#313));
#1383=EDGE_LOOP('',(#314,#315,#316,#317));
#1384=EDGE_LOOP('',(#318,#319,#320,#321));
#1385=EDGE_LOOP('',(#322,#323,#324,#325));
#1386=EDGE_LOOP('',(#326,#327,#328,#329));
#1387=EDGE_LOOP('',(#330,#331,#332,#333));
#1388=EDGE_LOOP('',(#334,#335,#336,#337));
#1389=EDGE_LOOP('',(#338,#339,#340,#341));
#1390=EDGE_LOOP('',(#342,#343,#344,#345));
#1391=EDGE_LOOP('',(#346,#347,#348,#349));
#1392=EDGE_LOOP('',(#350,#351,#352,#353));
#1393=EDGE_LOOP('',(#354,#355,#356,#357));
#1394=EDGE_LOOP('',(#358,#359,#360,#361));
#1395=EDGE_LOOP('',(#362));
#1396=EDGE_LOOP('',(#363));
#1397=EDGE_LOOP('',(#364));
#1398=EDGE_LOOP('',(#365));
#1399=EDGE_LOOP('',(#366));
#1400=EDGE_LOOP('',(#367));
#1401=EDGE_LOOP('',(#368,#369,#370,#371));
#1402=EDGE_LOOP('',(#372));
#1403=EDGE_LOOP('',(#373));
#1404=EDGE_LOOP('',(#374,#375,#376,#377));
#1405=EDGE_LOOP('',(#378,#379,#380,#381,#382,#383,#384,#385));
#1406=EDGE_LOOP('',(#386));
#1407=EDGE_LOOP('',(#387));
#1408=EDGE_LOOP('',(#388));
#1409=EDGE_LOOP('',(#389));
#1410=EDGE_LOOP('',(#390,#391,#392,#393));
#1411=EDGE_LOOP('',(#394,#395,#396,#397));
#1412=EDGE_LOOP('',(#398,#399,#400,#401));
#1413=EDGE_LOOP('',(#402,#403,#404,#405,#406,#407,#408,#409));
#1414=EDGE_LOOP('',(#410));
#1415=EDGE_LOOP('',(#411));
#1416=EDGE_LOOP('',(#412));
#1417=EDGE_LOOP('',(#413));
#1418=EDGE_LOOP('',(#414,#415,#416,#417));
#1419=EDGE_LOOP('',(#418,#419,#420,#421));
#1420=EDGE_LOOP('',(#422,#423,#424,#425));
#1421=EDGE_LOOP('',(#426,#427,#428,#429));
#1422=EDGE_LOOP('',(#430,#431,#432,#433));
#1423=EDGE_LOOP('',(#434,#435,#436,#437));
#1424=EDGE_LOOP('',(#438,#439,#440,#441));
#1425=EDGE_LOOP('',(#442,#443,#444,#445));
#1426=EDGE_LOOP('',(#446,#447,#448,#449));
#1427=EDGE_LOOP('',(#450,#451,#452,#453));
#1428=EDGE_LOOP('',(#454,#455,#456,#457));
#1429=EDGE_LOOP('',(#458,#459,#460,#461));
#1430=EDGE_LOOP('',(#462,#463,#464,#465));
#1431=EDGE_LOOP('',(#466,#467,#468,#469));
#1432=EDGE_LOOP('',(#470,#471,#472,#473));
#1433=EDGE_LOOP('',(#474,#475,#476,#477));
#1434=EDGE_LOOP('',(#478,#479,#480,#481));
#1435=EDGE_LOOP('',(#482,#483,#484,#485));
#1436=EDGE_LOOP('',(#486,#487,#488,#489));
#1437=EDGE_LOOP('',(#490,#491,#492,#493));
#1438=FACE_BOUND('',#1316,.T.);
#1439=FACE_BOUND('',#1317,.T.);
#1440=FACE_BOUND('',#1318,.T.);
#1441=FACE_BOUND('',#1319,.T.);
#1442=FACE_BOUND('',#1320,.T.);
#1443=FACE_BOUND('',#1321,.T.);
#1444=FACE_BOUND('',#1322,.T.);
#1445=FACE_BOUND('',#1323,.T.);
#1446=FACE_BOUND('',#1324,.T.);
#1447=FACE_BOUND('',#1325,.T.);
#1448=FACE_BOUND('',#1326,.T.);
#1449=FACE_BOUND('',#1327,.T.);
#1450=FACE_BOUND('',#1328,.T.);
#1451=FACE_BOUND('',#1329,.T.);
#1452=FACE_BOUND('',#1330,.T.);
#1453=FACE_BOUND('',#1331,.T.);
#1454=FACE_BOUND('',#1332,.T.);
#1455=FACE_BOUND('',#1333,.T.);
#1456=FACE_BOUND('',#1334,.T.);
#1457=FACE_BOUND('',#1335,.T.);
#1458=FACE_BOUND('',#1336,.T.);
#1459=FACE_BOUND('',#1337,.T.);
#1460=FACE_BOUND('',#1338,.T.);
#1461=FACE_BOUND('',#1339,.T.);
#1462=FACE_BOUND('',#1340,.T.);
#1463=FACE_BOUND('',#1341,.T.);
#1464=FACE_BOUND('',#1342,.T.);
#1465=FACE_BOUND('',#1343,.T.);
#1466=FACE_BOUND('',#1344,.T.);
#1467=FACE_BOUND('',#1345,.T.);
#1468=FACE_BOUND('',#1346,.T.);
#1469=FACE_BOUND('',#1347,.T.);
#1470=FACE_BOUND('',#1348,.T.);
#1471=FACE_BOUND('',#1349,.T.);
#1472=FACE_BOUND('',#1350,.T.);
#1473=FACE_BOUND('',#1351,.T.);
#1474=FACE_BOUND('',#1352,.T.);
#1475=FACE_BOUND('',#1353,.T.);
#1476=FACE_BOUND('',#1354,.T.);
#1477=FACE_BOUND('',#1355,.T.);
#1478=FACE_BOUND('',#1356,.T.);
#1479=FACE_BOUND('',#1357,.T.);
#1480=FACE_BOUND('',#1358,.T.);
#1481=FACE_BOUND('',#1359,.T.);
#1482=FACE_BOUND('',#1360,.T.);
#1483=FACE_BOUND('',#1361,.T.);
#1484=FACE_BOUND('',#1362,.T.);
#1485=FACE_BOUND('',#1363,.T.);
#1486=FACE_BOUND('',#1364,.T.);
#1487=FACE_BOUND('',#1365,.T.);
#1488=FACE_BOUND('',#1366,.T.);
#1489=FACE_BOUND('',#1367,.T.);
#1490=FACE_BOUND('',#1368,.T.);
#1491=FACE_BOUND('',#1369,.T.);
#1492=FACE_BOUND('',#1370,.T.);
#1493=FACE_BOUND('',#1371,.T.);
#1494=FACE_BOUND('',#1372,.T.);
#1495=FACE_BOUND('',#1373,.T.);
#1496=FACE_BOUND('',#1374,.T.);
#1497=FACE_BOUND('',#1375,.T.);
#1498=FACE_BOUND('',#1376,.T.);
#1499=FACE_BOUND('',#1377,.T.);
#1500=FACE_BOUND('',#1378,.T.);
#1501=FACE_BOUND('',#1379,.T.);
#1502=FACE_BOUND('',#1380,.T.);
#1503=FACE_BOUND('',#1381,.T.);
#1504=FACE_BOUND('',#1382,.T.);
#1505=FACE_BOUND('',#1383,.T.);
#1506=FACE_BOUND('',#1384,.T.);
#1507=FACE_BOUND('',#1385,.T.);
#1508=FACE_BOUND('',#1386,.T.);
#1509=FACE_BOUND('',#1387,.T.);
#1510=FACE_BOUND('',#1388,.T.);
#1511=FACE_BOUND('',#1389,.T.);
#1512=FACE_BOUND('',#1390,.T.);
#1513=FACE_BOUND('',#1391,.T.);
#1514=FACE_BOUND('',#1392,.T.);
#1515=FACE_BOUND('',#1393,.T.);
#1516=FACE_BOUND('',#1394,.T.);
#1517=FACE_BOUND('',#1395,.T.);
#1518=FACE_BOUND('',#1396,.T.);
#1519=FACE_BOUND('',#1397,.T.);
#1520=FACE_BOUND('',#1398,.T.);
#1521=FACE_BOUND('',#1399,.T.);
#1522=FACE_BOUND('',#1400,.T.);
#1523=FACE_BOUND('',#1401,.T.);
#1524=FACE_BOUND('',#1402,.T.);
#1525=FACE_BOUND('',#1403,.T.);
#1526=FACE_BOUND('',#1404,.T.);
#1527=FACE_BOUND('',#1405,.T.);
#1528=FACE_BOUND('',#1406,.T.);
#1529=FACE_BOUND('',#1407,.T.);
#1530=FACE_BOUND('',#1408,.T.);
#1531=FACE_BOUND('',#1409,.T.);
#1532=FACE_BOUND('',#1410,.T.);
#1533=FACE_BOUND('',#1411,.T.);
#1534=FACE_BOUND('',#1412,.T.);
#1535=FACE_BOUND('',#1413,.T.);
#1536=FACE_BOUND('',#1414,.T.);
#1537=FACE_BOUND('',#1415,.T.);
#1538=FACE_BOUND('',#1416,.T.);
#1539=FACE_BOUND('',#1417,.T.);
#1540=FACE_BOUND('',#1418,.T.);
#1541=FACE_BOUND('',#1419,.T.);
#1542=FACE_BOUND('',#1420,.T.);
#1543=FACE_BOUND('',#1421,.T.);
#1544=FACE_BOUND('',#1422,.T.);
#1545=FACE_BOUND('',#1423,.T.);
#1546=FACE_BOUND('',#1424,.T.);
#1547=FACE_BOUND('',#1425,.T.);
#1548=FACE_BOUND('',#1426,.T.);
#1549=FACE_BOUND('',#1427,.T.);
#1550=FACE_BOUND('',#1428,.T.);
#1551=FACE_BOUND('',#1429,.T.);
#1552=FACE_BOUND('',#1430,.T.);
#1553=FACE_BOUND('',#1431,.T.);
#1554=FACE_BOUND('',#1432,.T.);
#1555=FACE_BOUND('',#1433,.T.);
#1556=FACE_BOUND('',#1434,.T.);
#1557=FACE_BOUND('',#1435,.T.);
#1558=FACE_BOUND('',#1436,.T.);
#1559=FACE_BOUND('',#1437,.T.);
#1560=PLANE('',#1785);
#1561=PLANE('',#1786);
#1562=PLANE('',#1787);
#1563=PLANE('',#1788);
#1564=PLANE('',#1789);
#1565=PLANE('',#1790);
#1566=PLANE('',#1794);
#1567=PLANE('',#1798);
#1568=PLANE('',#1799);
#1569=PLANE('',#1800);
#1570=PLANE('',#1801);
#1571=PLANE('',#1802);
#1572=PLANE('',#1803);
#1573=PLANE('',#1804);
#1574=PLANE('',#1805);
#1575=PLANE('',#1807);
#1576=PLANE('',#1808);
#1577=PLANE('',#1809);
#1578=PLANE('',#1810);
#1579=PLANE('',#1811);
#1580=PLANE('',#1812);
#1581=PLANE('',#1813);
#1582=PLANE('',#1814);
#1583=PLANE('',#1815);
#1584=PLANE('',#1816);
#1585=PLANE('',#1817);
#1586=PLANE('',#1818);
#1587=PLANE('',#1819);
#1588=PLANE('',#1820);
#1589=PLANE('',#1821);
#1590=PLANE('',#1822);
#1591=PLANE('',#1823);
#1592=PLANE('',#1824);
#1593=PLANE('',#1825);
#1594=PLANE('',#1826);
#1595=PLANE('',#1827);
#1596=PLANE('',#1828);
#1597=PLANE('',#1829);
#1598=PLANE('',#1830);
#1599=PLANE('',#1831);
#1600=PLANE('',#1832);
#1601=PLANE('',#1833);
#1602=PLANE('',#1834);
#1603=PLANE('',#1835);
#1604=PLANE('',#1836);
#1605=PLANE('',#1837);
#1606=PLANE('',#1838);
#1607=PLANE('',#1839);
#1608=PLANE('',#1840);
#1609=PLANE('',#1841);
#1610=PLANE('',#1842);
#1611=PLANE('',#1843);
#1612=PLANE('',#1844);
#1613=PLANE('',#1845);
#1614=PLANE('',#1846);
#1615=PLANE('',#1847);
#1616=PLANE('',#1848);
#1617=PLANE('',#1849);
#1618=PLANE('',#1850);
#1619=PLANE('',#1851);
#1620=PLANE('',#1852);
#1621=PLANE('',#1854);
#1622=PLANE('',#1855);
#1623=PLANE('',#1856);
#1624=PLANE('',#1857);
#1625=PLANE('',#1858);
#1626=PLANE('',#1859);
#1627=PLANE('',#1860);
#1628=PLANE('',#1870);
#1629=PLANE('',#1874);
#1630=PLANE('',#1875);
#1631=PLANE('',#1876);
#1632=PLANE('',#1877);
#1633=PLANE('',#1878);
#1634=PLANE('',#1879);
#1635=PLANE('',#1880);
#1636=PLANE('',#1881);
#1637=PLANE('',#1882);
#1638=PLANE('',#1883);
#1639=PLANE('',#1884);
#1640=PLANE('',#1885);
#1641=PLANE('',#1886);
#1642=PLANE('',#1887);
#1643=PLANE('',#1888);
#1644=PLANE('',#1889);
#1645=PLANE('',#1890);
#1646=PLANE('',#1891);
#1647=PLANE('',#1892);
#1648=PLANE('',#1893);
#1649=PLANE('',#1894);
#1650=PLANE('',#1895);
#1651=ADVANCED_FACE('',(#1438),#1560,.T.);
#1652=ADVANCED_FACE('',(#1439),#1561,.T.);
#1653=ADVANCED_FACE('',(#1440),#1562,.F.);
#1654=ADVANCED_FACE('',(#1441),#1563,.F.);
#1655=ADVANCED_FACE('',(#1442,#1443),#1564,.T.);
#1656=ADVANCED_FACE('',(#1444),#1565,.F.);
#1657=ADVANCED_FACE('',(#1445),#28,.F.);
#1658=ADVANCED_FACE('',(#1446),#1566,.F.);
#1659=ADVANCED_FACE('',(#1447),#29,.T.);
#1660=ADVANCED_FACE('',(#1448),#1567,.F.);
#1661=ADVANCED_FACE('',(#1449),#1568,.T.);
#1662=ADVANCED_FACE('',(#1450),#1569,.F.);
#1663=ADVANCED_FACE('',(#1451),#1570,.T.);
#1664=ADVANCED_FACE('',(#1452),#1571,.F.);
#1665=ADVANCED_FACE('',(#1453),#1572,.F.);
#1666=ADVANCED_FACE('',(#1454),#1573,.T.);
#1667=ADVANCED_FACE('',(#1455),#1574,.T.);
#1668=ADVANCED_FACE('',(#1456,#1457,#1458,#1459,#1460),#1575,.F.);
#1669=ADVANCED_FACE('',(#1461,#1462,#1463,#1464,#1465),#1576,.T.);
#1670=ADVANCED_FACE('',(#1466),#1577,.F.);
#1671=ADVANCED_FACE('',(#1467),#1578,.T.);
#1672=ADVANCED_FACE('',(#1468),#1579,.T.);
#1673=ADVANCED_FACE('',(#1469),#1580,.F.);
#1674=ADVANCED_FACE('',(#1470),#1581,.T.);
#1675=ADVANCED_FACE('',(#1471),#1582,.F.);
#1676=ADVANCED_FACE('',(#1472),#1583,.T.);
#1677=ADVANCED_FACE('',(#1473),#1584,.T.);
#1678=ADVANCED_FACE('',(#1474),#1585,.F.);
#1679=ADVANCED_FACE('',(#1475),#1586,.T.);
#1680=ADVANCED_FACE('',(#1476),#1587,.F.);
#1681=ADVANCED_FACE('',(#1477),#1588,.T.);
#1682=ADVANCED_FACE('',(#1478),#1589,.T.);
#1683=ADVANCED_FACE('',(#1479),#1590,.F.);
#1684=ADVANCED_FACE('',(#1480),#1591,.T.);
#1685=ADVANCED_FACE('',(#1481),#1592,.F.);
#1686=ADVANCED_FACE('',(#1482),#1593,.T.);
#1687=ADVANCED_FACE('',(#1483),#1594,.T.);
#1688=ADVANCED_FACE('',(#1484),#1595,.F.);
#1689=ADVANCED_FACE('',(#1485),#1596,.T.);
#1690=ADVANCED_FACE('',(#1486),#1597,.F.);
#1691=ADVANCED_FACE('',(#1487),#1598,.T.);
#1692=ADVANCED_FACE('',(#1488),#1599,.T.);
#1693=ADVANCED_FACE('',(#1489),#1600,.F.);
#1694=ADVANCED_FACE('',(#1490),#1601,.F.);
#1695=ADVANCED_FACE('',(#1491),#1602,.T.);
#1696=ADVANCED_FACE('',(#1492),#1603,.T.);
#1697=ADVANCED_FACE('',(#1493),#1604,.F.);
#1698=ADVANCED_FACE('',(#1494),#1605,.F.);
#1699=ADVANCED_FACE('',(#1495),#1606,.F.);
#1700=ADVANCED_FACE('',(#1496),#1607,.T.);
#1701=ADVANCED_FACE('',(#1497),#1608,.T.);
#1702=ADVANCED_FACE('',(#1498),#1609,.F.);
#1703=ADVANCED_FACE('',(#1499),#1610,.F.);
#1704=ADVANCED_FACE('',(#1500),#1611,.F.);
#1705=ADVANCED_FACE('',(#1501),#1612,.T.);
#1706=ADVANCED_FACE('',(#1502),#1613,.T.);
#1707=ADVANCED_FACE('',(#1503),#1614,.F.);
#1708=ADVANCED_FACE('',(#1504),#1615,.F.);
#1709=ADVANCED_FACE('',(#1505),#1616,.F.);
#1710=ADVANCED_FACE('',(#1506),#1617,.T.);
#1711=ADVANCED_FACE('',(#1507),#1618,.T.);
#1712=ADVANCED_FACE('',(#1508),#1619,.F.);
#1713=ADVANCED_FACE('',(#1509),#1620,.F.);
#1714=ADVANCED_FACE('',(#1510),#1621,.T.);
#1715=ADVANCED_FACE('',(#1511),#1622,.T.);
#1716=ADVANCED_FACE('',(#1512),#1623,.F.);
#1717=ADVANCED_FACE('',(#1513),#1624,.F.);
#1718=ADVANCED_FACE('',(#1514),#1625,.T.);
#1719=ADVANCED_FACE('',(#1515),#1626,.F.);
#1720=ADVANCED_FACE('',(#1516),#1627,.T.);
#1721=ADVANCED_FACE('',(#1517,#1518),#30,.F.);
#1722=ADVANCED_FACE('',(#1519,#1520),#31,.F.);
#1723=ADVANCED_FACE('',(#1521,#1522),#32,.F.);
#1724=ADVANCED_FACE('',(#1523),#1628,.T.);
#1725=ADVANCED_FACE('',(#1524,#1525),#33,.F.);
#1726=ADVANCED_FACE('',(#1526,#1527,#1528,#1529,#1530,#1531),#1629,.T.);
#1727=ADVANCED_FACE('',(#1532,#1533,#1534,#1535,#1536,#1537,#1538,#1539),#1630,.F.);
#1728=ADVANCED_FACE('',(#1540),#1631,.T.);
#1729=ADVANCED_FACE('',(#1541),#1632,.F.);
#1730=ADVANCED_FACE('',(#1542),#1633,.F.);
#1731=ADVANCED_FACE('',(#1543),#1634,.T.);
#1732=ADVANCED_FACE('',(#1544),#1635,.T.);
#1733=ADVANCED_FACE('',(#1545),#1636,.T.);
#1734=ADVANCED_FACE('',(#1546),#1637,.F.);
#1735=ADVANCED_FACE('',(#1547),#1638,.F.);
#1736=ADVANCED_FACE('',(#1548),#1639,.T.);
#1737=ADVANCED_FACE('',(#1549),#1640,.T.);
#1738=ADVANCED_FACE('',(#1550),#1641,.T.);
#1739=ADVANCED_FACE('',(#1551),#1642,.F.);
#1740=ADVANCED_FACE('',(#1552),#1643,.F.);
#1741=ADVANCED_FACE('',(#1553),#1644,.T.);
#1742=ADVANCED_FACE('',(#1554),#1645,.T.);
#1743=ADVANCED_FACE('',(#1555),#1646,.F.);
#1744=ADVANCED_FACE('',(#1556),#1647,.F.);
#1745=ADVANCED_FACE('',(#1557),#1648,.T.);
#1746=ADVANCED_FACE('',(#1558),#1649,.T.);
#1747=ADVANCED_FACE('',(#1559),#1650,.T.);
#1748=CLOSED_SHELL('',(#1651,#1652,#1653,#1654,#1655,#1656,#1657,#1658,#1659,#1660,#1661,#1662,#1663,#1664,#1665,#1666,#1667));
#1749=CLOSED_SHELL('',(#1668,#1669,#1670,#1671,#1672,#1673,#1674,#1675,#1676,#1677,#1678,#1679,#1680,#1681,#1682,#1683,#1684,#1685,#1686,#1687,#1688,#1689,#1690,#1691,#1692,#1693,#1694,#1695,#1696,#1697,#1698,#1699,#1700,#1701,#1702,#1703,#1704,#1705,#1706,#1707,#1708,#1709,#1710,#1711,#1712,#1713));
#1750=CLOSED_SHELL('',(#1714,#1715,#1716,#1717,#1718,#1719,#1720,#1721,#1722,#1723,#1724,#1725,#1726,#1727,#1728,#1729,#1730,#1731,#1732,#1733,#1734,#1735,#1736,#1737,#1738,#1739,#1740,#1741,#1742,#1743,#1744,#1745,#1746,#1747));
#1751=STYLED_ITEM('',(#1754),#1775);
#1752=STYLED_ITEM('',(#1755),#1776);
#1753=STYLED_ITEM('',(#1756),#1777);
#1754=PRESENTATION_STYLE_ASSIGNMENT((#1757));
#1755=PRESENTATION_STYLE_ASSIGNMENT((#1758));
#1756=PRESENTATION_STYLE_ASSIGNMENT((#1759));
#1757=SURFACE_STYLE_USAGE(.BOTH.,#1760);
#1758=SURFACE_STYLE_USAGE(.BOTH.,#1761);
#1759=SURFACE_STYLE_USAGE(.BOTH.,#1762);
#1760=SURFACE_SIDE_STYLE('',(#1763));
#1761=SURFACE_SIDE_STYLE('',(#1764));
#1762=SURFACE_SIDE_STYLE('',(#1765));
#1763=SURFACE_STYLE_FILL_AREA(#1766);
#1764=SURFACE_STYLE_FILL_AREA(#1767);
#1765=SURFACE_STYLE_FILL_AREA(#1768);
#1766=FILL_AREA_STYLE('',(#1769));
#1767=FILL_AREA_STYLE('',(#1770));
#1768=FILL_AREA_STYLE('',(#1771));
#1769=FILL_AREA_STYLE_COLOUR('',#1772);
#1770=FILL_AREA_STYLE_COLOUR('',#1773);
#1771=FILL_AREA_STYLE_COLOUR('',#1774);
#1772=COLOUR_RGB('',0.262745098039216,0.282352941176471,0.301960784313725);
#1773=COLOUR_RGB('',0.301960784313725,0.301960784313725,0.301960784313725);
#1774=COLOUR_RGB('',0.231372549019608,0.380392156862745,0.705882352941177);
#1775=MANIFOLD_SOLID_BREP('Screen',#1748);
#1776=MANIFOLD_SOLID_BREP('pins',#1749);
#1777=MANIFOLD_SOLID_BREP('PCB',#1750);
#1778=SHAPE_DEFINITION_REPRESENTATION(#2842,#1781);
#1779=SHAPE_DEFINITION_REPRESENTATION(#2843,#1782);
#1780=SHAPE_DEFINITION_REPRESENTATION(#2844,#1783);
#1781=SHAPE_REPRESENTATION('Screen',(#1784),#2827);
#1782=SHAPE_REPRESENTATION('pins',(#1806),#2828);
#1783=SHAPE_REPRESENTATION('PCB',(#1853),#2829);
#1784=AXIS2_PLACEMENT_3D('',#2338,#1896,#1897);
#1785=AXIS2_PLACEMENT_3D('',#2339,#1898,#1899);
#1786=AXIS2_PLACEMENT_3D('',#2356,#1908,#1909);
#1787=AXIS2_PLACEMENT_3D('',#2362,#1913,#1914);
#1788=AXIS2_PLACEMENT_3D('',#2368,#1918,#1919);
#1789=AXIS2_PLACEMENT_3D('',#2371,#1922,#1923);
#1790=AXIS2_PLACEMENT_3D('',#2385,#1931,#1932);
#1791=AXIS2_PLACEMENT_3D('',#2386,#1933,#1934);
#1792=AXIS2_PLACEMENT_3D('',#2387,#1935,#1936);
#1793=AXIS2_PLACEMENT_3D('',#2392,#1938,#1939);
#1794=AXIS2_PLACEMENT_3D('',#2395,#1941,#1942);
#1795=AXIS2_PLACEMENT_3D('',#2398,#1945,#1946);
#1796=AXIS2_PLACEMENT_3D('',#2399,#1947,#1948);
#1797=AXIS2_PLACEMENT_3D('',#2403,#1950,#1951);
#1798=AXIS2_PLACEMENT_3D('',#2404,#1952,#1953);
#1799=AXIS2_PLACEMENT_3D('',#2407,#1956,#1957);
#1800=AXIS2_PLACEMENT_3D('',#2408,#1958,#1959);
#1801=AXIS2_PLACEMENT_3D('',#2409,#1960,#1961);
#1802=AXIS2_PLACEMENT_3D('',#2415,#1965,#1966);
#1803=AXIS2_PLACEMENT_3D('',#2419,#1969,#1970);
#1804=AXIS2_PLACEMENT_3D('',#2423,#1973,#1974);
#1805=AXIS2_PLACEMENT_3D('',#2425,#1976,#1977);
#1806=AXIS2_PLACEMENT_3D('',#2426,#1978,#1979);
#1807=AXIS2_PLACEMENT_3D('',#2427,#1980,#1981);
#1808=AXIS2_PLACEMENT_3D('',#2468,#2002,#2003);
#1809=AXIS2_PLACEMENT_3D('',#2509,#2024,#2025);
#1810=AXIS2_PLACEMENT_3D('',#2512,#2028,#2029);
#1811=AXIS2_PLACEMENT_3D('',#2514,#2031,#2032);
#1812=AXIS2_PLACEMENT_3D('',#2516,#2034,#2035);
#1813=AXIS2_PLACEMENT_3D('',#2517,#2036,#2037);
#1814=AXIS2_PLACEMENT_3D('',#2526,#2042,#2043);
#1815=AXIS2_PLACEMENT_3D('',#2529,#2046,#2047);
#1816=AXIS2_PLACEMENT_3D('',#2531,#2049,#2050);
#1817=AXIS2_PLACEMENT_3D('',#2533,#2052,#2053);
#1818=AXIS2_PLACEMENT_3D('',#2534,#2054,#2055);
#1819=AXIS2_PLACEMENT_3D('',#2543,#2060,#2061);
#1820=AXIS2_PLACEMENT_3D('',#2546,#2064,#2065);
#1821=AXIS2_PLACEMENT_3D('',#2548,#2067,#2068);
#1822=AXIS2_PLACEMENT_3D('',#2550,#2070,#2071);
#1823=AXIS2_PLACEMENT_3D('',#2551,#2072,#2073);
#1824=AXIS2_PLACEMENT_3D('',#2560,#2078,#2079);
#1825=AXIS2_PLACEMENT_3D('',#2563,#2082,#2083);
#1826=AXIS2_PLACEMENT_3D('',#2565,#2085,#2086);
#1827=AXIS2_PLACEMENT_3D('',#2567,#2088,#2089);
#1828=AXIS2_PLACEMENT_3D('',#2568,#2090,#2091);
#1829=AXIS2_PLACEMENT_3D('',#2577,#2096,#2097);
#1830=AXIS2_PLACEMENT_3D('',#2580,#2100,#2101);
#1831=AXIS2_PLACEMENT_3D('',#2582,#2103,#2104);
#1832=AXIS2_PLACEMENT_3D('',#2584,#2106,#2107);
#1833=AXIS2_PLACEMENT_3D('',#2585,#2108,#2109);
#1834=AXIS2_PLACEMENT_3D('',#2591,#2113,#2114);
#1835=AXIS2_PLACEMENT_3D('',#2595,#2117,#2118);
#1836=AXIS2_PLACEMENT_3D('',#2599,#2121,#2122);
#1837=AXIS2_PLACEMENT_3D('',#2601,#2124,#2125);
#1838=AXIS2_PLACEMENT_3D('',#2602,#2126,#2127);
#1839=AXIS2_PLACEMENT_3D('',#2608,#2131,#2132);
#1840=AXIS2_PLACEMENT_3D('',#2612,#2135,#2136);
#1841=AXIS2_PLACEMENT_3D('',#2616,#2139,#2140);
#1842=AXIS2_PLACEMENT_3D('',#2618,#2142,#2143);
#1843=AXIS2_PLACEMENT_3D('',#2619,#2144,#2145);
#1844=AXIS2_PLACEMENT_3D('',#2625,#2149,#2150);
#1845=AXIS2_PLACEMENT_3D('',#2629,#2153,#2154);
#1846=AXIS2_PLACEMENT_3D('',#2633,#2157,#2158);
#1847=AXIS2_PLACEMENT_3D('',#2635,#2160,#2161);
#1848=AXIS2_PLACEMENT_3D('',#2636,#2162,#2163);
#1849=AXIS2_PLACEMENT_3D('',#2642,#2167,#2168);
#1850=AXIS2_PLACEMENT_3D('',#2646,#2171,#2172);
#1851=AXIS2_PLACEMENT_3D('',#2650,#2175,#2176);
#1852=AXIS2_PLACEMENT_3D('',#2652,#2178,#2179);
#1853=AXIS2_PLACEMENT_3D('',#2653,#2180,#2181);
#1854=AXIS2_PLACEMENT_3D('',#2654,#2182,#2183);
#1855=AXIS2_PLACEMENT_3D('',#2663,#2188,#2189);
#1856=AXIS2_PLACEMENT_3D('',#2669,#2193,#2194);
#1857=AXIS2_PLACEMENT_3D('',#2675,#2198,#2199);
#1858=AXIS2_PLACEMENT_3D('',#2681,#2203,#2204);
#1859=AXIS2_PLACEMENT_3D('',#2687,#2208,#2209);
#1860=AXIS2_PLACEMENT_3D('',#2693,#2213,#2214);
#1861=AXIS2_PLACEMENT_3D('',#2699,#2218,#2219);
#1862=AXIS2_PLACEMENT_3D('',#2700,#2220,#2221);
#1863=AXIS2_PLACEMENT_3D('',#2702,#2222,#2223);
#1864=AXIS2_PLACEMENT_3D('',#2704,#2224,#2225);
#1865=AXIS2_PLACEMENT_3D('',#2705,#2226,#2227);
#1866=AXIS2_PLACEMENT_3D('',#2707,#2228,#2229);
#1867=AXIS2_PLACEMENT_3D('',#2709,#2230,#2231);
#1868=AXIS2_PLACEMENT_3D('',#2710,#2232,#2233);
#1869=AXIS2_PLACEMENT_3D('',#2712,#2234,#2235);
#1870=AXIS2_PLACEMENT_3D('',#2714,#2236,#2237);
#1871=AXIS2_PLACEMENT_3D('',#2717,#2240,#2241);
#1872=AXIS2_PLACEMENT_3D('',#2718,#2242,#2243);
#1873=AXIS2_PLACEMENT_3D('',#2720,#2244,#2245);
#1874=AXIS2_PLACEMENT_3D('',#2722,#2246,#2247);
#1875=AXIS2_PLACEMENT_3D('',#2731,#2252,#2253);
#1876=AXIS2_PLACEMENT_3D('',#2756,#2266,#2267);
#1877=AXIS2_PLACEMENT_3D('',#2762,#2271,#2272);
#1878=AXIS2_PLACEMENT_3D('',#2766,#2275,#2276);
#1879=AXIS2_PLACEMENT_3D('',#2770,#2279,#2280);
#1880=AXIS2_PLACEMENT_3D('',#2772,#2282,#2283);
#1881=AXIS2_PLACEMENT_3D('',#2773,#2284,#2285);
#1882=AXIS2_PLACEMENT_3D('',#2779,#2289,#2290);
#1883=AXIS2_PLACEMENT_3D('',#2783,#2293,#2294);
#1884=AXIS2_PLACEMENT_3D('',#2787,#2297,#2298);
#1885=AXIS2_PLACEMENT_3D('',#2789,#2300,#2301);
#1886=AXIS2_PLACEMENT_3D('',#2790,#2302,#2303);
#1887=AXIS2_PLACEMENT_3D('',#2796,#2307,#2308);
#1888=AXIS2_PLACEMENT_3D('',#2800,#2311,#2312);
#1889=AXIS2_PLACEMENT_3D('',#2804,#2315,#2316);
#1890=AXIS2_PLACEMENT_3D('',#2806,#2318,#2319);
#1891=AXIS2_PLACEMENT_3D('',#2807,#2320,#2321);
#1892=AXIS2_PLACEMENT_3D('',#2813,#2325,#2326);
#1893=AXIS2_PLACEMENT_3D('',#2817,#2329,#2330);
#1894=AXIS2_PLACEMENT_3D('',#2821,#2333,#2334);
#1895=AXIS2_PLACEMENT_3D('',#2823,#2336,#2337);
#1896=DIRECTION('',(0.,0.,1.));
#1897=DIRECTION('',(1.,0.,0.));
#1898=DIRECTION('',(2.01477755630291E-16,-1.,0.));
#1899=DIRECTION('',(1.,2.01477755630291E-16,0.));
#1900=DIRECTION('',(-1.,0.,0.));
#1901=DIRECTION('',(0.,0.,1.));
#1902=DIRECTION('',(-1.,-2.01477755630291E-16,0.));
#1903=DIRECTION('',(0.,0.,-1.));
#1904=DIRECTION('',(-1.,-2.01477755630291E-16,0.));
#1905=DIRECTION('',(0.,0.,-1.));
#1906=DIRECTION('',(-1.,-2.01477755630291E-16,0.));
#1907=DIRECTION('',(0.,0.,1.));
#1908=DIRECTION('',(1.,3.01691039300315E-16,0.));
#1909=DIRECTION('',(-3.01691039300315E-16,1.,0.));
#1910=DIRECTION('',(3.01691039300315E-16,-1.,0.));
#1911=DIRECTION('',(0.,0.,-1.));
#1912=DIRECTION('',(3.01691039300315E-16,-1.,0.));
#1913=DIRECTION('',(1.25923597268932E-16,-1.,0.));
#1914=DIRECTION('',(1.,1.25923597268932E-16,0.));
#1915=DIRECTION('',(-1.,-1.25923597268932E-16,0.));
#1916=DIRECTION('',(0.,0.,-1.));
#1917=DIRECTION('',(-1.,-1.25923597268932E-16,0.));
#1918=DIRECTION('',(1.,3.01691039300315E-16,0.));
#1919=DIRECTION('',(-3.01691039300315E-16,1.,0.));
#1920=DIRECTION('',(3.01691039300315E-16,-1.,0.));
#1921=DIRECTION('',(3.01691039300315E-16,-1.,0.));
#1922=DIRECTION('',(0.,0.,1.));
#1923=DIRECTION('',(1.,0.,0.));
#1924=DIRECTION('',(0.,-1.,0.));
#1925=DIRECTION('',(-1.,-2.07131161310663E-16,0.));
#1926=DIRECTION('',(0.,-1.,0.));
#1927=DIRECTION('',(-1.,-1.03565580655332E-16,0.));
#1928=DIRECTION('',(0.,-1.,0.));
#1929=DIRECTION('',(-1.,0.,0.));
#1930=DIRECTION('',(0.,-1.,0.));
#1931=DIRECTION('',(0.,0.,1.));
#1932=DIRECTION('',(1.,0.,0.));
#1933=DIRECTION('',(-1.,0.,0.));
#1934=DIRECTION('',(0.,0.,1.));
#1935=DIRECTION('',(1.,0.,0.));
#1936=DIRECTION('',(0.,0.,-1.));
#1937=DIRECTION('',(-1.,0.,0.));
#1938=DIRECTION('',(1.,0.,0.));
#1939=DIRECTION('',(0.,0.,-1.));
#1940=DIRECTION('',(-1.,0.,0.));
#1941=DIRECTION('',(0.,0.,1.));
#1942=DIRECTION('',(1.,0.,0.));
#1943=DIRECTION('',(0.,1.,0.));
#1944=DIRECTION('',(0.,1.,0.));
#1945=DIRECTION('',(-1.,0.,0.));
#1946=DIRECTION('',(0.,0.,1.));
#1947=DIRECTION('',(1.,0.,0.));
#1948=DIRECTION('',(0.,0.,-1.));
#1949=DIRECTION('',(-1.,0.,0.));
#1950=DIRECTION('',(1.,0.,0.));
#1951=DIRECTION('',(0.,0.,-1.));
#1952=DIRECTION('',(0.,0.,-1.));
#1953=DIRECTION('',(-1.,0.,0.));
#1954=DIRECTION('',(0.,-1.,0.));
#1955=DIRECTION('',(0.,-1.,0.));
#1956=DIRECTION('',(1.,0.,0.));
#1957=DIRECTION('',(0.,1.,0.));
#1958=DIRECTION('',(1.,0.,0.));
#1959=DIRECTION('',(0.,1.,0.));
#1960=DIRECTION('',(1.,0.,0.));
#1961=DIRECTION('',(0.,0.,-1.));
#1962=DIRECTION('',(0.,0.,-1.));
#1963=DIRECTION('',(0.,-1.,0.));
#1964=DIRECTION('',(0.,0.,-1.));
#1965=DIRECTION('',(1.03565580655332E-16,-1.,0.));
#1966=DIRECTION('',(1.,1.03565580655332E-16,0.));
#1967=DIRECTION('',(0.,0.,-1.));
#1968=DIRECTION('',(-1.,-1.03565580655332E-16,0.));
#1969=DIRECTION('',(1.,0.,0.));
#1970=DIRECTION('',(0.,0.,-1.));
#1971=DIRECTION('',(0.,0.,-1.));
#1972=DIRECTION('',(0.,-1.,0.));
#1973=DIRECTION('',(2.07131161310663E-16,-1.,0.));
#1974=DIRECTION('',(1.,2.07131161310663E-16,0.));
#1975=DIRECTION('',(-1.,-2.07131161310663E-16,0.));
#1976=DIRECTION('',(0.,0.,1.));
#1977=DIRECTION('',(1.,0.,0.));
#1978=DIRECTION('',(0.,0.,1.));
#1979=DIRECTION('',(1.,0.,0.));
#1980=DIRECTION('',(0.,0.,1.));
#1981=DIRECTION('',(1.,0.,0.));
#1982=DIRECTION('',(0.,-1.,0.));
#1983=DIRECTION('',(-1.,0.,0.));
#1984=DIRECTION('',(0.,-1.,0.));
#1985=DIRECTION('',(-1.,0.,0.));
#1986=DIRECTION('',(0.,-1.,0.));
#1987=DIRECTION('',(-1.,0.,0.));
#1988=DIRECTION('',(0.,-1.,0.));
#1989=DIRECTION('',(-1.,0.,0.));
#1990=DIRECTION('',(0.,-1.,0.));
#1991=DIRECTION('',(-1.,0.,0.));
#1992=DIRECTION('',(0.,-1.,0.));
#1993=DIRECTION('',(-1.,0.,0.));
#1994=DIRECTION('',(0.,-1.,0.));
#1995=DIRECTION('',(-1.,0.,0.));
#1996=DIRECTION('',(0.,-1.,0.));
#1997=DIRECTION('',(-1.,0.,0.));
#1998=DIRECTION('',(0.,-1.,0.));
#1999=DIRECTION('',(-1.,0.,0.));
#2000=DIRECTION('',(0.,-1.,0.));
#2001=DIRECTION('',(-1.,0.,0.));
#2002=DIRECTION('',(0.,0.,1.));
#2003=DIRECTION('',(1.,0.,0.));
#2004=DIRECTION('',(0.,-1.,0.));
#2005=DIRECTION('',(-1.,0.,0.));
#2006=DIRECTION('',(0.,-1.,0.));
#2007=DIRECTION('',(-1.,0.,0.));
#2008=DIRECTION('',(-1.,0.,0.));
#2009=DIRECTION('',(0.,-1.,0.));
#2010=DIRECTION('',(-1.,0.,0.));
#2011=DIRECTION('',(0.,-1.,0.));
#2012=DIRECTION('',(-1.,0.,0.));
#2013=DIRECTION('',(0.,-1.,0.));
#2014=DIRECTION('',(-1.,0.,0.));
#2015=DIRECTION('',(0.,-1.,0.));
#2016=DIRECTION('',(-1.,0.,0.));
#2017=DIRECTION('',(0.,-1.,0.));
#2018=DIRECTION('',(-1.,0.,0.));
#2019=DIRECTION('',(0.,-1.,0.));
#2020=DIRECTION('',(-1.,0.,0.));
#2021=DIRECTION('',(0.,-1.,0.));
#2022=DIRECTION('',(-1.,0.,0.));
#2023=DIRECTION('',(0.,-1.,0.));
#2024=DIRECTION('',(-1.,0.,0.));
#2025=DIRECTION('',(0.,0.,1.));
#2026=DIRECTION('',(0.,0.,1.));
#2027=DIRECTION('',(0.,0.,1.));
#2028=DIRECTION('',(0.,1.,0.));
#2029=DIRECTION('',(0.,0.,1.));
#2030=DIRECTION('',(0.,0.,1.));
#2031=DIRECTION('',(-1.,0.,0.));
#2032=DIRECTION('',(0.,0.,1.));
#2033=DIRECTION('',(0.,0.,1.));
#2034=DIRECTION('',(0.,1.,0.));
#2035=DIRECTION('',(0.,0.,1.));
#2036=DIRECTION('',(0.,0.,1.));
#2037=DIRECTION('',(1.,0.,0.));
#2038=DIRECTION('',(0.,-1.,0.));
#2039=DIRECTION('',(-1.,0.,0.));
#2040=DIRECTION('',(0.,-1.,0.));
#2041=DIRECTION('',(-1.,0.,0.));
#2042=DIRECTION('',(0.,1.,0.));
#2043=DIRECTION('',(0.,0.,1.));
#2044=DIRECTION('',(0.,0.,1.));
#2045=DIRECTION('',(0.,0.,1.));
#2046=DIRECTION('',(-1.,0.,0.));
#2047=DIRECTION('',(0.,0.,1.));
#2048=DIRECTION('',(0.,0.,1.));
#2049=DIRECTION('',(0.,1.,0.));
#2050=DIRECTION('',(0.,0.,1.));
#2051=DIRECTION('',(0.,0.,1.));
#2052=DIRECTION('',(-1.,0.,0.));
#2053=DIRECTION('',(0.,0.,1.));
#2054=DIRECTION('',(0.,0.,1.));
#2055=DIRECTION('',(1.,0.,0.));
#2056=DIRECTION('',(0.,-1.,0.));
#2057=DIRECTION('',(-1.,0.,0.));
#2058=DIRECTION('',(0.,-1.,0.));
#2059=DIRECTION('',(-1.,0.,0.));
#2060=DIRECTION('',(0.,1.,0.));
#2061=DIRECTION('',(0.,0.,1.));
#2062=DIRECTION('',(0.,0.,1.));
#2063=DIRECTION('',(0.,0.,1.));
#2064=DIRECTION('',(-1.,0.,0.));
#2065=DIRECTION('',(0.,0.,1.));
#2066=DIRECTION('',(0.,0.,1.));
#2067=DIRECTION('',(0.,1.,0.));
#2068=DIRECTION('',(0.,0.,1.));
#2069=DIRECTION('',(0.,0.,1.));
#2070=DIRECTION('',(-1.,0.,0.));
#2071=DIRECTION('',(0.,0.,1.));
#2072=DIRECTION('',(0.,0.,1.));
#2073=DIRECTION('',(1.,0.,0.));
#2074=DIRECTION('',(0.,-1.,0.));
#2075=DIRECTION('',(-1.,0.,0.));
#2076=DIRECTION('',(0.,-1.,0.));
#2077=DIRECTION('',(-1.,0.,0.));
#2078=DIRECTION('',(0.,1.,0.));
#2079=DIRECTION('',(0.,0.,1.));
#2080=DIRECTION('',(0.,0.,1.));
#2081=DIRECTION('',(0.,0.,1.));
#2082=DIRECTION('',(-1.,0.,0.));
#2083=DIRECTION('',(0.,0.,1.));
#2084=DIRECTION('',(0.,0.,1.));
#2085=DIRECTION('',(0.,1.,0.));
#2086=DIRECTION('',(0.,0.,1.));
#2087=DIRECTION('',(0.,0.,1.));
#2088=DIRECTION('',(-1.,0.,0.));
#2089=DIRECTION('',(0.,0.,1.));
#2090=DIRECTION('',(0.,0.,1.));
#2091=DIRECTION('',(1.,0.,0.));
#2092=DIRECTION('',(0.,-1.,0.));
#2093=DIRECTION('',(-1.,0.,0.));
#2094=DIRECTION('',(0.,-1.,0.));
#2095=DIRECTION('',(-1.,0.,0.));
#2096=DIRECTION('',(0.,1.,0.));
#2097=DIRECTION('',(0.,0.,1.));
#2098=DIRECTION('',(0.,0.,1.));
#2099=DIRECTION('',(0.,0.,1.));
#2100=DIRECTION('',(-1.,0.,0.));
#2101=DIRECTION('',(0.,0.,1.));
#2102=DIRECTION('',(0.,0.,1.));
#2103=DIRECTION('',(0.,1.,0.));
#2104=DIRECTION('',(0.,0.,1.));
#2105=DIRECTION('',(0.,0.,1.));
#2106=DIRECTION('',(-1.,0.,0.));
#2107=DIRECTION('',(0.,0.,1.));
#2108=DIRECTION('',(-1.,0.,0.));
#2109=DIRECTION('',(0.,0.,1.));
#2110=DIRECTION('',(0.,0.,1.));
#2111=DIRECTION('',(0.,0.,1.));
#2112=DIRECTION('',(0.,-1.,0.));
#2113=DIRECTION('',(0.,1.,0.));
#2114=DIRECTION('',(0.,0.,1.));
#2115=DIRECTION('',(-1.,0.,0.));
#2116=DIRECTION('',(0.,0.,1.));
#2117=DIRECTION('',(-1.,0.,0.));
#2118=DIRECTION('',(0.,0.,1.));
#2119=DIRECTION('',(0.,-1.,0.));
#2120=DIRECTION('',(0.,0.,1.));
#2121=DIRECTION('',(0.,1.,0.));
#2122=DIRECTION('',(0.,0.,1.));
#2123=DIRECTION('',(-1.,0.,0.));
#2124=DIRECTION('',(0.,0.,1.));
#2125=DIRECTION('',(1.,0.,0.));
#2126=DIRECTION('',(-1.,0.,0.));
#2127=DIRECTION('',(0.,0.,1.));
#2128=DIRECTION('',(0.,0.,1.));
#2129=DIRECTION('',(0.,0.,1.));
#2130=DIRECTION('',(0.,-1.,0.));
#2131=DIRECTION('',(0.,1.,0.));
#2132=DIRECTION('',(0.,0.,1.));
#2133=DIRECTION('',(-1.,0.,0.));
#2134=DIRECTION('',(0.,0.,1.));
#2135=DIRECTION('',(-1.,0.,0.));
#2136=DIRECTION('',(0.,0.,1.));
#2137=DIRECTION('',(0.,-1.,0.));
#2138=DIRECTION('',(0.,0.,1.));
#2139=DIRECTION('',(0.,1.,0.));
#2140=DIRECTION('',(0.,0.,1.));
#2141=DIRECTION('',(-1.,0.,0.));
#2142=DIRECTION('',(0.,0.,1.));
#2143=DIRECTION('',(1.,0.,0.));
#2144=DIRECTION('',(-1.,0.,0.));
#2145=DIRECTION('',(0.,0.,1.));
#2146=DIRECTION('',(0.,0.,1.));
#2147=DIRECTION('',(0.,0.,1.));
#2148=DIRECTION('',(0.,-1.,0.));
#2149=DIRECTION('',(0.,1.,0.));
#2150=DIRECTION('',(0.,0.,1.));
#2151=DIRECTION('',(-1.,0.,0.));
#2152=DIRECTION('',(0.,0.,1.));
#2153=DIRECTION('',(-1.,0.,0.));
#2154=DIRECTION('',(0.,0.,1.));
#2155=DIRECTION('',(0.,-1.,0.));
#2156=DIRECTION('',(0.,0.,1.));
#2157=DIRECTION('',(0.,1.,0.));
#2158=DIRECTION('',(0.,0.,1.));
#2159=DIRECTION('',(-1.,0.,0.));
#2160=DIRECTION('',(0.,0.,1.));
#2161=DIRECTION('',(1.,0.,0.));
#2162=DIRECTION('',(-1.,0.,0.));
#2163=DIRECTION('',(0.,0.,1.));
#2164=DIRECTION('',(0.,0.,1.));
#2165=DIRECTION('',(0.,0.,1.));
#2166=DIRECTION('',(0.,-1.,0.));
#2167=DIRECTION('',(0.,1.,0.));
#2168=DIRECTION('',(0.,0.,1.));
#2169=DIRECTION('',(-1.,0.,0.));
#2170=DIRECTION('',(0.,0.,1.));
#2171=DIRECTION('',(-1.,0.,0.));
#2172=DIRECTION('',(0.,0.,1.));
#2173=DIRECTION('',(0.,-1.,0.));
#2174=DIRECTION('',(0.,0.,1.));
#2175=DIRECTION('',(0.,1.,0.));
#2176=DIRECTION('',(0.,0.,1.));
#2177=DIRECTION('',(-1.,0.,0.));
#2178=DIRECTION('',(0.,0.,1.));
#2179=DIRECTION('',(1.,0.,0.));
#2180=DIRECTION('',(0.,0.,1.));
#2181=DIRECTION('',(1.,0.,0.));
#2182=DIRECTION('',(0.,-1.,0.));
#2183=DIRECTION('',(0.,0.,-1.));
#2184=DIRECTION('',(-1.,0.,0.));
#2185=DIRECTION('',(0.,0.,-1.));
#2186=DIRECTION('',(-1.,0.,0.));
#2187=DIRECTION('',(0.,0.,-1.));
#2188=DIRECTION('',(1.,-2.05901896258375E-16,0.));
#2189=DIRECTION('',(2.05901896258375E-16,1.,0.));
#2190=DIRECTION('',(-2.05901896258375E-16,-1.,0.));
#2191=DIRECTION('',(0.,0.,-1.));
#2192=DIRECTION('',(-2.05901896258375E-16,-1.,0.));
#2193=DIRECTION('',(-1.22163625068789E-16,-1.,0.));
#2194=DIRECTION('',(1.,-1.22163625068789E-16,0.));
#2195=DIRECTION('',(-1.,1.22163625068789E-16,0.));
#2196=DIRECTION('',(0.,0.,-1.));
#2197=DIRECTION('',(-1.,1.22163625068789E-16,0.));
#2198=DIRECTION('',(1.,-2.05901896258375E-16,0.));
#2199=DIRECTION('',(2.05901896258375E-16,1.,0.));
#2200=DIRECTION('',(-2.05901896258375E-16,-1.,0.));
#2201=DIRECTION('',(0.,0.,-1.));
#2202=DIRECTION('',(-2.05901896258375E-16,-1.,0.));
#2203=DIRECTION('',(0.,-1.,0.));
#2204=DIRECTION('',(0.,0.,-1.));
#2205=DIRECTION('',(-1.,0.,0.));
#2206=DIRECTION('',(0.,0.,-1.));
#2207=DIRECTION('',(-1.,0.,0.));
#2208=DIRECTION('',(-1.,0.,0.));
#2209=DIRECTION('',(0.,0.,1.));
#2210=DIRECTION('',(0.,1.,0.));
#2211=DIRECTION('',(0.,0.,-1.));
#2212=DIRECTION('',(0.,1.,0.));
#2213=DIRECTION('',(0.,-1.,0.));
#2214=DIRECTION('',(0.,0.,-1.));
#2215=DIRECTION('',(-1.,0.,0.));
#2216=DIRECTION('',(0.,0.,-1.));
#2217=DIRECTION('',(-1.,0.,0.));
#2218=DIRECTION('',(0.,0.,-1.));
#2219=DIRECTION('',(-1.,0.,0.));
#2220=DIRECTION('',(0.,0.,1.));
#2221=DIRECTION('',(1.,0.,0.));
#2222=DIRECTION('',(0.,0.,1.));
#2223=DIRECTION('',(1.,0.,0.));
#2224=DIRECTION('',(0.,0.,-1.));
#2225=DIRECTION('',(-1.,0.,0.));
#2226=DIRECTION('',(0.,0.,1.));
#2227=DIRECTION('',(1.,0.,0.));
#2228=DIRECTION('',(0.,0.,1.));
#2229=DIRECTION('',(1.,0.,0.));
#2230=DIRECTION('',(0.,0.,-1.));
#2231=DIRECTION('',(-1.,0.,0.));
#2232=DIRECTION('',(0.,0.,1.));
#2233=DIRECTION('',(1.,0.,0.));
#2234=DIRECTION('',(0.,0.,1.));
#2235=DIRECTION('',(1.,0.,0.));
#2236=DIRECTION('',(-1.,0.,0.));
#2237=DIRECTION('',(0.,0.,1.));
#2238=DIRECTION('',(0.,1.,0.));
#2239=DIRECTION('',(0.,1.,0.));
#2240=DIRECTION('',(0.,0.,-1.));
#2241=DIRECTION('',(-1.,0.,0.));
#2242=DIRECTION('',(0.,0.,1.));
#2243=DIRECTION('',(1.,0.,0.));
#2244=DIRECTION('',(0.,0.,1.));
#2245=DIRECTION('',(1.,0.,0.));
#2246=DIRECTION('',(0.,0.,1.));
#2247=DIRECTION('',(1.,0.,0.));
#2248=DIRECTION('',(-1.,-1.19224981166791E-16,0.));
#2249=DIRECTION('',(0.,-1.,0.));
#2250=DIRECTION('',(-1.,-2.38449962333582E-16,0.));
#2251=DIRECTION('',(0.,-1.,0.));
#2252=DIRECTION('',(0.,0.,1.));
#2253=DIRECTION('',(1.,0.,0.));
#2254=DIRECTION('',(0.,1.,0.));
#2255=DIRECTION('',(1.,-5.01003169957201E-16,0.));
#2256=DIRECTION('',(0.,1.,0.));
#2257=DIRECTION('',(1.,-5.01003169957201E-16,0.));
#2258=DIRECTION('',(2.71050543121377E-16,1.,0.));
#2259=DIRECTION('',(1.,0.,0.));
#2260=DIRECTION('',(0.,1.,0.));
#2261=DIRECTION('',(1.,0.,0.));
#2262=DIRECTION('',(0.,1.,0.));
#2263=DIRECTION('',(1.,-4.50577526227742E-16,0.));
#2264=DIRECTION('',(3.46944695195362E-16,1.,0.));
#2265=DIRECTION('',(1.,-2.25288763113871E-16,0.));
#2266=DIRECTION('',(-4.50577526227742E-16,-1.,0.));
#2267=DIRECTION('',(1.,-4.50577526227742E-16,0.));
#2268=DIRECTION('',(0.,0.,1.));
#2269=DIRECTION('',(1.,-4.50577526227742E-16,0.));
#2270=DIRECTION('',(0.,0.,1.));
#2271=DIRECTION('',(1.,0.,0.));
#2272=DIRECTION('',(0.,0.,-1.));
#2273=DIRECTION('',(0.,0.,1.));
#2274=DIRECTION('',(0.,1.,0.));
#2275=DIRECTION('',(-2.25288763113871E-16,-1.,0.));
#2276=DIRECTION('',(1.,-2.25288763113871E-16,0.));
#2277=DIRECTION('',(0.,0.,1.));
#2278=DIRECTION('',(1.,-2.25288763113871E-16,0.));
#2279=DIRECTION('',(1.,-3.46944695195362E-16,0.));
#2280=DIRECTION('',(3.46944695195362E-16,1.,0.));
#2281=DIRECTION('',(3.46944695195362E-16,1.,0.));
#2282=DIRECTION('',(0.,0.,-1.));
#2283=DIRECTION('',(1.,0.,0.));
#2284=DIRECTION('',(0.,-1.,0.));
#2285=DIRECTION('',(0.,0.,-1.));
#2286=DIRECTION('',(0.,0.,1.));
#2287=DIRECTION('',(1.,0.,0.));
#2288=DIRECTION('',(0.,0.,1.));
#2289=DIRECTION('',(1.,-2.71050543121377E-16,0.));
#2290=DIRECTION('',(2.71050543121377E-16,1.,0.));
#2291=DIRECTION('',(0.,0.,1.));
#2292=DIRECTION('',(2.71050543121377E-16,1.,0.));
#2293=DIRECTION('',(0.,-1.,0.));
#2294=DIRECTION('',(0.,0.,-1.));
#2295=DIRECTION('',(0.,0.,1.));
#2296=DIRECTION('',(1.,0.,0.));
#2297=DIRECTION('',(1.,0.,0.));
#2298=DIRECTION('',(0.,0.,-1.));
#2299=DIRECTION('',(0.,1.,0.));
#2300=DIRECTION('',(0.,0.,-1.));
#2301=DIRECTION('',(1.,0.,0.));
#2302=DIRECTION('',(-5.01003169957201E-16,-1.,0.));
#2303=DIRECTION('',(1.,-5.01003169957201E-16,0.));
#2304=DIRECTION('',(0.,0.,1.));
#2305=DIRECTION('',(1.,-5.01003169957201E-16,0.));
#2306=DIRECTION('',(0.,0.,1.));
#2307=DIRECTION('',(1.,0.,0.));
#2308=DIRECTION('',(0.,0.,-1.));
#2309=DIRECTION('',(0.,0.,1.));
#2310=DIRECTION('',(0.,1.,0.));
#2311=DIRECTION('',(-5.01003169957201E-16,-1.,0.));
#2312=DIRECTION('',(1.,-5.01003169957201E-16,0.));
#2313=DIRECTION('',(0.,0.,1.));
#2314=DIRECTION('',(1.,-5.01003169957201E-16,0.));
#2315=DIRECTION('',(1.,0.,0.));
#2316=DIRECTION('',(0.,0.,-1.));
#2317=DIRECTION('',(0.,1.,0.));
#2318=DIRECTION('',(0.,0.,-1.));
#2319=DIRECTION('',(1.,0.,0.));
#2320=DIRECTION('',(1.19224981166791E-16,-1.,0.));
#2321=DIRECTION('',(1.,1.19224981166791E-16,0.));
#2322=DIRECTION('',(0.,0.,-1.));
#2323=DIRECTION('',(-1.,-1.19224981166791E-16,0.));
#2324=DIRECTION('',(0.,0.,-1.));
#2325=DIRECTION('',(1.,0.,0.));
#2326=DIRECTION('',(0.,0.,-1.));
#2327=DIRECTION('',(0.,0.,-1.));
#2328=DIRECTION('',(0.,-1.,0.));
#2329=DIRECTION('',(2.38449962333582E-16,-1.,0.));
#2330=DIRECTION('',(1.,2.38449962333582E-16,0.));
#2331=DIRECTION('',(0.,0.,-1.));
#2332=DIRECTION('',(-1.,-2.38449962333582E-16,0.));
#2333=DIRECTION('',(1.,0.,0.));
#2334=DIRECTION('',(0.,0.,-1.));
#2335=DIRECTION('',(0.,-1.,0.));
#2336=DIRECTION('',(0.,0.,1.));
#2337=DIRECTION('',(1.,0.,0.));
#2338=CARTESIAN_POINT('',(0.,0.,0.));
#2339=CARTESIAN_POINT('',(6.93889390390723E-18,-0.0267,0.00293));
#2340=CARTESIAN_POINT('',(0.006,-0.0267,0.00282999297526628));
#2341=CARTESIAN_POINT('',(0.006,-0.0267,0.00282999297526628));
#2342=CARTESIAN_POINT('',(-0.006,-0.0267,0.00282999297526628));
#2343=CARTESIAN_POINT('',(-0.006,-0.0267,0.00287999648763314));
#2344=CARTESIAN_POINT('',(-0.006,-0.0267,0.00293));
#2345=CARTESIAN_POINT('',(6.93889390390723E-18,-0.0267,0.00293));
#2346=CARTESIAN_POINT('',(-0.01722,-0.0267,0.00293));
#2347=CARTESIAN_POINT('',(-0.01722,-0.0267,0.00293));
#2348=CARTESIAN_POINT('',(-0.01722,-0.0267,0.00113));
#2349=CARTESIAN_POINT('',(6.93889390390723E-18,-0.0267,0.00113));
#2350=CARTESIAN_POINT('',(0.01722,-0.0267,0.00113));
#2351=CARTESIAN_POINT('',(0.01722,-0.0267,0.00293));
#2352=CARTESIAN_POINT('',(0.01722,-0.0267,0.00293));
#2353=CARTESIAN_POINT('',(6.93889390390723E-18,-0.0267,0.00293));
#2354=CARTESIAN_POINT('',(0.006,-0.0267,0.00293));
#2355=CARTESIAN_POINT('',(0.006,-0.0267,0.00287999648763314));
#2356=CARTESIAN_POINT('',(0.01722,-0.0152,0.00293));
#2357=CARTESIAN_POINT('',(0.01722,-0.0152,0.00113));
#2358=CARTESIAN_POINT('',(0.01722,-0.0037,0.00113));
#2359=CARTESIAN_POINT('',(0.01722,-0.0037,0.00293));
#2360=CARTESIAN_POINT('',(0.01722,-0.0037,0.00293));
#2361=CARTESIAN_POINT('',(0.01722,-0.0152,0.00293));
#2362=CARTESIAN_POINT('',(0.,-0.0037,0.00293));
#2363=CARTESIAN_POINT('',(0.,-0.0037,0.00113));
#2364=CARTESIAN_POINT('',(-0.01722,-0.0037,0.00113));
#2365=CARTESIAN_POINT('',(-0.01722,-0.0037,0.00293));
#2366=CARTESIAN_POINT('',(-0.01722,-0.0037,0.00293));
#2367=CARTESIAN_POINT('',(0.,-0.0037,0.00293));
#2368=CARTESIAN_POINT('',(-0.01722,-0.0152,0.00293));
#2369=CARTESIAN_POINT('',(-0.01722,-0.0152,0.00113));
#2370=CARTESIAN_POINT('',(-0.01722,-0.0152,0.00293));
#2371=CARTESIAN_POINT('',(0.,-0.01505,0.00293));
#2372=CARTESIAN_POINT('',(0.01675,-0.01327,0.00293));
#2373=CARTESIAN_POINT('',(0.01675,-0.00417,0.00293));
#2374=CARTESIAN_POINT('',(0.01675,-0.02237,0.00293));
#2375=CARTESIAN_POINT('',(0.,-0.02237,0.00293));
#2376=CARTESIAN_POINT('',(-0.01675,-0.02237,0.00293));
#2377=CARTESIAN_POINT('',(-0.01675,-0.01327,0.00293));
#2378=CARTESIAN_POINT('',(-0.01675,-0.00417,0.00293));
#2379=CARTESIAN_POINT('',(-3.46944695195361E-18,-0.00417,0.00293));
#2380=CARTESIAN_POINT('',(-0.006,-0.02705,0.00293));
#2381=CARTESIAN_POINT('',(-0.006,-0.0274,0.00293));
#2382=CARTESIAN_POINT('',(0.006,-0.0274,0.00293));
#2383=CARTESIAN_POINT('',(0.006,-0.0274,0.00293));
#2384=CARTESIAN_POINT('',(0.006,-0.02705,0.00293));
#2385=CARTESIAN_POINT('',(0.,-0.01505,0.00113));
#2386=CARTESIAN_POINT('',(0.006,-0.0274,0.00113));
#2387=CARTESIAN_POINT('',(-0.006,-0.0274,0.00113));
#2388=CARTESIAN_POINT('',(-0.006,-0.0273951128694228,0.00282999297526628));
#2389=CARTESIAN_POINT('',(-0.006,-0.0261299212622833,0.));
#2390=CARTESIAN_POINT('',(0.006,-0.0273951128694228,0.00282999297526628));
#2391=CARTESIAN_POINT('',(0.006,-0.0273951128694228,0.00282999297526628));
#2392=CARTESIAN_POINT('',(0.006,-0.0274,0.00113));
#2393=CARTESIAN_POINT('',(0.006,-0.0261299212622833,0.));
#2394=CARTESIAN_POINT('',(0.006,-0.0261299212622833,0.));
#2395=CARTESIAN_POINT('',(0.006,-0.0271017423528774,0.00282999297526628));
#2396=CARTESIAN_POINT('',(-0.006,-0.0271017423528774,0.00282999297526628));
#2397=CARTESIAN_POINT('',(0.006,-0.0271017423528774,0.00282999297526628));
#2398=CARTESIAN_POINT('',(0.006,-0.0274,0.00113));
#2399=CARTESIAN_POINT('',(-0.006,-0.0274,0.00113));
#2400=CARTESIAN_POINT('',(-0.006,-0.0259988932945703,-4.33680868994202E-19));
#2401=CARTESIAN_POINT('',(0.006,-0.0259988932945703,-4.33680868994202E-19));
#2402=CARTESIAN_POINT('',(0.006,-0.0259988932945703,-4.33680868994202E-19));
#2403=CARTESIAN_POINT('',(0.006,-0.0274,0.00113));
#2404=CARTESIAN_POINT('',(0.006,-0.0260644072784268,0.));
#2405=CARTESIAN_POINT('',(-0.006,-0.0260644072784268,0.));
#2406=CARTESIAN_POINT('',(0.006,-0.0260644072784268,0.));
#2407=CARTESIAN_POINT('',(0.006,-0.01505,0.00113));
#2408=CARTESIAN_POINT('',(-0.006,-0.01505,0.00113));
#2409=CARTESIAN_POINT('',(0.01675,-0.01327,0.00313));
#2410=CARTESIAN_POINT('',(0.01675,-0.00417,0.00313));
#2411=CARTESIAN_POINT('',(0.01675,-0.00417,0.00313));
#2412=CARTESIAN_POINT('',(0.01675,-0.01327,0.00313));
#2413=CARTESIAN_POINT('',(0.01675,-0.02237,0.00313));
#2414=CARTESIAN_POINT('',(0.01675,-0.02237,0.00313));
#2415=CARTESIAN_POINT('',(-3.46944695195361E-18,-0.00417,0.00313));
#2416=CARTESIAN_POINT('',(-0.01675,-0.00417,0.00313));
#2417=CARTESIAN_POINT('',(-0.01675,-0.00417,0.00313));
#2418=CARTESIAN_POINT('',(-3.46944695195361E-18,-0.00417,0.00313));
#2419=CARTESIAN_POINT('',(-0.01675,-0.01327,0.00313));
#2420=CARTESIAN_POINT('',(-0.01675,-0.02237,0.00313));
#2421=CARTESIAN_POINT('',(-0.01675,-0.02237,0.00313));
#2422=CARTESIAN_POINT('',(-0.01675,-0.01327,0.00313));
#2423=CARTESIAN_POINT('',(0.,-0.02237,0.00313));
#2424=CARTESIAN_POINT('',(0.,-0.02237,0.00313));
#2425=CARTESIAN_POINT('',(3.46944695195361E-18,-0.01555,0.00313));
#2426=CARTESIAN_POINT('',(0.,0.,0.));
#2427=CARTESIAN_POINT('',(0.,8.67361737988404E-19,-0.0024));
#2428=CARTESIAN_POINT('',(0.00161666666666667,8.67361737988404E-19,-0.0024));
#2429=CARTESIAN_POINT('',(0.00161666666666667,0.00035,-0.0024));
#2430=CARTESIAN_POINT('',(0.00161666666666667,-0.00035,-0.0024));
#2431=CARTESIAN_POINT('',(0.,0.00035,-0.0024));
#2432=CARTESIAN_POINT('',(0.000916666666666667,0.00035,-0.0024));
#2433=CARTESIAN_POINT('',(0.000916666666666667,8.67361737988404E-19,-0.0024));
#2434=CARTESIAN_POINT('',(0.000916666666666667,-0.00035,-0.0024));
#2435=CARTESIAN_POINT('',(0.,-0.00035,-0.0024));
#2436=CARTESIAN_POINT('',(-0.00345,8.67361737988404E-19,-0.0024));
#2437=CARTESIAN_POINT('',(-0.00345,0.00035,-0.0024));
#2438=CARTESIAN_POINT('',(-0.00345,-0.00035,-0.0024));
#2439=CARTESIAN_POINT('',(0.,0.00035,-0.0024));
#2440=CARTESIAN_POINT('',(-0.00415,0.00035,-0.0024));
#2441=CARTESIAN_POINT('',(-0.00415,8.67361737988404E-19,-0.0024));
#2442=CARTESIAN_POINT('',(-0.00415,-0.00035,-0.0024));
#2443=CARTESIAN_POINT('',(0.,-0.00035,-0.0024));
#2444=CARTESIAN_POINT('',(0.005,6.50521303491303E-19,-0.0024));
#2445=CARTESIAN_POINT('',(0.005,0.00125,-0.0024));
#2446=CARTESIAN_POINT('',(0.005,-0.00125,-0.0024));
#2447=CARTESIAN_POINT('',(0.,-0.00125,-0.0024));
#2448=CARTESIAN_POINT('',(-0.005,-0.00125,-0.0024));
#2449=CARTESIAN_POINT('',(-0.005,1.0842021724855E-18,-0.0024));
#2450=CARTESIAN_POINT('',(-0.005,0.00125,-0.0024));
#2451=CARTESIAN_POINT('',(0.,0.00125,-0.0024));
#2452=CARTESIAN_POINT('',(-0.000916666666666667,8.67361737988404E-19,-0.0024));
#2453=CARTESIAN_POINT('',(-0.000916666666666667,0.00035,-0.0024));
#2454=CARTESIAN_POINT('',(-0.000916666666666667,-0.00035,-0.0024));
#2455=CARTESIAN_POINT('',(0.,0.00035,-0.0024));
#2456=CARTESIAN_POINT('',(-0.00161666666666667,0.00035,-0.0024));
#2457=CARTESIAN_POINT('',(-0.00161666666666667,8.67361737988404E-19,-0.0024));
#2458=CARTESIAN_POINT('',(-0.00161666666666667,-0.00035,-0.0024));
#2459=CARTESIAN_POINT('',(0.,-0.00035,-0.0024));
#2460=CARTESIAN_POINT('',(0.00415,8.67361737988404E-19,-0.0024));
#2461=CARTESIAN_POINT('',(0.00415,0.00035,-0.0024));
#2462=CARTESIAN_POINT('',(0.00415,-0.00035,-0.0024));
#2463=CARTESIAN_POINT('',(0.,0.00035,-0.0024));
#2464=CARTESIAN_POINT('',(0.00345,0.00035,-0.0024));
#2465=CARTESIAN_POINT('',(0.00345,8.67361737988404E-19,-0.0024));
#2466=CARTESIAN_POINT('',(0.00345,-0.00035,-0.0024));
#2467=CARTESIAN_POINT('',(0.,-0.00035,-0.0024));
#2468=CARTESIAN_POINT('',(0.,8.67361737988404E-19,0.));
#2469=CARTESIAN_POINT('',(0.005,6.50521303491303E-19,0.));
#2470=CARTESIAN_POINT('',(0.005,0.00125,0.));
#2471=CARTESIAN_POINT('',(0.005,-0.00125,0.));
#2472=CARTESIAN_POINT('',(0.,0.00125,0.));
#2473=CARTESIAN_POINT('',(-0.005,0.00125,0.));
#2474=CARTESIAN_POINT('',(-0.005,1.0842021724855E-18,0.));
#2475=CARTESIAN_POINT('',(-0.005,-0.00125,0.));
#2476=CARTESIAN_POINT('',(0.,-0.00125,0.));
#2477=CARTESIAN_POINT('',(0.,0.00035,0.));
#2478=CARTESIAN_POINT('',(-0.00345,0.00035,0.));
#2479=CARTESIAN_POINT('',(-0.00415,0.00035,0.));
#2480=CARTESIAN_POINT('',(-0.00345,8.67361737988404E-19,0.));
#2481=CARTESIAN_POINT('',(-0.00345,-0.00035,0.));
#2482=CARTESIAN_POINT('',(0.,-0.00035,0.));
#2483=CARTESIAN_POINT('',(-0.00415,-0.00035,0.));
#2484=CARTESIAN_POINT('',(-0.00415,8.67361737988404E-19,0.));
#2485=CARTESIAN_POINT('',(0.,0.00035,0.));
#2486=CARTESIAN_POINT('',(-0.000916666666666667,0.00035,0.));
#2487=CARTESIAN_POINT('',(-0.00161666666666667,0.00035,0.));
#2488=CARTESIAN_POINT('',(-0.000916666666666667,8.67361737988404E-19,0.));
#2489=CARTESIAN_POINT('',(-0.000916666666666667,-0.00035,0.));
#2490=CARTESIAN_POINT('',(0.,-0.00035,0.));
#2491=CARTESIAN_POINT('',(-0.00161666666666667,-0.00035,0.));
#2492=CARTESIAN_POINT('',(-0.00161666666666667,8.67361737988404E-19,0.));
#2493=CARTESIAN_POINT('',(0.,0.00035,0.));
#2494=CARTESIAN_POINT('',(0.00161666666666667,0.00035,0.));
#2495=CARTESIAN_POINT('',(0.000916666666666667,0.00035,0.));
#2496=CARTESIAN_POINT('',(0.00161666666666667,8.67361737988404E-19,0.));
#2497=CARTESIAN_POINT('',(0.00161666666666667,-0.00035,0.));
#2498=CARTESIAN_POINT('',(0.,-0.00035,0.));
#2499=CARTESIAN_POINT('',(0.000916666666666667,-0.00035,0.));
#2500=CARTESIAN_POINT('',(0.000916666666666667,8.67361737988404E-19,0.));
#2501=CARTESIAN_POINT('',(0.,0.00035,0.));
#2502=CARTESIAN_POINT('',(0.00415,0.00035,0.));
#2503=CARTESIAN_POINT('',(0.00345,0.00035,0.));
#2504=CARTESIAN_POINT('',(0.00415,8.67361737988404E-19,0.));
#2505=CARTESIAN_POINT('',(0.00415,-0.00035,0.));
#2506=CARTESIAN_POINT('',(0.,-0.00035,0.));
#2507=CARTESIAN_POINT('',(0.00345,-0.00035,0.));
#2508=CARTESIAN_POINT('',(0.00345,8.67361737988404E-19,0.));
#2509=CARTESIAN_POINT('',(0.005,6.50521303491303E-19,-0.0024));
#2510=CARTESIAN_POINT('',(0.005,-0.00125,-0.0024));
#2511=CARTESIAN_POINT('',(0.005,0.00125,-0.0024));
#2512=CARTESIAN_POINT('',(0.,0.00125,-0.0024));
#2513=CARTESIAN_POINT('',(-0.005,0.00125,-0.0024));
#2514=CARTESIAN_POINT('',(-0.005,1.0842021724855E-18,-0.0024));
#2515=CARTESIAN_POINT('',(-0.005,-0.00125,-0.0024));
#2516=CARTESIAN_POINT('',(0.,-0.00125,-0.0024));
#2517=CARTESIAN_POINT('',(0.,0.,0.0027));
#2518=CARTESIAN_POINT('',(-0.00345,5.42101086242752E-20,0.0027));
#2519=CARTESIAN_POINT('',(-0.00345,0.00035,0.0027));
#2520=CARTESIAN_POINT('',(-0.00345,-0.00035,0.0027));
#2521=CARTESIAN_POINT('',(-0.0038,0.00035,0.0027));
#2522=CARTESIAN_POINT('',(-0.00415,0.00035,0.0027));
#2523=CARTESIAN_POINT('',(-0.00415,8.13151629364128E-20,0.0027));
#2524=CARTESIAN_POINT('',(-0.00415,-0.00035,0.0027));
#2525=CARTESIAN_POINT('',(-0.0038,-0.00035,0.0027));
#2526=CARTESIAN_POINT('',(-0.0038,-0.00035,-0.0086));
#2527=CARTESIAN_POINT('',(-0.00345,-0.00035,-0.0086));
#2528=CARTESIAN_POINT('',(-0.00415,-0.00035,-0.0086));
#2529=CARTESIAN_POINT('',(-0.00415,8.13151629364128E-20,-0.0086));
#2530=CARTESIAN_POINT('',(-0.00415,0.00035,-0.0086));
#2531=CARTESIAN_POINT('',(-0.0038,0.00035,-0.0086));
#2532=CARTESIAN_POINT('',(-0.00345,0.00035,-0.0086));
#2533=CARTESIAN_POINT('',(-0.00345,5.42101086242752E-20,-0.0086));
#2534=CARTESIAN_POINT('',(0.,0.,0.0027));
#2535=CARTESIAN_POINT('',(-0.000916666666666667,0.,0.0027));
#2536=CARTESIAN_POINT('',(-0.000916666666666667,0.00035,0.0027));
#2537=CARTESIAN_POINT('',(-0.000916666666666667,-0.00035,0.0027));
#2538=CARTESIAN_POINT('',(-0.00126666666666667,0.00035,0.0027));
#2539=CARTESIAN_POINT('',(-0.00161666666666667,0.00035,0.0027));
#2540=CARTESIAN_POINT('',(-0.00161666666666667,0.,0.0027));
#2541=CARTESIAN_POINT('',(-0.00161666666666667,-0.00035,0.0027));
#2542=CARTESIAN_POINT('',(-0.00126666666666667,-0.00035,0.0027));
#2543=CARTESIAN_POINT('',(-0.00126666666666667,-0.00035,-0.0086));
#2544=CARTESIAN_POINT('',(-0.000916666666666667,-0.00035,-0.0086));
#2545=CARTESIAN_POINT('',(-0.00161666666666667,-0.00035,-0.0086));
#2546=CARTESIAN_POINT('',(-0.00161666666666667,0.,-0.0086));
#2547=CARTESIAN_POINT('',(-0.00161666666666667,0.00035,-0.0086));
#2548=CARTESIAN_POINT('',(-0.00126666666666667,0.00035,-0.0086));
#2549=CARTESIAN_POINT('',(-0.000916666666666667,0.00035,-0.0086));
#2550=CARTESIAN_POINT('',(-0.000916666666666667,0.,-0.0086));
#2551=CARTESIAN_POINT('',(0.,0.,0.0027));
#2552=CARTESIAN_POINT('',(0.00161666666666667,0.,0.0027));
#2553=CARTESIAN_POINT('',(0.00161666666666667,0.00035,0.0027));
#2554=CARTESIAN_POINT('',(0.00161666666666667,-0.00035,0.0027));
#2555=CARTESIAN_POINT('',(0.00126666666666667,0.00035,0.0027));
#2556=CARTESIAN_POINT('',(0.000916666666666667,0.00035,0.0027));
#2557=CARTESIAN_POINT('',(0.000916666666666667,0.,0.0027));
#2558=CARTESIAN_POINT('',(0.000916666666666667,-0.00035,0.0027));
#2559=CARTESIAN_POINT('',(0.00126666666666667,-0.00035,0.0027));
#2560=CARTESIAN_POINT('',(0.00126666666666667,-0.00035,-0.0086));
#2561=CARTESIAN_POINT('',(0.00161666666666667,-0.00035,-0.0086));
#2562=CARTESIAN_POINT('',(0.000916666666666667,-0.00035,-0.0086));
#2563=CARTESIAN_POINT('',(0.000916666666666667,0.,-0.0086));
#2564=CARTESIAN_POINT('',(0.000916666666666667,0.00035,-0.0086));
#2565=CARTESIAN_POINT('',(0.00126666666666667,0.00035,-0.0086));
#2566=CARTESIAN_POINT('',(0.00161666666666667,0.00035,-0.0086));
#2567=CARTESIAN_POINT('',(0.00161666666666667,0.,-0.0086));
#2568=CARTESIAN_POINT('',(0.,0.,0.0027));
#2569=CARTESIAN_POINT('',(0.00415,2.71050543121376E-20,0.0027));
#2570=CARTESIAN_POINT('',(0.00415,0.00035,0.0027));
#2571=CARTESIAN_POINT('',(0.00415,-0.00035,0.0027));
#2572=CARTESIAN_POINT('',(0.0038,0.00035,0.0027));
#2573=CARTESIAN_POINT('',(0.00345,0.00035,0.0027));
#2574=CARTESIAN_POINT('',(0.00345,5.42101086242752E-20,0.0027));
#2575=CARTESIAN_POINT('',(0.00345,-0.00035,0.0027));
#2576=CARTESIAN_POINT('',(0.0038,-0.00035,0.0027));
#2577=CARTESIAN_POINT('',(0.0038,-0.00035,-0.0086));
#2578=CARTESIAN_POINT('',(0.00415,-0.00035,-0.0086));
#2579=CARTESIAN_POINT('',(0.00345,-0.00035,-0.0086));
#2580=CARTESIAN_POINT('',(0.00345,5.42101086242752E-20,-0.0086));
#2581=CARTESIAN_POINT('',(0.00345,0.00035,-0.0086));
#2582=CARTESIAN_POINT('',(0.0038,0.00035,-0.0086));
#2583=CARTESIAN_POINT('',(0.00415,0.00035,-0.0086));
#2584=CARTESIAN_POINT('',(0.00415,2.71050543121376E-20,-0.0086));
#2585=CARTESIAN_POINT('',(-0.00345,5.42101086242752E-20,-0.0086));
#2586=CARTESIAN_POINT('',(-0.00345,0.00035,-0.0086));
#2587=CARTESIAN_POINT('',(-0.00345,0.00035,-0.0086));
#2588=CARTESIAN_POINT('',(-0.00345,-0.00035,-0.0086));
#2589=CARTESIAN_POINT('',(-0.00345,-0.00035,-0.0086));
#2590=CARTESIAN_POINT('',(-0.00345,5.42101086242752E-20,-0.0086));
#2591=CARTESIAN_POINT('',(-0.0038,0.00035,-0.0086));
#2592=CARTESIAN_POINT('',(-0.0038,0.00035,-0.0086));
#2593=CARTESIAN_POINT('',(-0.00415,0.00035,-0.0086));
#2594=CARTESIAN_POINT('',(-0.00415,0.00035,-0.0086));
#2595=CARTESIAN_POINT('',(-0.00415,8.13151629364128E-20,-0.0086));
#2596=CARTESIAN_POINT('',(-0.00415,8.13151629364128E-20,-0.0086));
#2597=CARTESIAN_POINT('',(-0.00415,-0.00035,-0.0086));
#2598=CARTESIAN_POINT('',(-0.00415,-0.00035,-0.0086));
#2599=CARTESIAN_POINT('',(-0.0038,-0.00035,-0.0086));
#2600=CARTESIAN_POINT('',(-0.0038,-0.00035,-0.0086));
#2601=CARTESIAN_POINT('',(0.,0.,-0.0086));
#2602=CARTESIAN_POINT('',(-0.000916666666666667,0.,-0.0086));
#2603=CARTESIAN_POINT('',(-0.000916666666666667,0.00035,-0.0086));
#2604=CARTESIAN_POINT('',(-0.000916666666666667,0.00035,-0.0086));
#2605=CARTESIAN_POINT('',(-0.000916666666666667,-0.00035,-0.0086));
#2606=CARTESIAN_POINT('',(-0.000916666666666667,-0.00035,-0.0086));
#2607=CARTESIAN_POINT('',(-0.000916666666666667,0.,-0.0086));
#2608=CARTESIAN_POINT('',(-0.00126666666666667,0.00035,-0.0086));
#2609=CARTESIAN_POINT('',(-0.00126666666666667,0.00035,-0.0086));
#2610=CARTESIAN_POINT('',(-0.00161666666666667,0.00035,-0.0086));
#2611=CARTESIAN_POINT('',(-0.00161666666666667,0.00035,-0.0086));
#2612=CARTESIAN_POINT('',(-0.00161666666666667,0.,-0.0086));
#2613=CARTESIAN_POINT('',(-0.00161666666666667,0.,-0.0086));
#2614=CARTESIAN_POINT('',(-0.00161666666666667,-0.00035,-0.0086));
#2615=CARTESIAN_POINT('',(-0.00161666666666667,-0.00035,-0.0086));
#2616=CARTESIAN_POINT('',(-0.00126666666666667,-0.00035,-0.0086));
#2617=CARTESIAN_POINT('',(-0.00126666666666667,-0.00035,-0.0086));
#2618=CARTESIAN_POINT('',(0.,0.,-0.0086));
#2619=CARTESIAN_POINT('',(0.00161666666666667,0.,-0.0086));
#2620=CARTESIAN_POINT('',(0.00161666666666667,0.00035,-0.0086));
#2621=CARTESIAN_POINT('',(0.00161666666666667,0.00035,-0.0086));
#2622=CARTESIAN_POINT('',(0.00161666666666667,-0.00035,-0.0086));
#2623=CARTESIAN_POINT('',(0.00161666666666667,-0.00035,-0.0086));
#2624=CARTESIAN_POINT('',(0.00161666666666667,0.,-0.0086));
#2625=CARTESIAN_POINT('',(0.00126666666666667,0.00035,-0.0086));
#2626=CARTESIAN_POINT('',(0.00126666666666667,0.00035,-0.0086));
#2627=CARTESIAN_POINT('',(0.000916666666666667,0.00035,-0.0086));
#2628=CARTESIAN_POINT('',(0.000916666666666667,0.00035,-0.0086));
#2629=CARTESIAN_POINT('',(0.000916666666666667,0.,-0.0086));
#2630=CARTESIAN_POINT('',(0.000916666666666667,0.,-0.0086));
#2631=CARTESIAN_POINT('',(0.000916666666666667,-0.00035,-0.0086));
#2632=CARTESIAN_POINT('',(0.000916666666666667,-0.00035,-0.0086));
#2633=CARTESIAN_POINT('',(0.00126666666666667,-0.00035,-0.0086));
#2634=CARTESIAN_POINT('',(0.00126666666666667,-0.00035,-0.0086));
#2635=CARTESIAN_POINT('',(0.,0.,-0.0086));
#2636=CARTESIAN_POINT('',(0.00415,2.71050543121376E-20,-0.0086));
#2637=CARTESIAN_POINT('',(0.00415,0.00035,-0.0086));
#2638=CARTESIAN_POINT('',(0.00415,0.00035,-0.0086));
#2639=CARTESIAN_POINT('',(0.00415,-0.00035,-0.0086));
#2640=CARTESIAN_POINT('',(0.00415,-0.00035,-0.0086));
#2641=CARTESIAN_POINT('',(0.00415,2.71050543121376E-20,-0.0086));
#2642=CARTESIAN_POINT('',(0.0038,0.00035,-0.0086));
#2643=CARTESIAN_POINT('',(0.0038,0.00035,-0.0086));
#2644=CARTESIAN_POINT('',(0.00345,0.00035,-0.0086));
#2645=CARTESIAN_POINT('',(0.00345,0.00035,-0.0086));
#2646=CARTESIAN_POINT('',(0.00345,5.42101086242752E-20,-0.0086));
#2647=CARTESIAN_POINT('',(0.00345,5.42101086242752E-20,-0.0086));
#2648=CARTESIAN_POINT('',(0.00345,-0.00035,-0.0086));
#2649=CARTESIAN_POINT('',(0.00345,-0.00035,-0.0086));
#2650=CARTESIAN_POINT('',(0.0038,-0.00035,-0.0086));
#2651=CARTESIAN_POINT('',(0.0038,-0.00035,-0.0086));
#2652=CARTESIAN_POINT('',(0.,0.,-0.0086));
#2653=CARTESIAN_POINT('',(0.,0.,0.));
#2654=CARTESIAN_POINT('',(0.0124,-0.0319,0.00113));
#2655=CARTESIAN_POINT('',(0.0124,-0.0319,0.));
#2656=CARTESIAN_POINT('',(0.01775,-0.0319,0.));
#2657=CARTESIAN_POINT('',(0.00705,-0.0319,0.));
#2658=CARTESIAN_POINT('',(0.01775,-0.0319,0.00113));
#2659=CARTESIAN_POINT('',(0.01775,-0.0319,0.00113));
#2660=CARTESIAN_POINT('',(0.0124,-0.0319,0.00113));
#2661=CARTESIAN_POINT('',(0.00705,-0.0319,0.00113));
#2662=CARTESIAN_POINT('',(0.00705,-0.0319,0.00113));
#2663=CARTESIAN_POINT('',(0.01775,-0.01505,0.00113));
#2664=CARTESIAN_POINT('',(0.01775,-0.01505,0.));
#2665=CARTESIAN_POINT('',(0.01775,0.0018,0.));
#2666=CARTESIAN_POINT('',(0.01775,0.0018,0.00113));
#2667=CARTESIAN_POINT('',(0.01775,0.0018,0.00113));
#2668=CARTESIAN_POINT('',(0.01775,-0.01505,0.00113));
#2669=CARTESIAN_POINT('',(0.,0.0018,0.00113));
#2670=CARTESIAN_POINT('',(0.,0.0018,0.));
#2671=CARTESIAN_POINT('',(-0.01775,0.0018,0.));
#2672=CARTESIAN_POINT('',(-0.01775,0.0018,0.00113));
#2673=CARTESIAN_POINT('',(-0.01775,0.0018,0.00113));
#2674=CARTESIAN_POINT('',(0.,0.0018,0.00113));
#2675=CARTESIAN_POINT('',(-0.01775,-0.01505,0.00113));
#2676=CARTESIAN_POINT('',(-0.01775,-0.01505,0.));
#2677=CARTESIAN_POINT('',(-0.01775,-0.0319,0.));
#2678=CARTESIAN_POINT('',(-0.01775,-0.0319,0.00113));
#2679=CARTESIAN_POINT('',(-0.01775,-0.0319,0.00113));
#2680=CARTESIAN_POINT('',(-0.01775,-0.01505,0.00113));
#2681=CARTESIAN_POINT('',(-0.0124,-0.0319,0.00113));
#2682=CARTESIAN_POINT('',(-0.0124,-0.0319,0.));
#2683=CARTESIAN_POINT('',(-0.00705,-0.0319,0.));
#2684=CARTESIAN_POINT('',(-0.00705,-0.0319,0.00113));
#2685=CARTESIAN_POINT('',(-0.00705,-0.0319,0.00113));
#2686=CARTESIAN_POINT('',(-0.0124,-0.0319,0.00113));
#2687=CARTESIAN_POINT('',(-0.00705,-0.0299,0.00113));
#2688=CARTESIAN_POINT('',(-0.00705,-0.0299,0.));
#2689=CARTESIAN_POINT('',(-0.00705,-0.0279,0.));
#2690=CARTESIAN_POINT('',(-0.00705,-0.0279,0.00113));
#2691=CARTESIAN_POINT('',(-0.00705,-0.0279,0.00113));
#2692=CARTESIAN_POINT('',(-0.00705,-0.0299,0.00113));
#2693=CARTESIAN_POINT('',(5.20417042793042E-18,-0.0279,0.00113));
#2694=CARTESIAN_POINT('',(5.20417042793042E-18,-0.0279,0.));
#2695=CARTESIAN_POINT('',(0.00705,-0.0279,0.));
#2696=CARTESIAN_POINT('',(0.00705,-0.0279,0.00113));
#2697=CARTESIAN_POINT('',(0.00705,-0.0279,0.00113));
#2698=CARTESIAN_POINT('',(5.20417042793042E-18,-0.0279,0.00113));
#2699=CARTESIAN_POINT('',(-0.0153,-0.02945,0.00113));
#2700=CARTESIAN_POINT('',(-0.0153,-0.02945,0.00113));
#2701=CARTESIAN_POINT('',(-0.01365,-0.02945,0.00113));
#2702=CARTESIAN_POINT('',(-0.0153,-0.02945,0.));
#2703=CARTESIAN_POINT('',(-0.01365,-0.02945,0.));
#2704=CARTESIAN_POINT('',(0.0153,-0.00065,0.00113));
#2705=CARTESIAN_POINT('',(0.0153,-0.00065,0.00113));
#2706=CARTESIAN_POINT('',(0.01695,-0.00065,0.00113));
#2707=CARTESIAN_POINT('',(0.0153,-0.00065,0.));
#2708=CARTESIAN_POINT('',(0.01695,-0.00065,0.));
#2709=CARTESIAN_POINT('',(-0.0153,-0.00065,0.00113));
#2710=CARTESIAN_POINT('',(-0.0153,-0.00065,0.00113));
#2711=CARTESIAN_POINT('',(-0.01365,-0.00065,0.00113));
#2712=CARTESIAN_POINT('',(-0.0153,-0.00065,0.));
#2713=CARTESIAN_POINT('',(-0.01365,-0.00065,0.));
#2714=CARTESIAN_POINT('',(0.00705,-0.0299,0.00113));
#2715=CARTESIAN_POINT('',(0.00705,-0.0299,0.));
#2716=CARTESIAN_POINT('',(0.00705,-0.0299,0.00113));
#2717=CARTESIAN_POINT('',(0.0153,-0.02945,0.00113));
#2718=CARTESIAN_POINT('',(0.0153,-0.02945,0.00113));
#2719=CARTESIAN_POINT('',(0.01695,-0.02945,0.00113));
#2720=CARTESIAN_POINT('',(0.0153,-0.02945,0.));
#2721=CARTESIAN_POINT('',(0.01695,-0.02945,0.));
#2722=CARTESIAN_POINT('',(0.,-0.01505,0.00113));
#2723=CARTESIAN_POINT('',(0.,-0.00637,0.00113));
#2724=CARTESIAN_POINT('',(0.01455,-0.00637,0.00113));
#2725=CARTESIAN_POINT('',(-0.01455,-0.00637,0.00113));
#2726=CARTESIAN_POINT('',(0.01455,-0.01327,0.00113));
#2727=CARTESIAN_POINT('',(0.01455,-0.02017,0.00113));
#2728=CARTESIAN_POINT('',(0.,-0.02017,0.00113));
#2729=CARTESIAN_POINT('',(-0.01455,-0.02017,0.00113));
#2730=CARTESIAN_POINT('',(-0.01455,-0.01327,0.00113));
#2731=CARTESIAN_POINT('',(0.,-0.01505,0.));
#2732=CARTESIAN_POINT('',(-0.01235,-0.0169516055136919,0.));
#2733=CARTESIAN_POINT('',(-0.01235,-0.0179516055136919,0.));
#2734=CARTESIAN_POINT('',(-0.01235,-0.0159516055136919,0.));
#2735=CARTESIAN_POINT('',(0.0015,-0.0179516055136919,0.));
#2736=CARTESIAN_POINT('',(0.01535,-0.0179516055136919,0.));
#2737=CARTESIAN_POINT('',(0.01535,-0.0169516055136919,0.));
#2738=CARTESIAN_POINT('',(0.01535,-0.0159516055136919,0.));
#2739=CARTESIAN_POINT('',(0.0015,-0.0159516055136919,0.));
#2740=CARTESIAN_POINT('',(0.00615,-0.0097,0.));
#2741=CARTESIAN_POINT('',(0.00615,-0.0113,0.));
#2742=CARTESIAN_POINT('',(0.00615,-0.0081,0.));
#2743=CARTESIAN_POINT('',(0.00705,-0.0113,0.));
#2744=CARTESIAN_POINT('',(0.00795,-0.0113,0.));
#2745=CARTESIAN_POINT('',(0.00795,-0.0097,0.));
#2746=CARTESIAN_POINT('',(0.00795,-0.0081,0.));
#2747=CARTESIAN_POINT('',(0.00705,-0.0081,0.));
#2748=CARTESIAN_POINT('',(-0.01345,-0.0084,0.));
#2749=CARTESIAN_POINT('',(-0.01345,-0.0109,0.));
#2750=CARTESIAN_POINT('',(-0.01345,-0.0059,0.));
#2751=CARTESIAN_POINT('',(-0.0096,-0.0109,0.));
#2752=CARTESIAN_POINT('',(-0.00575,-0.0109,0.));
#2753=CARTESIAN_POINT('',(-0.00575,-0.0084,0.));
#2754=CARTESIAN_POINT('',(-0.00575,-0.0059,0.));
#2755=CARTESIAN_POINT('',(-0.0096,-0.0059,0.));
#2756=CARTESIAN_POINT('',(-0.0096,-0.0109,-0.0009));
#2757=CARTESIAN_POINT('',(-0.01345,-0.0109,-0.0009));
#2758=CARTESIAN_POINT('',(-0.01345,-0.0109,-0.0009));
#2759=CARTESIAN_POINT('',(-0.0096,-0.0109,-0.0009));
#2760=CARTESIAN_POINT('',(-0.00575,-0.0109,-0.0009));
#2761=CARTESIAN_POINT('',(-0.00575,-0.0109,-0.0009));
#2762=CARTESIAN_POINT('',(-0.01345,-0.0084,-0.0009));
#2763=CARTESIAN_POINT('',(-0.01345,-0.0059,-0.0009));
#2764=CARTESIAN_POINT('',(-0.01345,-0.0059,-0.0009));
#2765=CARTESIAN_POINT('',(-0.01345,-0.0084,-0.0009));
#2766=CARTESIAN_POINT('',(-0.0096,-0.0059,-0.0009));
#2767=CARTESIAN_POINT('',(-0.00575,-0.0059,-0.0009));
#2768=CARTESIAN_POINT('',(-0.00575,-0.0059,-0.0009));
#2769=CARTESIAN_POINT('',(-0.0096,-0.0059,-0.0009));
#2770=CARTESIAN_POINT('',(-0.00575,-0.0084,-0.0009));
#2771=CARTESIAN_POINT('',(-0.00575,-0.0084,-0.0009));
#2772=CARTESIAN_POINT('',(0.,-0.01505,-0.0009));
#2773=CARTESIAN_POINT('',(0.00705,-0.0113,-0.0009));
#2774=CARTESIAN_POINT('',(0.00615,-0.0113,-0.0009));
#2775=CARTESIAN_POINT('',(0.00615,-0.0113,-0.0009));
#2776=CARTESIAN_POINT('',(0.00705,-0.0113,-0.0009));
#2777=CARTESIAN_POINT('',(0.00795,-0.0113,-0.0009));
#2778=CARTESIAN_POINT('',(0.00795,-0.0113,-0.0009));
#2779=CARTESIAN_POINT('',(0.00615,-0.0097,-0.0009));
#2780=CARTESIAN_POINT('',(0.00615,-0.0081,-0.0009));
#2781=CARTESIAN_POINT('',(0.00615,-0.0081,-0.0009));
#2782=CARTESIAN_POINT('',(0.00615,-0.0097,-0.0009));
#2783=CARTESIAN_POINT('',(0.00705,-0.0081,-0.0009));
#2784=CARTESIAN_POINT('',(0.00795,-0.0081,-0.0009));
#2785=CARTESIAN_POINT('',(0.00795,-0.0081,-0.0009));
#2786=CARTESIAN_POINT('',(0.00705,-0.0081,-0.0009));
#2787=CARTESIAN_POINT('',(0.00795,-0.0097,-0.0009));
#2788=CARTESIAN_POINT('',(0.00795,-0.0097,-0.0009));
#2789=CARTESIAN_POINT('',(0.,-0.01505,-0.0009));
#2790=CARTESIAN_POINT('',(0.0015,-0.0179516055136919,-0.0009));
#2791=CARTESIAN_POINT('',(-0.01235,-0.0179516055136919,-0.0009));
#2792=CARTESIAN_POINT('',(-0.01235,-0.0179516055136919,-0.0009));
#2793=CARTESIAN_POINT('',(0.0015,-0.0179516055136919,-0.0009));
#2794=CARTESIAN_POINT('',(0.01535,-0.0179516055136919,-0.0009));
#2795=CARTESIAN_POINT('',(0.01535,-0.0179516055136919,-0.0009));
#2796=CARTESIAN_POINT('',(-0.01235,-0.0169516055136919,-0.0009));
#2797=CARTESIAN_POINT('',(-0.01235,-0.0159516055136919,-0.0009));
#2798=CARTESIAN_POINT('',(-0.01235,-0.0159516055136919,-0.0009));
#2799=CARTESIAN_POINT('',(-0.01235,-0.0169516055136919,-0.0009));
#2800=CARTESIAN_POINT('',(0.0015,-0.0159516055136919,-0.0009));
#2801=CARTESIAN_POINT('',(0.01535,-0.0159516055136919,-0.0009));
#2802=CARTESIAN_POINT('',(0.01535,-0.0159516055136919,-0.0009));
#2803=CARTESIAN_POINT('',(0.0015,-0.0159516055136919,-0.0009));
#2804=CARTESIAN_POINT('',(0.01535,-0.0169516055136919,-0.0009));
#2805=CARTESIAN_POINT('',(0.01535,-0.0169516055136919,-0.0009));
#2806=CARTESIAN_POINT('',(0.,-0.01505,-0.0009));
#2807=CARTESIAN_POINT('',(0.,-0.00637,0.00314));
#2808=CARTESIAN_POINT('',(-0.01455,-0.00637,0.00314));
#2809=CARTESIAN_POINT('',(-0.01455,-0.00637,0.00314));
#2810=CARTESIAN_POINT('',(0.,-0.00637,0.00314));
#2811=CARTESIAN_POINT('',(0.01455,-0.00637,0.00314));
#2812=CARTESIAN_POINT('',(0.01455,-0.00637,0.00314));
#2813=CARTESIAN_POINT('',(-0.01455,-0.01327,0.00314));
#2814=CARTESIAN_POINT('',(-0.01455,-0.02017,0.00314));
#2815=CARTESIAN_POINT('',(-0.01455,-0.02017,0.00314));
#2816=CARTESIAN_POINT('',(-0.01455,-0.01327,0.00314));
#2817=CARTESIAN_POINT('',(0.,-0.02017,0.00314));
#2818=CARTESIAN_POINT('',(0.01455,-0.02017,0.00314));
#2819=CARTESIAN_POINT('',(0.01455,-0.02017,0.00314));
#2820=CARTESIAN_POINT('',(0.,-0.02017,0.00314));
#2821=CARTESIAN_POINT('',(0.01455,-0.01327,0.00314));
#2822=CARTESIAN_POINT('',(0.01455,-0.01327,0.00314));
#2823=CARTESIAN_POINT('',(0.,-0.01505,0.00314));
#2824=MECHANICAL_DESIGN_GEOMETRIC_PRESENTATION_REPRESENTATION('',(#1751),#2827);
#2825=MECHANICAL_DESIGN_GEOMETRIC_PRESENTATION_REPRESENTATION('',(#1752),#2828);
#2826=MECHANICAL_DESIGN_GEOMETRIC_PRESENTATION_REPRESENTATION('',(#1753),#2829);
#2827=(
GEOMETRIC_REPRESENTATION_CONTEXT(3)
GLOBAL_UNCERTAINTY_ASSIGNED_CONTEXT((#2830))
GLOBAL_UNIT_ASSIGNED_CONTEXT((#2839,#2836,#2833))
REPRESENTATION_CONTEXT('Screen','TOP_LEVEL_ASSEMBLY_PART')
);
#2828=(
GEOMETRIC_REPRESENTATION_CONTEXT(3)
GLOBAL_UNCERTAINTY_ASSIGNED_CONTEXT((#2831))
GLOBAL_UNIT_ASSIGNED_CONTEXT((#2840,#2837,#2834))
REPRESENTATION_CONTEXT('pins','TOP_LEVEL_ASSEMBLY_PART')
);
#2829=(
GEOMETRIC_REPRESENTATION_CONTEXT(3)
GLOBAL_UNCERTAINTY_ASSIGNED_CONTEXT((#2832))
GLOBAL_UNIT_ASSIGNED_CONTEXT((#2841,#2838,#2835))
REPRESENTATION_CONTEXT('PCB','TOP_LEVEL_ASSEMBLY_PART')
);
#2830=UNCERTAINTY_MEASURE_WITH_UNIT(LENGTH_MEASURE(1.E-08),#2839,'DISTANCE_ACCURACY_VALUE','Maximum Tolerance applied to model');
#2831=UNCERTAINTY_MEASURE_WITH_UNIT(LENGTH_MEASURE(1.E-08),#2840,'DISTANCE_ACCURACY_VALUE','Maximum Tolerance applied to model');
#2832=UNCERTAINTY_MEASURE_WITH_UNIT(LENGTH_MEASURE(1.E-08),#2841,'DISTANCE_ACCURACY_VALUE','Maximum Tolerance applied to model');
#2833=(
NAMED_UNIT(*)
SI_UNIT($,.STERADIAN.)
SOLID_ANGLE_UNIT()
);
#2834=(
NAMED_UNIT(*)
SI_UNIT($,.STERADIAN.)
SOLID_ANGLE_UNIT()
);
#2835=(
NAMED_UNIT(*)
SI_UNIT($,.STERADIAN.)
SOLID_ANGLE_UNIT()
);
#2836=(
NAMED_UNIT(*)
PLANE_ANGLE_UNIT()
SI_UNIT($,.RADIAN.)
);
#2837=(
NAMED_UNIT(*)
PLANE_ANGLE_UNIT()
SI_UNIT($,.RADIAN.)
);
#2838=(
NAMED_UNIT(*)
PLANE_ANGLE_UNIT()
SI_UNIT($,.RADIAN.)
);
#2839=(
LENGTH_UNIT()
NAMED_UNIT(*)
SI_UNIT($,.METRE.)
);
#2840=(
LENGTH_UNIT()
NAMED_UNIT(*)
SI_UNIT($,.METRE.)
);
#2841=(
LENGTH_UNIT()
NAMED_UNIT(*)
SI_UNIT($,.METRE.)
);
#2842=PRODUCT_DEFINITION_SHAPE('','',#2845);
#2843=PRODUCT_DEFINITION_SHAPE('','',#2846);
#2844=PRODUCT_DEFINITION_SHAPE('','',#2847);
#2845=PRODUCT_DEFINITION('','',#2851,#2848);
#2846=PRODUCT_DEFINITION('','',#2852,#2849);
#2847=PRODUCT_DEFINITION('','',#2853,#2850);
#2848=PRODUCT_DEFINITION_CONTEXT('',#2869,'design');
#2849=PRODUCT_DEFINITION_CONTEXT('',#2870,'design');
#2850=PRODUCT_DEFINITION_CONTEXT('',#2871,'design');
#2851=PRODUCT_DEFINITION_FORMATION_WITH_SPECIFIED_SOURCE('','',#2857,.NOT_KNOWN.);
#2852=PRODUCT_DEFINITION_FORMATION_WITH_SPECIFIED_SOURCE('','',#2858,.NOT_KNOWN.);
#2853=PRODUCT_DEFINITION_FORMATION_WITH_SPECIFIED_SOURCE('','',#2859,.NOT_KNOWN.);
#2854=PRODUCT_RELATED_PRODUCT_CATEGORY('','',(#2857));
#2855=PRODUCT_RELATED_PRODUCT_CATEGORY('','',(#2858));
#2856=PRODUCT_RELATED_PRODUCT_CATEGORY('','',(#2859));
#2857=PRODUCT('Screen','Screen','Screen',(#2863));
#2858=PRODUCT('pins','pins','pins',(#2864));
#2859=PRODUCT('PCB','PCB','PCB',(#2865));
#2860=PRODUCT_CATEGORY('','');
#2861=PRODUCT_CATEGORY('','');
#2862=PRODUCT_CATEGORY('','');
#2863=PRODUCT_CONTEXT('',#2869,'mechanical');
#2864=PRODUCT_CONTEXT('',#2870,'mechanical');
#2865=PRODUCT_CONTEXT('',#2871,'mechanical');
#2866=APPLICATION_PROTOCOL_DEFINITION('international standard','ap242_managed_model_based_3d_engineering',2020,#2869);
#2867=APPLICATION_PROTOCOL_DEFINITION('international standard','ap242_managed_model_based_3d_engineering',2020,#2870);
#2868=APPLICATION_PROTOCOL_DEFINITION('international standard','ap242_managed_model_based_3d_engineering',2020,#2871);
#2869=APPLICATION_CONTEXT('managed model based 3d engineering');
#2870=APPLICATION_CONTEXT('managed model based 3d engineering');
#2871=APPLICATION_CONTEXT('managed model based 3d engineering');
ENDSEC;
END-ISO-10303-21;
