ISO-10303-21;
HEADER;
FILE_DESCRIPTION((''),'2;1');
FILE_NAME('022284027','2015-04-13T',('me'),(''),
'PRO/ENGINEER BY PARAMETRIC TECHNOLOGY CORPORATION, 2011490',
'PRO/ENGINEER BY PARAMETRIC TECHNOLOGY CORPORATION, 2011490','');
FILE_SCHEMA(('CONFIG_CONTROL_DESIGN'));
ENDSEC;
DATA;
#1=DIRECTION('',(0.E0,0.E0,1.E0));
#2=VECTOR('',#1,1.E-2);
#3=CARTESIAN_POINT('',(8.75E-2,3.7E-2,-4.6E-2));
#4=LINE('',#3,#2);
#5=DIRECTION('',(0.E0,0.E0,1.E0));
#6=VECTOR('',#5,7.2E-2);
#7=CARTESIAN_POINT('',(8.75E-2,3.7E-2,-3.6E-2));
#8=LINE('',#7,#6);
#9=DIRECTION('',(0.E0,0.E0,1.E0));
#10=VECTOR('',#9,1.E-2);
#11=CARTESIAN_POINT('',(8.75E-2,3.7E-2,3.6E-2));
#12=LINE('',#11,#10);
#13=DIRECTION('',(0.E0,1.E0,0.E0));
#14=VECTOR('',#13,8.E-3);
#15=CARTESIAN_POINT('',(8.75E-2,3.7E-2,4.6E-2));
#16=LINE('',#15,#14);
#17=DIRECTION('',(0.E0,0.E0,-1.E0));
#18=VECTOR('',#17,9.2E-2);
#19=CARTESIAN_POINT('',(8.75E-2,4.5E-2,4.6E-2));
#20=LINE('',#19,#18);
#21=DIRECTION('',(0.E0,-1.E0,0.E0));
#22=VECTOR('',#21,8.E-3);
#23=CARTESIAN_POINT('',(8.75E-2,4.5E-2,-4.6E-2));
#24=LINE('',#23,#22);
#25=DIRECTION('',(0.E0,0.E0,1.E0));
#26=VECTOR('',#25,1.E-2);
#27=CARTESIAN_POINT('',(8.75E-2,-3.7E-2,-4.6E-2));
#28=LINE('',#27,#26);
#29=DIRECTION('',(0.E0,-1.E0,0.E0));
#30=VECTOR('',#29,8.E-3);
#31=CARTESIAN_POINT('',(8.75E-2,-3.7E-2,-4.6E-2));
#32=LINE('',#31,#30);
#33=DIRECTION('',(0.E0,0.E0,1.E0));
#34=VECTOR('',#33,9.2E-2);
#35=CARTESIAN_POINT('',(8.75E-2,-4.5E-2,-4.6E-2));
#36=LINE('',#35,#34);
#37=DIRECTION('',(0.E0,1.E0,0.E0));
#38=VECTOR('',#37,8.E-3);
#39=CARTESIAN_POINT('',(8.75E-2,-4.5E-2,4.6E-2));
#40=LINE('',#39,#38);
#41=DIRECTION('',(0.E0,0.E0,1.E0));
#42=VECTOR('',#41,1.E-2);
#43=CARTESIAN_POINT('',(8.75E-2,-3.7E-2,3.6E-2));
#44=LINE('',#43,#42);
#45=DIRECTION('',(0.E0,0.E0,-1.E0));
#46=VECTOR('',#45,7.2E-2);
#47=CARTESIAN_POINT('',(8.75E-2,-3.7E-2,3.6E-2));
#48=LINE('',#47,#46);
#49=DIRECTION('',(0.E0,0.E0,1.E0));
#50=VECTOR('',#49,2.692776887724E-2);
#51=CARTESIAN_POINT('',(-7.05E-2,3.7E-2,1.907223112276E-2));
#52=LINE('',#51,#50);
#53=CARTESIAN_POINT('',(-5.E-2,3.7E-2,0.E0));
#54=DIRECTION('',(0.E0,1.E0,0.E0));
#55=DIRECTION('',(0.E0,0.E0,-1.E0));
#56=AXIS2_PLACEMENT_3D('',#53,#54,#55);
#58=DIRECTION('',(0.E0,0.E0,1.E0));
#59=VECTOR('',#58,1.8E-2);
#60=CARTESIAN_POINT('',(-5.E-2,3.7E-2,-4.6E-2));
#61=LINE('',#60,#59);
#62=DIRECTION('',(-1.E0,0.E0,0.E0));
#63=VECTOR('',#62,3.75E-2);
#64=CARTESIAN_POINT('',(-5.E-2,3.7E-2,-4.6E-2));
#65=LINE('',#64,#63);
#66=DIRECTION('',(-1.E0,0.E0,0.E0));
#67=VECTOR('',#66,1.25E-2);
#68=CARTESIAN_POINT('',(-8.75E-2,3.7E-2,-3.6E-2));
#69=LINE('',#68,#67);
#70=DIRECTION('',(0.E0,0.E0,-1.E0));
#71=VECTOR('',#70,3.5E-3);
#72=CARTESIAN_POINT('',(-1.E-1,3.7E-2,-3.6E-2));
#73=LINE('',#72,#71);
#74=DIRECTION('',(7.961621941231E-1,0.E0,-6.050832675336E-1));
#75=VECTOR('',#74,1.570031846811E-2);
#76=CARTESIAN_POINT('',(-1.E-1,3.7E-2,-3.95E-2));
#77=LINE('',#76,#75);
#78=DIRECTION('',(7.071067811865E-1,0.E0,7.071067811865E-1));
#79=VECTOR('',#78,1.414213562373E-2);
#80=CARTESIAN_POINT('',(-1.E-2,3.7E-2,-4.9E-2));
#81=LINE('',#80,#79);
#82=DIRECTION('',(7.071067811865E-1,0.E0,-7.071067811865E-1));
#83=VECTOR('',#82,1.414213562373E-2);
#84=CARTESIAN_POINT('',(0.E0,3.7E-2,-3.9E-2));
#85=LINE('',#84,#83);
#86=DIRECTION('',(7.961621941231E-1,0.E0,6.050832675336E-1));
#87=VECTOR('',#86,1.570031846811E-2);
#88=CARTESIAN_POINT('',(8.75E-2,3.7E-2,-4.9E-2));
#89=LINE('',#88,#87);
#90=DIRECTION('',(0.E0,0.E0,1.E0));
#91=VECTOR('',#90,3.5E-3);
#92=CARTESIAN_POINT('',(1.E-1,3.7E-2,-3.95E-2));
#93=LINE('',#92,#91);
#94=DIRECTION('',(-1.E0,0.E0,0.E0));
#95=VECTOR('',#94,1.25E-2);
#96=CARTESIAN_POINT('',(1.E-1,3.7E-2,-3.6E-2));
#97=LINE('',#96,#95);
#98=DIRECTION('',(-1.E0,0.E0,0.E0));
#99=VECTOR('',#98,1.7E-2);
#100=CARTESIAN_POINT('',(8.75E-2,3.7E-2,-4.6E-2));
#101=LINE('',#100,#99);
#102=DIRECTION('',(0.E0,0.E0,-1.E0));
#103=VECTOR('',#102,2.692776887724E-2);
#104=CARTESIAN_POINT('',(7.05E-2,3.7E-2,-1.907223112276E-2));
#105=LINE('',#104,#103);
#106=CARTESIAN_POINT('',(5.E-2,3.7E-2,0.E0));
#107=DIRECTION('',(0.E0,1.E0,0.E0));
#108=DIRECTION('',(0.E0,0.E0,1.E0));
#109=AXIS2_PLACEMENT_3D('',#106,#107,#108);
#111=DIRECTION('',(0.E0,0.E0,-1.E0));
#112=VECTOR('',#111,1.8E-2);
#113=CARTESIAN_POINT('',(5.E-2,3.7E-2,4.6E-2));
#114=LINE('',#113,#112);
#115=DIRECTION('',(1.E0,0.E0,0.E0));
#116=VECTOR('',#115,1.25E-2);
#117=CARTESIAN_POINT('',(8.75E-2,3.7E-2,3.6E-2));
#118=LINE('',#117,#116);
#119=DIRECTION('',(0.E0,0.E0,1.E0));
#120=VECTOR('',#119,3.5E-3);
#121=CARTESIAN_POINT('',(1.E-1,3.7E-2,3.6E-2));
#122=LINE('',#121,#120);
#123=DIRECTION('',(-7.961621941231E-1,0.E0,6.050832675336E-1));
#124=VECTOR('',#123,1.570031846811E-2);
#125=CARTESIAN_POINT('',(1.E-1,3.7E-2,3.95E-2));
#126=LINE('',#125,#124);
#127=DIRECTION('',(-1.E0,0.E0,0.E0));
#128=VECTOR('',#127,7.75E-2);
#129=CARTESIAN_POINT('',(8.75E-2,3.7E-2,4.9E-2));
#130=LINE('',#129,#128);
#131=DIRECTION('',(-7.071067811865E-1,0.E0,-7.071067811865E-1));
#132=VECTOR('',#131,1.414213562373E-2);
#133=CARTESIAN_POINT('',(1.E-2,3.7E-2,4.9E-2));
#134=LINE('',#133,#132);
#135=DIRECTION('',(-7.071067811865E-1,0.E0,7.071067811865E-1));
#136=VECTOR('',#135,1.414213562373E-2);
#137=CARTESIAN_POINT('',(0.E0,3.7E-2,3.9E-2));
#138=LINE('',#137,#136);
#139=DIRECTION('',(-1.E0,0.E0,0.E0));
#140=VECTOR('',#139,7.75E-2);
#141=CARTESIAN_POINT('',(-1.E-2,3.7E-2,4.9E-2));
#142=LINE('',#141,#140);
#143=DIRECTION('',(-7.961621941231E-1,0.E0,-6.050832675336E-1));
#144=VECTOR('',#143,1.570031846811E-2);
#145=CARTESIAN_POINT('',(-8.75E-2,3.7E-2,4.9E-2));
#146=LINE('',#145,#144);
#147=DIRECTION('',(0.E0,0.E0,-1.E0));
#148=VECTOR('',#147,3.5E-3);
#149=CARTESIAN_POINT('',(-1.E-1,3.7E-2,3.95E-2));
#150=LINE('',#149,#148);
#151=DIRECTION('',(1.E0,0.E0,0.E0));
#152=VECTOR('',#151,1.25E-2);
#153=CARTESIAN_POINT('',(-1.E-1,3.7E-2,3.6E-2));
#154=LINE('',#153,#152);
#155=DIRECTION('',(0.E0,0.E0,1.E0));
#156=VECTOR('',#155,2.692776887724E-2);
#157=CARTESIAN_POINT('',(2.95E-2,3.7E-2,1.907223112276E-2));
#158=LINE('',#157,#156);
#159=CARTESIAN_POINT('',(5.E-2,3.7E-2,0.E0));
#160=DIRECTION('',(0.E0,1.E0,0.E0));
#161=DIRECTION('',(0.E0,0.E0,-1.E0));
#162=AXIS2_PLACEMENT_3D('',#159,#160,#161);
#164=DIRECTION('',(0.E0,0.E0,1.E0));
#165=VECTOR('',#164,1.8E-2);
#166=CARTESIAN_POINT('',(5.E-2,3.7E-2,-4.6E-2));
#167=LINE('',#166,#165);
#168=DIRECTION('',(-1.E0,0.E0,0.E0));
#169=VECTOR('',#168,3.75E-2);
#170=CARTESIAN_POINT('',(5.E-2,3.7E-2,-4.6E-2));
#171=LINE('',#170,#169);
#172=DIRECTION('',(-1.E0,0.E0,0.E0));
#173=VECTOR('',#172,1.7E-2);
#174=CARTESIAN_POINT('',(-1.25E-2,3.7E-2,-4.6E-2));
#175=LINE('',#174,#173);
#176=DIRECTION('',(0.E0,0.E0,-1.E0));
#177=VECTOR('',#176,2.692776887724E-2);
#178=CARTESIAN_POINT('',(-2.95E-2,3.7E-2,-1.907223112276E-2));
#179=LINE('',#178,#177);
#180=CARTESIAN_POINT('',(-5.E-2,3.7E-2,0.E0));
#181=DIRECTION('',(0.E0,1.E0,0.E0));
#182=DIRECTION('',(0.E0,0.E0,1.E0));
#183=AXIS2_PLACEMENT_3D('',#180,#181,#182);
#185=DIRECTION('',(0.E0,0.E0,-1.E0));
#186=VECTOR('',#185,1.8E-2);
#187=CARTESIAN_POINT('',(-5.E-2,3.7E-2,4.6E-2));
#188=LINE('',#187,#186);
#189=DIRECTION('',(0.E0,0.E0,-1.E0));
#190=VECTOR('',#189,9.2E-2);
#191=CARTESIAN_POINT('',(-1.25E-2,3.7E-2,4.6E-2));
#192=LINE('',#191,#190);
#193=DIRECTION('',(0.E0,0.E0,-1.E0));
#194=VECTOR('',#193,2.6E-2);
#195=CARTESIAN_POINT('',(3.7E-2,3.7E-2,1.3E-2));
#196=LINE('',#195,#194);
#197=DIRECTION('',(1.E0,0.E0,0.E0));
#198=VECTOR('',#197,2.6E-2);
#199=CARTESIAN_POINT('',(3.7E-2,3.7E-2,1.3E-2));
#200=LINE('',#199,#198);
#201=DIRECTION('',(0.E0,0.E0,-1.E0));
#202=VECTOR('',#201,2.6E-2);
#203=CARTESIAN_POINT('',(6.3E-2,3.7E-2,1.3E-2));
#204=LINE('',#203,#202);
#205=DIRECTION('',(1.E0,0.E0,0.E0));
#206=VECTOR('',#205,2.6E-2);
#207=CARTESIAN_POINT('',(3.7E-2,3.7E-2,-1.3E-2));
#208=LINE('',#207,#206);
#209=DIRECTION('',(0.E0,0.E0,-1.E0));
#210=VECTOR('',#209,2.6E-2);
#211=CARTESIAN_POINT('',(-6.3E-2,3.7E-2,1.3E-2));
#212=LINE('',#211,#210);
#213=DIRECTION('',(1.E0,0.E0,0.E0));
#214=VECTOR('',#213,2.6E-2);
#215=CARTESIAN_POINT('',(-6.3E-2,3.7E-2,1.3E-2));
#216=LINE('',#215,#214);
#217=DIRECTION('',(0.E0,0.E0,-1.E0));
#218=VECTOR('',#217,2.6E-2);
#219=CARTESIAN_POINT('',(-3.7E-2,3.7E-2,1.3E-2));
#220=LINE('',#219,#218);
#221=DIRECTION('',(1.E0,0.E0,0.E0));
#222=VECTOR('',#221,2.6E-2);
#223=CARTESIAN_POINT('',(-6.3E-2,3.7E-2,-1.3E-2));
#224=LINE('',#223,#222);
#225=DIRECTION('',(0.E0,1.E0,0.E0));
#226=VECTOR('',#225,8.E-3);
#227=CARTESIAN_POINT('',(2.95E-2,3.7E-2,4.6E-2));
#228=LINE('',#227,#226);
#229=DIRECTION('',(-1.E0,0.E0,0.E0));
#230=VECTOR('',#229,1.7E-2);
#231=CARTESIAN_POINT('',(2.95E-2,3.7E-2,4.6E-2));
#232=LINE('',#231,#230);
#233=DIRECTION('',(0.E0,1.E0,0.E0));
#234=VECTOR('',#233,8.E-3);
#235=CARTESIAN_POINT('',(1.25E-2,3.7E-2,4.6E-2));
#236=LINE('',#235,#234);
#237=DIRECTION('',(0.E0,1.E0,0.E0));
#238=VECTOR('',#237,8.E-3);
#239=CARTESIAN_POINT('',(5.E-2,3.7E-2,4.6E-2));
#240=LINE('',#239,#238);
#241=DIRECTION('',(-1.E0,0.E0,0.E0));
#242=VECTOR('',#241,3.75E-2);
#243=CARTESIAN_POINT('',(8.75E-2,3.7E-2,4.6E-2));
#244=LINE('',#243,#242);
#245=DIRECTION('',(0.E0,1.E0,0.E0));
#246=VECTOR('',#245,8.E-3);
#247=CARTESIAN_POINT('',(-7.05E-2,3.7E-2,4.6E-2));
#248=LINE('',#247,#246);
#249=DIRECTION('',(-1.E0,0.E0,0.E0));
#250=VECTOR('',#249,1.7E-2);
#251=CARTESIAN_POINT('',(-7.05E-2,3.7E-2,4.6E-2));
#252=LINE('',#251,#250);
#253=DIRECTION('',(0.E0,1.E0,0.E0));
#254=VECTOR('',#253,8.E-3);
#255=CARTESIAN_POINT('',(-5.E-2,3.7E-2,4.6E-2));
#256=LINE('',#255,#254);
#257=DIRECTION('',(0.E0,1.E0,0.E0));
#258=VECTOR('',#257,8.E-3);
#259=CARTESIAN_POINT('',(-1.25E-2,3.7E-2,4.6E-2));
#260=LINE('',#259,#258);
#261=DIRECTION('',(-1.E0,0.E0,0.E0));
#262=VECTOR('',#261,3.75E-2);
#263=CARTESIAN_POINT('',(-1.25E-2,3.7E-2,4.6E-2));
#264=LINE('',#263,#262);
#265=DIRECTION('',(0.E0,-1.E0,0.E0));
#266=VECTOR('',#265,8.E-3);
#267=CARTESIAN_POINT('',(2.95E-2,4.5E-2,1.907223112276E-2));
#268=LINE('',#267,#266);
#269=CARTESIAN_POINT('',(5.E-2,4.5E-2,0.E0));
#270=DIRECTION('',(0.E0,1.E0,0.E0));
#271=DIRECTION('',(0.E0,0.E0,1.E0));
#272=AXIS2_PLACEMENT_3D('',#269,#270,#271);
#274=DIRECTION('',(0.E0,0.E0,1.E0));
#275=VECTOR('',#274,2.692776887724E-2);
#276=CARTESIAN_POINT('',(7.05E-2,4.5E-2,-4.6E-2));
#277=LINE('',#276,#275);
#278=DIRECTION('',(-1.E0,0.E0,0.E0));
#279=VECTOR('',#278,3.75E-2);
#280=CARTESIAN_POINT('',(8.75E-2,4.5E-2,4.6E-2));
#281=LINE('',#280,#279);
#282=DIRECTION('',(0.E0,0.E0,-1.E0));
#283=VECTOR('',#282,1.8E-2);
#284=CARTESIAN_POINT('',(5.E-2,4.5E-2,4.6E-2));
#285=LINE('',#284,#283);
#286=DIRECTION('',(0.E0,0.E0,1.E0));
#287=VECTOR('',#286,1.8E-2);
#288=CARTESIAN_POINT('',(5.E-2,4.5E-2,-4.6E-2));
#289=LINE('',#288,#287);
#290=CARTESIAN_POINT('',(5.E-2,4.5E-2,0.E0));
#291=DIRECTION('',(0.E0,1.E0,0.E0));
#292=DIRECTION('',(0.E0,0.E0,-1.E0));
#293=AXIS2_PLACEMENT_3D('',#290,#291,#292);
#295=DIRECTION('',(0.E0,0.E0,-1.E0));
#296=VECTOR('',#295,2.692776887724E-2);
#297=CARTESIAN_POINT('',(2.95E-2,4.5E-2,4.6E-2));
#298=LINE('',#297,#296);
#299=DIRECTION('',(-1.E0,0.E0,0.E0));
#300=VECTOR('',#299,1.7E-2);
#301=CARTESIAN_POINT('',(2.95E-2,4.5E-2,4.6E-2));
#302=LINE('',#301,#300);
#303=DIRECTION('',(0.E0,0.E0,-1.E0));
#304=VECTOR('',#303,9.2E-2);
#305=CARTESIAN_POINT('',(1.25E-2,4.5E-2,4.6E-2));
#306=LINE('',#305,#304);
#307=CARTESIAN_POINT('',(-5.E-2,4.5E-2,0.E0));
#308=DIRECTION('',(0.E0,1.E0,0.E0));
#309=DIRECTION('',(0.E0,0.E0,1.E0));
#310=AXIS2_PLACEMENT_3D('',#307,#308,#309);
#312=DIRECTION('',(0.E0,0.E0,1.E0));
#313=VECTOR('',#312,2.692776887724E-2);
#314=CARTESIAN_POINT('',(-2.95E-2,4.5E-2,-4.6E-2));
#315=LINE('',#314,#313);
#316=DIRECTION('',(0.E0,0.E0,-1.E0));
#317=VECTOR('',#316,9.2E-2);
#318=CARTESIAN_POINT('',(-1.25E-2,4.5E-2,4.6E-2));
#319=LINE('',#318,#317);
#320=DIRECTION('',(-1.E0,0.E0,0.E0));
#321=VECTOR('',#320,3.75E-2);
#322=CARTESIAN_POINT('',(-1.25E-2,4.5E-2,4.6E-2));
#323=LINE('',#322,#321);
#324=DIRECTION('',(0.E0,0.E0,-1.E0));
#325=VECTOR('',#324,1.8E-2);
#326=CARTESIAN_POINT('',(-5.E-2,4.5E-2,4.6E-2));
#327=LINE('',#326,#325);
#328=DIRECTION('',(0.E0,0.E0,1.E0));
#329=VECTOR('',#328,1.8E-2);
#330=CARTESIAN_POINT('',(-5.E-2,4.5E-2,-4.6E-2));
#331=LINE('',#330,#329);
#332=CARTESIAN_POINT('',(-5.E-2,4.5E-2,0.E0));
#333=DIRECTION('',(0.E0,1.E0,0.E0));
#334=DIRECTION('',(0.E0,0.E0,-1.E0));
#335=AXIS2_PLACEMENT_3D('',#332,#333,#334);
#337=DIRECTION('',(0.E0,0.E0,-1.E0));
#338=VECTOR('',#337,2.692776887724E-2);
#339=CARTESIAN_POINT('',(-7.05E-2,4.5E-2,4.6E-2));
#340=LINE('',#339,#338);
#341=DIRECTION('',(-1.E0,0.E0,0.E0));
#342=VECTOR('',#341,1.7E-2);
#343=CARTESIAN_POINT('',(-7.05E-2,4.5E-2,4.6E-2));
#344=LINE('',#343,#342);
#345=DIRECTION('',(0.E0,-1.E0,0.E0));
#346=VECTOR('',#345,8.E-3);
#347=CARTESIAN_POINT('',(5.E-2,4.5E-2,2.8E-2));
#348=LINE('',#347,#346);
#349=DIRECTION('',(0.E0,-1.E0,0.E0));
#350=VECTOR('',#349,8.E-3);
#351=CARTESIAN_POINT('',(7.05E-2,4.5E-2,-1.907223112276E-2));
#352=LINE('',#351,#350);
#353=DIRECTION('',(0.E0,-1.E0,0.E0));
#354=VECTOR('',#353,8.E-3);
#355=CARTESIAN_POINT('',(7.05E-2,4.5E-2,-4.6E-2));
#356=LINE('',#355,#354);
#357=DIRECTION('',(-1.E0,0.E0,0.E0));
#358=VECTOR('',#357,1.7E-2);
#359=CARTESIAN_POINT('',(8.75E-2,4.5E-2,-4.6E-2));
#360=LINE('',#359,#358);
#361=DIRECTION('',(0.E0,-1.E0,0.E0));
#362=VECTOR('',#361,8.E-3);
#363=CARTESIAN_POINT('',(5.E-2,4.5E-2,-4.6E-2));
#364=LINE('',#363,#362);
#365=DIRECTION('',(-1.E0,0.E0,0.E0));
#366=VECTOR('',#365,3.75E-2);
#367=CARTESIAN_POINT('',(5.E-2,4.5E-2,-4.6E-2));
#368=LINE('',#367,#366);
#369=DIRECTION('',(0.E0,-1.E0,0.E0));
#370=VECTOR('',#369,8.E-3);
#371=CARTESIAN_POINT('',(1.25E-2,4.5E-2,-4.6E-2));
#372=LINE('',#371,#370);
#373=DIRECTION('',(0.E0,-1.E0,0.E0));
#374=VECTOR('',#373,8.E-3);
#375=CARTESIAN_POINT('',(-2.95E-2,4.5E-2,-4.6E-2));
#376=LINE('',#375,#374);
#377=DIRECTION('',(0.E0,-1.E0,0.E0));
#378=VECTOR('',#377,8.E-3);
#379=CARTESIAN_POINT('',(-1.25E-2,4.5E-2,-4.6E-2));
#380=LINE('',#379,#378);
#381=DIRECTION('',(-1.E0,0.E0,0.E0));
#382=VECTOR('',#381,1.7E-2);
#383=CARTESIAN_POINT('',(-1.25E-2,4.5E-2,-4.6E-2));
#384=LINE('',#383,#382);
#385=DIRECTION('',(0.E0,-1.E0,0.E0));
#386=VECTOR('',#385,8.E-3);
#387=CARTESIAN_POINT('',(-5.E-2,4.5E-2,-4.6E-2));
#388=LINE('',#387,#386);
#389=DIRECTION('',(-1.E0,0.E0,0.E0));
#390=VECTOR('',#389,3.75E-2);
#391=CARTESIAN_POINT('',(-5.E-2,4.5E-2,-4.6E-2));
#392=LINE('',#391,#390);
#393=DIRECTION('',(0.E0,-1.E0,0.E0));
#394=VECTOR('',#393,8.E-3);
#395=CARTESIAN_POINT('',(5.E-2,4.5E-2,-2.8E-2));
#396=LINE('',#395,#394);
#397=DIRECTION('',(0.E0,0.E0,-1.E0));
#398=VECTOR('',#397,9.2E-2);
#399=CARTESIAN_POINT('',(1.25E-2,3.7E-2,4.6E-2));
#400=LINE('',#399,#398);
#401=DIRECTION('',(0.E0,-1.E0,0.E0));
#402=VECTOR('',#401,8.E-3);
#403=CARTESIAN_POINT('',(-2.95E-2,4.5E-2,-1.907223112276E-2));
#404=LINE('',#403,#402);
#405=DIRECTION('',(0.E0,-1.E0,0.E0));
#406=VECTOR('',#405,8.E-3);
#407=CARTESIAN_POINT('',(-5.E-2,4.5E-2,2.8E-2));
#408=LINE('',#407,#406);
#409=DIRECTION('',(0.E0,-1.E0,0.E0));
#410=VECTOR('',#409,8.E-3);
#411=CARTESIAN_POINT('',(-5.E-2,4.5E-2,-2.8E-2));
#412=LINE('',#411,#410);
#413=DIRECTION('',(0.E0,-1.E0,0.E0));
#414=VECTOR('',#413,8.E-3);
#415=CARTESIAN_POINT('',(-7.05E-2,4.5E-2,1.907223112276E-2));
#416=LINE('',#415,#414);
#417=DIRECTION('',(0.E0,0.E0,1.E0));
#418=VECTOR('',#417,1.E-2);
#419=CARTESIAN_POINT('',(-8.75E-2,3.7E-2,-4.6E-2));
#420=LINE('',#419,#418);
#421=DIRECTION('',(0.E0,-1.E0,0.E0));
#422=VECTOR('',#421,8.E-3);
#423=CARTESIAN_POINT('',(-8.75E-2,4.5E-2,-4.6E-2));
#424=LINE('',#423,#422);
#425=DIRECTION('',(0.E0,0.E0,-1.E0));
#426=VECTOR('',#425,9.2E-2);
#427=CARTESIAN_POINT('',(-8.75E-2,4.5E-2,4.6E-2));
#428=LINE('',#427,#426);
#429=DIRECTION('',(0.E0,1.E0,0.E0));
#430=VECTOR('',#429,8.E-3);
#431=CARTESIAN_POINT('',(-8.75E-2,3.7E-2,4.6E-2));
#432=LINE('',#431,#430);
#433=DIRECTION('',(0.E0,0.E0,1.E0));
#434=VECTOR('',#433,1.E-2);
#435=CARTESIAN_POINT('',(-8.75E-2,3.7E-2,3.6E-2));
#436=LINE('',#435,#434);
#437=DIRECTION('',(0.E0,-1.E0,0.E0));
#438=VECTOR('',#437,7.4E-2);
#439=CARTESIAN_POINT('',(-8.75E-2,3.7E-2,3.6E-2));
#440=LINE('',#439,#438);
#441=DIRECTION('',(0.E0,0.E0,1.E0));
#442=VECTOR('',#441,1.E-2);
#443=CARTESIAN_POINT('',(-8.75E-2,-3.7E-2,3.6E-2));
#444=LINE('',#443,#442);
#445=DIRECTION('',(0.E0,1.E0,0.E0));
#446=VECTOR('',#445,8.E-3);
#447=CARTESIAN_POINT('',(-8.75E-2,-4.5E-2,4.6E-2));
#448=LINE('',#447,#446);
#449=DIRECTION('',(0.E0,0.E0,1.E0));
#450=VECTOR('',#449,9.2E-2);
#451=CARTESIAN_POINT('',(-8.75E-2,-4.5E-2,-4.6E-2));
#452=LINE('',#451,#450);
#453=DIRECTION('',(0.E0,-1.E0,0.E0));
#454=VECTOR('',#453,8.E-3);
#455=CARTESIAN_POINT('',(-8.75E-2,-3.7E-2,-4.6E-2));
#456=LINE('',#455,#454);
#457=DIRECTION('',(0.E0,0.E0,1.E0));
#458=VECTOR('',#457,1.E-2);
#459=CARTESIAN_POINT('',(-8.75E-2,-3.7E-2,-4.6E-2));
#460=LINE('',#459,#458);
#461=DIRECTION('',(0.E0,-1.E0,0.E0));
#462=VECTOR('',#461,7.4E-2);
#463=CARTESIAN_POINT('',(-8.75E-2,3.7E-2,-3.6E-2));
#464=LINE('',#463,#462);
#465=DIRECTION('',(0.E0,-1.E0,0.E0));
#466=VECTOR('',#465,7.4E-2);
#467=CARTESIAN_POINT('',(-1.E-1,3.7E-2,3.6E-2));
#468=LINE('',#467,#466);
#469=DIRECTION('',(0.E0,-1.E0,0.E0));
#470=VECTOR('',#469,7.4E-2);
#471=CARTESIAN_POINT('',(-1.E-1,3.7E-2,3.95E-2));
#472=LINE('',#471,#470);
#473=DIRECTION('',(-1.E0,0.E0,0.E0));
#474=VECTOR('',#473,7.75E-2);
#475=CARTESIAN_POINT('',(8.75E-2,-3.7E-2,4.9E-2));
#476=LINE('',#475,#474);
#477=DIRECTION('',(0.E0,1.E0,0.E0));
#478=VECTOR('',#477,7.4E-2);
#479=CARTESIAN_POINT('',(1.E-2,-3.7E-2,4.9E-2));
#480=LINE('',#479,#478);
#481=DIRECTION('',(0.E0,-1.E0,0.E0));
#482=VECTOR('',#481,7.4E-2);
#483=CARTESIAN_POINT('',(8.75E-2,3.7E-2,4.9E-2));
#484=LINE('',#483,#482);
#485=DIRECTION('',(-1.E0,0.E0,0.E0));
#486=VECTOR('',#485,7.75E-2);
#487=CARTESIAN_POINT('',(-1.E-2,-3.7E-2,4.9E-2));
#488=LINE('',#487,#486);
#489=DIRECTION('',(0.E0,-1.E0,0.E0));
#490=VECTOR('',#489,7.4E-2);
#491=CARTESIAN_POINT('',(-8.75E-2,3.7E-2,4.9E-2));
#492=LINE('',#491,#490);
#493=DIRECTION('',(0.E0,1.E0,0.E0));
#494=VECTOR('',#493,7.4E-2);
#495=CARTESIAN_POINT('',(-1.E-2,-3.7E-2,4.9E-2));
#496=LINE('',#495,#494);
#497=DIRECTION('',(-1.E0,0.E0,0.E0));
#498=VECTOR('',#497,1.65E-2);
#499=CARTESIAN_POINT('',(-1.25E-2,-3.7E-2,4.6E-2));
#500=LINE('',#499,#498);
#501=DIRECTION('',(0.E0,0.E0,1.E0));
#502=VECTOR('',#501,6.452025917745E-2);
#503=CARTESIAN_POINT('',(-2.9E-2,-3.7E-2,-1.852025917745E-2));
#504=LINE('',#503,#502);
#505=CARTESIAN_POINT('',(-5.E-2,-3.7E-2,0.E0));
#506=DIRECTION('',(0.E0,-1.E0,0.E0));
#507=DIRECTION('',(0.E0,0.E0,-1.E0));
#508=AXIS2_PLACEMENT_3D('',#505,#506,#507);
#510=DIRECTION('',(0.E0,0.E0,1.E0));
#511=VECTOR('',#510,1.8E-2);
#512=CARTESIAN_POINT('',(-5.E-2,-3.7E-2,-4.6E-2));
#513=LINE('',#512,#511);
#514=DIRECTION('',(0.E0,0.E0,-1.E0));
#515=VECTOR('',#514,6.452025917745E-2);
#516=CARTESIAN_POINT('',(2.9E-2,-3.7E-2,1.852025917745E-2));
#517=LINE('',#516,#515);
#518=CARTESIAN_POINT('',(5.E-2,-3.7E-2,0.E0));
#519=DIRECTION('',(0.E0,-1.E0,0.E0));
#520=DIRECTION('',(0.E0,0.E0,1.E0));
#521=AXIS2_PLACEMENT_3D('',#518,#519,#520);
#523=DIRECTION('',(0.E0,0.E0,-1.E0));
#524=VECTOR('',#523,1.8E-2);
#525=CARTESIAN_POINT('',(5.E-2,-3.7E-2,4.6E-2));
#526=LINE('',#525,#524);
#527=DIRECTION('',(-1.E0,0.E0,0.E0));
#528=VECTOR('',#527,3.75E-2);
#529=CARTESIAN_POINT('',(5.E-2,-3.7E-2,4.6E-2));
#530=LINE('',#529,#528);
#531=DIRECTION('',(0.E0,0.E0,-1.E0));
#532=VECTOR('',#531,9.2E-2);
#533=CARTESIAN_POINT('',(1.25E-2,-3.7E-2,4.6E-2));
#534=LINE('',#533,#532);
#535=DIRECTION('',(0.E0,0.E0,-1.E0));
#536=VECTOR('',#535,6.452025917745E-2);
#537=CARTESIAN_POINT('',(-7.1E-2,-3.7E-2,1.852025917745E-2));
#538=LINE('',#537,#536);
#539=CARTESIAN_POINT('',(-5.E-2,-3.7E-2,0.E0));
#540=DIRECTION('',(0.E0,-1.E0,0.E0));
#541=DIRECTION('',(0.E0,0.E0,1.E0));
#542=AXIS2_PLACEMENT_3D('',#539,#540,#541);
#544=DIRECTION('',(0.E0,0.E0,-1.E0));
#545=VECTOR('',#544,1.8E-2);
#546=CARTESIAN_POINT('',(-5.E-2,-3.7E-2,4.6E-2));
#547=LINE('',#546,#545);
#548=DIRECTION('',(-1.E0,0.E0,0.E0));
#549=VECTOR('',#548,3.75E-2);
#550=CARTESIAN_POINT('',(-5.E-2,-3.7E-2,4.6E-2));
#551=LINE('',#550,#549);
#552=DIRECTION('',(1.E0,0.E0,0.E0));
#553=VECTOR('',#552,1.25E-2);
#554=CARTESIAN_POINT('',(-1.E-1,-3.7E-2,3.6E-2));
#555=LINE('',#554,#553);
#556=DIRECTION('',(0.E0,0.E0,-1.E0));
#557=VECTOR('',#556,3.5E-3);
#558=CARTESIAN_POINT('',(-1.E-1,-3.7E-2,3.95E-2));
#559=LINE('',#558,#557);
#560=DIRECTION('',(-7.961621941231E-1,0.E0,-6.050832675336E-1));
#561=VECTOR('',#560,1.570031846811E-2);
#562=CARTESIAN_POINT('',(-8.75E-2,-3.7E-2,4.9E-2));
#563=LINE('',#562,#561);
#564=DIRECTION('',(7.071067811865E-1,0.E0,-7.071067811865E-1));
#565=VECTOR('',#564,1.414213562373E-2);
#566=CARTESIAN_POINT('',(-1.E-2,-3.7E-2,4.9E-2));
#567=LINE('',#566,#565);
#568=DIRECTION('',(7.071067811865E-1,0.E0,7.071067811865E-1));
#569=VECTOR('',#568,1.414213562373E-2);
#570=CARTESIAN_POINT('',(0.E0,-3.7E-2,3.9E-2));
#571=LINE('',#570,#569);
#572=DIRECTION('',(-7.961621941231E-1,0.E0,6.050832675336E-1));
#573=VECTOR('',#572,1.570031846811E-2);
#574=CARTESIAN_POINT('',(1.E-1,-3.7E-2,3.95E-2));
#575=LINE('',#574,#573);
#576=DIRECTION('',(0.E0,0.E0,1.E0));
#577=VECTOR('',#576,3.5E-3);
#578=CARTESIAN_POINT('',(1.E-1,-3.7E-2,3.6E-2));
#579=LINE('',#578,#577);
#580=DIRECTION('',(1.E0,0.E0,0.E0));
#581=VECTOR('',#580,1.25E-2);
#582=CARTESIAN_POINT('',(8.75E-2,-3.7E-2,3.6E-2));
#583=LINE('',#582,#581);
#584=DIRECTION('',(-1.E0,0.E0,0.E0));
#585=VECTOR('',#584,1.65E-2);
#586=CARTESIAN_POINT('',(8.75E-2,-3.7E-2,4.6E-2));
#587=LINE('',#586,#585);
#588=DIRECTION('',(0.E0,0.E0,1.E0));
#589=VECTOR('',#588,6.452025917745E-2);
#590=CARTESIAN_POINT('',(7.1E-2,-3.7E-2,-1.852025917745E-2));
#591=LINE('',#590,#589);
#592=CARTESIAN_POINT('',(5.E-2,-3.7E-2,0.E0));
#593=DIRECTION('',(0.E0,-1.E0,0.E0));
#594=DIRECTION('',(0.E0,0.E0,-1.E0));
#595=AXIS2_PLACEMENT_3D('',#592,#593,#594);
#597=DIRECTION('',(0.E0,0.E0,1.E0));
#598=VECTOR('',#597,1.8E-2);
#599=CARTESIAN_POINT('',(5.E-2,-3.7E-2,-4.6E-2));
#600=LINE('',#599,#598);
#601=DIRECTION('',(-1.E0,0.E0,0.E0));
#602=VECTOR('',#601,1.25E-2);
#603=CARTESIAN_POINT('',(1.E-1,-3.7E-2,-3.6E-2));
#604=LINE('',#603,#602);
#605=DIRECTION('',(0.E0,0.E0,1.E0));
#606=VECTOR('',#605,3.5E-3);
#607=CARTESIAN_POINT('',(1.E-1,-3.7E-2,-3.95E-2));
#608=LINE('',#607,#606);
#609=DIRECTION('',(7.961621941231E-1,0.E0,6.050832675336E-1));
#610=VECTOR('',#609,1.570031846811E-2);
#611=CARTESIAN_POINT('',(8.75E-2,-3.7E-2,-4.9E-2));
#612=LINE('',#611,#610);
#613=DIRECTION('',(-1.E0,0.E0,0.E0));
#614=VECTOR('',#613,7.75E-2);
#615=CARTESIAN_POINT('',(8.75E-2,-3.7E-2,-4.9E-2));
#616=LINE('',#615,#614);
#617=DIRECTION('',(-7.071067811865E-1,0.E0,7.071067811865E-1));
#618=VECTOR('',#617,1.414213562373E-2);
#619=CARTESIAN_POINT('',(1.E-2,-3.7E-2,-4.9E-2));
#620=LINE('',#619,#618);
#621=DIRECTION('',(-7.071067811865E-1,0.E0,-7.071067811865E-1));
#622=VECTOR('',#621,1.414213562373E-2);
#623=CARTESIAN_POINT('',(0.E0,-3.7E-2,-3.9E-2));
#624=LINE('',#623,#622);
#625=DIRECTION('',(-1.E0,0.E0,0.E0));
#626=VECTOR('',#625,7.75E-2);
#627=CARTESIAN_POINT('',(-1.E-2,-3.7E-2,-4.9E-2));
#628=LINE('',#627,#626);
#629=DIRECTION('',(7.961621941231E-1,0.E0,-6.050832675336E-1));
#630=VECTOR('',#629,1.570031846811E-2);
#631=CARTESIAN_POINT('',(-1.E-1,-3.7E-2,-3.95E-2));
#632=LINE('',#631,#630);
#633=DIRECTION('',(0.E0,0.E0,-1.E0));
#634=VECTOR('',#633,3.5E-3);
#635=CARTESIAN_POINT('',(-1.E-1,-3.7E-2,-3.6E-2));
#636=LINE('',#635,#634);
#637=DIRECTION('',(-1.E0,0.E0,0.E0));
#638=VECTOR('',#637,1.25E-2);
#639=CARTESIAN_POINT('',(-8.75E-2,-3.7E-2,-3.6E-2));
#640=LINE('',#639,#638);
#641=DIRECTION('',(0.E0,0.E0,-1.E0));
#642=VECTOR('',#641,2.6E-2);
#643=CARTESIAN_POINT('',(3.7E-2,-3.7E-2,1.3E-2));
#644=LINE('',#643,#642);
#645=DIRECTION('',(1.E0,0.E0,0.E0));
#646=VECTOR('',#645,2.6E-2);
#647=CARTESIAN_POINT('',(3.7E-2,-3.7E-2,-1.3E-2));
#648=LINE('',#647,#646);
#649=DIRECTION('',(0.E0,0.E0,-1.E0));
#650=VECTOR('',#649,2.6E-2);
#651=CARTESIAN_POINT('',(6.3E-2,-3.7E-2,1.3E-2));
#652=LINE('',#651,#650);
#653=DIRECTION('',(1.E0,0.E0,0.E0));
#654=VECTOR('',#653,2.6E-2);
#655=CARTESIAN_POINT('',(3.7E-2,-3.7E-2,1.3E-2));
#656=LINE('',#655,#654);
#657=DIRECTION('',(0.E0,0.E0,-1.E0));
#658=VECTOR('',#657,2.6E-2);
#659=CARTESIAN_POINT('',(-6.3E-2,-3.7E-2,1.3E-2));
#660=LINE('',#659,#658);
#661=DIRECTION('',(1.E0,0.E0,0.E0));
#662=VECTOR('',#661,2.6E-2);
#663=CARTESIAN_POINT('',(-6.3E-2,-3.7E-2,-1.3E-2));
#664=LINE('',#663,#662);
#665=DIRECTION('',(0.E0,0.E0,-1.E0));
#666=VECTOR('',#665,2.6E-2);
#667=CARTESIAN_POINT('',(-3.7E-2,-3.7E-2,1.3E-2));
#668=LINE('',#667,#666);
#669=DIRECTION('',(1.E0,0.E0,0.E0));
#670=VECTOR('',#669,2.6E-2);
#671=CARTESIAN_POINT('',(-6.3E-2,-3.7E-2,1.3E-2));
#672=LINE('',#671,#670);
#673=DIRECTION('',(-1.E0,0.E0,0.E0));
#674=VECTOR('',#673,1.65E-2);
#675=CARTESIAN_POINT('',(8.75E-2,-4.5E-2,4.6E-2));
#676=LINE('',#675,#674);
#677=DIRECTION('',(0.E0,1.E0,0.E0));
#678=VECTOR('',#677,8.E-3);
#679=CARTESIAN_POINT('',(7.1E-2,-4.5E-2,4.6E-2));
#680=LINE('',#679,#678);
#681=DIRECTION('',(0.E0,1.E0,0.E0));
#682=VECTOR('',#681,8.E-3);
#683=CARTESIAN_POINT('',(5.E-2,-4.5E-2,4.6E-2));
#684=LINE('',#683,#682);
#685=DIRECTION('',(-1.E0,0.E0,0.E0));
#686=VECTOR('',#685,3.75E-2);
#687=CARTESIAN_POINT('',(5.E-2,-4.5E-2,4.6E-2));
#688=LINE('',#687,#686);
#689=DIRECTION('',(0.E0,1.E0,0.E0));
#690=VECTOR('',#689,8.E-3);
#691=CARTESIAN_POINT('',(1.25E-2,-4.5E-2,4.6E-2));
#692=LINE('',#691,#690);
#693=DIRECTION('',(0.E0,1.E0,0.E0));
#694=VECTOR('',#693,8.E-3);
#695=CARTESIAN_POINT('',(-5.E-2,-4.5E-2,4.6E-2));
#696=LINE('',#695,#694);
#697=DIRECTION('',(-1.E0,0.E0,0.E0));
#698=VECTOR('',#697,3.75E-2);
#699=CARTESIAN_POINT('',(-5.E-2,-4.5E-2,4.6E-2));
#700=LINE('',#699,#698);
#701=DIRECTION('',(0.E0,1.E0,0.E0));
#702=VECTOR('',#701,8.E-3);
#703=CARTESIAN_POINT('',(-2.9E-2,-4.5E-2,4.6E-2));
#704=LINE('',#703,#702);
#705=DIRECTION('',(0.E0,1.E0,0.E0));
#706=VECTOR('',#705,8.E-3);
#707=CARTESIAN_POINT('',(-1.25E-2,-4.5E-2,4.6E-2));
#708=LINE('',#707,#706);
#709=DIRECTION('',(-1.E0,0.E0,0.E0));
#710=VECTOR('',#709,1.65E-2);
#711=CARTESIAN_POINT('',(-1.25E-2,-4.5E-2,4.6E-2));
#712=LINE('',#711,#710);
#713=DIRECTION('',(-1.E0,0.E0,0.E0));
#714=VECTOR('',#713,3.75E-2);
#715=CARTESIAN_POINT('',(8.75E-2,-4.5E-2,-4.6E-2));
#716=LINE('',#715,#714);
#717=DIRECTION('',(0.E0,0.E0,1.E0));
#718=VECTOR('',#717,1.8E-2);
#719=CARTESIAN_POINT('',(5.E-2,-4.5E-2,-4.6E-2));
#720=LINE('',#719,#718);
#721=CARTESIAN_POINT('',(5.E-2,-4.5E-2,0.E0));
#722=DIRECTION('',(0.E0,-1.E0,0.E0));
#723=DIRECTION('',(0.E0,0.E0,-1.E0));
#724=AXIS2_PLACEMENT_3D('',#721,#722,#723);
#726=DIRECTION('',(0.E0,0.E0,-1.E0));
#727=VECTOR('',#726,6.452025917745E-2);
#728=CARTESIAN_POINT('',(7.1E-2,-4.5E-2,4.6E-2));
#729=LINE('',#728,#727);
#730=DIRECTION('',(-1.E0,0.E0,0.E0));
#731=VECTOR('',#730,1.65E-2);
#732=CARTESIAN_POINT('',(2.9E-2,-4.5E-2,-4.6E-2));
#733=LINE('',#732,#731);
#734=DIRECTION('',(0.E0,0.E0,1.E0));
#735=VECTOR('',#734,9.2E-2);
#736=CARTESIAN_POINT('',(1.25E-2,-4.5E-2,-4.6E-2));
#737=LINE('',#736,#735);
#738=DIRECTION('',(0.E0,0.E0,-1.E0));
#739=VECTOR('',#738,1.8E-2);
#740=CARTESIAN_POINT('',(5.E-2,-4.5E-2,4.6E-2));
#741=LINE('',#740,#739);
#742=CARTESIAN_POINT('',(5.E-2,-4.5E-2,0.E0));
#743=DIRECTION('',(0.E0,-1.E0,0.E0));
#744=DIRECTION('',(0.E0,0.E0,1.E0));
#745=AXIS2_PLACEMENT_3D('',#742,#743,#744);
#747=DIRECTION('',(0.E0,0.E0,1.E0));
#748=VECTOR('',#747,6.452025917745E-2);
#749=CARTESIAN_POINT('',(2.9E-2,-4.5E-2,-4.6E-2));
#750=LINE('',#749,#748);
#751=DIRECTION('',(0.E0,0.E0,-1.E0));
#752=VECTOR('',#751,1.8E-2);
#753=CARTESIAN_POINT('',(-5.E-2,-4.5E-2,4.6E-2));
#754=LINE('',#753,#752);
#755=CARTESIAN_POINT('',(-5.E-2,-4.5E-2,0.E0));
#756=DIRECTION('',(0.E0,-1.E0,0.E0));
#757=DIRECTION('',(0.E0,0.E0,1.E0));
#758=AXIS2_PLACEMENT_3D('',#755,#756,#757);
#760=DIRECTION('',(0.E0,0.E0,1.E0));
#761=VECTOR('',#760,6.452025917745E-2);
#762=CARTESIAN_POINT('',(-7.1E-2,-4.5E-2,-4.6E-2));
#763=LINE('',#762,#761);
#764=DIRECTION('',(-1.E0,0.E0,0.E0));
#765=VECTOR('',#764,1.65E-2);
#766=CARTESIAN_POINT('',(-7.1E-2,-4.5E-2,-4.6E-2));
#767=LINE('',#766,#765);
#768=DIRECTION('',(0.E0,0.E0,1.E0));
#769=VECTOR('',#768,1.8E-2);
#770=CARTESIAN_POINT('',(-5.E-2,-4.5E-2,-4.6E-2));
#771=LINE('',#770,#769);
#772=CARTESIAN_POINT('',(-5.E-2,-4.5E-2,0.E0));
#773=DIRECTION('',(0.E0,-1.E0,0.E0));
#774=DIRECTION('',(0.E0,0.E0,-1.E0));
#775=AXIS2_PLACEMENT_3D('',#772,#773,#774);
#777=DIRECTION('',(0.E0,0.E0,-1.E0));
#778=VECTOR('',#777,6.452025917745E-2);
#779=CARTESIAN_POINT('',(-2.9E-2,-4.5E-2,4.6E-2));
#780=LINE('',#779,#778);
#781=DIRECTION('',(0.E0,0.E0,1.E0));
#782=VECTOR('',#781,9.2E-2);
#783=CARTESIAN_POINT('',(-1.25E-2,-4.5E-2,-4.6E-2));
#784=LINE('',#783,#782);
#785=DIRECTION('',(-1.E0,0.E0,0.E0));
#786=VECTOR('',#785,3.75E-2);
#787=CARTESIAN_POINT('',(-1.25E-2,-4.5E-2,-4.6E-2));
#788=LINE('',#787,#786);
#789=DIRECTION('',(-1.E0,0.E0,0.E0));
#790=VECTOR('',#789,3.75E-2);
#791=CARTESIAN_POINT('',(8.75E-2,-3.7E-2,-4.6E-2));
#792=LINE('',#791,#790);
#793=DIRECTION('',(0.E0,-1.E0,0.E0));
#794=VECTOR('',#793,8.E-3);
#795=CARTESIAN_POINT('',(5.E-2,-3.7E-2,-4.6E-2));
#796=LINE('',#795,#794);
#797=DIRECTION('',(-1.E0,0.E0,0.E0));
#798=VECTOR('',#797,1.65E-2);
#799=CARTESIAN_POINT('',(2.9E-2,-3.7E-2,-4.6E-2));
#800=LINE('',#799,#798);
#801=DIRECTION('',(0.E0,-1.E0,0.E0));
#802=VECTOR('',#801,8.E-3);
#803=CARTESIAN_POINT('',(1.25E-2,-3.7E-2,-4.6E-2));
#804=LINE('',#803,#802);
#805=DIRECTION('',(0.E0,-1.E0,0.E0));
#806=VECTOR('',#805,8.E-3);
#807=CARTESIAN_POINT('',(2.9E-2,-3.7E-2,-4.6E-2));
#808=LINE('',#807,#806);
#809=DIRECTION('',(0.E0,-1.E0,0.E0));
#810=VECTOR('',#809,8.E-3);
#811=CARTESIAN_POINT('',(-7.1E-2,-3.7E-2,-4.6E-2));
#812=LINE('',#811,#810);
#813=DIRECTION('',(-1.E0,0.E0,0.E0));
#814=VECTOR('',#813,1.65E-2);
#815=CARTESIAN_POINT('',(-7.1E-2,-3.7E-2,-4.6E-2));
#816=LINE('',#815,#814);
#817=DIRECTION('',(0.E0,-1.E0,0.E0));
#818=VECTOR('',#817,8.E-3);
#819=CARTESIAN_POINT('',(-5.E-2,-3.7E-2,-4.6E-2));
#820=LINE('',#819,#818);
#821=DIRECTION('',(0.E0,-1.E0,0.E0));
#822=VECTOR('',#821,8.E-3);
#823=CARTESIAN_POINT('',(-1.25E-2,-3.7E-2,-4.6E-2));
#824=LINE('',#823,#822);
#825=DIRECTION('',(-1.E0,0.E0,0.E0));
#826=VECTOR('',#825,3.75E-2);
#827=CARTESIAN_POINT('',(-1.25E-2,-3.7E-2,-4.6E-2));
#828=LINE('',#827,#826);
#829=DIRECTION('',(0.E0,1.E0,0.E0));
#830=VECTOR('',#829,8.E-3);
#831=CARTESIAN_POINT('',(5.E-2,-4.5E-2,-2.8E-2));
#832=LINE('',#831,#830);
#833=DIRECTION('',(0.E0,1.E0,0.E0));
#834=VECTOR('',#833,8.E-3);
#835=CARTESIAN_POINT('',(7.1E-2,-4.5E-2,-1.852025917745E-2));
#836=LINE('',#835,#834);
#837=DIRECTION('',(0.E0,1.E0,0.E0));
#838=VECTOR('',#837,8.E-3);
#839=CARTESIAN_POINT('',(2.9E-2,-4.5E-2,1.852025917745E-2));
#840=LINE('',#839,#838);
#841=DIRECTION('',(0.E0,1.E0,0.E0));
#842=VECTOR('',#841,8.E-3);
#843=CARTESIAN_POINT('',(5.E-2,-4.5E-2,2.8E-2));
#844=LINE('',#843,#842);
#845=DIRECTION('',(0.E0,1.E0,0.E0));
#846=VECTOR('',#845,8.E-3);
#847=CARTESIAN_POINT('',(-7.1E-2,-4.5E-2,1.852025917745E-2));
#848=LINE('',#847,#846);
#849=DIRECTION('',(0.E0,1.E0,0.E0));
#850=VECTOR('',#849,8.E-3);
#851=CARTESIAN_POINT('',(-5.E-2,-4.5E-2,2.8E-2));
#852=LINE('',#851,#850);
#853=DIRECTION('',(0.E0,1.E0,0.E0));
#854=VECTOR('',#853,8.E-3);
#855=CARTESIAN_POINT('',(-5.E-2,-4.5E-2,-2.8E-2));
#856=LINE('',#855,#854);
#857=DIRECTION('',(0.E0,1.E0,0.E0));
#858=VECTOR('',#857,8.E-3);
#859=CARTESIAN_POINT('',(-2.9E-2,-4.5E-2,-1.852025917745E-2));
#860=LINE('',#859,#858);
#861=DIRECTION('',(0.E0,0.E0,-1.E0));
#862=VECTOR('',#861,9.2E-2);
#863=CARTESIAN_POINT('',(-1.25E-2,-3.7E-2,4.6E-2));
#864=LINE('',#863,#862);
#865=DIRECTION('',(0.E0,-1.E0,0.E0));
#866=VECTOR('',#865,7.4E-2);
#867=CARTESIAN_POINT('',(0.E0,3.7E-2,3.9E-2));
#868=LINE('',#867,#866);
#869=DIRECTION('',(0.E0,-1.E0,0.E0));
#870=VECTOR('',#869,7.4E-2);
#871=CARTESIAN_POINT('',(1.E-1,3.7E-2,3.95E-2));
#872=LINE('',#871,#870);
#873=DIRECTION('',(0.E0,0.E0,-1.E0));
#874=VECTOR('',#873,7.2E-2);
#875=CARTESIAN_POINT('',(1.E-1,-2.2E-2,3.6E-2));
#876=LINE('',#875,#874);
#877=DIRECTION('',(0.E0,-1.E0,0.E0));
#878=VECTOR('',#877,1.5E-2);
#879=CARTESIAN_POINT('',(1.E-1,-2.2E-2,3.6E-2));
#880=LINE('',#879,#878);
#881=DIRECTION('',(0.E0,-1.E0,0.E0));
#882=VECTOR('',#881,1.5E-2);
#883=CARTESIAN_POINT('',(1.E-1,3.7E-2,3.6E-2));
#884=LINE('',#883,#882);
#885=DIRECTION('',(0.E0,0.E0,1.E0));
#886=VECTOR('',#885,7.2E-2);
#887=CARTESIAN_POINT('',(1.E-1,2.2E-2,-3.6E-2));
#888=LINE('',#887,#886);
#889=DIRECTION('',(0.E0,-1.E0,0.E0));
#890=VECTOR('',#889,7.4E-2);
#891=CARTESIAN_POINT('',(1.E-1,3.7E-2,-3.95E-2));
#892=LINE('',#891,#890);
#893=DIRECTION('',(6.401843996645E-1,7.682212795974E-1,0.E0));
#894=VECTOR('',#893,1.952562418977E-2);
#895=CARTESIAN_POINT('',(8.75E-2,-3.7E-2,-3.6E-2));
#896=LINE('',#895,#894);
#897=DIRECTION('',(6.401843996645E-1,7.682212795974E-1,0.E0));
#898=VECTOR('',#897,1.952562418977E-2);
#899=CARTESIAN_POINT('',(8.75E-2,-3.7E-2,3.6E-2));
#900=LINE('',#899,#898);
#901=DIRECTION('',(0.E0,-1.E0,0.E0));
#902=VECTOR('',#901,1.5E-2);
#903=CARTESIAN_POINT('',(1.E-1,3.7E-2,-3.6E-2));
#904=LINE('',#903,#902);
#905=DIRECTION('',(0.E0,-1.E0,0.E0));
#906=VECTOR('',#905,1.5E-2);
#907=CARTESIAN_POINT('',(1.E-1,-2.2E-2,-3.6E-2));
#908=LINE('',#907,#906);
#909=DIRECTION('',(6.401843996645E-1,-7.682212795974E-1,0.E0));
#910=VECTOR('',#909,1.952562418977E-2);
#911=CARTESIAN_POINT('',(8.75E-2,3.7E-2,-3.6E-2));
#912=LINE('',#911,#910);
#913=DIRECTION('',(6.401843996645E-1,-7.682212795974E-1,0.E0));
#914=VECTOR('',#913,1.952562418977E-2);
#915=CARTESIAN_POINT('',(8.75E-2,3.7E-2,3.6E-2));
#916=LINE('',#915,#914);
#917=DIRECTION('',(-1.E0,0.E0,0.E0));
#918=VECTOR('',#917,7.75E-2);
#919=CARTESIAN_POINT('',(8.75E-2,3.7E-2,-4.9E-2));
#920=LINE('',#919,#918);
#921=DIRECTION('',(0.E0,-1.E0,0.E0));
#922=VECTOR('',#921,7.4E-2);
#923=CARTESIAN_POINT('',(1.E-2,3.7E-2,-4.9E-2));
#924=LINE('',#923,#922);
#925=DIRECTION('',(0.E0,-1.E0,0.E0));
#926=VECTOR('',#925,7.4E-2);
#927=CARTESIAN_POINT('',(8.75E-2,3.7E-2,-4.9E-2));
#928=LINE('',#927,#926);
#929=DIRECTION('',(-1.E0,0.E0,0.E0));
#930=VECTOR('',#929,7.75E-2);
#931=CARTESIAN_POINT('',(-1.E-2,3.7E-2,-4.9E-2));
#932=LINE('',#931,#930);
#933=DIRECTION('',(0.E0,-1.E0,0.E0));
#934=VECTOR('',#933,7.4E-2);
#935=CARTESIAN_POINT('',(-8.75E-2,3.7E-2,-4.9E-2));
#936=LINE('',#935,#934);
#937=DIRECTION('',(0.E0,-1.E0,0.E0));
#938=VECTOR('',#937,7.4E-2);
#939=CARTESIAN_POINT('',(-1.E-2,3.7E-2,-4.9E-2));
#940=LINE('',#939,#938);
#941=DIRECTION('',(0.E0,-1.E0,0.E0));
#942=VECTOR('',#941,7.4E-2);
#943=CARTESIAN_POINT('',(0.E0,3.7E-2,-3.9E-2));
#944=LINE('',#943,#942);
#945=DIRECTION('',(0.E0,-1.E0,0.E0));
#946=VECTOR('',#945,7.4E-2);
#947=CARTESIAN_POINT('',(-1.E-1,3.7E-2,-3.95E-2));
#948=LINE('',#947,#946);
#949=DIRECTION('',(0.E0,-1.E0,0.E0));
#950=VECTOR('',#949,7.4E-2);
#951=CARTESIAN_POINT('',(-1.E-1,3.7E-2,-3.6E-2));
#952=LINE('',#951,#950);
#953=DIRECTION('',(0.E0,0.E0,-1.E0));
#954=VECTOR('',#953,2.6E-2);
#955=CARTESIAN_POINT('',(3.7E-2,3.25E-1,1.3E-2));
#956=LINE('',#955,#954);
#957=DIRECTION('',(0.E0,-1.E0,0.E0));
#958=VECTOR('',#957,2.88E-1);
#959=CARTESIAN_POINT('',(3.7E-2,3.25E-1,1.3E-2));
#960=LINE('',#959,#958);
#961=DIRECTION('',(0.E0,1.E0,0.E0));
#962=VECTOR('',#961,2.88E-1);
#963=CARTESIAN_POINT('',(3.7E-2,3.7E-2,-1.3E-2));
#964=LINE('',#963,#962);
#965=DIRECTION('',(0.E0,0.E0,1.E0));
#966=VECTOR('',#965,2.6E-2);
#967=CARTESIAN_POINT('',(3.7E-2,-1.25E-1,-1.3E-2));
#968=LINE('',#967,#966);
#969=DIRECTION('',(0.E0,1.E0,0.E0));
#970=VECTOR('',#969,8.8E-2);
#971=CARTESIAN_POINT('',(3.7E-2,-1.25E-1,-1.3E-2));
#972=LINE('',#971,#970);
#973=DIRECTION('',(0.E0,-1.E0,0.E0));
#974=VECTOR('',#973,8.8E-2);
#975=CARTESIAN_POINT('',(3.7E-2,-3.7E-2,1.3E-2));
#976=LINE('',#975,#974);
#977=DIRECTION('',(-1.E0,0.E0,0.E0));
#978=VECTOR('',#977,1.1E-2);
#979=CARTESIAN_POINT('',(5.55E-2,3.65E-1,-5.5E-3));
#980=LINE('',#979,#978);
#981=DIRECTION('',(0.E0,0.E0,1.E0));
#982=VECTOR('',#981,1.1E-2);
#983=CARTESIAN_POINT('',(5.55E-2,3.65E-1,-5.5E-3));
#984=LINE('',#983,#982);
#985=DIRECTION('',(-1.E0,0.E0,0.E0));
#986=VECTOR('',#985,1.1E-2);
#987=CARTESIAN_POINT('',(5.55E-2,3.65E-1,5.5E-3));
#988=LINE('',#987,#986);
#989=DIRECTION('',(0.E0,0.E0,-1.E0));
#990=VECTOR('',#989,1.1E-2);
#991=CARTESIAN_POINT('',(4.45E-2,3.65E-1,5.5E-3));
#992=LINE('',#991,#990);
#993=DIRECTION('',(1.812366279991E-1,9.665953493283E-1,1.812366279991E-1));
#994=VECTOR('',#993,4.138236339312E-2);
#995=CARTESIAN_POINT('',(3.7E-2,3.25E-1,-1.3E-2));
#996=LINE('',#995,#994);
#997=DIRECTION('',(1.812366279991E-1,-9.665953493283E-1,-1.812366279991E-1));
#998=VECTOR('',#997,4.138236339312E-2);
#999=CARTESIAN_POINT('',(5.55E-2,3.65E-1,-5.5E-3));
#1000=LINE('',#999,#998);
#1001=DIRECTION('',(-1.E0,0.E0,0.E0));
#1002=VECTOR('',#1001,2.6E-2);
#1003=CARTESIAN_POINT('',(6.3E-2,3.25E-1,-1.3E-2));
#1004=LINE('',#1003,#1002);
#1005=DIRECTION('',(-1.E0,0.E0,0.E0));
#1006=VECTOR('',#1005,2.6E-2);
#1007=CARTESIAN_POINT('',(6.3E-2,-1.25E-1,-1.3E-2));
#1008=LINE('',#1007,#1006);
#1009=DIRECTION('',(0.E0,0.E0,1.E0));
#1010=VECTOR('',#1009,2.6E-2);
#1011=CARTESIAN_POINT('',(6.3E-2,3.25E-1,-1.3E-2));
#1012=LINE('',#1011,#1010);
#1013=DIRECTION('',(0.E0,1.E0,0.E0));
#1014=VECTOR('',#1013,2.88E-1);
#1015=CARTESIAN_POINT('',(6.3E-2,3.7E-2,-1.3E-2));
#1016=LINE('',#1015,#1014);
#1017=DIRECTION('',(0.E0,-1.E0,0.E0));
#1018=VECTOR('',#1017,2.88E-1);
#1019=CARTESIAN_POINT('',(6.3E-2,3.25E-1,1.3E-2));
#1020=LINE('',#1019,#1018);
#1021=DIRECTION('',(0.E0,0.E0,-1.E0));
#1022=VECTOR('',#1021,2.6E-2);
#1023=CARTESIAN_POINT('',(6.3E-2,-1.25E-1,1.3E-2));
#1024=LINE('',#1023,#1022);
#1025=DIRECTION('',(0.E0,-1.E0,0.E0));
#1026=VECTOR('',#1025,8.8E-2);
#1027=CARTESIAN_POINT('',(6.3E-2,-3.7E-2,1.3E-2));
#1028=LINE('',#1027,#1026);
#1029=DIRECTION('',(0.E0,1.E0,0.E0));
#1030=VECTOR('',#1029,8.8E-2);
#1031=CARTESIAN_POINT('',(6.3E-2,-1.25E-1,-1.3E-2));
#1032=LINE('',#1031,#1030);
#1033=DIRECTION('',(-1.812366279991E-1,-9.665953493283E-1,1.812366279991E-1));
#1034=VECTOR('',#1033,4.138236339312E-2);
#1035=CARTESIAN_POINT('',(4.45E-2,3.65E-1,5.5E-3));
#1036=LINE('',#1035,#1034);
#1037=DIRECTION('',(-1.812366279991E-1,9.665953493283E-1,-1.812366279991E-1));
#1038=VECTOR('',#1037,4.138236339312E-2);
#1039=CARTESIAN_POINT('',(6.3E-2,3.25E-1,1.3E-2));
#1040=LINE('',#1039,#1038);
#1041=DIRECTION('',(-1.E0,0.E0,0.E0));
#1042=VECTOR('',#1041,2.6E-2);
#1043=CARTESIAN_POINT('',(6.3E-2,3.25E-1,1.3E-2));
#1044=LINE('',#1043,#1042);
#1045=DIRECTION('',(-1.E0,0.E0,0.E0));
#1046=VECTOR('',#1045,2.6E-2);
#1047=CARTESIAN_POINT('',(6.3E-2,-1.25E-1,1.3E-2));
#1048=LINE('',#1047,#1046);
#1049=DIRECTION('',(1.812366279991E-1,9.665953493283E-1,1.812366279991E-1));
#1050=VECTOR('',#1049,4.138236339312E-2);
#1051=CARTESIAN_POINT('',(5.55E-2,-1.65E-1,5.5E-3));
#1052=LINE('',#1051,#1050);
#1053=DIRECTION('',(1.812366279991E-1,9.665953493283E-1,-1.812366279991E-1));
#1054=VECTOR('',#1053,4.138236339312E-2);
#1055=CARTESIAN_POINT('',(5.55E-2,-1.65E-1,-5.5E-3));
#1056=LINE('',#1055,#1054);
#1057=DIRECTION('',(-1.E0,0.E0,0.E0));
#1058=VECTOR('',#1057,1.1E-2);
#1059=CARTESIAN_POINT('',(5.55E-2,-1.65E-1,-5.5E-3));
#1060=LINE('',#1059,#1058);
#1061=DIRECTION('',(0.E0,0.E0,1.E0));
#1062=VECTOR('',#1061,1.1E-2);
#1063=CARTESIAN_POINT('',(4.45E-2,-1.65E-1,-5.5E-3));
#1064=LINE('',#1063,#1062);
#1065=DIRECTION('',(-1.E0,0.E0,0.E0));
#1066=VECTOR('',#1065,1.1E-2);
#1067=CARTESIAN_POINT('',(5.55E-2,-1.65E-1,5.5E-3));
#1068=LINE('',#1067,#1066);
#1069=DIRECTION('',(0.E0,0.E0,-1.E0));
#1070=VECTOR('',#1069,1.1E-2);
#1071=CARTESIAN_POINT('',(5.55E-2,-1.65E-1,5.5E-3));
#1072=LINE('',#1071,#1070);
#1073=DIRECTION('',(-1.812366279991E-1,9.665953493283E-1,-1.812366279991E-1));
#1074=VECTOR('',#1073,4.138236339312E-2);
#1075=CARTESIAN_POINT('',(4.45E-2,-1.65E-1,-5.5E-3));
#1076=LINE('',#1075,#1074);
#1077=DIRECTION('',(-1.812366279991E-1,9.665953493283E-1,1.812366279991E-1));
#1078=VECTOR('',#1077,4.138236339312E-2);
#1079=CARTESIAN_POINT('',(4.45E-2,-1.65E-1,5.5E-3));
#1080=LINE('',#1079,#1078);
#1081=DIRECTION('',(0.E0,0.E0,-1.E0));
#1082=VECTOR('',#1081,2.6E-2);
#1083=CARTESIAN_POINT('',(-6.3E-2,3.25E-1,1.3E-2));
#1084=LINE('',#1083,#1082);
#1085=DIRECTION('',(0.E0,-1.E0,0.E0));
#1086=VECTOR('',#1085,2.88E-1);
#1087=CARTESIAN_POINT('',(-6.3E-2,3.25E-1,1.3E-2));
#1088=LINE('',#1087,#1086);
#1089=DIRECTION('',(0.E0,1.E0,0.E0));
#1090=VECTOR('',#1089,2.88E-1);
#1091=CARTESIAN_POINT('',(-6.3E-2,3.7E-2,-1.3E-2));
#1092=LINE('',#1091,#1090);
#1093=DIRECTION('',(0.E0,0.E0,1.E0));
#1094=VECTOR('',#1093,2.6E-2);
#1095=CARTESIAN_POINT('',(-6.3E-2,-1.25E-1,-1.3E-2));
#1096=LINE('',#1095,#1094);
#1097=DIRECTION('',(0.E0,1.E0,0.E0));
#1098=VECTOR('',#1097,8.8E-2);
#1099=CARTESIAN_POINT('',(-6.3E-2,-1.25E-1,-1.3E-2));
#1100=LINE('',#1099,#1098);
#1101=DIRECTION('',(0.E0,-1.E0,0.E0));
#1102=VECTOR('',#1101,8.8E-2);
#1103=CARTESIAN_POINT('',(-6.3E-2,-3.7E-2,1.3E-2));
#1104=LINE('',#1103,#1102);
#1105=DIRECTION('',(-1.E0,0.E0,0.E0));
#1106=VECTOR('',#1105,1.1E-2);
#1107=CARTESIAN_POINT('',(-4.45E-2,3.65E-1,-5.5E-3));
#1108=LINE('',#1107,#1106);
#1109=DIRECTION('',(0.E0,0.E0,1.E0));
#1110=VECTOR('',#1109,1.1E-2);
#1111=CARTESIAN_POINT('',(-4.45E-2,3.65E-1,-5.5E-3));
#1112=LINE('',#1111,#1110);
#1113=DIRECTION('',(-1.E0,0.E0,0.E0));
#1114=VECTOR('',#1113,1.1E-2);
#1115=CARTESIAN_POINT('',(-4.45E-2,3.65E-1,5.5E-3));
#1116=LINE('',#1115,#1114);
#1117=DIRECTION('',(0.E0,0.E0,-1.E0));
#1118=VECTOR('',#1117,1.1E-2);
#1119=CARTESIAN_POINT('',(-5.55E-2,3.65E-1,5.5E-3));
#1120=LINE('',#1119,#1118);
#1121=DIRECTION('',(1.812366279991E-1,9.665953493283E-1,1.812366279991E-1));
#1122=VECTOR('',#1121,4.138236339312E-2);
#1123=CARTESIAN_POINT('',(-6.3E-2,3.25E-1,-1.3E-2));
#1124=LINE('',#1123,#1122);
#1125=DIRECTION('',(1.812366279991E-1,-9.665953493283E-1,-1.812366279991E-1));
#1126=VECTOR('',#1125,4.138236339312E-2);
#1127=CARTESIAN_POINT('',(-4.45E-2,3.65E-1,-5.5E-3));
#1128=LINE('',#1127,#1126);
#1129=DIRECTION('',(-1.E0,0.E0,0.E0));
#1130=VECTOR('',#1129,2.6E-2);
#1131=CARTESIAN_POINT('',(-3.7E-2,3.25E-1,-1.3E-2));
#1132=LINE('',#1131,#1130);
#1133=DIRECTION('',(-1.E0,0.E0,0.E0));
#1134=VECTOR('',#1133,2.6E-2);
#1135=CARTESIAN_POINT('',(-3.7E-2,-1.25E-1,-1.3E-2));
#1136=LINE('',#1135,#1134);
#1137=DIRECTION('',(0.E0,0.E0,1.E0));
#1138=VECTOR('',#1137,2.6E-2);
#1139=CARTESIAN_POINT('',(-3.7E-2,3.25E-1,-1.3E-2));
#1140=LINE('',#1139,#1138);
#1141=DIRECTION('',(0.E0,1.E0,0.E0));
#1142=VECTOR('',#1141,2.88E-1);
#1143=CARTESIAN_POINT('',(-3.7E-2,3.7E-2,-1.3E-2));
#1144=LINE('',#1143,#1142);
#1145=DIRECTION('',(0.E0,-1.E0,0.E0));
#1146=VECTOR('',#1145,2.88E-1);
#1147=CARTESIAN_POINT('',(-3.7E-2,3.25E-1,1.3E-2));
#1148=LINE('',#1147,#1146);
#1149=DIRECTION('',(0.E0,0.E0,-1.E0));
#1150=VECTOR('',#1149,2.6E-2);
#1151=CARTESIAN_POINT('',(-3.7E-2,-1.25E-1,1.3E-2));
#1152=LINE('',#1151,#1150);
#1153=DIRECTION('',(0.E0,-1.E0,0.E0));
#1154=VECTOR('',#1153,8.8E-2);
#1155=CARTESIAN_POINT('',(-3.7E-2,-3.7E-2,1.3E-2));
#1156=LINE('',#1155,#1154);
#1157=DIRECTION('',(0.E0,1.E0,0.E0));
#1158=VECTOR('',#1157,8.8E-2);
#1159=CARTESIAN_POINT('',(-3.7E-2,-1.25E-1,-1.3E-2));
#1160=LINE('',#1159,#1158);
#1161=DIRECTION('',(-1.812366279991E-1,-9.665953493283E-1,1.812366279991E-1));
#1162=VECTOR('',#1161,4.138236339312E-2);
#1163=CARTESIAN_POINT('',(-5.55E-2,3.65E-1,5.5E-3));
#1164=LINE('',#1163,#1162);
#1165=DIRECTION('',(-1.812366279991E-1,9.665953493283E-1,-1.812366279991E-1));
#1166=VECTOR('',#1165,4.138236339312E-2);
#1167=CARTESIAN_POINT('',(-3.7E-2,3.25E-1,1.3E-2));
#1168=LINE('',#1167,#1166);
#1169=DIRECTION('',(-1.E0,0.E0,0.E0));
#1170=VECTOR('',#1169,2.6E-2);
#1171=CARTESIAN_POINT('',(-3.7E-2,3.25E-1,1.3E-2));
#1172=LINE('',#1171,#1170);
#1173=DIRECTION('',(-1.E0,0.E0,0.E0));
#1174=VECTOR('',#1173,2.6E-2);
#1175=CARTESIAN_POINT('',(-3.7E-2,-1.25E-1,1.3E-2));
#1176=LINE('',#1175,#1174);
#1177=DIRECTION('',(1.812366279991E-1,9.665953493283E-1,1.812366279991E-1));
#1178=VECTOR('',#1177,4.138236339312E-2);
#1179=CARTESIAN_POINT('',(-4.45E-2,-1.65E-1,5.5E-3));
#1180=LINE('',#1179,#1178);
#1181=DIRECTION('',(-1.E0,0.E0,0.E0));
#1182=VECTOR('',#1181,1.1E-2);
#1183=CARTESIAN_POINT('',(-4.45E-2,-1.65E-1,-5.5E-3));
#1184=LINE('',#1183,#1182);
#1185=DIRECTION('',(0.E0,0.E0,1.E0));
#1186=VECTOR('',#1185,1.1E-2);
#1187=CARTESIAN_POINT('',(-5.55E-2,-1.65E-1,-5.5E-3));
#1188=LINE('',#1187,#1186);
#1189=DIRECTION('',(-1.E0,0.E0,0.E0));
#1190=VECTOR('',#1189,1.1E-2);
#1191=CARTESIAN_POINT('',(-4.45E-2,-1.65E-1,5.5E-3));
#1192=LINE('',#1191,#1190);
#1193=DIRECTION('',(0.E0,0.E0,-1.E0));
#1194=VECTOR('',#1193,1.1E-2);
#1195=CARTESIAN_POINT('',(-4.45E-2,-1.65E-1,5.5E-3));
#1196=LINE('',#1195,#1194);
#1197=DIRECTION('',(-1.812366279991E-1,9.665953493283E-1,-1.812366279991E-1));
#1198=VECTOR('',#1197,4.138236339312E-2);
#1199=CARTESIAN_POINT('',(-5.55E-2,-1.65E-1,-5.5E-3));
#1200=LINE('',#1199,#1198);
#1201=DIRECTION('',(-1.812366279991E-1,-9.665953493283E-1,1.812366279991E-1));
#1202=VECTOR('',#1201,4.138236339312E-2);
#1203=CARTESIAN_POINT('',(-3.7E-2,-1.25E-1,-1.3E-2));
#1204=LINE('',#1203,#1202);
#1205=DIRECTION('',(-1.812366279991E-1,9.665953493283E-1,1.812366279991E-1));
#1206=VECTOR('',#1205,4.138236339312E-2);
#1207=CARTESIAN_POINT('',(-5.55E-2,-1.65E-1,5.5E-3));
#1208=LINE('',#1207,#1206);
#1209=CARTESIAN_POINT('',(8.75E-2,4.5E-2,4.6E-2));
#1210=CARTESIAN_POINT('',(8.75E-2,4.5E-2,-4.6E-2));
#1211=VERTEX_POINT('',#1209);
#1212=VERTEX_POINT('',#1210);
#1213=CARTESIAN_POINT('',(8.75E-2,-4.5E-2,-4.6E-2));
#1214=CARTESIAN_POINT('',(8.75E-2,-4.5E-2,4.6E-2));
#1215=VERTEX_POINT('',#1213);
#1216=VERTEX_POINT('',#1214);
#1217=CARTESIAN_POINT('',(-8.75E-2,4.5E-2,4.6E-2));
#1218=CARTESIAN_POINT('',(-8.75E-2,4.5E-2,-4.6E-2));
#1219=VERTEX_POINT('',#1217);
#1220=VERTEX_POINT('',#1218);
#1221=CARTESIAN_POINT('',(-8.75E-2,-4.5E-2,-4.6E-2));
#1222=CARTESIAN_POINT('',(-8.75E-2,-4.5E-2,4.6E-2));
#1223=VERTEX_POINT('',#1221);
#1224=VERTEX_POINT('',#1222);
#1225=CARTESIAN_POINT('',(-8.75E-2,3.7E-2,-3.6E-2));
#1226=CARTESIAN_POINT('',(-1.E-1,3.7E-2,-3.6E-2));
#1227=VERTEX_POINT('',#1225);
#1228=VERTEX_POINT('',#1226);
#1229=CARTESIAN_POINT('',(1.E-1,3.7E-2,-3.6E-2));
#1230=CARTESIAN_POINT('',(8.75E-2,3.7E-2,-3.6E-2));
#1231=VERTEX_POINT('',#1229);
#1232=VERTEX_POINT('',#1230);
#1233=CARTESIAN_POINT('',(-8.75E-2,-3.7E-2,-3.6E-2));
#1234=CARTESIAN_POINT('',(-1.E-1,-3.7E-2,-3.6E-2));
#1235=VERTEX_POINT('',#1233);
#1236=VERTEX_POINT('',#1234);
#1237=CARTESIAN_POINT('',(1.E-1,-3.7E-2,-3.6E-2));
#1238=CARTESIAN_POINT('',(8.75E-2,-3.7E-2,-3.6E-2));
#1239=VERTEX_POINT('',#1237);
#1240=VERTEX_POINT('',#1238);
#1241=CARTESIAN_POINT('',(8.75E-2,-3.7E-2,4.9E-2));
#1242=CARTESIAN_POINT('',(1.E-2,-3.7E-2,4.9E-2));
#1243=VERTEX_POINT('',#1241);
#1244=VERTEX_POINT('',#1242);
#1245=CARTESIAN_POINT('',(-1.E-2,-3.7E-2,4.9E-2));
#1246=CARTESIAN_POINT('',(-8.75E-2,-3.7E-2,4.9E-2));
#1247=VERTEX_POINT('',#1245);
#1248=VERTEX_POINT('',#1246);
#1249=CARTESIAN_POINT('',(8.75E-2,3.7E-2,4.9E-2));
#1250=CARTESIAN_POINT('',(1.E-2,3.7E-2,4.9E-2));
#1251=VERTEX_POINT('',#1249);
#1252=VERTEX_POINT('',#1250);
#1253=CARTESIAN_POINT('',(-1.E-2,3.7E-2,4.9E-2));
#1254=CARTESIAN_POINT('',(-8.75E-2,3.7E-2,4.9E-2));
#1255=VERTEX_POINT('',#1253);
#1256=VERTEX_POINT('',#1254);
#1257=CARTESIAN_POINT('',(8.75E-2,3.7E-2,-4.9E-2));
#1258=CARTESIAN_POINT('',(1.E-2,3.7E-2,-4.9E-2));
#1259=VERTEX_POINT('',#1257);
#1260=VERTEX_POINT('',#1258);
#1261=CARTESIAN_POINT('',(-1.E-2,3.7E-2,-4.9E-2));
#1262=CARTESIAN_POINT('',(-8.75E-2,3.7E-2,-4.9E-2));
#1263=VERTEX_POINT('',#1261);
#1264=VERTEX_POINT('',#1262);
#1265=CARTESIAN_POINT('',(8.75E-2,-3.7E-2,-4.9E-2));
#1266=CARTESIAN_POINT('',(1.E-2,-3.7E-2,-4.9E-2));
#1267=VERTEX_POINT('',#1265);
#1268=VERTEX_POINT('',#1266);
#1269=CARTESIAN_POINT('',(-1.E-2,-3.7E-2,-4.9E-2));
#1270=CARTESIAN_POINT('',(-8.75E-2,-3.7E-2,-4.9E-2));
#1271=VERTEX_POINT('',#1269);
#1272=VERTEX_POINT('',#1270);
#1273=CARTESIAN_POINT('',(-1.25E-2,4.5E-2,4.6E-2));
#1274=CARTESIAN_POINT('',(-1.25E-2,4.5E-2,-4.6E-2));
#1275=VERTEX_POINT('',#1273);
#1276=VERTEX_POINT('',#1274);
#1277=CARTESIAN_POINT('',(1.25E-2,4.5E-2,4.6E-2));
#1278=CARTESIAN_POINT('',(1.25E-2,4.5E-2,-4.6E-2));
#1279=VERTEX_POINT('',#1277);
#1280=VERTEX_POINT('',#1278);
#1281=CARTESIAN_POINT('',(-1.25E-2,3.7E-2,-4.6E-2));
#1282=VERTEX_POINT('',#1281);
#1283=CARTESIAN_POINT('',(1.25E-2,3.7E-2,-4.6E-2));
#1284=VERTEX_POINT('',#1283);
#1285=CARTESIAN_POINT('',(-1.25E-2,3.7E-2,4.6E-2));
#1286=VERTEX_POINT('',#1285);
#1287=CARTESIAN_POINT('',(1.25E-2,3.7E-2,4.6E-2));
#1288=VERTEX_POINT('',#1287);
#1289=CARTESIAN_POINT('',(5.E-2,3.7E-2,2.8E-2));
#1290=CARTESIAN_POINT('',(7.05E-2,3.7E-2,-1.907223112276E-2));
#1291=VERTEX_POINT('',#1289);
#1292=VERTEX_POINT('',#1290);
#1293=CARTESIAN_POINT('',(5.E-2,3.7E-2,-2.8E-2));
#1294=CARTESIAN_POINT('',(2.95E-2,3.7E-2,1.907223112276E-2));
#1295=VERTEX_POINT('',#1293);
#1296=VERTEX_POINT('',#1294);
#1297=CARTESIAN_POINT('',(5.E-2,4.5E-2,2.8E-2));
#1298=CARTESIAN_POINT('',(7.05E-2,4.5E-2,-1.907223112276E-2));
#1299=VERTEX_POINT('',#1297);
#1300=VERTEX_POINT('',#1298);
#1301=CARTESIAN_POINT('',(7.05E-2,4.5E-2,-4.6E-2));
#1302=VERTEX_POINT('',#1301);
#1303=CARTESIAN_POINT('',(5.E-2,4.5E-2,-4.6E-2));
#1304=CARTESIAN_POINT('',(5.E-2,4.5E-2,-2.8E-2));
#1305=VERTEX_POINT('',#1303);
#1306=VERTEX_POINT('',#1304);
#1307=CARTESIAN_POINT('',(2.95E-2,4.5E-2,1.907223112276E-2));
#1308=VERTEX_POINT('',#1307);
#1309=CARTESIAN_POINT('',(2.95E-2,4.5E-2,4.6E-2));
#1310=VERTEX_POINT('',#1309);
#1311=CARTESIAN_POINT('',(5.E-2,4.5E-2,4.6E-2));
#1312=VERTEX_POINT('',#1311);
#1313=CARTESIAN_POINT('',(7.05E-2,3.7E-2,-4.6E-2));
#1314=VERTEX_POINT('',#1313);
#1315=CARTESIAN_POINT('',(5.E-2,3.7E-2,-4.6E-2));
#1316=VERTEX_POINT('',#1315);
#1317=CARTESIAN_POINT('',(2.95E-2,3.7E-2,4.6E-2));
#1318=VERTEX_POINT('',#1317);
#1319=CARTESIAN_POINT('',(5.E-2,3.7E-2,4.6E-2));
#1320=VERTEX_POINT('',#1319);
#1321=CARTESIAN_POINT('',(8.75E-2,3.7E-2,4.6E-2));
#1322=VERTEX_POINT('',#1321);
#1323=CARTESIAN_POINT('',(8.75E-2,3.7E-2,-4.6E-2));
#1324=VERTEX_POINT('',#1323);
#1325=CARTESIAN_POINT('',(8.75E-2,-3.7E-2,4.6E-2));
#1326=CARTESIAN_POINT('',(7.1E-2,-3.7E-2,4.6E-2));
#1327=VERTEX_POINT('',#1325);
#1328=VERTEX_POINT('',#1326);
#1329=CARTESIAN_POINT('',(5.E-2,-3.7E-2,4.6E-2));
#1330=CARTESIAN_POINT('',(1.25E-2,-3.7E-2,4.6E-2));
#1331=VERTEX_POINT('',#1329);
#1332=VERTEX_POINT('',#1330);
#1333=CARTESIAN_POINT('',(8.75E-2,-3.7E-2,-4.6E-2));
#1334=CARTESIAN_POINT('',(5.E-2,-3.7E-2,-4.6E-2));
#1335=VERTEX_POINT('',#1333);
#1336=VERTEX_POINT('',#1334);
#1337=CARTESIAN_POINT('',(2.9E-2,-3.7E-2,-4.6E-2));
#1338=CARTESIAN_POINT('',(1.25E-2,-3.7E-2,-4.6E-2));
#1339=VERTEX_POINT('',#1337);
#1340=VERTEX_POINT('',#1338);
#1341=CARTESIAN_POINT('',(3.7E-2,3.7E-2,1.3E-2));
#1342=CARTESIAN_POINT('',(3.7E-2,3.7E-2,-1.3E-2));
#1343=VERTEX_POINT('',#1341);
#1344=VERTEX_POINT('',#1342);
#1345=CARTESIAN_POINT('',(6.3E-2,3.7E-2,1.3E-2));
#1346=CARTESIAN_POINT('',(6.3E-2,3.7E-2,-1.3E-2));
#1347=VERTEX_POINT('',#1345);
#1348=VERTEX_POINT('',#1346);
#1349=CARTESIAN_POINT('',(3.7E-2,-3.7E-2,1.3E-2));
#1350=CARTESIAN_POINT('',(3.7E-2,-3.7E-2,-1.3E-2));
#1351=VERTEX_POINT('',#1349);
#1352=VERTEX_POINT('',#1350);
#1353=CARTESIAN_POINT('',(6.3E-2,-3.7E-2,1.3E-2));
#1354=CARTESIAN_POINT('',(6.3E-2,-3.7E-2,-1.3E-2));
#1355=VERTEX_POINT('',#1353);
#1356=VERTEX_POINT('',#1354);
#1357=CARTESIAN_POINT('',(-1.E-1,3.7E-2,-3.95E-2));
#1358=VERTEX_POINT('',#1357);
#1359=CARTESIAN_POINT('',(1.E-1,3.7E-2,-3.95E-2));
#1360=VERTEX_POINT('',#1359);
#1361=CARTESIAN_POINT('',(1.E-1,3.7E-2,3.6E-2));
#1362=CARTESIAN_POINT('',(1.E-1,3.7E-2,3.95E-2));
#1363=VERTEX_POINT('',#1361);
#1364=VERTEX_POINT('',#1362);
#1365=CARTESIAN_POINT('',(-1.E-1,3.7E-2,3.95E-2));
#1366=CARTESIAN_POINT('',(-1.E-1,3.7E-2,3.6E-2));
#1367=VERTEX_POINT('',#1365);
#1368=VERTEX_POINT('',#1366);
#1369=CARTESIAN_POINT('',(-1.E-1,-3.7E-2,-3.95E-2));
#1370=VERTEX_POINT('',#1369);
#1371=CARTESIAN_POINT('',(1.E-1,-3.7E-2,-3.95E-2));
#1372=VERTEX_POINT('',#1371);
#1373=CARTESIAN_POINT('',(1.E-1,-3.7E-2,3.6E-2));
#1374=CARTESIAN_POINT('',(1.E-1,-3.7E-2,3.95E-2));
#1375=VERTEX_POINT('',#1373);
#1376=VERTEX_POINT('',#1374);
#1377=CARTESIAN_POINT('',(-1.E-1,-3.7E-2,3.95E-2));
#1378=CARTESIAN_POINT('',(-1.E-1,-3.7E-2,3.6E-2));
#1379=VERTEX_POINT('',#1377);
#1380=VERTEX_POINT('',#1378);
#1381=CARTESIAN_POINT('',(8.75E-2,3.7E-2,3.6E-2));
#1382=VERTEX_POINT('',#1381);
#1383=CARTESIAN_POINT('',(8.75E-2,-3.7E-2,3.6E-2));
#1384=VERTEX_POINT('',#1383);
#1385=CARTESIAN_POINT('',(-8.75E-2,3.7E-2,-4.6E-2));
#1386=VERTEX_POINT('',#1385);
#1387=CARTESIAN_POINT('',(-8.75E-2,3.7E-2,3.6E-2));
#1388=CARTESIAN_POINT('',(-8.75E-2,3.7E-2,4.6E-2));
#1389=VERTEX_POINT('',#1387);
#1390=VERTEX_POINT('',#1388);
#1391=CARTESIAN_POINT('',(-8.75E-2,-3.7E-2,-4.6E-2));
#1392=VERTEX_POINT('',#1391);
#1393=CARTESIAN_POINT('',(-8.75E-2,-3.7E-2,3.6E-2));
#1394=CARTESIAN_POINT('',(-8.75E-2,-3.7E-2,4.6E-2));
#1395=VERTEX_POINT('',#1393);
#1396=VERTEX_POINT('',#1394);
#1397=CARTESIAN_POINT('',(1.E-1,2.2E-2,-3.6E-2));
#1398=VERTEX_POINT('',#1397);
#1399=CARTESIAN_POINT('',(1.E-1,-2.2E-2,-3.6E-2));
#1400=VERTEX_POINT('',#1399);
#1401=CARTESIAN_POINT('',(1.E-1,2.2E-2,3.6E-2));
#1402=VERTEX_POINT('',#1401);
#1403=CARTESIAN_POINT('',(1.E-1,-2.2E-2,3.6E-2));
#1404=VERTEX_POINT('',#1403);
#1405=CARTESIAN_POINT('',(0.E0,3.7E-2,-3.9E-2));
#1406=CARTESIAN_POINT('',(0.E0,-3.7E-2,-3.9E-2));
#1407=VERTEX_POINT('',#1405);
#1408=VERTEX_POINT('',#1406);
#1409=CARTESIAN_POINT('',(0.E0,3.7E-2,3.9E-2));
#1410=CARTESIAN_POINT('',(0.E0,-3.7E-2,3.9E-2));
#1411=VERTEX_POINT('',#1409);
#1412=VERTEX_POINT('',#1410);
#1413=CARTESIAN_POINT('',(1.25E-2,-4.5E-2,-4.6E-2));
#1414=CARTESIAN_POINT('',(1.25E-2,-4.5E-2,4.6E-2));
#1415=VERTEX_POINT('',#1413);
#1416=VERTEX_POINT('',#1414);
#1417=CARTESIAN_POINT('',(-1.25E-2,-4.5E-2,-4.6E-2));
#1418=CARTESIAN_POINT('',(-1.25E-2,-4.5E-2,4.6E-2));
#1419=VERTEX_POINT('',#1417);
#1420=VERTEX_POINT('',#1418);
#1421=CARTESIAN_POINT('',(-1.25E-2,-3.7E-2,-4.6E-2));
#1422=VERTEX_POINT('',#1421);
#1423=CARTESIAN_POINT('',(-1.25E-2,-3.7E-2,4.6E-2));
#1424=VERTEX_POINT('',#1423);
#1425=CARTESIAN_POINT('',(5.E-2,-4.5E-2,-4.6E-2));
#1426=VERTEX_POINT('',#1425);
#1427=CARTESIAN_POINT('',(2.9E-2,-4.5E-2,-4.6E-2));
#1428=VERTEX_POINT('',#1427);
#1429=CARTESIAN_POINT('',(7.1E-2,-4.5E-2,4.6E-2));
#1430=VERTEX_POINT('',#1429);
#1431=CARTESIAN_POINT('',(5.E-2,-4.5E-2,4.6E-2));
#1432=VERTEX_POINT('',#1431);
#1433=CARTESIAN_POINT('',(5.E-2,-3.7E-2,2.8E-2));
#1434=CARTESIAN_POINT('',(2.9E-2,-3.7E-2,1.852025917745E-2));
#1435=VERTEX_POINT('',#1433);
#1436=VERTEX_POINT('',#1434);
#1437=CARTESIAN_POINT('',(5.E-2,-3.7E-2,-2.8E-2));
#1438=CARTESIAN_POINT('',(7.1E-2,-3.7E-2,-1.852025917745E-2));
#1439=VERTEX_POINT('',#1437);
#1440=VERTEX_POINT('',#1438);
#1441=CARTESIAN_POINT('',(5.E-2,-4.5E-2,2.8E-2));
#1442=VERTEX_POINT('',#1441);
#1443=CARTESIAN_POINT('',(2.9E-2,-4.5E-2,1.852025917745E-2));
#1444=VERTEX_POINT('',#1443);
#1445=CARTESIAN_POINT('',(5.E-2,-4.5E-2,-2.8E-2));
#1446=VERTEX_POINT('',#1445);
#1447=CARTESIAN_POINT('',(7.1E-2,-4.5E-2,-1.852025917745E-2));
#1448=VERTEX_POINT('',#1447);
#1449=CARTESIAN_POINT('',(5.55E-2,3.65E-1,-5.5E-3));
#1450=CARTESIAN_POINT('',(4.45E-2,3.65E-1,-5.5E-3));
#1451=VERTEX_POINT('',#1449);
#1452=VERTEX_POINT('',#1450);
#1453=CARTESIAN_POINT('',(6.3E-2,3.25E-1,-1.3E-2));
#1454=CARTESIAN_POINT('',(3.7E-2,3.25E-1,-1.3E-2));
#1455=VERTEX_POINT('',#1453);
#1456=VERTEX_POINT('',#1454);
#1457=CARTESIAN_POINT('',(5.55E-2,3.65E-1,5.5E-3));
#1458=VERTEX_POINT('',#1457);
#1459=CARTESIAN_POINT('',(6.3E-2,3.25E-1,1.3E-2));
#1460=VERTEX_POINT('',#1459);
#1461=CARTESIAN_POINT('',(3.7E-2,3.25E-1,1.3E-2));
#1462=VERTEX_POINT('',#1461);
#1463=CARTESIAN_POINT('',(4.45E-2,3.65E-1,5.5E-3));
#1464=VERTEX_POINT('',#1463);
#1465=CARTESIAN_POINT('',(6.3E-2,-1.25E-1,-1.3E-2));
#1466=CARTESIAN_POINT('',(3.7E-2,-1.25E-1,-1.3E-2));
#1467=VERTEX_POINT('',#1465);
#1468=VERTEX_POINT('',#1466);
#1469=CARTESIAN_POINT('',(5.55E-2,-1.65E-1,-5.5E-3));
#1470=CARTESIAN_POINT('',(4.45E-2,-1.65E-1,-5.5E-3));
#1471=VERTEX_POINT('',#1469);
#1472=VERTEX_POINT('',#1470);
#1473=CARTESIAN_POINT('',(5.55E-2,-1.65E-1,5.5E-3));
#1474=VERTEX_POINT('',#1473);
#1475=CARTESIAN_POINT('',(6.3E-2,-1.25E-1,1.3E-2));
#1476=VERTEX_POINT('',#1475);
#1477=CARTESIAN_POINT('',(3.7E-2,-1.25E-1,1.3E-2));
#1478=VERTEX_POINT('',#1477);
#1479=CARTESIAN_POINT('',(4.45E-2,-1.65E-1,5.5E-3));
#1480=VERTEX_POINT('',#1479);
#1481=CARTESIAN_POINT('',(-5.E-2,3.7E-2,2.8E-2));
#1482=CARTESIAN_POINT('',(-2.95E-2,3.7E-2,-1.907223112276E-2));
#1483=VERTEX_POINT('',#1481);
#1484=VERTEX_POINT('',#1482);
#1485=CARTESIAN_POINT('',(-5.E-2,3.7E-2,-2.8E-2));
#1486=CARTESIAN_POINT('',(-7.05E-2,3.7E-2,1.907223112276E-2));
#1487=VERTEX_POINT('',#1485);
#1488=VERTEX_POINT('',#1486);
#1489=CARTESIAN_POINT('',(-5.E-2,4.5E-2,2.8E-2));
#1490=CARTESIAN_POINT('',(-2.95E-2,4.5E-2,-1.907223112276E-2));
#1491=VERTEX_POINT('',#1489);
#1492=VERTEX_POINT('',#1490);
#1493=CARTESIAN_POINT('',(-2.95E-2,4.5E-2,-4.6E-2));
#1494=VERTEX_POINT('',#1493);
#1495=CARTESIAN_POINT('',(-5.E-2,4.5E-2,-4.6E-2));
#1496=CARTESIAN_POINT('',(-5.E-2,4.5E-2,-2.8E-2));
#1497=VERTEX_POINT('',#1495);
#1498=VERTEX_POINT('',#1496);
#1499=CARTESIAN_POINT('',(-7.05E-2,4.5E-2,1.907223112276E-2));
#1500=VERTEX_POINT('',#1499);
#1501=CARTESIAN_POINT('',(-7.05E-2,4.5E-2,4.6E-2));
#1502=VERTEX_POINT('',#1501);
#1503=CARTESIAN_POINT('',(-5.E-2,4.5E-2,4.6E-2));
#1504=VERTEX_POINT('',#1503);
#1505=CARTESIAN_POINT('',(-2.95E-2,3.7E-2,-4.6E-2));
#1506=VERTEX_POINT('',#1505);
#1507=CARTESIAN_POINT('',(-5.E-2,3.7E-2,-4.6E-2));
#1508=VERTEX_POINT('',#1507);
#1509=CARTESIAN_POINT('',(-7.05E-2,3.7E-2,4.6E-2));
#1510=VERTEX_POINT('',#1509);
#1511=CARTESIAN_POINT('',(-5.E-2,3.7E-2,4.6E-2));
#1512=VERTEX_POINT('',#1511);
#1513=CARTESIAN_POINT('',(-5.E-2,-3.7E-2,2.8E-2));
#1514=CARTESIAN_POINT('',(-7.1E-2,-3.7E-2,1.852025917745E-2));
#1515=VERTEX_POINT('',#1513);
#1516=VERTEX_POINT('',#1514);
#1517=CARTESIAN_POINT('',(-5.E-2,-3.7E-2,-2.8E-2));
#1518=CARTESIAN_POINT('',(-2.9E-2,-3.7E-2,-1.852025917745E-2));
#1519=VERTEX_POINT('',#1517);
#1520=VERTEX_POINT('',#1518);
#1521=CARTESIAN_POINT('',(-5.E-2,-4.5E-2,4.6E-2));
#1522=CARTESIAN_POINT('',(-5.E-2,-4.5E-2,2.8E-2));
#1523=VERTEX_POINT('',#1521);
#1524=VERTEX_POINT('',#1522);
#1525=CARTESIAN_POINT('',(-7.1E-2,-4.5E-2,1.852025917745E-2));
#1526=VERTEX_POINT('',#1525);
#1527=CARTESIAN_POINT('',(-7.1E-2,-4.5E-2,-4.6E-2));
#1528=VERTEX_POINT('',#1527);
#1529=CARTESIAN_POINT('',(-5.E-2,-4.5E-2,-4.6E-2));
#1530=CARTESIAN_POINT('',(-5.E-2,-4.5E-2,-2.8E-2));
#1531=VERTEX_POINT('',#1529);
#1532=VERTEX_POINT('',#1530);
#1533=CARTESIAN_POINT('',(-2.9E-2,-4.5E-2,-1.852025917745E-2));
#1534=VERTEX_POINT('',#1533);
#1535=CARTESIAN_POINT('',(-2.9E-2,-4.5E-2,4.6E-2));
#1536=VERTEX_POINT('',#1535);
#1537=CARTESIAN_POINT('',(-7.1E-2,-3.7E-2,-4.6E-2));
#1538=VERTEX_POINT('',#1537);
#1539=CARTESIAN_POINT('',(-5.E-2,-3.7E-2,-4.6E-2));
#1540=VERTEX_POINT('',#1539);
#1541=CARTESIAN_POINT('',(-5.E-2,-3.7E-2,4.6E-2));
#1542=VERTEX_POINT('',#1541);
#1543=CARTESIAN_POINT('',(-2.9E-2,-3.7E-2,4.6E-2));
#1544=VERTEX_POINT('',#1543);
#1545=CARTESIAN_POINT('',(-6.3E-2,3.7E-2,1.3E-2));
#1546=CARTESIAN_POINT('',(-6.3E-2,3.7E-2,-1.3E-2));
#1547=VERTEX_POINT('',#1545);
#1548=VERTEX_POINT('',#1546);
#1549=CARTESIAN_POINT('',(-3.7E-2,3.7E-2,1.3E-2));
#1550=CARTESIAN_POINT('',(-3.7E-2,3.7E-2,-1.3E-2));
#1551=VERTEX_POINT('',#1549);
#1552=VERTEX_POINT('',#1550);
#1553=CARTESIAN_POINT('',(-6.3E-2,-3.7E-2,1.3E-2));
#1554=CARTESIAN_POINT('',(-6.3E-2,-3.7E-2,-1.3E-2));
#1555=VERTEX_POINT('',#1553);
#1556=VERTEX_POINT('',#1554);
#1557=CARTESIAN_POINT('',(-3.7E-2,-3.7E-2,1.3E-2));
#1558=CARTESIAN_POINT('',(-3.7E-2,-3.7E-2,-1.3E-2));
#1559=VERTEX_POINT('',#1557);
#1560=VERTEX_POINT('',#1558);
#1561=CARTESIAN_POINT('',(-4.45E-2,3.65E-1,-5.5E-3));
#1562=CARTESIAN_POINT('',(-5.55E-2,3.65E-1,-5.5E-3));
#1563=VERTEX_POINT('',#1561);
#1564=VERTEX_POINT('',#1562);
#1565=CARTESIAN_POINT('',(-3.7E-2,3.25E-1,-1.3E-2));
#1566=CARTESIAN_POINT('',(-6.3E-2,3.25E-1,-1.3E-2));
#1567=VERTEX_POINT('',#1565);
#1568=VERTEX_POINT('',#1566);
#1569=CARTESIAN_POINT('',(-4.45E-2,3.65E-1,5.5E-3));
#1570=VERTEX_POINT('',#1569);
#1571=CARTESIAN_POINT('',(-3.7E-2,3.25E-1,1.3E-2));
#1572=VERTEX_POINT('',#1571);
#1573=CARTESIAN_POINT('',(-6.3E-2,3.25E-1,1.3E-2));
#1574=VERTEX_POINT('',#1573);
#1575=CARTESIAN_POINT('',(-5.55E-2,3.65E-1,5.5E-3));
#1576=VERTEX_POINT('',#1575);
#1577=CARTESIAN_POINT('',(-3.7E-2,-1.25E-1,-1.3E-2));
#1578=CARTESIAN_POINT('',(-6.3E-2,-1.25E-1,-1.3E-2));
#1579=VERTEX_POINT('',#1577);
#1580=VERTEX_POINT('',#1578);
#1581=CARTESIAN_POINT('',(-4.45E-2,-1.65E-1,-5.5E-3));
#1582=CARTESIAN_POINT('',(-5.55E-2,-1.65E-1,-5.5E-3));
#1583=VERTEX_POINT('',#1581);
#1584=VERTEX_POINT('',#1582);
#1585=CARTESIAN_POINT('',(-4.45E-2,-1.65E-1,5.5E-3));
#1586=VERTEX_POINT('',#1585);
#1587=CARTESIAN_POINT('',(-3.7E-2,-1.25E-1,1.3E-2));
#1588=VERTEX_POINT('',#1587);
#1589=CARTESIAN_POINT('',(-6.3E-2,-1.25E-1,1.3E-2));
#1590=VERTEX_POINT('',#1589);
#1591=CARTESIAN_POINT('',(-5.55E-2,-1.65E-1,5.5E-3));
#1592=VERTEX_POINT('',#1591);
#1593=CARTESIAN_POINT('',(8.75E-2,0.E0,0.E0));
#1594=DIRECTION('',(-1.E0,0.E0,0.E0));
#1595=DIRECTION('',(0.E0,0.E0,1.E0));
#1596=AXIS2_PLACEMENT_3D('',#1593,#1594,#1595);
#1597=PLANE('',#1596);
#1599=ORIENTED_EDGE('',*,*,#1598,.T.);
#1601=ORIENTED_EDGE('',*,*,#1600,.T.);
#1603=ORIENTED_EDGE('',*,*,#1602,.T.);
#1605=ORIENTED_EDGE('',*,*,#1604,.T.);
#1607=ORIENTED_EDGE('',*,*,#1606,.T.);
#1609=ORIENTED_EDGE('',*,*,#1608,.T.);
#1610=EDGE_LOOP('',(#1599,#1601,#1603,#1605,#1607,#1609));
#1611=FACE_OUTER_BOUND('',#1610,.F.);
#1612=ADVANCED_FACE('',(#1611),#1597,.F.);
#1613=CARTESIAN_POINT('',(8.75E-2,0.E0,0.E0));
#1614=DIRECTION('',(-1.E0,0.E0,0.E0));
#1615=DIRECTION('',(0.E0,0.E0,1.E0));
#1616=AXIS2_PLACEMENT_3D('',#1613,#1614,#1615);
#1617=PLANE('',#1616);
#1619=ORIENTED_EDGE('',*,*,#1618,.F.);
#1621=ORIENTED_EDGE('',*,*,#1620,.T.);
#1623=ORIENTED_EDGE('',*,*,#1622,.T.);
#1625=ORIENTED_EDGE('',*,*,#1624,.T.);
#1627=ORIENTED_EDGE('',*,*,#1626,.F.);
#1629=ORIENTED_EDGE('',*,*,#1628,.T.);
#1630=EDGE_LOOP('',(#1619,#1621,#1623,#1625,#1627,#1629));
#1631=FACE_OUTER_BOUND('',#1630,.F.);
#1632=ADVANCED_FACE('',(#1631),#1617,.F.);
#1633=CARTESIAN_POINT('',(8.75E-2,3.7E-2,-4.6E-2));
#1634=DIRECTION('',(0.E0,1.E0,0.E0));
#1635=DIRECTION('',(0.E0,0.E0,-1.E0));
#1636=AXIS2_PLACEMENT_3D('',#1633,#1634,#1635);
#1637=PLANE('',#1636);
#1639=ORIENTED_EDGE('',*,*,#1638,.F.);
#1641=ORIENTED_EDGE('',*,*,#1640,.F.);
#1643=ORIENTED_EDGE('',*,*,#1642,.F.);
#1645=ORIENTED_EDGE('',*,*,#1644,.F.);
#1647=ORIENTED_EDGE('',*,*,#1646,.T.);
#1649=ORIENTED_EDGE('',*,*,#1648,.T.);
#1651=ORIENTED_EDGE('',*,*,#1650,.T.);
#1653=ORIENTED_EDGE('',*,*,#1652,.T.);
#1655=ORIENTED_EDGE('',*,*,#1654,.T.);
#1657=ORIENTED_EDGE('',*,*,#1656,.F.);
#1659=ORIENTED_EDGE('',*,*,#1658,.T.);
#1661=ORIENTED_EDGE('',*,*,#1660,.T.);
#1663=ORIENTED_EDGE('',*,*,#1662,.F.);
#1665=ORIENTED_EDGE('',*,*,#1664,.T.);
#1667=ORIENTED_EDGE('',*,*,#1666,.T.);
#1669=ORIENTED_EDGE('',*,*,#1668,.T.);
#1670=ORIENTED_EDGE('',*,*,#1598,.F.);
#1672=ORIENTED_EDGE('',*,*,#1671,.T.);
#1674=ORIENTED_EDGE('',*,*,#1673,.F.);
#1676=ORIENTED_EDGE('',*,*,#1675,.F.);
#1678=ORIENTED_EDGE('',*,*,#1677,.F.);
#1680=ORIENTED_EDGE('',*,*,#1679,.F.);
#1681=ORIENTED_EDGE('',*,*,#1602,.F.);
#1683=ORIENTED_EDGE('',*,*,#1682,.T.);
#1685=ORIENTED_EDGE('',*,*,#1684,.T.);
#1687=ORIENTED_EDGE('',*,*,#1686,.T.);
#1689=ORIENTED_EDGE('',*,*,#1688,.T.);
#1691=ORIENTED_EDGE('',*,*,#1690,.T.);
#1693=ORIENTED_EDGE('',*,*,#1692,.T.);
#1695=ORIENTED_EDGE('',*,*,#1694,.T.);
#1697=ORIENTED_EDGE('',*,*,#1696,.T.);
#1699=ORIENTED_EDGE('',*,*,#1698,.T.);
#1701=ORIENTED_EDGE('',*,*,#1700,.T.);
#1703=ORIENTED_EDGE('',*,*,#1702,.T.);
#1704=EDGE_LOOP('',(#1639,#1641,#1643,#1645,#1647,#1649,#1651,#1653,#1655,#1657,
#1659,#1661,#1663,#1665,#1667,#1669,#1670,#1672,#1674,#1676,#1678,#1680,#1681,
#1683,#1685,#1687,#1689,#1691,#1693,#1695,#1697,#1699,#1701,#1703));
#1705=FACE_OUTER_BOUND('',#1704,.F.);
#1707=ORIENTED_EDGE('',*,*,#1706,.F.);
#1709=ORIENTED_EDGE('',*,*,#1708,.F.);
#1711=ORIENTED_EDGE('',*,*,#1710,.F.);
#1713=ORIENTED_EDGE('',*,*,#1712,.F.);
#1715=ORIENTED_EDGE('',*,*,#1714,.T.);
#1717=ORIENTED_EDGE('',*,*,#1716,.F.);
#1718=EDGE_LOOP('',(#1707,#1709,#1711,#1713,#1715,#1717));
#1719=FACE_BOUND('',#1718,.F.);
#1721=ORIENTED_EDGE('',*,*,#1720,.T.);
#1723=ORIENTED_EDGE('',*,*,#1722,.F.);
#1725=ORIENTED_EDGE('',*,*,#1724,.F.);
#1727=ORIENTED_EDGE('',*,*,#1726,.F.);
#1729=ORIENTED_EDGE('',*,*,#1728,.F.);
#1731=ORIENTED_EDGE('',*,*,#1730,.T.);
#1732=EDGE_LOOP('',(#1721,#1723,#1725,#1727,#1729,#1731));
#1733=FACE_BOUND('',#1732,.F.);
#1735=ORIENTED_EDGE('',*,*,#1734,.F.);
#1737=ORIENTED_EDGE('',*,*,#1736,.T.);
#1739=ORIENTED_EDGE('',*,*,#1738,.T.);
#1741=ORIENTED_EDGE('',*,*,#1740,.F.);
#1742=EDGE_LOOP('',(#1735,#1737,#1739,#1741));
#1743=FACE_BOUND('',#1742,.F.);
#1745=ORIENTED_EDGE('',*,*,#1744,.F.);
#1747=ORIENTED_EDGE('',*,*,#1746,.T.);
#1749=ORIENTED_EDGE('',*,*,#1748,.T.);
#1751=ORIENTED_EDGE('',*,*,#1750,.F.);
#1752=EDGE_LOOP('',(#1745,#1747,#1749,#1751));
#1753=FACE_BOUND('',#1752,.F.);
#1754=ADVANCED_FACE('',(#1705,#1719,#1733,#1743,#1753),#1637,.T.);
#1755=CARTESIAN_POINT('',(8.75E-2,3.7E-2,4.6E-2));
#1756=DIRECTION('',(0.E0,0.E0,1.E0));
#1757=DIRECTION('',(0.E0,1.E0,0.E0));
#1758=AXIS2_PLACEMENT_3D('',#1755,#1756,#1757);
#1759=PLANE('',#1758);
#1761=ORIENTED_EDGE('',*,*,#1760,.F.);
#1762=ORIENTED_EDGE('',*,*,#1706,.T.);
#1764=ORIENTED_EDGE('',*,*,#1763,.T.);
#1766=ORIENTED_EDGE('',*,*,#1765,.F.);
#1767=EDGE_LOOP('',(#1761,#1762,#1764,#1766));
#1768=FACE_OUTER_BOUND('',#1767,.F.);
#1769=ADVANCED_FACE('',(#1768),#1759,.T.);
#1770=CARTESIAN_POINT('',(8.75E-2,3.7E-2,4.6E-2));
#1771=DIRECTION('',(0.E0,0.E0,1.E0));
#1772=DIRECTION('',(0.E0,1.E0,0.E0));
#1773=AXIS2_PLACEMENT_3D('',#1770,#1771,#1772);
#1774=PLANE('',#1773);
#1776=ORIENTED_EDGE('',*,*,#1775,.T.);
#1778=ORIENTED_EDGE('',*,*,#1777,.F.);
#1779=ORIENTED_EDGE('',*,*,#1604,.F.);
#1780=ORIENTED_EDGE('',*,*,#1679,.T.);
#1781=EDGE_LOOP('',(#1776,#1778,#1779,#1780));
#1782=FACE_OUTER_BOUND('',#1781,.F.);
#1783=ADVANCED_FACE('',(#1782),#1774,.T.);
#1784=CARTESIAN_POINT('',(8.75E-2,3.7E-2,4.6E-2));
#1785=DIRECTION('',(0.E0,0.E0,1.E0));
#1786=DIRECTION('',(0.E0,1.E0,0.E0));
#1787=AXIS2_PLACEMENT_3D('',#1784,#1785,#1786);
#1788=PLANE('',#1787);
#1790=ORIENTED_EDGE('',*,*,#1789,.F.);
#1791=ORIENTED_EDGE('',*,*,#1638,.T.);
#1793=ORIENTED_EDGE('',*,*,#1792,.T.);
#1795=ORIENTED_EDGE('',*,*,#1794,.F.);
#1796=EDGE_LOOP('',(#1790,#1791,#1793,#1795));
#1797=FACE_OUTER_BOUND('',#1796,.F.);
#1798=ADVANCED_FACE('',(#1797),#1788,.T.);
#1799=CARTESIAN_POINT('',(8.75E-2,3.7E-2,4.6E-2));
#1800=DIRECTION('',(0.E0,0.E0,1.E0));
#1801=DIRECTION('',(0.E0,1.E0,0.E0));
#1802=AXIS2_PLACEMENT_3D('',#1799,#1800,#1801);
#1803=PLANE('',#1802);
#1805=ORIENTED_EDGE('',*,*,#1804,.T.);
#1807=ORIENTED_EDGE('',*,*,#1806,.F.);
#1809=ORIENTED_EDGE('',*,*,#1808,.F.);
#1810=ORIENTED_EDGE('',*,*,#1728,.T.);
#1811=EDGE_LOOP('',(#1805,#1807,#1809,#1810));
#1812=FACE_OUTER_BOUND('',#1811,.F.);
#1813=ADVANCED_FACE('',(#1812),#1803,.T.);
#1814=CARTESIAN_POINT('',(2.95E-2,4.5E-2,1.907223112276E-2));
#1815=DIRECTION('',(-1.E0,0.E0,0.E0));
#1816=DIRECTION('',(0.E0,0.E0,1.E0));
#1817=AXIS2_PLACEMENT_3D('',#1814,#1815,#1816);
#1818=PLANE('',#1817);
#1820=ORIENTED_EDGE('',*,*,#1819,.T.);
#1822=ORIENTED_EDGE('',*,*,#1821,.T.);
#1823=ORIENTED_EDGE('',*,*,#1708,.T.);
#1824=ORIENTED_EDGE('',*,*,#1760,.T.);
#1825=EDGE_LOOP('',(#1820,#1822,#1823,#1824));
#1826=FACE_OUTER_BOUND('',#1825,.F.);
#1827=ADVANCED_FACE('',(#1826),#1818,.F.);
#1828=CARTESIAN_POINT('',(8.75E-2,4.5E-2,4.6E-2));
#1829=DIRECTION('',(0.E0,1.E0,0.E0));
#1830=DIRECTION('',(0.E0,0.E0,-1.E0));
#1831=AXIS2_PLACEMENT_3D('',#1828,#1829,#1830);
#1832=PLANE('',#1831);
#1834=ORIENTED_EDGE('',*,*,#1833,.T.);
#1836=ORIENTED_EDGE('',*,*,#1835,.F.);
#1838=ORIENTED_EDGE('',*,*,#1837,.F.);
#1839=ORIENTED_EDGE('',*,*,#1606,.F.);
#1840=ORIENTED_EDGE('',*,*,#1777,.T.);
#1842=ORIENTED_EDGE('',*,*,#1841,.T.);
#1843=EDGE_LOOP('',(#1834,#1836,#1838,#1839,#1840,#1842));
#1844=FACE_OUTER_BOUND('',#1843,.F.);
#1845=ADVANCED_FACE('',(#1844),#1832,.T.);
#1846=CARTESIAN_POINT('',(8.75E-2,4.5E-2,4.6E-2));
#1847=DIRECTION('',(0.E0,1.E0,0.E0));
#1848=DIRECTION('',(0.E0,0.E0,-1.E0));
#1849=AXIS2_PLACEMENT_3D('',#1846,#1847,#1848);
#1850=PLANE('',#1849);
#1852=ORIENTED_EDGE('',*,*,#1851,.T.);
#1854=ORIENTED_EDGE('',*,*,#1853,.T.);
#1855=ORIENTED_EDGE('',*,*,#1819,.F.);
#1856=ORIENTED_EDGE('',*,*,#1765,.T.);
#1858=ORIENTED_EDGE('',*,*,#1857,.T.);
#1860=ORIENTED_EDGE('',*,*,#1859,.F.);
#1861=EDGE_LOOP('',(#1852,#1854,#1855,#1856,#1858,#1860));
#1862=FACE_OUTER_BOUND('',#1861,.F.);
#1863=ADVANCED_FACE('',(#1862),#1850,.T.);
#1864=CARTESIAN_POINT('',(8.75E-2,4.5E-2,4.6E-2));
#1865=DIRECTION('',(0.E0,1.E0,0.E0));
#1866=DIRECTION('',(0.E0,0.E0,-1.E0));
#1867=AXIS2_PLACEMENT_3D('',#1864,#1865,#1866);
#1868=PLANE('',#1867);
#1870=ORIENTED_EDGE('',*,*,#1869,.T.);
#1872=ORIENTED_EDGE('',*,*,#1871,.F.);
#1874=ORIENTED_EDGE('',*,*,#1873,.F.);
#1876=ORIENTED_EDGE('',*,*,#1875,.F.);
#1877=ORIENTED_EDGE('',*,*,#1806,.T.);
#1879=ORIENTED_EDGE('',*,*,#1878,.T.);
#1880=EDGE_LOOP('',(#1870,#1872,#1874,#1876,#1877,#1879));
#1881=FACE_OUTER_BOUND('',#1880,.F.);
#1882=ADVANCED_FACE('',(#1881),#1868,.T.);
#1883=CARTESIAN_POINT('',(8.75E-2,4.5E-2,4.6E-2));
#1884=DIRECTION('',(0.E0,1.E0,0.E0));
#1885=DIRECTION('',(0.E0,0.E0,-1.E0));
#1886=AXIS2_PLACEMENT_3D('',#1883,#1884,#1885);
#1887=PLANE('',#1886);
#1889=ORIENTED_EDGE('',*,*,#1888,.T.);
#1891=ORIENTED_EDGE('',*,*,#1890,.T.);
#1893=ORIENTED_EDGE('',*,*,#1892,.F.);
#1894=ORIENTED_EDGE('',*,*,#1794,.T.);
#1896=ORIENTED_EDGE('',*,*,#1895,.T.);
#1898=ORIENTED_EDGE('',*,*,#1897,.F.);
#1899=EDGE_LOOP('',(#1889,#1891,#1893,#1894,#1896,#1898));
#1900=FACE_OUTER_BOUND('',#1899,.F.);
#1901=ADVANCED_FACE('',(#1900),#1887,.T.);
#1902=CARTESIAN_POINT('',(5.E-2,4.5E-2,0.E0));
#1903=DIRECTION('',(0.E0,1.E0,0.E0));
#1904=DIRECTION('',(1.E0,0.E0,0.E0));
#1905=AXIS2_PLACEMENT_3D('',#1902,#1903,#1904);
#1906=CYLINDRICAL_SURFACE('',#1905,2.8E-2);
#1907=ORIENTED_EDGE('',*,*,#1833,.F.);
#1909=ORIENTED_EDGE('',*,*,#1908,.T.);
#1910=ORIENTED_EDGE('',*,*,#1675,.T.);
#1912=ORIENTED_EDGE('',*,*,#1911,.F.);
#1913=EDGE_LOOP('',(#1907,#1909,#1910,#1912));
#1914=FACE_OUTER_BOUND('',#1913,.F.);
#1915=ADVANCED_FACE('',(#1914),#1906,.F.);
#1916=CARTESIAN_POINT('',(5.E-2,4.5E-2,4.6E-2));
#1917=DIRECTION('',(1.E0,0.E0,0.E0));
#1918=DIRECTION('',(0.E0,0.E0,-1.E0));
#1919=AXIS2_PLACEMENT_3D('',#1916,#1917,#1918);
#1920=PLANE('',#1919);
#1921=ORIENTED_EDGE('',*,*,#1841,.F.);
#1922=ORIENTED_EDGE('',*,*,#1775,.F.);
#1923=ORIENTED_EDGE('',*,*,#1677,.T.);
#1924=ORIENTED_EDGE('',*,*,#1908,.F.);
#1925=EDGE_LOOP('',(#1921,#1922,#1923,#1924));
#1926=FACE_OUTER_BOUND('',#1925,.F.);
#1927=ADVANCED_FACE('',(#1926),#1920,.F.);
#1928=CARTESIAN_POINT('',(7.05E-2,4.5E-2,-1.907223112276E-2));
#1929=DIRECTION('',(1.E0,0.E0,0.E0));
#1930=DIRECTION('',(0.E0,0.E0,-1.E0));
#1931=AXIS2_PLACEMENT_3D('',#1928,#1929,#1930);
#1932=PLANE('',#1931);
#1933=ORIENTED_EDGE('',*,*,#1835,.T.);
#1934=ORIENTED_EDGE('',*,*,#1911,.T.);
#1935=ORIENTED_EDGE('',*,*,#1673,.T.);
#1937=ORIENTED_EDGE('',*,*,#1936,.F.);
#1938=EDGE_LOOP('',(#1933,#1934,#1935,#1937));
#1939=FACE_OUTER_BOUND('',#1938,.F.);
#1940=ADVANCED_FACE('',(#1939),#1932,.F.);
#1941=CARTESIAN_POINT('',(8.75E-2,4.5E-2,-4.6E-2));
#1942=DIRECTION('',(0.E0,0.E0,-1.E0));
#1943=DIRECTION('',(0.E0,-1.E0,0.E0));
#1944=AXIS2_PLACEMENT_3D('',#1941,#1942,#1943);
#1945=PLANE('',#1944);
#1946=ORIENTED_EDGE('',*,*,#1936,.T.);
#1947=ORIENTED_EDGE('',*,*,#1671,.F.);
#1948=ORIENTED_EDGE('',*,*,#1608,.F.);
#1949=ORIENTED_EDGE('',*,*,#1837,.T.);
#1950=EDGE_LOOP('',(#1946,#1947,#1948,#1949));
#1951=FACE_OUTER_BOUND('',#1950,.F.);
#1952=ADVANCED_FACE('',(#1951),#1945,.T.);
#1953=CARTESIAN_POINT('',(8.75E-2,4.5E-2,-4.6E-2));
#1954=DIRECTION('',(0.E0,0.E0,-1.E0));
#1955=DIRECTION('',(0.E0,-1.E0,0.E0));
#1956=AXIS2_PLACEMENT_3D('',#1953,#1954,#1955);
#1957=PLANE('',#1956);
#1959=ORIENTED_EDGE('',*,*,#1958,.F.);
#1960=ORIENTED_EDGE('',*,*,#1859,.T.);
#1962=ORIENTED_EDGE('',*,*,#1961,.T.);
#1963=ORIENTED_EDGE('',*,*,#1714,.F.);
#1964=EDGE_LOOP('',(#1959,#1960,#1962,#1963));
#1965=FACE_OUTER_BOUND('',#1964,.F.);
#1966=ADVANCED_FACE('',(#1965),#1957,.T.);
#1967=CARTESIAN_POINT('',(8.75E-2,4.5E-2,-4.6E-2));
#1968=DIRECTION('',(0.E0,0.E0,-1.E0));
#1969=DIRECTION('',(0.E0,-1.E0,0.E0));
#1970=AXIS2_PLACEMENT_3D('',#1967,#1968,#1969);
#1971=PLANE('',#1970);
#1973=ORIENTED_EDGE('',*,*,#1972,.T.);
#1974=ORIENTED_EDGE('',*,*,#1720,.F.);
#1976=ORIENTED_EDGE('',*,*,#1975,.F.);
#1977=ORIENTED_EDGE('',*,*,#1873,.T.);
#1978=EDGE_LOOP('',(#1973,#1974,#1976,#1977));
#1979=FACE_OUTER_BOUND('',#1978,.F.);
#1980=ADVANCED_FACE('',(#1979),#1971,.T.);
#1981=CARTESIAN_POINT('',(8.75E-2,4.5E-2,-4.6E-2));
#1982=DIRECTION('',(0.E0,0.E0,-1.E0));
#1983=DIRECTION('',(0.E0,-1.E0,0.E0));
#1984=AXIS2_PLACEMENT_3D('',#1981,#1982,#1983);
#1985=PLANE('',#1984);
#1987=ORIENTED_EDGE('',*,*,#1986,.F.);
#1988=ORIENTED_EDGE('',*,*,#1897,.T.);
#1990=ORIENTED_EDGE('',*,*,#1989,.T.);
#1991=ORIENTED_EDGE('',*,*,#1646,.F.);
#1992=EDGE_LOOP('',(#1987,#1988,#1990,#1991));
#1993=FACE_OUTER_BOUND('',#1992,.F.);
#1994=ADVANCED_FACE('',(#1993),#1985,.T.);
#1995=CARTESIAN_POINT('',(5.E-2,4.5E-2,-4.6E-2));
#1996=DIRECTION('',(-1.E0,0.E0,0.E0));
#1997=DIRECTION('',(0.E0,0.E0,1.E0));
#1998=AXIS2_PLACEMENT_3D('',#1995,#1996,#1997);
#1999=PLANE('',#1998);
#2000=ORIENTED_EDGE('',*,*,#1851,.F.);
#2001=ORIENTED_EDGE('',*,*,#1958,.T.);
#2002=ORIENTED_EDGE('',*,*,#1712,.T.);
#2004=ORIENTED_EDGE('',*,*,#2003,.F.);
#2005=EDGE_LOOP('',(#2000,#2001,#2002,#2004));
#2006=FACE_OUTER_BOUND('',#2005,.F.);
#2007=ADVANCED_FACE('',(#2006),#1999,.F.);
#2008=CARTESIAN_POINT('',(5.E-2,4.5E-2,0.E0));
#2009=DIRECTION('',(0.E0,1.E0,0.E0));
#2010=DIRECTION('',(1.E0,0.E0,0.E0));
#2011=AXIS2_PLACEMENT_3D('',#2008,#2009,#2010);
#2012=CYLINDRICAL_SURFACE('',#2011,2.8E-2);
#2013=ORIENTED_EDGE('',*,*,#1853,.F.);
#2014=ORIENTED_EDGE('',*,*,#2003,.T.);
#2015=ORIENTED_EDGE('',*,*,#1710,.T.);
#2016=ORIENTED_EDGE('',*,*,#1821,.F.);
#2017=EDGE_LOOP('',(#2013,#2014,#2015,#2016));
#2018=FACE_OUTER_BOUND('',#2017,.F.);
#2019=ADVANCED_FACE('',(#2018),#2012,.F.);
#2020=CARTESIAN_POINT('',(1.25E-2,3.7E-2,4.9E-2));
#2021=DIRECTION('',(1.E0,0.E0,0.E0));
#2022=DIRECTION('',(0.E0,1.E0,0.E0));
#2023=AXIS2_PLACEMENT_3D('',#2020,#2021,#2022);
#2024=PLANE('',#2023);
#2025=ORIENTED_EDGE('',*,*,#1857,.F.);
#2026=ORIENTED_EDGE('',*,*,#1763,.F.);
#2027=ORIENTED_EDGE('',*,*,#1716,.T.);
#2028=ORIENTED_EDGE('',*,*,#1961,.F.);
#2029=EDGE_LOOP('',(#2025,#2026,#2027,#2028));
#2030=FACE_OUTER_BOUND('',#2029,.F.);
#2031=ADVANCED_FACE('',(#2030),#2024,.F.);
#2032=CARTESIAN_POINT('',(-2.95E-2,4.5E-2,-1.907223112276E-2));
#2033=DIRECTION('',(1.E0,0.E0,0.E0));
#2034=DIRECTION('',(0.E0,0.E0,-1.E0));
#2035=AXIS2_PLACEMENT_3D('',#2032,#2033,#2034);
#2036=PLANE('',#2035);
#2037=ORIENTED_EDGE('',*,*,#1871,.T.);
#2039=ORIENTED_EDGE('',*,*,#2038,.T.);
#2040=ORIENTED_EDGE('',*,*,#1722,.T.);
#2041=ORIENTED_EDGE('',*,*,#1972,.F.);
#2042=EDGE_LOOP('',(#2037,#2039,#2040,#2041));
#2043=FACE_OUTER_BOUND('',#2042,.F.);
#2044=ADVANCED_FACE('',(#2043),#2036,.F.);
#2045=CARTESIAN_POINT('',(-5.E-2,4.5E-2,0.E0));
#2046=DIRECTION('',(0.E0,1.E0,0.E0));
#2047=DIRECTION('',(1.E0,0.E0,0.E0));
#2048=AXIS2_PLACEMENT_3D('',#2045,#2046,#2047);
#2049=CYLINDRICAL_SURFACE('',#2048,2.8E-2);
#2050=ORIENTED_EDGE('',*,*,#1869,.F.);
#2052=ORIENTED_EDGE('',*,*,#2051,.T.);
#2053=ORIENTED_EDGE('',*,*,#1724,.T.);
#2054=ORIENTED_EDGE('',*,*,#2038,.F.);
#2055=EDGE_LOOP('',(#2050,#2052,#2053,#2054));
#2056=FACE_OUTER_BOUND('',#2055,.F.);
#2057=ADVANCED_FACE('',(#2056),#2049,.F.);
#2058=CARTESIAN_POINT('',(-5.E-2,4.5E-2,4.6E-2));
#2059=DIRECTION('',(1.E0,0.E0,0.E0));
#2060=DIRECTION('',(0.E0,0.E0,-1.E0));
#2061=AXIS2_PLACEMENT_3D('',#2058,#2059,#2060);
#2062=PLANE('',#2061);
#2063=ORIENTED_EDGE('',*,*,#1878,.F.);
#2064=ORIENTED_EDGE('',*,*,#1804,.F.);
#2065=ORIENTED_EDGE('',*,*,#1726,.T.);
#2066=ORIENTED_EDGE('',*,*,#2051,.F.);
#2067=EDGE_LOOP('',(#2063,#2064,#2065,#2066));
#2068=FACE_OUTER_BOUND('',#2067,.F.);
#2069=ADVANCED_FACE('',(#2068),#2062,.F.);
#2070=CARTESIAN_POINT('',(-1.25E-2,4.7E-2,4.9E-2));
#2071=DIRECTION('',(-1.E0,0.E0,0.E0));
#2072=DIRECTION('',(0.E0,-1.E0,0.E0));
#2073=AXIS2_PLACEMENT_3D('',#2070,#2071,#2072);
#2074=PLANE('',#2073);
#2075=ORIENTED_EDGE('',*,*,#1875,.T.);
#2076=ORIENTED_EDGE('',*,*,#1975,.T.);
#2077=ORIENTED_EDGE('',*,*,#1730,.F.);
#2078=ORIENTED_EDGE('',*,*,#1808,.T.);
#2079=EDGE_LOOP('',(#2075,#2076,#2077,#2078));
#2080=FACE_OUTER_BOUND('',#2079,.F.);
#2081=ADVANCED_FACE('',(#2080),#2074,.F.);
#2082=CARTESIAN_POINT('',(-5.E-2,4.5E-2,-4.6E-2));
#2083=DIRECTION('',(-1.E0,0.E0,0.E0));
#2084=DIRECTION('',(0.E0,0.E0,1.E0));
#2085=AXIS2_PLACEMENT_3D('',#2082,#2083,#2084);
#2086=PLANE('',#2085);
#2087=ORIENTED_EDGE('',*,*,#1888,.F.);
#2088=ORIENTED_EDGE('',*,*,#1986,.T.);
#2089=ORIENTED_EDGE('',*,*,#1644,.T.);
#2091=ORIENTED_EDGE('',*,*,#2090,.F.);
#2092=EDGE_LOOP('',(#2087,#2088,#2089,#2091));
#2093=FACE_OUTER_BOUND('',#2092,.F.);
#2094=ADVANCED_FACE('',(#2093),#2086,.F.);
#2095=CARTESIAN_POINT('',(-5.E-2,4.5E-2,0.E0));
#2096=DIRECTION('',(0.E0,1.E0,0.E0));
#2097=DIRECTION('',(1.E0,0.E0,0.E0));
#2098=AXIS2_PLACEMENT_3D('',#2095,#2096,#2097);
#2099=CYLINDRICAL_SURFACE('',#2098,2.8E-2);
#2100=ORIENTED_EDGE('',*,*,#1890,.F.);
#2101=ORIENTED_EDGE('',*,*,#2090,.T.);
#2102=ORIENTED_EDGE('',*,*,#1642,.T.);
#2104=ORIENTED_EDGE('',*,*,#2103,.F.);
#2105=EDGE_LOOP('',(#2100,#2101,#2102,#2104));
#2106=FACE_OUTER_BOUND('',#2105,.F.);
#2107=ADVANCED_FACE('',(#2106),#2099,.F.);
#2108=CARTESIAN_POINT('',(-7.05E-2,4.5E-2,1.907223112276E-2));
#2109=DIRECTION('',(-1.E0,0.E0,0.E0));
#2110=DIRECTION('',(0.E0,0.E0,1.E0));
#2111=AXIS2_PLACEMENT_3D('',#2108,#2109,#2110);
#2112=PLANE('',#2111);
#2113=ORIENTED_EDGE('',*,*,#1892,.T.);
#2114=ORIENTED_EDGE('',*,*,#2103,.T.);
#2115=ORIENTED_EDGE('',*,*,#1640,.T.);
#2116=ORIENTED_EDGE('',*,*,#1789,.T.);
#2117=EDGE_LOOP('',(#2113,#2114,#2115,#2116));
#2118=FACE_OUTER_BOUND('',#2117,.F.);
#2119=ADVANCED_FACE('',(#2118),#2112,.F.);
#2120=CARTESIAN_POINT('',(-8.75E-2,0.E0,0.E0));
#2121=DIRECTION('',(-1.E0,0.E0,0.E0));
#2122=DIRECTION('',(0.E0,0.E0,1.E0));
#2123=AXIS2_PLACEMENT_3D('',#2120,#2121,#2122);
#2124=PLANE('',#2123);
#2125=ORIENTED_EDGE('',*,*,#1648,.F.);
#2126=ORIENTED_EDGE('',*,*,#1989,.F.);
#2127=ORIENTED_EDGE('',*,*,#1895,.F.);
#2128=ORIENTED_EDGE('',*,*,#1792,.F.);
#2129=ORIENTED_EDGE('',*,*,#1702,.F.);
#2131=ORIENTED_EDGE('',*,*,#2130,.T.);
#2133=ORIENTED_EDGE('',*,*,#2132,.T.);
#2135=ORIENTED_EDGE('',*,*,#2134,.F.);
#2137=ORIENTED_EDGE('',*,*,#2136,.F.);
#2139=ORIENTED_EDGE('',*,*,#2138,.F.);
#2141=ORIENTED_EDGE('',*,*,#2140,.T.);
#2143=ORIENTED_EDGE('',*,*,#2142,.F.);
#2144=EDGE_LOOP('',(#2125,#2126,#2127,#2128,#2129,#2131,#2133,#2135,#2137,#2139,
#2141,#2143));
#2145=FACE_OUTER_BOUND('',#2144,.F.);
#2146=ADVANCED_FACE('',(#2145),#2124,.T.);
#2147=CARTESIAN_POINT('',(-1.E-1,3.7E-2,3.6E-2));
#2148=DIRECTION('',(0.E0,0.E0,-1.E0));
#2149=DIRECTION('',(1.E0,0.E0,0.E0));
#2150=AXIS2_PLACEMENT_3D('',#2147,#2148,#2149);
#2151=PLANE('',#2150);
#2152=ORIENTED_EDGE('',*,*,#1700,.F.);
#2154=ORIENTED_EDGE('',*,*,#2153,.T.);
#2156=ORIENTED_EDGE('',*,*,#2155,.T.);
#2157=ORIENTED_EDGE('',*,*,#2130,.F.);
#2158=EDGE_LOOP('',(#2152,#2154,#2156,#2157));
#2159=FACE_OUTER_BOUND('',#2158,.F.);
#2160=ADVANCED_FACE('',(#2159),#2151,.T.);
#2161=CARTESIAN_POINT('',(-1.E-1,3.7E-2,3.95E-2));
#2162=DIRECTION('',(-1.E0,0.E0,0.E0));
#2163=DIRECTION('',(0.E0,0.E0,-1.E0));
#2164=AXIS2_PLACEMENT_3D('',#2161,#2162,#2163);
#2165=PLANE('',#2164);
#2166=ORIENTED_EDGE('',*,*,#1698,.F.);
#2168=ORIENTED_EDGE('',*,*,#2167,.T.);
#2170=ORIENTED_EDGE('',*,*,#2169,.T.);
#2171=ORIENTED_EDGE('',*,*,#2153,.F.);
#2172=EDGE_LOOP('',(#2166,#2168,#2170,#2171));
#2173=FACE_OUTER_BOUND('',#2172,.F.);
#2174=ADVANCED_FACE('',(#2173),#2165,.T.);
#2175=CARTESIAN_POINT('',(-8.75E-2,3.7E-2,4.9E-2));
#2176=DIRECTION('',(-6.050832675336E-1,0.E0,7.961621941231E-1));
#2177=DIRECTION('',(-7.961621941231E-1,0.E0,-6.050832675336E-1));
#2178=AXIS2_PLACEMENT_3D('',#2175,#2176,#2177);
#2179=PLANE('',#2178);
#2181=ORIENTED_EDGE('',*,*,#2180,.T.);
#2183=ORIENTED_EDGE('',*,*,#2182,.T.);
#2184=ORIENTED_EDGE('',*,*,#2167,.F.);
#2185=ORIENTED_EDGE('',*,*,#1696,.F.);
#2186=EDGE_LOOP('',(#2181,#2183,#2184,#2185));
#2187=FACE_OUTER_BOUND('',#2186,.F.);
#2188=ADVANCED_FACE('',(#2187),#2179,.T.);
#2189=CARTESIAN_POINT('',(8.75E-2,-3.7E-2,4.9E-2));
#2190=DIRECTION('',(0.E0,0.E0,1.E0));
#2191=DIRECTION('',(0.E0,1.E0,0.E0));
#2192=AXIS2_PLACEMENT_3D('',#2189,#2190,#2191);
#2193=PLANE('',#2192);
#2195=ORIENTED_EDGE('',*,*,#2194,.T.);
#2197=ORIENTED_EDGE('',*,*,#2196,.T.);
#2198=ORIENTED_EDGE('',*,*,#1688,.F.);
#2200=ORIENTED_EDGE('',*,*,#2199,.T.);
#2201=EDGE_LOOP('',(#2195,#2197,#2198,#2200));
#2202=FACE_OUTER_BOUND('',#2201,.F.);
#2203=ADVANCED_FACE('',(#2202),#2193,.T.);
#2204=CARTESIAN_POINT('',(8.75E-2,-3.7E-2,4.9E-2));
#2205=DIRECTION('',(0.E0,0.E0,1.E0));
#2206=DIRECTION('',(0.E0,1.E0,0.E0));
#2207=AXIS2_PLACEMENT_3D('',#2204,#2205,#2206);
#2208=PLANE('',#2207);
#2210=ORIENTED_EDGE('',*,*,#2209,.T.);
#2211=ORIENTED_EDGE('',*,*,#2180,.F.);
#2212=ORIENTED_EDGE('',*,*,#1694,.F.);
#2214=ORIENTED_EDGE('',*,*,#2213,.F.);
#2215=EDGE_LOOP('',(#2210,#2211,#2212,#2214));
#2216=FACE_OUTER_BOUND('',#2215,.F.);
#2217=ADVANCED_FACE('',(#2216),#2208,.T.);
#2218=CARTESIAN_POINT('',(8.75E-2,-3.7E-2,-4.9E-2));
#2219=DIRECTION('',(0.E0,-1.E0,0.E0));
#2220=DIRECTION('',(0.E0,0.E0,1.E0));
#2221=AXIS2_PLACEMENT_3D('',#2218,#2219,#2220);
#2222=PLANE('',#2221);
#2224=ORIENTED_EDGE('',*,*,#2223,.F.);
#2226=ORIENTED_EDGE('',*,*,#2225,.F.);
#2228=ORIENTED_EDGE('',*,*,#2227,.F.);
#2230=ORIENTED_EDGE('',*,*,#2229,.F.);
#2232=ORIENTED_EDGE('',*,*,#2231,.T.);
#2233=ORIENTED_EDGE('',*,*,#2132,.F.);
#2234=ORIENTED_EDGE('',*,*,#2155,.F.);
#2235=ORIENTED_EDGE('',*,*,#2169,.F.);
#2236=ORIENTED_EDGE('',*,*,#2182,.F.);
#2237=ORIENTED_EDGE('',*,*,#2209,.F.);
#2239=ORIENTED_EDGE('',*,*,#2238,.T.);
#2241=ORIENTED_EDGE('',*,*,#2240,.T.);
#2242=ORIENTED_EDGE('',*,*,#2194,.F.);
#2244=ORIENTED_EDGE('',*,*,#2243,.F.);
#2246=ORIENTED_EDGE('',*,*,#2245,.F.);
#2248=ORIENTED_EDGE('',*,*,#2247,.F.);
#2249=ORIENTED_EDGE('',*,*,#1626,.T.);
#2251=ORIENTED_EDGE('',*,*,#2250,.T.);
#2253=ORIENTED_EDGE('',*,*,#2252,.F.);
#2255=ORIENTED_EDGE('',*,*,#2254,.F.);
#2257=ORIENTED_EDGE('',*,*,#2256,.F.);
#2259=ORIENTED_EDGE('',*,*,#2258,.F.);
#2260=ORIENTED_EDGE('',*,*,#1618,.T.);
#2262=ORIENTED_EDGE('',*,*,#2261,.F.);
#2264=ORIENTED_EDGE('',*,*,#2263,.F.);
#2266=ORIENTED_EDGE('',*,*,#2265,.F.);
#2268=ORIENTED_EDGE('',*,*,#2267,.T.);
#2270=ORIENTED_EDGE('',*,*,#2269,.T.);
#2272=ORIENTED_EDGE('',*,*,#2271,.T.);
#2274=ORIENTED_EDGE('',*,*,#2273,.T.);
#2276=ORIENTED_EDGE('',*,*,#2275,.F.);
#2278=ORIENTED_EDGE('',*,*,#2277,.F.);
#2280=ORIENTED_EDGE('',*,*,#2279,.F.);
#2281=ORIENTED_EDGE('',*,*,#2140,.F.);
#2282=EDGE_LOOP('',(#2224,#2226,#2228,#2230,#2232,#2233,#2234,#2235,#2236,#2237,
#2239,#2241,#2242,#2244,#2246,#2248,#2249,#2251,#2253,#2255,#2257,#2259,#2260,
#2262,#2264,#2266,#2268,#2270,#2272,#2274,#2276,#2278,#2280,#2281));
#2283=FACE_OUTER_BOUND('',#2282,.F.);
#2285=ORIENTED_EDGE('',*,*,#2284,.F.);
#2287=ORIENTED_EDGE('',*,*,#2286,.F.);
#2289=ORIENTED_EDGE('',*,*,#2288,.F.);
#2291=ORIENTED_EDGE('',*,*,#2290,.F.);
#2293=ORIENTED_EDGE('',*,*,#2292,.T.);
#2295=ORIENTED_EDGE('',*,*,#2294,.T.);
#2296=EDGE_LOOP('',(#2285,#2287,#2289,#2291,#2293,#2295));
#2297=FACE_BOUND('',#2296,.F.);
#2299=ORIENTED_EDGE('',*,*,#2298,.T.);
#2301=ORIENTED_EDGE('',*,*,#2300,.F.);
#2303=ORIENTED_EDGE('',*,*,#2302,.F.);
#2305=ORIENTED_EDGE('',*,*,#2304,.F.);
#2307=ORIENTED_EDGE('',*,*,#2306,.F.);
#2309=ORIENTED_EDGE('',*,*,#2308,.F.);
#2310=EDGE_LOOP('',(#2299,#2301,#2303,#2305,#2307,#2309));
#2311=FACE_BOUND('',#2310,.F.);
#2313=ORIENTED_EDGE('',*,*,#2312,.T.);
#2315=ORIENTED_EDGE('',*,*,#2314,.T.);
#2317=ORIENTED_EDGE('',*,*,#2316,.F.);
#2319=ORIENTED_EDGE('',*,*,#2318,.F.);
#2320=EDGE_LOOP('',(#2313,#2315,#2317,#2319));
#2321=FACE_BOUND('',#2320,.F.);
#2323=ORIENTED_EDGE('',*,*,#2322,.T.);
#2325=ORIENTED_EDGE('',*,*,#2324,.T.);
#2327=ORIENTED_EDGE('',*,*,#2326,.F.);
#2329=ORIENTED_EDGE('',*,*,#2328,.F.);
#2330=EDGE_LOOP('',(#2323,#2325,#2327,#2329));
#2331=FACE_BOUND('',#2330,.F.);
#2332=ADVANCED_FACE('',(#2283,#2297,#2311,#2321,#2331),#2222,.T.);
#2333=CARTESIAN_POINT('',(8.75E-2,-4.5E-2,4.6E-2));
#2334=DIRECTION('',(0.E0,0.E0,1.E0));
#2335=DIRECTION('',(0.E0,1.E0,0.E0));
#2336=AXIS2_PLACEMENT_3D('',#2333,#2334,#2335);
#2337=PLANE('',#2336);
#2338=ORIENTED_EDGE('',*,*,#2250,.F.);
#2339=ORIENTED_EDGE('',*,*,#1624,.F.);
#2341=ORIENTED_EDGE('',*,*,#2340,.T.);
#2343=ORIENTED_EDGE('',*,*,#2342,.T.);
#2344=EDGE_LOOP('',(#2338,#2339,#2341,#2343));
#2345=FACE_OUTER_BOUND('',#2344,.F.);
#2346=ADVANCED_FACE('',(#2345),#2337,.T.);
#2347=CARTESIAN_POINT('',(8.75E-2,-4.5E-2,4.6E-2));
#2348=DIRECTION('',(0.E0,0.E0,1.E0));
#2349=DIRECTION('',(0.E0,1.E0,0.E0));
#2350=AXIS2_PLACEMENT_3D('',#2347,#2348,#2349);
#2351=PLANE('',#2350);
#2352=ORIENTED_EDGE('',*,*,#2292,.F.);
#2354=ORIENTED_EDGE('',*,*,#2353,.F.);
#2356=ORIENTED_EDGE('',*,*,#2355,.T.);
#2358=ORIENTED_EDGE('',*,*,#2357,.T.);
#2359=EDGE_LOOP('',(#2352,#2354,#2356,#2358));
#2360=FACE_OUTER_BOUND('',#2359,.F.);
#2361=ADVANCED_FACE('',(#2360),#2351,.T.);
#2362=CARTESIAN_POINT('',(8.75E-2,-4.5E-2,4.6E-2));
#2363=DIRECTION('',(0.E0,0.E0,1.E0));
#2364=DIRECTION('',(0.E0,1.E0,0.E0));
#2365=AXIS2_PLACEMENT_3D('',#2362,#2363,#2364);
#2366=PLANE('',#2365);
#2368=ORIENTED_EDGE('',*,*,#2367,.F.);
#2370=ORIENTED_EDGE('',*,*,#2369,.T.);
#2371=ORIENTED_EDGE('',*,*,#2134,.T.);
#2372=ORIENTED_EDGE('',*,*,#2231,.F.);
#2373=EDGE_LOOP('',(#2368,#2370,#2371,#2372));
#2374=FACE_OUTER_BOUND('',#2373,.F.);
#2375=ADVANCED_FACE('',(#2374),#2366,.T.);
#2376=CARTESIAN_POINT('',(8.75E-2,-4.5E-2,4.6E-2));
#2377=DIRECTION('',(0.E0,0.E0,1.E0));
#2378=DIRECTION('',(0.E0,1.E0,0.E0));
#2379=AXIS2_PLACEMENT_3D('',#2376,#2377,#2378);
#2380=PLANE('',#2379);
#2382=ORIENTED_EDGE('',*,*,#2381,.T.);
#2383=ORIENTED_EDGE('',*,*,#2298,.F.);
#2385=ORIENTED_EDGE('',*,*,#2384,.F.);
#2387=ORIENTED_EDGE('',*,*,#2386,.T.);
#2388=EDGE_LOOP('',(#2382,#2383,#2385,#2387));
#2389=FACE_OUTER_BOUND('',#2388,.F.);
#2390=ADVANCED_FACE('',(#2389),#2380,.T.);
#2391=CARTESIAN_POINT('',(8.75E-2,-4.5E-2,-4.6E-2));
#2392=DIRECTION('',(0.E0,-1.E0,0.E0));
#2393=DIRECTION('',(0.E0,0.E0,1.E0));
#2394=AXIS2_PLACEMENT_3D('',#2391,#2392,#2393);
#2395=PLANE('',#2394);
#2397=ORIENTED_EDGE('',*,*,#2396,.T.);
#2399=ORIENTED_EDGE('',*,*,#2398,.T.);
#2401=ORIENTED_EDGE('',*,*,#2400,.T.);
#2403=ORIENTED_EDGE('',*,*,#2402,.F.);
#2404=ORIENTED_EDGE('',*,*,#2340,.F.);
#2405=ORIENTED_EDGE('',*,*,#1622,.F.);
#2406=EDGE_LOOP('',(#2397,#2399,#2401,#2403,#2404,#2405));
#2407=FACE_OUTER_BOUND('',#2406,.F.);
#2408=ADVANCED_FACE('',(#2407),#2395,.T.);
#2409=CARTESIAN_POINT('',(8.75E-2,-4.5E-2,-4.6E-2));
#2410=DIRECTION('',(0.E0,-1.E0,0.E0));
#2411=DIRECTION('',(0.E0,0.E0,1.E0));
#2412=AXIS2_PLACEMENT_3D('',#2409,#2410,#2411);
#2413=PLANE('',#2412);
#2415=ORIENTED_EDGE('',*,*,#2414,.T.);
#2417=ORIENTED_EDGE('',*,*,#2416,.T.);
#2418=ORIENTED_EDGE('',*,*,#2355,.F.);
#2420=ORIENTED_EDGE('',*,*,#2419,.T.);
#2422=ORIENTED_EDGE('',*,*,#2421,.T.);
#2424=ORIENTED_EDGE('',*,*,#2423,.F.);
#2425=EDGE_LOOP('',(#2415,#2417,#2418,#2420,#2422,#2424));
#2426=FACE_OUTER_BOUND('',#2425,.F.);
#2427=ADVANCED_FACE('',(#2426),#2413,.T.);
#2428=CARTESIAN_POINT('',(8.75E-2,-4.5E-2,-4.6E-2));
#2429=DIRECTION('',(0.E0,-1.E0,0.E0));
#2430=DIRECTION('',(0.E0,0.E0,1.E0));
#2431=AXIS2_PLACEMENT_3D('',#2428,#2429,#2430);
#2432=PLANE('',#2431);
#2434=ORIENTED_EDGE('',*,*,#2433,.T.);
#2436=ORIENTED_EDGE('',*,*,#2435,.T.);
#2438=ORIENTED_EDGE('',*,*,#2437,.F.);
#2440=ORIENTED_EDGE('',*,*,#2439,.T.);
#2441=ORIENTED_EDGE('',*,*,#2136,.T.);
#2442=ORIENTED_EDGE('',*,*,#2369,.F.);
#2443=EDGE_LOOP('',(#2434,#2436,#2438,#2440,#2441,#2442));
#2444=FACE_OUTER_BOUND('',#2443,.F.);
#2445=ADVANCED_FACE('',(#2444),#2432,.T.);
#2446=CARTESIAN_POINT('',(8.75E-2,-4.5E-2,-4.6E-2));
#2447=DIRECTION('',(0.E0,-1.E0,0.E0));
#2448=DIRECTION('',(0.E0,0.E0,1.E0));
#2449=AXIS2_PLACEMENT_3D('',#2446,#2447,#2448);
#2450=PLANE('',#2449);
#2452=ORIENTED_EDGE('',*,*,#2451,.T.);
#2454=ORIENTED_EDGE('',*,*,#2453,.T.);
#2456=ORIENTED_EDGE('',*,*,#2455,.F.);
#2457=ORIENTED_EDGE('',*,*,#2386,.F.);
#2459=ORIENTED_EDGE('',*,*,#2458,.F.);
#2461=ORIENTED_EDGE('',*,*,#2460,.T.);
#2462=EDGE_LOOP('',(#2452,#2454,#2456,#2457,#2459,#2461));
#2463=FACE_OUTER_BOUND('',#2462,.F.);
#2464=ADVANCED_FACE('',(#2463),#2450,.T.);
#2465=CARTESIAN_POINT('',(8.75E-2,-3.7E-2,-4.6E-2));
#2466=DIRECTION('',(0.E0,0.E0,-1.E0));
#2467=DIRECTION('',(0.E0,-1.E0,0.E0));
#2468=AXIS2_PLACEMENT_3D('',#2465,#2466,#2467);
#2469=PLANE('',#2468);
#2470=ORIENTED_EDGE('',*,*,#2258,.T.);
#2472=ORIENTED_EDGE('',*,*,#2471,.T.);
#2473=ORIENTED_EDGE('',*,*,#2396,.F.);
#2474=ORIENTED_EDGE('',*,*,#1620,.F.);
#2475=EDGE_LOOP('',(#2470,#2472,#2473,#2474));
#2476=FACE_OUTER_BOUND('',#2475,.F.);
#2477=ADVANCED_FACE('',(#2476),#2469,.T.);
#2478=CARTESIAN_POINT('',(8.75E-2,-3.7E-2,-4.6E-2));
#2479=DIRECTION('',(0.E0,0.E0,-1.E0));
#2480=DIRECTION('',(0.E0,-1.E0,0.E0));
#2481=AXIS2_PLACEMENT_3D('',#2478,#2479,#2480);
#2482=PLANE('',#2481);
#2483=ORIENTED_EDGE('',*,*,#2284,.T.);
#2485=ORIENTED_EDGE('',*,*,#2484,.T.);
#2486=ORIENTED_EDGE('',*,*,#2414,.F.);
#2488=ORIENTED_EDGE('',*,*,#2487,.F.);
#2489=EDGE_LOOP('',(#2483,#2485,#2486,#2488));
#2490=FACE_OUTER_BOUND('',#2489,.F.);
#2491=ADVANCED_FACE('',(#2490),#2482,.T.);
#2492=CARTESIAN_POINT('',(8.75E-2,-3.7E-2,-4.6E-2));
#2493=DIRECTION('',(0.E0,0.E0,-1.E0));
#2494=DIRECTION('',(0.E0,-1.E0,0.E0));
#2495=AXIS2_PLACEMENT_3D('',#2492,#2493,#2494);
#2496=PLANE('',#2495);
#2498=ORIENTED_EDGE('',*,*,#2497,.F.);
#2499=ORIENTED_EDGE('',*,*,#2223,.T.);
#2500=ORIENTED_EDGE('',*,*,#2138,.T.);
#2501=ORIENTED_EDGE('',*,*,#2439,.F.);
#2502=EDGE_LOOP('',(#2498,#2499,#2500,#2501));
#2503=FACE_OUTER_BOUND('',#2502,.F.);
#2504=ADVANCED_FACE('',(#2503),#2496,.T.);
#2505=CARTESIAN_POINT('',(8.75E-2,-3.7E-2,-4.6E-2));
#2506=DIRECTION('',(0.E0,0.E0,-1.E0));
#2507=DIRECTION('',(0.E0,-1.E0,0.E0));
#2508=AXIS2_PLACEMENT_3D('',#2505,#2506,#2507);
#2509=PLANE('',#2508);
#2511=ORIENTED_EDGE('',*,*,#2510,.T.);
#2512=ORIENTED_EDGE('',*,*,#2460,.F.);
#2514=ORIENTED_EDGE('',*,*,#2513,.F.);
#2515=ORIENTED_EDGE('',*,*,#2306,.T.);
#2516=EDGE_LOOP('',(#2511,#2512,#2514,#2515));
#2517=FACE_OUTER_BOUND('',#2516,.F.);
#2518=ADVANCED_FACE('',(#2517),#2509,.T.);
#2519=CARTESIAN_POINT('',(5.E-2,-4.5E-2,-4.6E-2));
#2520=DIRECTION('',(1.E0,0.E0,0.E0));
#2521=DIRECTION('',(0.E0,0.E0,1.E0));
#2522=AXIS2_PLACEMENT_3D('',#2519,#2520,#2521);
#2523=PLANE('',#2522);
#2524=ORIENTED_EDGE('',*,*,#2398,.F.);
#2525=ORIENTED_EDGE('',*,*,#2471,.F.);
#2526=ORIENTED_EDGE('',*,*,#2256,.T.);
#2528=ORIENTED_EDGE('',*,*,#2527,.F.);
#2529=EDGE_LOOP('',(#2524,#2525,#2526,#2528));
#2530=FACE_OUTER_BOUND('',#2529,.F.);
#2531=ADVANCED_FACE('',(#2530),#2523,.F.);
#2532=CARTESIAN_POINT('',(5.E-2,-4.5E-2,0.E0));
#2533=DIRECTION('',(0.E0,-1.E0,0.E0));
#2534=DIRECTION('',(1.E0,0.E0,0.E0));
#2535=AXIS2_PLACEMENT_3D('',#2532,#2533,#2534);
#2536=CYLINDRICAL_SURFACE('',#2535,2.8E-2);
#2537=ORIENTED_EDGE('',*,*,#2400,.F.);
#2538=ORIENTED_EDGE('',*,*,#2527,.T.);
#2539=ORIENTED_EDGE('',*,*,#2254,.T.);
#2541=ORIENTED_EDGE('',*,*,#2540,.F.);
#2542=EDGE_LOOP('',(#2537,#2538,#2539,#2541));
#2543=FACE_OUTER_BOUND('',#2542,.F.);
#2544=ADVANCED_FACE('',(#2543),#2536,.F.);
#2545=CARTESIAN_POINT('',(7.1E-2,-4.5E-2,-1.852025917745E-2));
#2546=DIRECTION('',(1.E0,0.E0,0.E0));
#2547=DIRECTION('',(0.E0,0.E0,1.E0));
#2548=AXIS2_PLACEMENT_3D('',#2545,#2546,#2547);
#2549=PLANE('',#2548);
#2550=ORIENTED_EDGE('',*,*,#2402,.T.);
#2551=ORIENTED_EDGE('',*,*,#2540,.T.);
#2552=ORIENTED_EDGE('',*,*,#2252,.T.);
#2553=ORIENTED_EDGE('',*,*,#2342,.F.);
#2554=EDGE_LOOP('',(#2550,#2551,#2552,#2553));
#2555=FACE_OUTER_BOUND('',#2554,.F.);
#2556=ADVANCED_FACE('',(#2555),#2549,.F.);
#2557=CARTESIAN_POINT('',(1.25E-2,-4.7E-2,4.9E-2));
#2558=DIRECTION('',(1.E0,0.E0,0.E0));
#2559=DIRECTION('',(0.E0,1.E0,0.E0));
#2560=AXIS2_PLACEMENT_3D('',#2557,#2558,#2559);
#2561=PLANE('',#2560);
#2562=ORIENTED_EDGE('',*,*,#2416,.F.);
#2563=ORIENTED_EDGE('',*,*,#2484,.F.);
#2564=ORIENTED_EDGE('',*,*,#2294,.F.);
#2565=ORIENTED_EDGE('',*,*,#2357,.F.);
#2566=EDGE_LOOP('',(#2562,#2563,#2564,#2565));
#2567=FACE_OUTER_BOUND('',#2566,.F.);
#2568=ADVANCED_FACE('',(#2567),#2561,.F.);
#2569=CARTESIAN_POINT('',(2.9E-2,-4.5E-2,1.852025917745E-2));
#2570=DIRECTION('',(-1.E0,0.E0,0.E0));
#2571=DIRECTION('',(0.E0,0.E0,-1.E0));
#2572=AXIS2_PLACEMENT_3D('',#2569,#2570,#2571);
#2573=PLANE('',#2572);
#2574=ORIENTED_EDGE('',*,*,#2423,.T.);
#2576=ORIENTED_EDGE('',*,*,#2575,.T.);
#2577=ORIENTED_EDGE('',*,*,#2286,.T.);
#2578=ORIENTED_EDGE('',*,*,#2487,.T.);
#2579=EDGE_LOOP('',(#2574,#2576,#2577,#2578));
#2580=FACE_OUTER_BOUND('',#2579,.F.);
#2581=ADVANCED_FACE('',(#2580),#2573,.F.);
#2582=CARTESIAN_POINT('',(5.E-2,-4.5E-2,0.E0));
#2583=DIRECTION('',(0.E0,-1.E0,0.E0));
#2584=DIRECTION('',(1.E0,0.E0,0.E0));
#2585=AXIS2_PLACEMENT_3D('',#2582,#2583,#2584);
#2586=CYLINDRICAL_SURFACE('',#2585,2.8E-2);
#2587=ORIENTED_EDGE('',*,*,#2421,.F.);
#2589=ORIENTED_EDGE('',*,*,#2588,.T.);
#2590=ORIENTED_EDGE('',*,*,#2288,.T.);
#2591=ORIENTED_EDGE('',*,*,#2575,.F.);
#2592=EDGE_LOOP('',(#2587,#2589,#2590,#2591));
#2593=FACE_OUTER_BOUND('',#2592,.F.);
#2594=ADVANCED_FACE('',(#2593),#2586,.F.);
#2595=CARTESIAN_POINT('',(5.E-2,-4.5E-2,4.6E-2));
#2596=DIRECTION('',(-1.E0,0.E0,0.E0));
#2597=DIRECTION('',(0.E0,0.E0,-1.E0));
#2598=AXIS2_PLACEMENT_3D('',#2595,#2596,#2597);
#2599=PLANE('',#2598);
#2600=ORIENTED_EDGE('',*,*,#2419,.F.);
#2601=ORIENTED_EDGE('',*,*,#2353,.T.);
#2602=ORIENTED_EDGE('',*,*,#2290,.T.);
#2603=ORIENTED_EDGE('',*,*,#2588,.F.);
#2604=EDGE_LOOP('',(#2600,#2601,#2602,#2603));
#2605=FACE_OUTER_BOUND('',#2604,.F.);
#2606=ADVANCED_FACE('',(#2605),#2599,.F.);
#2607=CARTESIAN_POINT('',(-7.1E-2,-4.5E-2,1.852025917745E-2));
#2608=DIRECTION('',(-1.E0,0.E0,0.E0));
#2609=DIRECTION('',(0.E0,0.E0,-1.E0));
#2610=AXIS2_PLACEMENT_3D('',#2607,#2608,#2609);
#2611=PLANE('',#2610);
#2612=ORIENTED_EDGE('',*,*,#2437,.T.);
#2614=ORIENTED_EDGE('',*,*,#2613,.T.);
#2615=ORIENTED_EDGE('',*,*,#2225,.T.);
#2616=ORIENTED_EDGE('',*,*,#2497,.T.);
#2617=EDGE_LOOP('',(#2612,#2614,#2615,#2616));
#2618=FACE_OUTER_BOUND('',#2617,.F.);
#2619=ADVANCED_FACE('',(#2618),#2611,.F.);
#2620=CARTESIAN_POINT('',(-5.E-2,-4.5E-2,0.E0));
#2621=DIRECTION('',(0.E0,-1.E0,0.E0));
#2622=DIRECTION('',(1.E0,0.E0,0.E0));
#2623=AXIS2_PLACEMENT_3D('',#2620,#2621,#2622);
#2624=CYLINDRICAL_SURFACE('',#2623,2.8E-2);
#2625=ORIENTED_EDGE('',*,*,#2435,.F.);
#2627=ORIENTED_EDGE('',*,*,#2626,.T.);
#2628=ORIENTED_EDGE('',*,*,#2227,.T.);
#2629=ORIENTED_EDGE('',*,*,#2613,.F.);
#2630=EDGE_LOOP('',(#2625,#2627,#2628,#2629));
#2631=FACE_OUTER_BOUND('',#2630,.F.);
#2632=ADVANCED_FACE('',(#2631),#2624,.F.);
#2633=CARTESIAN_POINT('',(-5.E-2,-4.5E-2,4.6E-2));
#2634=DIRECTION('',(-1.E0,0.E0,0.E0));
#2635=DIRECTION('',(0.E0,0.E0,-1.E0));
#2636=AXIS2_PLACEMENT_3D('',#2633,#2634,#2635);
#2637=PLANE('',#2636);
#2638=ORIENTED_EDGE('',*,*,#2433,.F.);
#2639=ORIENTED_EDGE('',*,*,#2367,.T.);
#2640=ORIENTED_EDGE('',*,*,#2229,.T.);
#2641=ORIENTED_EDGE('',*,*,#2626,.F.);
#2642=EDGE_LOOP('',(#2638,#2639,#2640,#2641));
#2643=FACE_OUTER_BOUND('',#2642,.F.);
#2644=ADVANCED_FACE('',(#2643),#2637,.F.);
#2645=CARTESIAN_POINT('',(-5.E-2,-4.5E-2,-4.6E-2));
#2646=DIRECTION('',(1.E0,0.E0,0.E0));
#2647=DIRECTION('',(0.E0,0.E0,1.E0));
#2648=AXIS2_PLACEMENT_3D('',#2645,#2646,#2647);
#2649=PLANE('',#2648);
#2650=ORIENTED_EDGE('',*,*,#2451,.F.);
#2651=ORIENTED_EDGE('',*,*,#2510,.F.);
#2652=ORIENTED_EDGE('',*,*,#2304,.T.);
#2654=ORIENTED_EDGE('',*,*,#2653,.F.);
#2655=EDGE_LOOP('',(#2650,#2651,#2652,#2654));
#2656=FACE_OUTER_BOUND('',#2655,.F.);
#2657=ADVANCED_FACE('',(#2656),#2649,.F.);
#2658=CARTESIAN_POINT('',(-5.E-2,-4.5E-2,0.E0));
#2659=DIRECTION('',(0.E0,-1.E0,0.E0));
#2660=DIRECTION('',(1.E0,0.E0,0.E0));
#2661=AXIS2_PLACEMENT_3D('',#2658,#2659,#2660);
#2662=CYLINDRICAL_SURFACE('',#2661,2.8E-2);
#2663=ORIENTED_EDGE('',*,*,#2453,.F.);
#2664=ORIENTED_EDGE('',*,*,#2653,.T.);
#2665=ORIENTED_EDGE('',*,*,#2302,.T.);
#2667=ORIENTED_EDGE('',*,*,#2666,.F.);
#2668=EDGE_LOOP('',(#2663,#2664,#2665,#2667));
#2669=FACE_OUTER_BOUND('',#2668,.F.);
#2670=ADVANCED_FACE('',(#2669),#2662,.F.);
#2671=CARTESIAN_POINT('',(-2.9E-2,-4.5E-2,-1.852025917745E-2));
#2672=DIRECTION('',(1.E0,0.E0,0.E0));
#2673=DIRECTION('',(0.E0,0.E0,1.E0));
#2674=AXIS2_PLACEMENT_3D('',#2671,#2672,#2673);
#2675=PLANE('',#2674);
#2676=ORIENTED_EDGE('',*,*,#2455,.T.);
#2677=ORIENTED_EDGE('',*,*,#2666,.T.);
#2678=ORIENTED_EDGE('',*,*,#2300,.T.);
#2679=ORIENTED_EDGE('',*,*,#2381,.F.);
#2680=EDGE_LOOP('',(#2676,#2677,#2678,#2679));
#2681=FACE_OUTER_BOUND('',#2680,.F.);
#2682=ADVANCED_FACE('',(#2681),#2675,.F.);
#2683=CARTESIAN_POINT('',(-1.25E-2,-3.7E-2,4.9E-2));
#2684=DIRECTION('',(-1.E0,0.E0,0.E0));
#2685=DIRECTION('',(0.E0,-1.E0,0.E0));
#2686=AXIS2_PLACEMENT_3D('',#2683,#2684,#2685);
#2687=PLANE('',#2686);
#2688=ORIENTED_EDGE('',*,*,#2458,.T.);
#2689=ORIENTED_EDGE('',*,*,#2384,.T.);
#2690=ORIENTED_EDGE('',*,*,#2308,.T.);
#2691=ORIENTED_EDGE('',*,*,#2513,.T.);
#2692=EDGE_LOOP('',(#2688,#2689,#2690,#2691));
#2693=FACE_OUTER_BOUND('',#2692,.F.);
#2694=ADVANCED_FACE('',(#2693),#2687,.F.);
#2695=CARTESIAN_POINT('',(0.E0,4.5E-2,3.9E-2));
#2696=DIRECTION('',(-7.071067811865E-1,0.E0,-7.071067811865E-1));
#2697=DIRECTION('',(-7.071067811865E-1,0.E0,7.071067811865E-1));
#2698=AXIS2_PLACEMENT_3D('',#2695,#2696,#2697);
#2699=PLANE('',#2698);
#2700=ORIENTED_EDGE('',*,*,#1692,.F.);
#2702=ORIENTED_EDGE('',*,*,#2701,.T.);
#2703=ORIENTED_EDGE('',*,*,#2238,.F.);
#2704=ORIENTED_EDGE('',*,*,#2213,.T.);
#2705=EDGE_LOOP('',(#2700,#2702,#2703,#2704));
#2706=FACE_OUTER_BOUND('',#2705,.F.);
#2707=ADVANCED_FACE('',(#2706),#2699,.F.);
#2708=CARTESIAN_POINT('',(1.E-2,4.5E-2,4.9E-2));
#2709=DIRECTION('',(7.071067811865E-1,0.E0,-7.071067811865E-1));
#2710=DIRECTION('',(-7.071067811865E-1,0.E0,-7.071067811865E-1));
#2711=AXIS2_PLACEMENT_3D('',#2708,#2709,#2710);
#2712=PLANE('',#2711);
#2713=ORIENTED_EDGE('',*,*,#1690,.F.);
#2714=ORIENTED_EDGE('',*,*,#2196,.F.);
#2715=ORIENTED_EDGE('',*,*,#2240,.F.);
#2716=ORIENTED_EDGE('',*,*,#2701,.F.);
#2717=EDGE_LOOP('',(#2713,#2714,#2715,#2716));
#2718=FACE_OUTER_BOUND('',#2717,.F.);
#2719=ADVANCED_FACE('',(#2718),#2712,.F.);
#2720=CARTESIAN_POINT('',(1.E-1,3.7E-2,3.95E-2));
#2721=DIRECTION('',(6.050832675336E-1,0.E0,7.961621941231E-1));
#2722=DIRECTION('',(-7.961621941231E-1,0.E0,6.050832675336E-1));
#2723=AXIS2_PLACEMENT_3D('',#2720,#2721,#2722);
#2724=PLANE('',#2723);
#2725=ORIENTED_EDGE('',*,*,#2199,.F.);
#2726=ORIENTED_EDGE('',*,*,#1686,.F.);
#2728=ORIENTED_EDGE('',*,*,#2727,.T.);
#2729=ORIENTED_EDGE('',*,*,#2243,.T.);
#2730=EDGE_LOOP('',(#2725,#2726,#2728,#2729));
#2731=FACE_OUTER_BOUND('',#2730,.F.);
#2732=ADVANCED_FACE('',(#2731),#2724,.T.);
#2733=CARTESIAN_POINT('',(1.E-1,0.E0,0.E0));
#2734=DIRECTION('',(1.E0,0.E0,0.E0));
#2735=DIRECTION('',(0.E0,0.E0,-1.E0));
#2736=AXIS2_PLACEMENT_3D('',#2733,#2734,#2735);
#2737=PLANE('',#2736);
#2739=ORIENTED_EDGE('',*,*,#2738,.F.);
#2741=ORIENTED_EDGE('',*,*,#2740,.T.);
#2742=ORIENTED_EDGE('',*,*,#2245,.T.);
#2743=ORIENTED_EDGE('',*,*,#2727,.F.);
#2744=ORIENTED_EDGE('',*,*,#1684,.F.);
#2746=ORIENTED_EDGE('',*,*,#2745,.T.);
#2748=ORIENTED_EDGE('',*,*,#2747,.F.);
#2750=ORIENTED_EDGE('',*,*,#2749,.F.);
#2751=ORIENTED_EDGE('',*,*,#1666,.F.);
#2753=ORIENTED_EDGE('',*,*,#2752,.T.);
#2754=ORIENTED_EDGE('',*,*,#2263,.T.);
#2756=ORIENTED_EDGE('',*,*,#2755,.F.);
#2757=EDGE_LOOP('',(#2739,#2741,#2742,#2743,#2744,#2746,#2748,#2750,#2751,#2753,
#2754,#2756));
#2758=FACE_OUTER_BOUND('',#2757,.F.);
#2759=ADVANCED_FACE('',(#2758),#2737,.T.);
#2760=CARTESIAN_POINT('',(9.375E-2,-2.95E-2,0.E0));
#2761=DIRECTION('',(7.682212795974E-1,-6.401843996645E-1,0.E0));
#2762=DIRECTION('',(0.E0,0.E0,-1.E0));
#2763=AXIS2_PLACEMENT_3D('',#2760,#2761,#2762);
#2764=PLANE('',#2763);
#2766=ORIENTED_EDGE('',*,*,#2765,.F.);
#2767=ORIENTED_EDGE('',*,*,#1628,.F.);
#2769=ORIENTED_EDGE('',*,*,#2768,.T.);
#2770=ORIENTED_EDGE('',*,*,#2738,.T.);
#2771=EDGE_LOOP('',(#2766,#2767,#2769,#2770));
#2772=FACE_OUTER_BOUND('',#2771,.F.);
#2773=ADVANCED_FACE('',(#2772),#2764,.T.);
#2774=CARTESIAN_POINT('',(1.E-1,3.7E-2,-3.6E-2));
#2775=DIRECTION('',(0.E0,0.E0,1.E0));
#2776=DIRECTION('',(-1.E0,0.E0,0.E0));
#2777=AXIS2_PLACEMENT_3D('',#2774,#2775,#2776);
#2778=PLANE('',#2777);
#2779=ORIENTED_EDGE('',*,*,#1668,.F.);
#2780=ORIENTED_EDGE('',*,*,#2749,.T.);
#2782=ORIENTED_EDGE('',*,*,#2781,.F.);
#2783=EDGE_LOOP('',(#2779,#2780,#2782));
#2784=FACE_OUTER_BOUND('',#2783,.F.);
#2785=ADVANCED_FACE('',(#2784),#2778,.T.);
#2786=CARTESIAN_POINT('',(1.E-1,3.7E-2,-3.6E-2));
#2787=DIRECTION('',(0.E0,0.E0,1.E0));
#2788=DIRECTION('',(-1.E0,0.E0,0.E0));
#2789=AXIS2_PLACEMENT_3D('',#2786,#2787,#2788);
#2790=PLANE('',#2789);
#2791=ORIENTED_EDGE('',*,*,#2261,.T.);
#2792=ORIENTED_EDGE('',*,*,#2765,.T.);
#2793=ORIENTED_EDGE('',*,*,#2755,.T.);
#2794=EDGE_LOOP('',(#2791,#2792,#2793));
#2795=FACE_OUTER_BOUND('',#2794,.F.);
#2796=ADVANCED_FACE('',(#2795),#2790,.T.);
#2797=CARTESIAN_POINT('',(9.375E-2,2.95E-2,0.E0));
#2798=DIRECTION('',(7.682212795974E-1,6.401843996645E-1,0.E0));
#2799=DIRECTION('',(0.E0,0.E0,1.E0));
#2800=AXIS2_PLACEMENT_3D('',#2797,#2798,#2799);
#2801=PLANE('',#2800);
#2802=ORIENTED_EDGE('',*,*,#2781,.T.);
#2803=ORIENTED_EDGE('',*,*,#2747,.T.);
#2805=ORIENTED_EDGE('',*,*,#2804,.F.);
#2806=ORIENTED_EDGE('',*,*,#1600,.F.);
#2807=EDGE_LOOP('',(#2802,#2803,#2805,#2806));
#2808=FACE_OUTER_BOUND('',#2807,.F.);
#2809=ADVANCED_FACE('',(#2808),#2801,.T.);
#2810=CARTESIAN_POINT('',(8.75E-2,3.7E-2,3.6E-2));
#2811=DIRECTION('',(0.E0,0.E0,-1.E0));
#2812=DIRECTION('',(1.E0,0.E0,0.E0));
#2813=AXIS2_PLACEMENT_3D('',#2810,#2811,#2812);
#2814=PLANE('',#2813);
#2815=ORIENTED_EDGE('',*,*,#1682,.F.);
#2816=ORIENTED_EDGE('',*,*,#2804,.T.);
#2817=ORIENTED_EDGE('',*,*,#2745,.F.);
#2818=EDGE_LOOP('',(#2815,#2816,#2817));
#2819=FACE_OUTER_BOUND('',#2818,.F.);
#2820=ADVANCED_FACE('',(#2819),#2814,.T.);
#2821=CARTESIAN_POINT('',(8.75E-2,3.7E-2,3.6E-2));
#2822=DIRECTION('',(0.E0,0.E0,-1.E0));
#2823=DIRECTION('',(1.E0,0.E0,0.E0));
#2824=AXIS2_PLACEMENT_3D('',#2821,#2822,#2823);
#2825=PLANE('',#2824);
#2826=ORIENTED_EDGE('',*,*,#2247,.T.);
#2827=ORIENTED_EDGE('',*,*,#2740,.F.);
#2828=ORIENTED_EDGE('',*,*,#2768,.F.);
#2829=EDGE_LOOP('',(#2826,#2827,#2828));
#2830=FACE_OUTER_BOUND('',#2829,.F.);
#2831=ADVANCED_FACE('',(#2830),#2825,.T.);
#2832=CARTESIAN_POINT('',(8.75E-2,3.7E-2,-4.9E-2));
#2833=DIRECTION('',(6.050832675336E-1,0.E0,-7.961621941231E-1));
#2834=DIRECTION('',(7.961621941231E-1,0.E0,6.050832675336E-1));
#2835=AXIS2_PLACEMENT_3D('',#2832,#2833,#2834);
#2836=PLANE('',#2835);
#2838=ORIENTED_EDGE('',*,*,#2837,.T.);
#2839=ORIENTED_EDGE('',*,*,#2265,.T.);
#2840=ORIENTED_EDGE('',*,*,#2752,.F.);
#2841=ORIENTED_EDGE('',*,*,#1664,.F.);
#2842=EDGE_LOOP('',(#2838,#2839,#2840,#2841));
#2843=FACE_OUTER_BOUND('',#2842,.F.);
#2844=ADVANCED_FACE('',(#2843),#2836,.T.);
#2845=CARTESIAN_POINT('',(8.75E-2,3.7E-2,-4.9E-2));
#2846=DIRECTION('',(0.E0,0.E0,-1.E0));
#2847=DIRECTION('',(0.E0,-1.E0,0.E0));
#2848=AXIS2_PLACEMENT_3D('',#2845,#2846,#2847);
#2849=PLANE('',#2848);
#2850=ORIENTED_EDGE('',*,*,#1662,.T.);
#2852=ORIENTED_EDGE('',*,*,#2851,.T.);
#2853=ORIENTED_EDGE('',*,*,#2267,.F.);
#2854=ORIENTED_EDGE('',*,*,#2837,.F.);
#2855=EDGE_LOOP('',(#2850,#2852,#2853,#2854));
#2856=FACE_OUTER_BOUND('',#2855,.F.);
#2857=ADVANCED_FACE('',(#2856),#2849,.T.);
#2858=CARTESIAN_POINT('',(8.75E-2,3.7E-2,-4.9E-2));
#2859=DIRECTION('',(0.E0,0.E0,-1.E0));
#2860=DIRECTION('',(0.E0,-1.E0,0.E0));
#2861=AXIS2_PLACEMENT_3D('',#2858,#2859,#2860);
#2862=PLANE('',#2861);
#2863=ORIENTED_EDGE('',*,*,#1656,.T.);
#2865=ORIENTED_EDGE('',*,*,#2864,.T.);
#2866=ORIENTED_EDGE('',*,*,#2273,.F.);
#2868=ORIENTED_EDGE('',*,*,#2867,.F.);
#2869=EDGE_LOOP('',(#2863,#2865,#2866,#2868));
#2870=FACE_OUTER_BOUND('',#2869,.F.);
#2871=ADVANCED_FACE('',(#2870),#2862,.T.);
#2872=CARTESIAN_POINT('',(0.E0,4.5E-2,-3.9E-2));
#2873=DIRECTION('',(7.071067811865E-1,0.E0,7.071067811865E-1));
#2874=DIRECTION('',(7.071067811865E-1,0.E0,-7.071067811865E-1));
#2875=AXIS2_PLACEMENT_3D('',#2872,#2873,#2874);
#2876=PLANE('',#2875);
#2877=ORIENTED_EDGE('',*,*,#1660,.F.);
#2879=ORIENTED_EDGE('',*,*,#2878,.T.);
#2880=ORIENTED_EDGE('',*,*,#2269,.F.);
#2881=ORIENTED_EDGE('',*,*,#2851,.F.);
#2882=EDGE_LOOP('',(#2877,#2879,#2880,#2881));
#2883=FACE_OUTER_BOUND('',#2882,.F.);
#2884=ADVANCED_FACE('',(#2883),#2876,.F.);
#2885=CARTESIAN_POINT('',(-1.E-2,4.5E-2,-4.9E-2));
#2886=DIRECTION('',(-7.071067811865E-1,0.E0,7.071067811865E-1));
#2887=DIRECTION('',(7.071067811865E-1,0.E0,7.071067811865E-1));
#2888=AXIS2_PLACEMENT_3D('',#2885,#2886,#2887);
#2889=PLANE('',#2888);
#2890=ORIENTED_EDGE('',*,*,#1658,.F.);
#2891=ORIENTED_EDGE('',*,*,#2867,.T.);
#2892=ORIENTED_EDGE('',*,*,#2271,.F.);
#2893=ORIENTED_EDGE('',*,*,#2878,.F.);
#2894=EDGE_LOOP('',(#2890,#2891,#2892,#2893));
#2895=FACE_OUTER_BOUND('',#2894,.F.);
#2896=ADVANCED_FACE('',(#2895),#2889,.F.);
#2897=CARTESIAN_POINT('',(-1.E-1,3.7E-2,-3.95E-2));
#2898=DIRECTION('',(-6.050832675336E-1,0.E0,-7.961621941231E-1));
#2899=DIRECTION('',(7.961621941231E-1,0.E0,-6.050832675336E-1));
#2900=AXIS2_PLACEMENT_3D('',#2897,#2898,#2899);
#2901=PLANE('',#2900);
#2902=ORIENTED_EDGE('',*,*,#2864,.F.);
#2903=ORIENTED_EDGE('',*,*,#1654,.F.);
#2905=ORIENTED_EDGE('',*,*,#2904,.T.);
#2906=ORIENTED_EDGE('',*,*,#2275,.T.);
#2907=EDGE_LOOP('',(#2902,#2903,#2905,#2906));
#2908=FACE_OUTER_BOUND('',#2907,.F.);
#2909=ADVANCED_FACE('',(#2908),#2901,.T.);
#2910=CARTESIAN_POINT('',(-1.E-1,3.7E-2,-3.6E-2));
#2911=DIRECTION('',(-1.E0,0.E0,0.E0));
#2912=DIRECTION('',(0.E0,0.E0,-1.E0));
#2913=AXIS2_PLACEMENT_3D('',#2910,#2911,#2912);
#2914=PLANE('',#2913);
#2915=ORIENTED_EDGE('',*,*,#1652,.F.);
#2917=ORIENTED_EDGE('',*,*,#2916,.T.);
#2918=ORIENTED_EDGE('',*,*,#2277,.T.);
#2919=ORIENTED_EDGE('',*,*,#2904,.F.);
#2920=EDGE_LOOP('',(#2915,#2917,#2918,#2919));
#2921=FACE_OUTER_BOUND('',#2920,.F.);
#2922=ADVANCED_FACE('',(#2921),#2914,.T.);
#2923=CARTESIAN_POINT('',(-8.75E-2,3.7E-2,-3.6E-2));
#2924=DIRECTION('',(0.E0,0.E0,1.E0));
#2925=DIRECTION('',(-1.E0,0.E0,0.E0));
#2926=AXIS2_PLACEMENT_3D('',#2923,#2924,#2925);
#2927=PLANE('',#2926);
#2928=ORIENTED_EDGE('',*,*,#1650,.F.);
#2929=ORIENTED_EDGE('',*,*,#2142,.T.);
#2930=ORIENTED_EDGE('',*,*,#2279,.T.);
#2931=ORIENTED_EDGE('',*,*,#2916,.F.);
#2932=EDGE_LOOP('',(#2928,#2929,#2930,#2931));
#2933=FACE_OUTER_BOUND('',#2932,.F.);
#2934=ADVANCED_FACE('',(#2933),#2927,.T.);
#2935=CARTESIAN_POINT('',(3.7E-2,0.E0,0.E0));
#2936=DIRECTION('',(1.E0,0.E0,0.E0));
#2937=DIRECTION('',(0.E0,0.E0,-1.E0));
#2938=AXIS2_PLACEMENT_3D('',#2935,#2936,#2937);
#2939=PLANE('',#2938);
#2941=ORIENTED_EDGE('',*,*,#2940,.F.);
#2943=ORIENTED_EDGE('',*,*,#2942,.T.);
#2944=ORIENTED_EDGE('',*,*,#1734,.T.);
#2946=ORIENTED_EDGE('',*,*,#2945,.T.);
#2947=EDGE_LOOP('',(#2941,#2943,#2944,#2946));
#2948=FACE_OUTER_BOUND('',#2947,.F.);
#2949=ADVANCED_FACE('',(#2948),#2939,.F.);
#2950=CARTESIAN_POINT('',(3.7E-2,0.E0,0.E0));
#2951=DIRECTION('',(1.E0,0.E0,0.E0));
#2952=DIRECTION('',(0.E0,0.E0,-1.E0));
#2953=AXIS2_PLACEMENT_3D('',#2950,#2951,#2952);
#2954=PLANE('',#2953);
#2956=ORIENTED_EDGE('',*,*,#2955,.F.);
#2958=ORIENTED_EDGE('',*,*,#2957,.T.);
#2959=ORIENTED_EDGE('',*,*,#2312,.F.);
#2961=ORIENTED_EDGE('',*,*,#2960,.T.);
#2962=EDGE_LOOP('',(#2956,#2958,#2959,#2961));
#2963=FACE_OUTER_BOUND('',#2962,.F.);
#2964=ADVANCED_FACE('',(#2963),#2954,.F.);
#2965=CARTESIAN_POINT('',(4.075E-2,3.45E-1,0.E0));
#2966=DIRECTION('',(-9.828721869343E-1,1.842885350502E-1,0.E0));
#2967=DIRECTION('',(1.842885350502E-1,9.828721869343E-1,0.E0));
#2968=AXIS2_PLACEMENT_3D('',#2965,#2966,#2967);
#2969=PLANE('',#2968);
#2971=ORIENTED_EDGE('',*,*,#2970,.F.);
#2973=ORIENTED_EDGE('',*,*,#2972,.T.);
#2974=ORIENTED_EDGE('',*,*,#2940,.T.);
#2976=ORIENTED_EDGE('',*,*,#2975,.T.);
#2977=EDGE_LOOP('',(#2971,#2973,#2974,#2976));
#2978=FACE_OUTER_BOUND('',#2977,.F.);
#2979=ADVANCED_FACE('',(#2978),#2969,.T.);
#2980=CARTESIAN_POINT('',(3.7E-2,3.65E-1,-1.3E-2));
#2981=DIRECTION('',(0.E0,1.E0,0.E0));
#2982=DIRECTION('',(0.E0,0.E0,1.E0));
#2983=AXIS2_PLACEMENT_3D('',#2980,#2981,#2982);
#2984=PLANE('',#2983);
#2986=ORIENTED_EDGE('',*,*,#2985,.F.);
#2988=ORIENTED_EDGE('',*,*,#2987,.T.);
#2990=ORIENTED_EDGE('',*,*,#2989,.T.);
#2991=ORIENTED_EDGE('',*,*,#2970,.T.);
#2992=EDGE_LOOP('',(#2986,#2988,#2990,#2991));
#2993=FACE_OUTER_BOUND('',#2992,.F.);
#2994=ADVANCED_FACE('',(#2993),#2984,.T.);
#2995=CARTESIAN_POINT('',(5.E-2,3.45E-1,-9.25E-3));
#2996=DIRECTION('',(0.E0,1.842885350502E-1,-9.828721869343E-1));
#2997=DIRECTION('',(0.E0,-9.828721869343E-1,-1.842885350502E-1));
#2998=AXIS2_PLACEMENT_3D('',#2995,#2996,#2997);
#2999=PLANE('',#2998);
#3000=ORIENTED_EDGE('',*,*,#2985,.T.);
#3001=ORIENTED_EDGE('',*,*,#2975,.F.);
#3003=ORIENTED_EDGE('',*,*,#3002,.F.);
#3005=ORIENTED_EDGE('',*,*,#3004,.F.);
#3006=EDGE_LOOP('',(#3000,#3001,#3003,#3005));
#3007=FACE_OUTER_BOUND('',#3006,.F.);
#3008=ADVANCED_FACE('',(#3007),#2999,.T.);
#3009=CARTESIAN_POINT('',(3.7E-2,-1.65E-1,-1.3E-2));
#3010=DIRECTION('',(0.E0,0.E0,-1.E0));
#3011=DIRECTION('',(0.E0,1.E0,0.E0));
#3012=AXIS2_PLACEMENT_3D('',#3009,#3010,#3011);
#3013=PLANE('',#3012);
#3014=ORIENTED_EDGE('',*,*,#3002,.T.);
#3015=ORIENTED_EDGE('',*,*,#2945,.F.);
#3016=ORIENTED_EDGE('',*,*,#1740,.T.);
#3018=ORIENTED_EDGE('',*,*,#3017,.T.);
#3019=EDGE_LOOP('',(#3014,#3015,#3016,#3018));
#3020=FACE_OUTER_BOUND('',#3019,.F.);
#3021=ADVANCED_FACE('',(#3020),#3013,.T.);
#3022=CARTESIAN_POINT('',(3.7E-2,-1.65E-1,-1.3E-2));
#3023=DIRECTION('',(0.E0,0.E0,-1.E0));
#3024=DIRECTION('',(0.E0,1.E0,0.E0));
#3025=AXIS2_PLACEMENT_3D('',#3022,#3023,#3024);
#3026=PLANE('',#3025);
#3028=ORIENTED_EDGE('',*,*,#3027,.F.);
#3030=ORIENTED_EDGE('',*,*,#3029,.T.);
#3031=ORIENTED_EDGE('',*,*,#2314,.F.);
#3032=ORIENTED_EDGE('',*,*,#2957,.F.);
#3033=EDGE_LOOP('',(#3028,#3030,#3031,#3032));
#3034=FACE_OUTER_BOUND('',#3033,.F.);
#3035=ADVANCED_FACE('',(#3034),#3026,.T.);
#3036=CARTESIAN_POINT('',(6.3E-2,0.E0,0.E0));
#3037=DIRECTION('',(1.E0,0.E0,0.E0));
#3038=DIRECTION('',(0.E0,0.E0,-1.E0));
#3039=AXIS2_PLACEMENT_3D('',#3036,#3037,#3038);
#3040=PLANE('',#3039);
#3042=ORIENTED_EDGE('',*,*,#3041,.F.);
#3043=ORIENTED_EDGE('',*,*,#3017,.F.);
#3044=ORIENTED_EDGE('',*,*,#1738,.F.);
#3046=ORIENTED_EDGE('',*,*,#3045,.F.);
#3047=EDGE_LOOP('',(#3042,#3043,#3044,#3046));
#3048=FACE_OUTER_BOUND('',#3047,.F.);
#3049=ADVANCED_FACE('',(#3048),#3040,.T.);
#3050=CARTESIAN_POINT('',(6.3E-2,0.E0,0.E0));
#3051=DIRECTION('',(1.E0,0.E0,0.E0));
#3052=DIRECTION('',(0.E0,0.E0,-1.E0));
#3053=AXIS2_PLACEMENT_3D('',#3050,#3051,#3052);
#3054=PLANE('',#3053);
#3056=ORIENTED_EDGE('',*,*,#3055,.F.);
#3058=ORIENTED_EDGE('',*,*,#3057,.F.);
#3059=ORIENTED_EDGE('',*,*,#2316,.T.);
#3060=ORIENTED_EDGE('',*,*,#3029,.F.);
#3061=EDGE_LOOP('',(#3056,#3058,#3059,#3060));
#3062=FACE_OUTER_BOUND('',#3061,.F.);
#3063=ADVANCED_FACE('',(#3062),#3054,.T.);
#3064=CARTESIAN_POINT('',(5.925E-2,3.45E-1,0.E0));
#3065=DIRECTION('',(9.828721869343E-1,1.842885350502E-1,0.E0));
#3066=DIRECTION('',(-1.842885350502E-1,9.828721869343E-1,0.E0));
#3067=AXIS2_PLACEMENT_3D('',#3064,#3065,#3066);
#3068=PLANE('',#3067);
#3069=ORIENTED_EDGE('',*,*,#2987,.F.);
#3070=ORIENTED_EDGE('',*,*,#3004,.T.);
#3071=ORIENTED_EDGE('',*,*,#3041,.T.);
#3073=ORIENTED_EDGE('',*,*,#3072,.T.);
#3074=EDGE_LOOP('',(#3069,#3070,#3071,#3073));
#3075=FACE_OUTER_BOUND('',#3074,.F.);
#3076=ADVANCED_FACE('',(#3075),#3068,.T.);
#3077=CARTESIAN_POINT('',(5.E-2,3.45E-1,9.25E-3));
#3078=DIRECTION('',(0.E0,1.842885350502E-1,9.828721869343E-1));
#3079=DIRECTION('',(0.E0,9.828721869343E-1,-1.842885350502E-1));
#3080=AXIS2_PLACEMENT_3D('',#3077,#3078,#3079);
#3081=PLANE('',#3080);
#3083=ORIENTED_EDGE('',*,*,#3082,.T.);
#3084=ORIENTED_EDGE('',*,*,#2972,.F.);
#3085=ORIENTED_EDGE('',*,*,#2989,.F.);
#3086=ORIENTED_EDGE('',*,*,#3072,.F.);
#3087=EDGE_LOOP('',(#3083,#3084,#3085,#3086));
#3088=FACE_OUTER_BOUND('',#3087,.F.);
#3089=ADVANCED_FACE('',(#3088),#3081,.T.);
#3090=CARTESIAN_POINT('',(3.7E-2,3.65E-1,1.3E-2));
#3091=DIRECTION('',(0.E0,0.E0,1.E0));
#3092=DIRECTION('',(0.E0,-1.E0,0.E0));
#3093=AXIS2_PLACEMENT_3D('',#3090,#3091,#3092);
#3094=PLANE('',#3093);
#3095=ORIENTED_EDGE('',*,*,#3082,.F.);
#3096=ORIENTED_EDGE('',*,*,#3045,.T.);
#3097=ORIENTED_EDGE('',*,*,#1736,.F.);
#3098=ORIENTED_EDGE('',*,*,#2942,.F.);
#3099=EDGE_LOOP('',(#3095,#3096,#3097,#3098));
#3100=FACE_OUTER_BOUND('',#3099,.F.);
#3101=ADVANCED_FACE('',(#3100),#3094,.T.);
#3102=CARTESIAN_POINT('',(3.7E-2,3.65E-1,1.3E-2));
#3103=DIRECTION('',(0.E0,0.E0,1.E0));
#3104=DIRECTION('',(0.E0,-1.E0,0.E0));
#3105=AXIS2_PLACEMENT_3D('',#3102,#3103,#3104);
#3106=PLANE('',#3105);
#3108=ORIENTED_EDGE('',*,*,#3107,.T.);
#3109=ORIENTED_EDGE('',*,*,#2960,.F.);
#3110=ORIENTED_EDGE('',*,*,#2318,.T.);
#3111=ORIENTED_EDGE('',*,*,#3057,.T.);
#3112=EDGE_LOOP('',(#3108,#3109,#3110,#3111));
#3113=FACE_OUTER_BOUND('',#3112,.F.);
#3114=ADVANCED_FACE('',(#3113),#3106,.T.);
#3115=CARTESIAN_POINT('',(5.E-2,-1.45E-1,9.25E-3));
#3116=DIRECTION('',(0.E0,-1.842885350502E-1,9.828721869343E-1));
#3117=DIRECTION('',(0.E0,9.828721869343E-1,1.842885350502E-1));
#3118=AXIS2_PLACEMENT_3D('',#3115,#3116,#3117);
#3119=PLANE('',#3118);
#3120=ORIENTED_EDGE('',*,*,#3107,.F.);
#3122=ORIENTED_EDGE('',*,*,#3121,.F.);
#3124=ORIENTED_EDGE('',*,*,#3123,.T.);
#3126=ORIENTED_EDGE('',*,*,#3125,.T.);
#3127=EDGE_LOOP('',(#3120,#3122,#3124,#3126));
#3128=FACE_OUTER_BOUND('',#3127,.F.);
#3129=ADVANCED_FACE('',(#3128),#3119,.T.);
#3130=CARTESIAN_POINT('',(5.925E-2,-1.45E-1,0.E0));
#3131=DIRECTION('',(9.828721869343E-1,-1.842885350502E-1,0.E0));
#3132=DIRECTION('',(-1.842885350502E-1,-9.828721869343E-1,0.E0));
#3133=AXIS2_PLACEMENT_3D('',#3130,#3131,#3132);
#3134=PLANE('',#3133);
#3136=ORIENTED_EDGE('',*,*,#3135,.F.);
#3137=ORIENTED_EDGE('',*,*,#3121,.T.);
#3138=ORIENTED_EDGE('',*,*,#3055,.T.);
#3140=ORIENTED_EDGE('',*,*,#3139,.F.);
#3141=EDGE_LOOP('',(#3136,#3137,#3138,#3140));
#3142=FACE_OUTER_BOUND('',#3141,.F.);
#3143=ADVANCED_FACE('',(#3142),#3134,.T.);
#3144=CARTESIAN_POINT('',(3.7E-2,-1.65E-1,1.3E-2));
#3145=DIRECTION('',(0.E0,-1.E0,0.E0));
#3146=DIRECTION('',(0.E0,0.E0,-1.E0));
#3147=AXIS2_PLACEMENT_3D('',#3144,#3145,#3146);
#3148=PLANE('',#3147);
#3150=ORIENTED_EDGE('',*,*,#3149,.T.);
#3152=ORIENTED_EDGE('',*,*,#3151,.T.);
#3153=ORIENTED_EDGE('',*,*,#3123,.F.);
#3154=ORIENTED_EDGE('',*,*,#3135,.T.);
#3155=EDGE_LOOP('',(#3150,#3152,#3153,#3154));
#3156=FACE_OUTER_BOUND('',#3155,.F.);
#3157=ADVANCED_FACE('',(#3156),#3148,.T.);
#3158=CARTESIAN_POINT('',(5.E-2,-1.45E-1,-9.25E-3));
#3159=DIRECTION('',(0.E0,-1.842885350502E-1,-9.828721869343E-1));
#3160=DIRECTION('',(0.E0,-9.828721869343E-1,1.842885350502E-1));
#3161=AXIS2_PLACEMENT_3D('',#3158,#3159,#3160);
#3162=PLANE('',#3161);
#3163=ORIENTED_EDGE('',*,*,#3027,.T.);
#3165=ORIENTED_EDGE('',*,*,#3164,.F.);
#3166=ORIENTED_EDGE('',*,*,#3149,.F.);
#3167=ORIENTED_EDGE('',*,*,#3139,.T.);
#3168=EDGE_LOOP('',(#3163,#3165,#3166,#3167));
#3169=FACE_OUTER_BOUND('',#3168,.F.);
#3170=ADVANCED_FACE('',(#3169),#3162,.T.);
#3171=CARTESIAN_POINT('',(4.075E-2,-1.45E-1,0.E0));
#3172=DIRECTION('',(-9.828721869343E-1,-1.842885350502E-1,0.E0));
#3173=DIRECTION('',(1.842885350502E-1,-9.828721869343E-1,0.E0));
#3174=AXIS2_PLACEMENT_3D('',#3171,#3172,#3173);
#3175=PLANE('',#3174);
#3176=ORIENTED_EDGE('',*,*,#2955,.T.);
#3177=ORIENTED_EDGE('',*,*,#3125,.F.);
#3178=ORIENTED_EDGE('',*,*,#3151,.F.);
#3179=ORIENTED_EDGE('',*,*,#3164,.T.);
#3180=EDGE_LOOP('',(#3176,#3177,#3178,#3179));
#3181=FACE_OUTER_BOUND('',#3180,.F.);
#3182=ADVANCED_FACE('',(#3181),#3175,.T.);
#3183=CARTESIAN_POINT('',(-6.3E-2,0.E0,0.E0));
#3184=DIRECTION('',(1.E0,0.E0,0.E0));
#3185=DIRECTION('',(0.E0,0.E0,-1.E0));
#3186=AXIS2_PLACEMENT_3D('',#3183,#3184,#3185);
#3187=PLANE('',#3186);
#3189=ORIENTED_EDGE('',*,*,#3188,.F.);
#3191=ORIENTED_EDGE('',*,*,#3190,.T.);
#3192=ORIENTED_EDGE('',*,*,#1744,.T.);
#3194=ORIENTED_EDGE('',*,*,#3193,.T.);
#3195=EDGE_LOOP('',(#3189,#3191,#3192,#3194));
#3196=FACE_OUTER_BOUND('',#3195,.F.);
#3197=ADVANCED_FACE('',(#3196),#3187,.F.);
#3198=CARTESIAN_POINT('',(-6.3E-2,0.E0,0.E0));
#3199=DIRECTION('',(1.E0,0.E0,0.E0));
#3200=DIRECTION('',(0.E0,0.E0,-1.E0));
#3201=AXIS2_PLACEMENT_3D('',#3198,#3199,#3200);
#3202=PLANE('',#3201);
#3204=ORIENTED_EDGE('',*,*,#3203,.F.);
#3206=ORIENTED_EDGE('',*,*,#3205,.T.);
#3207=ORIENTED_EDGE('',*,*,#2322,.F.);
#3209=ORIENTED_EDGE('',*,*,#3208,.T.);
#3210=EDGE_LOOP('',(#3204,#3206,#3207,#3209));
#3211=FACE_OUTER_BOUND('',#3210,.F.);
#3212=ADVANCED_FACE('',(#3211),#3202,.F.);
#3213=CARTESIAN_POINT('',(-5.925E-2,3.45E-1,0.E0));
#3214=DIRECTION('',(-9.828721869343E-1,1.842885350502E-1,0.E0));
#3215=DIRECTION('',(1.842885350502E-1,9.828721869343E-1,0.E0));
#3216=AXIS2_PLACEMENT_3D('',#3213,#3214,#3215);
#3217=PLANE('',#3216);
#3219=ORIENTED_EDGE('',*,*,#3218,.F.);
#3221=ORIENTED_EDGE('',*,*,#3220,.T.);
#3222=ORIENTED_EDGE('',*,*,#3188,.T.);
#3224=ORIENTED_EDGE('',*,*,#3223,.T.);
#3225=EDGE_LOOP('',(#3219,#3221,#3222,#3224));
#3226=FACE_OUTER_BOUND('',#3225,.F.);
#3227=ADVANCED_FACE('',(#3226),#3217,.T.);
#3228=CARTESIAN_POINT('',(-6.3E-2,3.65E-1,-1.3E-2));
#3229=DIRECTION('',(0.E0,1.E0,0.E0));
#3230=DIRECTION('',(0.E0,0.E0,1.E0));
#3231=AXIS2_PLACEMENT_3D('',#3228,#3229,#3230);
#3232=PLANE('',#3231);
#3234=ORIENTED_EDGE('',*,*,#3233,.F.);
#3236=ORIENTED_EDGE('',*,*,#3235,.T.);
#3238=ORIENTED_EDGE('',*,*,#3237,.T.);
#3239=ORIENTED_EDGE('',*,*,#3218,.T.);
#3240=EDGE_LOOP('',(#3234,#3236,#3238,#3239));
#3241=FACE_OUTER_BOUND('',#3240,.F.);
#3242=ADVANCED_FACE('',(#3241),#3232,.T.);
#3243=CARTESIAN_POINT('',(-5.E-2,3.45E-1,-9.25E-3));
#3244=DIRECTION('',(0.E0,1.842885350502E-1,-9.828721869343E-1));
#3245=DIRECTION('',(0.E0,-9.828721869343E-1,-1.842885350502E-1));
#3246=AXIS2_PLACEMENT_3D('',#3243,#3244,#3245);
#3247=PLANE('',#3246);
#3248=ORIENTED_EDGE('',*,*,#3233,.T.);
#3249=ORIENTED_EDGE('',*,*,#3223,.F.);
#3251=ORIENTED_EDGE('',*,*,#3250,.F.);
#3253=ORIENTED_EDGE('',*,*,#3252,.F.);
#3254=EDGE_LOOP('',(#3248,#3249,#3251,#3253));
#3255=FACE_OUTER_BOUND('',#3254,.F.);
#3256=ADVANCED_FACE('',(#3255),#3247,.T.);
#3257=CARTESIAN_POINT('',(-6.3E-2,-1.65E-1,-1.3E-2));
#3258=DIRECTION('',(0.E0,0.E0,-1.E0));
#3259=DIRECTION('',(0.E0,1.E0,0.E0));
#3260=AXIS2_PLACEMENT_3D('',#3257,#3258,#3259);
#3261=PLANE('',#3260);
#3262=ORIENTED_EDGE('',*,*,#3250,.T.);
#3263=ORIENTED_EDGE('',*,*,#3193,.F.);
#3264=ORIENTED_EDGE('',*,*,#1750,.T.);
#3266=ORIENTED_EDGE('',*,*,#3265,.T.);
#3267=EDGE_LOOP('',(#3262,#3263,#3264,#3266));
#3268=FACE_OUTER_BOUND('',#3267,.F.);
#3269=ADVANCED_FACE('',(#3268),#3261,.T.);
#3270=CARTESIAN_POINT('',(-6.3E-2,-1.65E-1,-1.3E-2));
#3271=DIRECTION('',(0.E0,0.E0,-1.E0));
#3272=DIRECTION('',(0.E0,1.E0,0.E0));
#3273=AXIS2_PLACEMENT_3D('',#3270,#3271,#3272);
#3274=PLANE('',#3273);
#3276=ORIENTED_EDGE('',*,*,#3275,.F.);
#3278=ORIENTED_EDGE('',*,*,#3277,.T.);
#3279=ORIENTED_EDGE('',*,*,#2324,.F.);
#3280=ORIENTED_EDGE('',*,*,#3205,.F.);
#3281=EDGE_LOOP('',(#3276,#3278,#3279,#3280));
#3282=FACE_OUTER_BOUND('',#3281,.F.);
#3283=ADVANCED_FACE('',(#3282),#3274,.T.);
#3284=CARTESIAN_POINT('',(-3.7E-2,0.E0,0.E0));
#3285=DIRECTION('',(1.E0,0.E0,0.E0));
#3286=DIRECTION('',(0.E0,0.E0,-1.E0));
#3287=AXIS2_PLACEMENT_3D('',#3284,#3285,#3286);
#3288=PLANE('',#3287);
#3290=ORIENTED_EDGE('',*,*,#3289,.F.);
#3291=ORIENTED_EDGE('',*,*,#3265,.F.);
#3292=ORIENTED_EDGE('',*,*,#1748,.F.);
#3294=ORIENTED_EDGE('',*,*,#3293,.F.);
#3295=EDGE_LOOP('',(#3290,#3291,#3292,#3294));
#3296=FACE_OUTER_BOUND('',#3295,.F.);
#3297=ADVANCED_FACE('',(#3296),#3288,.T.);
#3298=CARTESIAN_POINT('',(-3.7E-2,0.E0,0.E0));
#3299=DIRECTION('',(1.E0,0.E0,0.E0));
#3300=DIRECTION('',(0.E0,0.E0,-1.E0));
#3301=AXIS2_PLACEMENT_3D('',#3298,#3299,#3300);
#3302=PLANE('',#3301);
#3304=ORIENTED_EDGE('',*,*,#3303,.F.);
#3306=ORIENTED_EDGE('',*,*,#3305,.F.);
#3307=ORIENTED_EDGE('',*,*,#2326,.T.);
#3308=ORIENTED_EDGE('',*,*,#3277,.F.);
#3309=EDGE_LOOP('',(#3304,#3306,#3307,#3308));
#3310=FACE_OUTER_BOUND('',#3309,.F.);
#3311=ADVANCED_FACE('',(#3310),#3302,.T.);
#3312=CARTESIAN_POINT('',(-4.075E-2,3.45E-1,0.E0));
#3313=DIRECTION('',(9.828721869343E-1,1.842885350502E-1,0.E0));
#3314=DIRECTION('',(-1.842885350502E-1,9.828721869343E-1,0.E0));
#3315=AXIS2_PLACEMENT_3D('',#3312,#3313,#3314);
#3316=PLANE('',#3315);
#3317=ORIENTED_EDGE('',*,*,#3235,.F.);
#3318=ORIENTED_EDGE('',*,*,#3252,.T.);
#3319=ORIENTED_EDGE('',*,*,#3289,.T.);
#3321=ORIENTED_EDGE('',*,*,#3320,.T.);
#3322=EDGE_LOOP('',(#3317,#3318,#3319,#3321));
#3323=FACE_OUTER_BOUND('',#3322,.F.);
#3324=ADVANCED_FACE('',(#3323),#3316,.T.);
#3325=CARTESIAN_POINT('',(-5.E-2,3.45E-1,9.25E-3));
#3326=DIRECTION('',(0.E0,1.842885350502E-1,9.828721869343E-1));
#3327=DIRECTION('',(0.E0,9.828721869343E-1,-1.842885350502E-1));
#3328=AXIS2_PLACEMENT_3D('',#3325,#3326,#3327);
#3329=PLANE('',#3328);
#3331=ORIENTED_EDGE('',*,*,#3330,.T.);
#3332=ORIENTED_EDGE('',*,*,#3220,.F.);
#3333=ORIENTED_EDGE('',*,*,#3237,.F.);
#3334=ORIENTED_EDGE('',*,*,#3320,.F.);
#3335=EDGE_LOOP('',(#3331,#3332,#3333,#3334));
#3336=FACE_OUTER_BOUND('',#3335,.F.);
#3337=ADVANCED_FACE('',(#3336),#3329,.T.);
#3338=CARTESIAN_POINT('',(-6.3E-2,3.65E-1,1.3E-2));
#3339=DIRECTION('',(0.E0,0.E0,1.E0));
#3340=DIRECTION('',(0.E0,-1.E0,0.E0));
#3341=AXIS2_PLACEMENT_3D('',#3338,#3339,#3340);
#3342=PLANE('',#3341);
#3343=ORIENTED_EDGE('',*,*,#3330,.F.);
#3344=ORIENTED_EDGE('',*,*,#3293,.T.);
#3345=ORIENTED_EDGE('',*,*,#1746,.F.);
#3346=ORIENTED_EDGE('',*,*,#3190,.F.);
#3347=EDGE_LOOP('',(#3343,#3344,#3345,#3346));
#3348=FACE_OUTER_BOUND('',#3347,.F.);
#3349=ADVANCED_FACE('',(#3348),#3342,.T.);
#3350=CARTESIAN_POINT('',(-6.3E-2,3.65E-1,1.3E-2));
#3351=DIRECTION('',(0.E0,0.E0,1.E0));
#3352=DIRECTION('',(0.E0,-1.E0,0.E0));
#3353=AXIS2_PLACEMENT_3D('',#3350,#3351,#3352);
#3354=PLANE('',#3353);
#3356=ORIENTED_EDGE('',*,*,#3355,.T.);
#3357=ORIENTED_EDGE('',*,*,#3208,.F.);
#3358=ORIENTED_EDGE('',*,*,#2328,.T.);
#3359=ORIENTED_EDGE('',*,*,#3305,.T.);
#3360=EDGE_LOOP('',(#3356,#3357,#3358,#3359));
#3361=FACE_OUTER_BOUND('',#3360,.F.);
#3362=ADVANCED_FACE('',(#3361),#3354,.T.);
#3363=CARTESIAN_POINT('',(-5.E-2,-1.45E-1,9.25E-3));
#3364=DIRECTION('',(0.E0,-1.842885350502E-1,9.828721869343E-1));
#3365=DIRECTION('',(0.E0,9.828721869343E-1,1.842885350502E-1));
#3366=AXIS2_PLACEMENT_3D('',#3363,#3364,#3365);
#3367=PLANE('',#3366);
#3368=ORIENTED_EDGE('',*,*,#3355,.F.);
#3370=ORIENTED_EDGE('',*,*,#3369,.F.);
#3372=ORIENTED_EDGE('',*,*,#3371,.T.);
#3374=ORIENTED_EDGE('',*,*,#3373,.T.);
#3375=EDGE_LOOP('',(#3368,#3370,#3372,#3374));
#3376=FACE_OUTER_BOUND('',#3375,.F.);
#3377=ADVANCED_FACE('',(#3376),#3367,.T.);
#3378=CARTESIAN_POINT('',(-4.075E-2,-1.45E-1,0.E0));
#3379=DIRECTION('',(9.828721869343E-1,-1.842885350502E-1,0.E0));
#3380=DIRECTION('',(-1.842885350502E-1,-9.828721869343E-1,0.E0));
#3381=AXIS2_PLACEMENT_3D('',#3378,#3379,#3380);
#3382=PLANE('',#3381);
#3384=ORIENTED_EDGE('',*,*,#3383,.F.);
#3385=ORIENTED_EDGE('',*,*,#3369,.T.);
#3386=ORIENTED_EDGE('',*,*,#3303,.T.);
#3388=ORIENTED_EDGE('',*,*,#3387,.T.);
#3389=EDGE_LOOP('',(#3384,#3385,#3386,#3388));
#3390=FACE_OUTER_BOUND('',#3389,.F.);
#3391=ADVANCED_FACE('',(#3390),#3382,.T.);
#3392=CARTESIAN_POINT('',(-6.3E-2,-1.65E-1,1.3E-2));
#3393=DIRECTION('',(0.E0,-1.E0,0.E0));
#3394=DIRECTION('',(0.E0,0.E0,-1.E0));
#3395=AXIS2_PLACEMENT_3D('',#3392,#3393,#3394);
#3396=PLANE('',#3395);
#3398=ORIENTED_EDGE('',*,*,#3397,.T.);
#3400=ORIENTED_EDGE('',*,*,#3399,.T.);
#3401=ORIENTED_EDGE('',*,*,#3371,.F.);
#3402=ORIENTED_EDGE('',*,*,#3383,.T.);
#3403=EDGE_LOOP('',(#3398,#3400,#3401,#3402));
#3404=FACE_OUTER_BOUND('',#3403,.F.);
#3405=ADVANCED_FACE('',(#3404),#3396,.T.);
#3406=CARTESIAN_POINT('',(-5.E-2,-1.45E-1,-9.25E-3));
#3407=DIRECTION('',(0.E0,-1.842885350502E-1,-9.828721869343E-1));
#3408=DIRECTION('',(0.E0,-9.828721869343E-1,1.842885350502E-1));
#3409=AXIS2_PLACEMENT_3D('',#3406,#3407,#3408);
#3410=PLANE('',#3409);
#3411=ORIENTED_EDGE('',*,*,#3275,.T.);
#3413=ORIENTED_EDGE('',*,*,#3412,.F.);
#3414=ORIENTED_EDGE('',*,*,#3397,.F.);
#3415=ORIENTED_EDGE('',*,*,#3387,.F.);
#3416=EDGE_LOOP('',(#3411,#3413,#3414,#3415));
#3417=FACE_OUTER_BOUND('',#3416,.F.);
#3418=ADVANCED_FACE('',(#3417),#3410,.T.);
#3419=CARTESIAN_POINT('',(-5.925E-2,-1.45E-1,0.E0));
#3420=DIRECTION('',(-9.828721869343E-1,-1.842885350502E-1,0.E0));
#3421=DIRECTION('',(1.842885350502E-1,-9.828721869343E-1,0.E0));
#3422=AXIS2_PLACEMENT_3D('',#3419,#3420,#3421);
#3423=PLANE('',#3422);
#3424=ORIENTED_EDGE('',*,*,#3203,.T.);
#3425=ORIENTED_EDGE('',*,*,#3373,.F.);
#3426=ORIENTED_EDGE('',*,*,#3399,.F.);
#3427=ORIENTED_EDGE('',*,*,#3412,.T.);
#3428=EDGE_LOOP('',(#3424,#3425,#3426,#3427));
#3429=FACE_OUTER_BOUND('',#3428,.F.);
#3430=ADVANCED_FACE('',(#3429),#3423,.T.);
#3431=CLOSED_SHELL('',(#1612,#1632,#1754,#1769,#1783,#1798,#1813,#1827,#1845,
#1863,#1882,#1901,#1915,#1927,#1940,#1952,#1966,#1980,#1994,#2007,#2019,#2031,
#2044,#2057,#2069,#2081,#2094,#2107,#2119,#2146,#2160,#2174,#2188,#2203,#2217,
#2332,#2346,#2361,#2375,#2390,#2408,#2427,#2445,#2464,#2477,#2491,#2504,#2518,
#2531,#2544,#2556,#2568,#2581,#2594,#2606,#2619,#2632,#2644,#2657,#2670,#2682,
#2694,#2707,#2719,#2732,#2759,#2773,#2785,#2796,#2809,#2820,#2831,#2844,#2857,
#2871,#2884,#2896,#2909,#2922,#2934,#2949,#2964,#2979,#2994,#3008,#3021,#3035,
#3049,#3063,#3076,#3089,#3101,#3114,#3129,#3143,#3157,#3170,#3182,#3197,#3212,
#3227,#3242,#3256,#3269,#3283,#3297,#3311,#3324,#3337,#3349,#3362,#3377,#3391,
#3405,#3418,#3430));
#3432=MANIFOLD_SOLID_BREP('',#3431);
#3433=CARTESIAN_POINT('',(0.E0,0.E0,0.E0));
#3434=DIRECTION('',(0.E0,0.E0,1.E0));
#3435=DIRECTION('',(1.E0,0.E0,0.E0));
#3436=AXIS2_PLACEMENT_3D('CSYS',#3433,#3434,#3435);
#3437=CARTESIAN_POINT('',(5.E-2,-4.5E-2,0.E0));
#3438=DIRECTION('',(0.E0,-1.E0,0.E0));
#3439=DIRECTION('',(1.E0,0.E0,0.E0));
#3440=AXIS2_PLACEMENT_3D('',#3437,#3438,#3439);
#3444=CARTESIAN_POINT('',(5.E-2,-4.5E-2,0.E0));
#3445=DIRECTION('',(0.E0,-1.E0,0.E0));
#3446=DIRECTION('',(-1.E0,0.E0,0.E0));
#3447=AXIS2_PLACEMENT_3D('',#3444,#3445,#3446);
#3453=CARTESIAN_POINT('',(-5.E-2,-4.5E-2,0.E0));
#3454=DIRECTION('',(0.E0,-1.E0,0.E0));
#3455=DIRECTION('',(1.E0,0.E0,0.E0));
#3456=AXIS2_PLACEMENT_3D('',#3453,#3454,#3455);
#3460=CARTESIAN_POINT('',(-5.E-2,-4.5E-2,0.E0));
#3461=DIRECTION('',(0.E0,-1.E0,0.E0));
#3462=DIRECTION('',(-1.E0,0.E0,0.E0));
#3463=AXIS2_PLACEMENT_3D('',#3460,#3461,#3462);
#3468=DIMENSIONAL_EXPONENTS(1.E0,0.E0,0.E0,0.E0,0.E0,0.E0,0.E0);
#3470=LENGTH_MEASURE_WITH_UNIT(LENGTH_MEASURE(2.54E1),#3469);
#3471=(CONVERSION_BASED_UNIT('INCH',#3470)LENGTH_UNIT()NAMED_UNIT(#3468));
#3472=DIMENSIONAL_EXPONENTS(0.E0,0.E0,0.E0,0.E0,0.E0,0.E0,0.E0);
#3474=PLANE_ANGLE_MEASURE_WITH_UNIT(PLANE_ANGLE_MEASURE(1.745329251994E-2),
#3473);
#3475=(CONVERSION_BASED_UNIT('DEGREE',#3474)NAMED_UNIT(*)PLANE_ANGLE_UNIT());
#3477=UNCERTAINTY_MEASURE_WITH_UNIT(LENGTH_MEASURE(5.748717771893E-5),#3471,
'closure',
'Maximum model space distance between geometric entities at asserted connectivities');
#3478=(GEOMETRIC_REPRESENTATION_CONTEXT(3)GLOBAL_UNCERTAINTY_ASSIGNED_CONTEXT((
#3477))GLOBAL_UNIT_ASSIGNED_CONTEXT((#3471,#3475,#3476))REPRESENTATION_CONTEXT(
'ID1','3'));
#3452=GEOMETRIC_SET('',(#3451,#3467));
#3482=SHAPE_REPRESENTATION_RELATIONSHIP('','',#3481,#3479);
#3483=SHAPE_REPRESENTATION_RELATIONSHIP('','',#3481,#3480);
#3484=APPLICATION_CONTEXT(
'CONFIGURATION CONTROLLED 3D DESIGNS OF MECHANICAL PARTS AND ASSEMBLIES');
#3485=APPLICATION_PROTOCOL_DEFINITION('international standard',
'config_control_design',1994,#3484);
#3486=DESIGN_CONTEXT('',#3484,'design');
#3487=MECHANICAL_CONTEXT('',#3484,'mechanical');
#3488=PRODUCT('022284027','022284027','NOT SPECIFIED',(#3487));
#3489=PRODUCT_DEFINITION_FORMATION_WITH_SPECIFIED_SOURCE('1','LAST_VERSION',
#3488,.MADE.);
#3493=PRODUCT_CATEGORY('part','');
#3494=PRODUCT_RELATED_PRODUCT_CATEGORY('detail','',(#3488));
#3495=PRODUCT_CATEGORY_RELATIONSHIP('','',#3493,#3494);
#3496=SECURITY_CLASSIFICATION_LEVEL('unclassified');
#3497=SECURITY_CLASSIFICATION('','',#3496);
#3498=CC_DESIGN_SECURITY_CLASSIFICATION(#3497,(#3489));
#3499=APPROVAL_STATUS('approved');
#3500=APPROVAL(#3499,'');
#3501=CC_DESIGN_APPROVAL(#3500,(#3497,#3489,#3490));
#3502=CALENDAR_DATE(115,13,4);
#3503=COORDINATED_UNIVERSAL_TIME_OFFSET(5,30,.AHEAD.);
#3504=LOCAL_TIME(14,9,1.3E1,#3503);
#3505=DATE_AND_TIME(#3502,#3504);
#3506=APPROVAL_DATE_TIME(#3505,#3500);
#3507=DATE_TIME_ROLE('creation_date');
#3508=CC_DESIGN_DATE_AND_TIME_ASSIGNMENT(#3505,#3507,(#3490));
#3509=DATE_TIME_ROLE('classification_date');
#3510=CC_DESIGN_DATE_AND_TIME_ASSIGNMENT(#3505,#3509,(#3497));
#3511=PERSON('UNSPECIFIED','UNSPECIFIED',$,$,$,$);
#3512=ORGANIZATION('UNSPECIFIED','UNSPECIFIED','UNSPECIFIED');
#3513=PERSON_AND_ORGANIZATION(#3511,#3512);
#3514=APPROVAL_ROLE('approver');
#3515=APPROVAL_PERSON_ORGANIZATION(#3513,#3500,#3514);
#3516=PERSON_AND_ORGANIZATION_ROLE('creator');
#3517=CC_DESIGN_PERSON_AND_ORGANIZATION_ASSIGNMENT(#3513,#3516,(#3489,#3490));
#3518=PERSON_AND_ORGANIZATION_ROLE('design_supplier');
#3519=CC_DESIGN_PERSON_AND_ORGANIZATION_ASSIGNMENT(#3513,#3518,(#3489));
#3520=PERSON_AND_ORGANIZATION_ROLE('classification_officer');
#3521=CC_DESIGN_PERSON_AND_ORGANIZATION_ASSIGNMENT(#3513,#3520,(#3497));
#3522=PERSON_AND_ORGANIZATION_ROLE('design_owner');
#3523=CC_DESIGN_PERSON_AND_ORGANIZATION_ASSIGNMENT(#3513,#3522,(#3488));
#57=CIRCLE('',#56,2.8E-2);
#110=CIRCLE('',#109,2.8E-2);
#163=CIRCLE('',#162,2.8E-2);
#184=CIRCLE('',#183,2.8E-2);
#273=CIRCLE('',#272,2.8E-2);
#294=CIRCLE('',#293,2.8E-2);
#311=CIRCLE('',#310,2.8E-2);
#336=CIRCLE('',#335,2.8E-2);
#509=CIRCLE('',#508,2.8E-2);
#522=CIRCLE('',#521,2.8E-2);
#543=CIRCLE('',#542,2.8E-2);
#596=CIRCLE('',#595,2.8E-2);
#725=CIRCLE('',#724,2.8E-2);
#746=CIRCLE('',#745,2.8E-2);
#759=CIRCLE('',#758,2.8E-2);
#776=CIRCLE('',#775,2.8E-2);
#1598=EDGE_CURVE('',#1324,#1232,#4,.T.);
#1600=EDGE_CURVE('',#1232,#1382,#8,.T.);
#1602=EDGE_CURVE('',#1382,#1322,#12,.T.);
#1604=EDGE_CURVE('',#1322,#1211,#16,.T.);
#1606=EDGE_CURVE('',#1211,#1212,#20,.T.);
#1608=EDGE_CURVE('',#1212,#1324,#24,.T.);
#1618=EDGE_CURVE('',#1335,#1240,#28,.T.);
#1620=EDGE_CURVE('',#1335,#1215,#32,.T.);
#1622=EDGE_CURVE('',#1215,#1216,#36,.T.);
#1624=EDGE_CURVE('',#1216,#1327,#40,.T.);
#1626=EDGE_CURVE('',#1384,#1327,#44,.T.);
#1628=EDGE_CURVE('',#1384,#1240,#48,.T.);
#1638=EDGE_CURVE('',#1510,#1390,#252,.T.);
#1640=EDGE_CURVE('',#1488,#1510,#52,.T.);
#1642=EDGE_CURVE('',#1487,#1488,#57,.T.);
#1644=EDGE_CURVE('',#1508,#1487,#61,.T.);
#1646=EDGE_CURVE('',#1508,#1386,#65,.T.);
#1648=EDGE_CURVE('',#1386,#1227,#420,.T.);
#1650=EDGE_CURVE('',#1227,#1228,#69,.T.);
#1652=EDGE_CURVE('',#1228,#1358,#73,.T.);
#1654=EDGE_CURVE('',#1358,#1264,#77,.T.);
#1656=EDGE_CURVE('',#1263,#1264,#932,.T.);
#1658=EDGE_CURVE('',#1263,#1407,#81,.T.);
#1660=EDGE_CURVE('',#1407,#1260,#85,.T.);
#1662=EDGE_CURVE('',#1259,#1260,#920,.T.);
#1664=EDGE_CURVE('',#1259,#1360,#89,.T.);
#1666=EDGE_CURVE('',#1360,#1231,#93,.T.);
#1668=EDGE_CURVE('',#1231,#1232,#97,.T.);
#1671=EDGE_CURVE('',#1324,#1314,#101,.T.);
#1673=EDGE_CURVE('',#1292,#1314,#105,.T.);
#1675=EDGE_CURVE('',#1291,#1292,#110,.T.);
#1677=EDGE_CURVE('',#1320,#1291,#114,.T.);
#1679=EDGE_CURVE('',#1322,#1320,#244,.T.);
#1682=EDGE_CURVE('',#1382,#1363,#118,.T.);
#1684=EDGE_CURVE('',#1363,#1364,#122,.T.);
#1686=EDGE_CURVE('',#1364,#1251,#126,.T.);
#1688=EDGE_CURVE('',#1251,#1252,#130,.T.);
#1690=EDGE_CURVE('',#1252,#1411,#134,.T.);
#1692=EDGE_CURVE('',#1411,#1255,#138,.T.);
#1694=EDGE_CURVE('',#1255,#1256,#142,.T.);
#1696=EDGE_CURVE('',#1256,#1367,#146,.T.);
#1698=EDGE_CURVE('',#1367,#1368,#150,.T.);
#1700=EDGE_CURVE('',#1368,#1389,#154,.T.);
#1702=EDGE_CURVE('',#1389,#1390,#436,.T.);
#1706=EDGE_CURVE('',#1318,#1288,#232,.T.);
#1708=EDGE_CURVE('',#1296,#1318,#158,.T.);
#1710=EDGE_CURVE('',#1295,#1296,#163,.T.);
#1712=EDGE_CURVE('',#1316,#1295,#167,.T.);
#1714=EDGE_CURVE('',#1316,#1284,#171,.T.);
#1716=EDGE_CURVE('',#1288,#1284,#400,.T.);
#1720=EDGE_CURVE('',#1282,#1506,#175,.T.);
#1722=EDGE_CURVE('',#1484,#1506,#179,.T.);
#1724=EDGE_CURVE('',#1483,#1484,#184,.T.);
#1726=EDGE_CURVE('',#1512,#1483,#188,.T.);
#1728=EDGE_CURVE('',#1286,#1512,#264,.T.);
#1730=EDGE_CURVE('',#1286,#1282,#192,.T.);
#1734=EDGE_CURVE('',#1343,#1344,#196,.T.);
#1736=EDGE_CURVE('',#1343,#1347,#200,.T.);
#1738=EDGE_CURVE('',#1347,#1348,#204,.T.);
#1740=EDGE_CURVE('',#1344,#1348,#208,.T.);
#1744=EDGE_CURVE('',#1547,#1548,#212,.T.);
#1746=EDGE_CURVE('',#1547,#1551,#216,.T.);
#1748=EDGE_CURVE('',#1551,#1552,#220,.T.);
#1750=EDGE_CURVE('',#1548,#1552,#224,.T.);
#1760=EDGE_CURVE('',#1318,#1310,#228,.T.);
#1763=EDGE_CURVE('',#1288,#1279,#236,.T.);
#1765=EDGE_CURVE('',#1310,#1279,#302,.T.);
#1775=EDGE_CURVE('',#1320,#1312,#240,.T.);
#1777=EDGE_CURVE('',#1211,#1312,#281,.T.);
#1789=EDGE_CURVE('',#1510,#1502,#248,.T.);
#1792=EDGE_CURVE('',#1390,#1219,#432,.T.);
#1794=EDGE_CURVE('',#1502,#1219,#344,.T.);
#1804=EDGE_CURVE('',#1512,#1504,#256,.T.);
#1806=EDGE_CURVE('',#1275,#1504,#323,.T.);
#1808=EDGE_CURVE('',#1286,#1275,#260,.T.);
#1819=EDGE_CURVE('',#1310,#1308,#298,.T.);
#1821=EDGE_CURVE('',#1308,#1296,#268,.T.);
#1833=EDGE_CURVE('',#1299,#1300,#273,.T.);
#1835=EDGE_CURVE('',#1302,#1300,#277,.T.);
#1837=EDGE_CURVE('',#1212,#1302,#360,.T.);
#1841=EDGE_CURVE('',#1312,#1299,#285,.T.);
#1851=EDGE_CURVE('',#1305,#1306,#289,.T.);
#1853=EDGE_CURVE('',#1306,#1308,#294,.T.);
#1857=EDGE_CURVE('',#1279,#1280,#306,.T.);
#1859=EDGE_CURVE('',#1305,#1280,#368,.T.);
#1869=EDGE_CURVE('',#1491,#1492,#311,.T.);
#1871=EDGE_CURVE('',#1494,#1492,#315,.T.);
#1873=EDGE_CURVE('',#1276,#1494,#384,.T.);
#1875=EDGE_CURVE('',#1275,#1276,#319,.T.);
#1878=EDGE_CURVE('',#1504,#1491,#327,.T.);
#1888=EDGE_CURVE('',#1497,#1498,#331,.T.);
#1890=EDGE_CURVE('',#1498,#1500,#336,.T.);
#1892=EDGE_CURVE('',#1502,#1500,#340,.T.);
#1895=EDGE_CURVE('',#1219,#1220,#428,.T.);
#1897=EDGE_CURVE('',#1497,#1220,#392,.T.);
#1908=EDGE_CURVE('',#1299,#1291,#348,.T.);
#1911=EDGE_CURVE('',#1300,#1292,#352,.T.);
#1936=EDGE_CURVE('',#1302,#1314,#356,.T.);
#1958=EDGE_CURVE('',#1305,#1316,#364,.T.);
#1961=EDGE_CURVE('',#1280,#1284,#372,.T.);
#1972=EDGE_CURVE('',#1494,#1506,#376,.T.);
#1975=EDGE_CURVE('',#1276,#1282,#380,.T.);
#1986=EDGE_CURVE('',#1497,#1508,#388,.T.);
#1989=EDGE_CURVE('',#1220,#1386,#424,.T.);
#2003=EDGE_CURVE('',#1306,#1295,#396,.T.);
#2038=EDGE_CURVE('',#1492,#1484,#404,.T.);
#2051=EDGE_CURVE('',#1491,#1483,#408,.T.);
#2090=EDGE_CURVE('',#1498,#1487,#412,.T.);
#2103=EDGE_CURVE('',#1500,#1488,#416,.T.);
#2130=EDGE_CURVE('',#1389,#1395,#440,.T.);
#2132=EDGE_CURVE('',#1395,#1396,#444,.T.);
#2134=EDGE_CURVE('',#1224,#1396,#448,.T.);
#2136=EDGE_CURVE('',#1223,#1224,#452,.T.);
#2138=EDGE_CURVE('',#1392,#1223,#456,.T.);
#2140=EDGE_CURVE('',#1392,#1235,#460,.T.);
#2142=EDGE_CURVE('',#1227,#1235,#464,.T.);
#2153=EDGE_CURVE('',#1368,#1380,#468,.T.);
#2155=EDGE_CURVE('',#1380,#1395,#555,.T.);
#2167=EDGE_CURVE('',#1367,#1379,#472,.T.);
#2169=EDGE_CURVE('',#1379,#1380,#559,.T.);
#2180=EDGE_CURVE('',#1256,#1248,#492,.T.);
#2182=EDGE_CURVE('',#1248,#1379,#563,.T.);
#2194=EDGE_CURVE('',#1243,#1244,#476,.T.);
#2196=EDGE_CURVE('',#1244,#1252,#480,.T.);
#2199=EDGE_CURVE('',#1251,#1243,#484,.T.);
#2209=EDGE_CURVE('',#1247,#1248,#488,.T.);
#2213=EDGE_CURVE('',#1247,#1255,#496,.T.);
#2223=EDGE_CURVE('',#1538,#1392,#816,.T.);
#2225=EDGE_CURVE('',#1516,#1538,#538,.T.);
#2227=EDGE_CURVE('',#1515,#1516,#543,.T.);
#2229=EDGE_CURVE('',#1542,#1515,#547,.T.);
#2231=EDGE_CURVE('',#1542,#1396,#551,.T.);
#2238=EDGE_CURVE('',#1247,#1412,#567,.T.);
#2240=EDGE_CURVE('',#1412,#1244,#571,.T.);
#2243=EDGE_CURVE('',#1376,#1243,#575,.T.);
#2245=EDGE_CURVE('',#1375,#1376,#579,.T.);
#2247=EDGE_CURVE('',#1384,#1375,#583,.T.);
#2250=EDGE_CURVE('',#1327,#1328,#587,.T.);
#2252=EDGE_CURVE('',#1440,#1328,#591,.T.);
#2254=EDGE_CURVE('',#1439,#1440,#596,.T.);
#2256=EDGE_CURVE('',#1336,#1439,#600,.T.);
#2258=EDGE_CURVE('',#1335,#1336,#792,.T.);
#2261=EDGE_CURVE('',#1239,#1240,#604,.T.);
#2263=EDGE_CURVE('',#1372,#1239,#608,.T.);
#2265=EDGE_CURVE('',#1267,#1372,#612,.T.);
#2267=EDGE_CURVE('',#1267,#1268,#616,.T.);
#2269=EDGE_CURVE('',#1268,#1408,#620,.T.);
#2271=EDGE_CURVE('',#1408,#1271,#624,.T.);
#2273=EDGE_CURVE('',#1271,#1272,#628,.T.);
#2275=EDGE_CURVE('',#1370,#1272,#632,.T.);
#2277=EDGE_CURVE('',#1236,#1370,#636,.T.);
#2279=EDGE_CURVE('',#1235,#1236,#640,.T.);
#2284=EDGE_CURVE('',#1339,#1340,#800,.T.);
#2286=EDGE_CURVE('',#1436,#1339,#517,.T.);
#2288=EDGE_CURVE('',#1435,#1436,#522,.T.);
#2290=EDGE_CURVE('',#1331,#1435,#526,.T.);
#2292=EDGE_CURVE('',#1331,#1332,#530,.T.);
#2294=EDGE_CURVE('',#1332,#1340,#534,.T.);
#2298=EDGE_CURVE('',#1424,#1544,#500,.T.);
#2300=EDGE_CURVE('',#1520,#1544,#504,.T.);
#2302=EDGE_CURVE('',#1519,#1520,#509,.T.);
#2304=EDGE_CURVE('',#1540,#1519,#513,.T.);
#2306=EDGE_CURVE('',#1422,#1540,#828,.T.);
#2308=EDGE_CURVE('',#1424,#1422,#864,.T.);
#2312=EDGE_CURVE('',#1351,#1352,#644,.T.);
#2314=EDGE_CURVE('',#1352,#1356,#648,.T.);
#2316=EDGE_CURVE('',#1355,#1356,#652,.T.);
#2318=EDGE_CURVE('',#1351,#1355,#656,.T.);
#2322=EDGE_CURVE('',#1555,#1556,#660,.T.);
#2324=EDGE_CURVE('',#1556,#1560,#664,.T.);
#2326=EDGE_CURVE('',#1559,#1560,#668,.T.);
#2328=EDGE_CURVE('',#1555,#1559,#672,.T.);
#2340=EDGE_CURVE('',#1216,#1430,#676,.T.);
#2342=EDGE_CURVE('',#1430,#1328,#680,.T.);
#2353=EDGE_CURVE('',#1432,#1331,#684,.T.);
#2355=EDGE_CURVE('',#1432,#1416,#688,.T.);
#2357=EDGE_CURVE('',#1416,#1332,#692,.T.);
#2367=EDGE_CURVE('',#1523,#1542,#696,.T.);
#2369=EDGE_CURVE('',#1523,#1224,#700,.T.);
#2381=EDGE_CURVE('',#1536,#1544,#704,.T.);
#2384=EDGE_CURVE('',#1420,#1424,#708,.T.);
#2386=EDGE_CURVE('',#1420,#1536,#712,.T.);
#2396=EDGE_CURVE('',#1215,#1426,#716,.T.);
#2398=EDGE_CURVE('',#1426,#1446,#720,.T.);
#2400=EDGE_CURVE('',#1446,#1448,#725,.T.);
#2402=EDGE_CURVE('',#1430,#1448,#729,.T.);
#2414=EDGE_CURVE('',#1428,#1415,#733,.T.);
#2416=EDGE_CURVE('',#1415,#1416,#737,.T.);
#2419=EDGE_CURVE('',#1432,#1442,#741,.T.);
#2421=EDGE_CURVE('',#1442,#1444,#746,.T.);
#2423=EDGE_CURVE('',#1428,#1444,#750,.T.);
#2433=EDGE_CURVE('',#1523,#1524,#754,.T.);
#2435=EDGE_CURVE('',#1524,#1526,#759,.T.);
#2437=EDGE_CURVE('',#1528,#1526,#763,.T.);
#2439=EDGE_CURVE('',#1528,#1223,#767,.T.);
#2451=EDGE_CURVE('',#1531,#1532,#771,.T.);
#2453=EDGE_CURVE('',#1532,#1534,#776,.T.);
#2455=EDGE_CURVE('',#1536,#1534,#780,.T.);
#2458=EDGE_CURVE('',#1419,#1420,#784,.T.);
#2460=EDGE_CURVE('',#1419,#1531,#788,.T.);
#2471=EDGE_CURVE('',#1336,#1426,#796,.T.);
#2484=EDGE_CURVE('',#1340,#1415,#804,.T.);
#2487=EDGE_CURVE('',#1339,#1428,#808,.T.);
#2497=EDGE_CURVE('',#1538,#1528,#812,.T.);
#2510=EDGE_CURVE('',#1540,#1531,#820,.T.);
#2513=EDGE_CURVE('',#1422,#1419,#824,.T.);
#2527=EDGE_CURVE('',#1446,#1439,#832,.T.);
#2540=EDGE_CURVE('',#1448,#1440,#836,.T.);
#2575=EDGE_CURVE('',#1444,#1436,#840,.T.);
#2588=EDGE_CURVE('',#1442,#1435,#844,.T.);
#2613=EDGE_CURVE('',#1526,#1516,#848,.T.);
#2626=EDGE_CURVE('',#1524,#1515,#852,.T.);
#2653=EDGE_CURVE('',#1532,#1519,#856,.T.);
#2666=EDGE_CURVE('',#1534,#1520,#860,.T.);
#2701=EDGE_CURVE('',#1411,#1412,#868,.T.);
#2727=EDGE_CURVE('',#1364,#1376,#872,.T.);
#2738=EDGE_CURVE('',#1404,#1400,#876,.T.);
#2740=EDGE_CURVE('',#1404,#1375,#880,.T.);
#2745=EDGE_CURVE('',#1363,#1402,#884,.T.);
#2747=EDGE_CURVE('',#1398,#1402,#888,.T.);
#2749=EDGE_CURVE('',#1231,#1398,#904,.T.);
#2752=EDGE_CURVE('',#1360,#1372,#892,.T.);
#2755=EDGE_CURVE('',#1400,#1239,#908,.T.);
#2765=EDGE_CURVE('',#1240,#1400,#896,.T.);
#2768=EDGE_CURVE('',#1384,#1404,#900,.T.);
#2781=EDGE_CURVE('',#1232,#1398,#912,.T.);
#2804=EDGE_CURVE('',#1382,#1402,#916,.T.);
#2837=EDGE_CURVE('',#1259,#1267,#928,.T.);
#2851=EDGE_CURVE('',#1260,#1268,#924,.T.);
#2864=EDGE_CURVE('',#1264,#1272,#936,.T.);
#2867=EDGE_CURVE('',#1263,#1271,#940,.T.);
#2878=EDGE_CURVE('',#1407,#1408,#944,.T.);
#2904=EDGE_CURVE('',#1358,#1370,#948,.T.);
#2916=EDGE_CURVE('',#1228,#1236,#952,.T.);
#2940=EDGE_CURVE('',#1462,#1456,#956,.T.);
#2942=EDGE_CURVE('',#1462,#1343,#960,.T.);
#2945=EDGE_CURVE('',#1344,#1456,#964,.T.);
#2955=EDGE_CURVE('',#1468,#1478,#968,.T.);
#2957=EDGE_CURVE('',#1468,#1352,#972,.T.);
#2960=EDGE_CURVE('',#1351,#1478,#976,.T.);
#2970=EDGE_CURVE('',#1464,#1452,#992,.T.);
#2972=EDGE_CURVE('',#1464,#1462,#1036,.T.);
#2975=EDGE_CURVE('',#1456,#1452,#996,.T.);
#2985=EDGE_CURVE('',#1451,#1452,#980,.T.);
#2987=EDGE_CURVE('',#1451,#1458,#984,.T.);
#2989=EDGE_CURVE('',#1458,#1464,#988,.T.);
#3002=EDGE_CURVE('',#1455,#1456,#1004,.T.);
#3004=EDGE_CURVE('',#1451,#1455,#1000,.T.);
#3017=EDGE_CURVE('',#1348,#1455,#1016,.T.);
#3027=EDGE_CURVE('',#1467,#1468,#1008,.T.);
#3029=EDGE_CURVE('',#1467,#1356,#1032,.T.);
#3041=EDGE_CURVE('',#1455,#1460,#1012,.T.);
#3045=EDGE_CURVE('',#1460,#1347,#1020,.T.);
#3055=EDGE_CURVE('',#1476,#1467,#1024,.T.);
#3057=EDGE_CURVE('',#1355,#1476,#1028,.T.);
#3072=EDGE_CURVE('',#1460,#1458,#1040,.T.);
#3082=EDGE_CURVE('',#1460,#1462,#1044,.T.);
#3107=EDGE_CURVE('',#1476,#1478,#1048,.T.);
#3121=EDGE_CURVE('',#1474,#1476,#1052,.T.);
#3123=EDGE_CURVE('',#1474,#1480,#1068,.T.);
#3125=EDGE_CURVE('',#1480,#1478,#1080,.T.);
#3135=EDGE_CURVE('',#1474,#1471,#1072,.T.);
#3139=EDGE_CURVE('',#1471,#1467,#1056,.T.);
#3149=EDGE_CURVE('',#1471,#1472,#1060,.T.);
#3151=EDGE_CURVE('',#1472,#1480,#1064,.T.);
#3164=EDGE_CURVE('',#1472,#1468,#1076,.T.);
#3188=EDGE_CURVE('',#1574,#1568,#1084,.T.);
#3190=EDGE_CURVE('',#1574,#1547,#1088,.T.);
#3193=EDGE_CURVE('',#1548,#1568,#1092,.T.);
#3203=EDGE_CURVE('',#1580,#1590,#1096,.T.);
#3205=EDGE_CURVE('',#1580,#1556,#1100,.T.);
#3208=EDGE_CURVE('',#1555,#1590,#1104,.T.);
#3218=EDGE_CURVE('',#1576,#1564,#1120,.T.);
#3220=EDGE_CURVE('',#1576,#1574,#1164,.T.);
#3223=EDGE_CURVE('',#1568,#1564,#1124,.T.);
#3233=EDGE_CURVE('',#1563,#1564,#1108,.T.);
#3235=EDGE_CURVE('',#1563,#1570,#1112,.T.);
#3237=EDGE_CURVE('',#1570,#1576,#1116,.T.);
#3250=EDGE_CURVE('',#1567,#1568,#1132,.T.);
#3252=EDGE_CURVE('',#1563,#1567,#1128,.T.);
#3265=EDGE_CURVE('',#1552,#1567,#1144,.T.);
#3275=EDGE_CURVE('',#1579,#1580,#1136,.T.);
#3277=EDGE_CURVE('',#1579,#1560,#1160,.T.);
#3289=EDGE_CURVE('',#1567,#1572,#1140,.T.);
#3293=EDGE_CURVE('',#1572,#1551,#1148,.T.);
#3303=EDGE_CURVE('',#1588,#1579,#1152,.T.);
#3305=EDGE_CURVE('',#1559,#1588,#1156,.T.);
#3320=EDGE_CURVE('',#1572,#1570,#1168,.T.);
#3330=EDGE_CURVE('',#1572,#1574,#1172,.T.);
#3355=EDGE_CURVE('',#1588,#1590,#1176,.T.);
#3369=EDGE_CURVE('',#1586,#1588,#1180,.T.);
#3371=EDGE_CURVE('',#1586,#1592,#1192,.T.);
#3373=EDGE_CURVE('',#1592,#1590,#1208,.T.);
#3383=EDGE_CURVE('',#1586,#1583,#1196,.T.);
#3387=EDGE_CURVE('',#1579,#1583,#1204,.T.);
#3397=EDGE_CURVE('',#1583,#1584,#1184,.T.);
#3399=EDGE_CURVE('',#1584,#1592,#1188,.T.);
#3412=EDGE_CURVE('',#1584,#1580,#1200,.T.);
#3441=CIRCLE('',#3440,2.E-2);
#3442=TRIMMED_CURVE('',#3441,(PARAMETER_VALUE(0.E0)),(PARAMETER_VALUE(1.8E2)),
.T.,.UNSPECIFIED.);
#3443=COMPOSITE_CURVE_SEGMENT(.CONTINUOUS.,.T.,#3442);
#3448=CIRCLE('',#3447,2.E-2);
#3449=TRIMMED_CURVE('',#3448,(PARAMETER_VALUE(0.E0)),(PARAMETER_VALUE(1.8E2)),
.T.,.UNSPECIFIED.);
#3450=COMPOSITE_CURVE_SEGMENT(.CONTINUOUS.,.T.,#3449);
#3451=COMPOSITE_CURVE('',(#3443,#3450),.F.);
#3457=CIRCLE('',#3456,2.E-2);
#3458=TRIMMED_CURVE('',#3457,(PARAMETER_VALUE(0.E0)),(PARAMETER_VALUE(1.8E2)),
.T.,.UNSPECIFIED.);
#3459=COMPOSITE_CURVE_SEGMENT(.CONTINUOUS.,.T.,#3458);
#3464=CIRCLE('',#3463,2.E-2);
#3465=TRIMMED_CURVE('',#3464,(PARAMETER_VALUE(0.E0)),(PARAMETER_VALUE(1.8E2)),
.T.,.UNSPECIFIED.);
#3466=COMPOSITE_CURVE_SEGMENT(.CONTINUOUS.,.T.,#3465);
#3467=COMPOSITE_CURVE('',(#3459,#3466),.F.);
#3469=(LENGTH_UNIT()NAMED_UNIT(*)SI_UNIT(.MILLI.,.METRE.));
#3473=(NAMED_UNIT(*)PLANE_ANGLE_UNIT()SI_UNIT($,.RADIAN.));
#3476=(NAMED_UNIT(*)SI_UNIT($,.STERADIAN.)SOLID_ANGLE_UNIT());
#3479=ADVANCED_BREP_SHAPE_REPRESENTATION('',(#3432),#3478);
#3480=GEOMETRICALLY_BOUNDED_SURFACE_SHAPE_REPRESENTATION('',(#3452),#3478);
#3481=SHAPE_REPRESENTATION('',(#3436),#3478);
#3490=PRODUCT_DEFINITION('design','',#3489,#3486);
#3491=PRODUCT_DEFINITION_SHAPE('','SHAPE FOR 022284027.',#3490);
#3492=SHAPE_DEFINITION_REPRESENTATION(#3491,#3481);
ENDSEC;
END-ISO-10303-21;
