ISO-10303-21;
HEADER;
/* Generated by software containing ST-Developer
 * from STEP Tools, Inc. (www.steptools.com) 
 */
/* OPTION: strings as raw bytes, not using required /X/ escapes */

FILE_DESCRIPTION(
/* description */ ('Unknown'),
/* implementation_level */ '2;1');

FILE_NAME(
/* name */ 'B2B-XH-2-TV4(LF)(SN)',
/* time_stamp */ '2025-08-08T09:30:19+02:00',
/* author */ ('Unknown'),
/* organization */ ('Unknown'),
/* preprocessor_version */ 'ST-DEVELOPER v20',
/* originating_system */ 'Solid Edge',
/* authorisation */ 'Unknown');

FILE_SCHEMA (('AUTOMOTIVE_DESIGN {1 0 10303 214 3 1 1}'));
ENDSEC;

DATA;
#10=PROPERTY_DEFINITION_REPRESENTATION(#14,#12);
#11=PROPERTY_DEFINITION_REPRESENTATION(#15,#13);
#12=REPRESENTATION('',(#16),#5617);
#13=REPRESENTATION('',(#17),#5617);
#14=PROPERTY_DEFINITION('pmi validation property','',#5622);
#15=PROPERTY_DEFINITION('pmi validation property','',#5622);
#16=VALUE_REPRESENTATION_ITEM('number of annotations',COUNT_MEASURE(0.));
#17=VALUE_REPRESENTATION_ITEM('number of views',COUNT_MEASURE(0.));
#18=SHAPE_REPRESENTATION_RELATIONSHIP('','',#3817,#19);
#19=ADVANCED_BREP_SHAPE_REPRESENTATION('',(#3815),#5617);
#20=TOROIDAL_SURFACE('',#3940,0.167999999999999,0.0719999999999997);
#21=TOROIDAL_SURFACE('',#3944,0.167999999999999,0.0719999999999997);
#22=TOROIDAL_SURFACE('',#3945,0.167999999999999,0.0719999999999997);
#23=TOROIDAL_SURFACE('',#3949,0.167999999999999,0.0719999999999997);
#24=TOROIDAL_SURFACE('',#3997,0.167999999999999,0.0719999999999997);
#25=TOROIDAL_SURFACE('',#4001,0.167999999999999,0.0719999999999997);
#26=TOROIDAL_SURFACE('',#4010,0.167999999999999,0.0719999999999997);
#27=TOROIDAL_SURFACE('',#4014,0.167999999999999,0.0719999999999997);
#28=ELLIPSE('',#3926,0.339411254969541,0.239999999999999);
#29=ELLIPSE('',#3929,0.339411254969541,0.239999999999999);
#30=ELLIPSE('',#3934,0.339411254969541,0.239999999999999);
#31=ELLIPSE('',#3937,0.339411254969541,0.239999999999999);
#32=ELLIPSE('',#3978,0.339411254969541,0.239999999999999);
#33=ELLIPSE('',#3979,0.339411254969541,0.239999999999999);
#34=ELLIPSE('',#3992,0.339411254969541,0.239999999999999);
#35=ELLIPSE('',#3993,0.339411254969541,0.239999999999999);
#36=CYLINDRICAL_SURFACE('',#3866,0.213863095871338);
#37=CYLINDRICAL_SURFACE('',#3869,1.0411572042779);
#38=CYLINDRICAL_SURFACE('',#3871,4.9476677498213);
#39=CYLINDRICAL_SURFACE('',#3873,0.166174866261001);
#40=CYLINDRICAL_SURFACE('',#3876,0.166174866261001);
#41=CYLINDRICAL_SURFACE('',#3878,4.9476677498213);
#42=CYLINDRICAL_SURFACE('',#3880,1.0411572042779);
#43=CYLINDRICAL_SURFACE('',#3883,0.213863095871338);
#44=CYLINDRICAL_SURFACE('',#3887,0.907668538791119);
#45=CYLINDRICAL_SURFACE('',#3892,0.177405236611626);
#46=CYLINDRICAL_SURFACE('',#3900,0.177405236611626);
#47=CYLINDRICAL_SURFACE('',#3905,0.907668538791119);
#48=CYLINDRICAL_SURFACE('',#3924,0.239999999999999);
#49=CYLINDRICAL_SURFACE('',#3928,0.239999999999999);
#50=CYLINDRICAL_SURFACE('',#3932,0.239999999999999);
#51=CYLINDRICAL_SURFACE('',#3936,0.239999999999999);
#52=CYLINDRICAL_SURFACE('',#3942,0.0719999999999997);
#53=CYLINDRICAL_SURFACE('',#3947,0.0719999999999997);
#54=CYLINDRICAL_SURFACE('',#3955,0.0719999999999997);
#55=CYLINDRICAL_SURFACE('',#3956,0.0719999999999997);
#56=CYLINDRICAL_SURFACE('',#3970,0.0719999999999997);
#57=CYLINDRICAL_SURFACE('',#3980,0.0719999999999997);
#58=CYLINDRICAL_SURFACE('',#3981,0.0719999999999997);
#59=CYLINDRICAL_SURFACE('',#3990,0.0719999999999997);
#60=CYLINDRICAL_SURFACE('',#3995,0.239999999999999);
#61=CYLINDRICAL_SURFACE('',#4003,0.239999999999999);
#62=CYLINDRICAL_SURFACE('',#4008,0.239999999999999);
#63=CYLINDRICAL_SURFACE('',#4016,0.239999999999999);
#64=CIRCLE('',#3850,0.907668538791119);
#65=CIRCLE('',#3851,0.177405236611626);
#66=CIRCLE('',#3854,0.213863095871338);
#67=CIRCLE('',#3855,1.0411572042779);
#68=CIRCLE('',#3856,4.9476677498213);
#69=CIRCLE('',#3857,0.166174866261001);
#70=CIRCLE('',#3858,0.166174866261001);
#71=CIRCLE('',#3859,4.9476677498213);
#72=CIRCLE('',#3860,1.0411572042779);
#73=CIRCLE('',#3861,0.213863095871338);
#74=CIRCLE('',#3863,0.177405236611626);
#75=CIRCLE('',#3864,0.907668538791119);
#76=CIRCLE('',#3867,0.213863095871338);
#77=CIRCLE('',#3870,1.0411572042779);
#78=CIRCLE('',#3872,4.9476677498213);
#79=CIRCLE('',#3874,0.166174866261001);
#80=CIRCLE('',#3877,0.166174866261001);
#81=CIRCLE('',#3879,4.9476677498213);
#82=CIRCLE('',#3881,1.0411572042779);
#83=CIRCLE('',#3884,0.213863095871338);
#84=CIRCLE('',#3888,0.907668538791119);
#85=CIRCLE('',#3893,0.177405236611626);
#86=CIRCLE('',#3901,0.177405236611626);
#87=CIRCLE('',#3906,0.907668538791119);
#88=CIRCLE('',#3918,0.167999999999999);
#89=CIRCLE('',#3919,0.167999999999999);
#90=CIRCLE('',#3922,0.167999999999999);
#91=CIRCLE('',#3923,0.167999999999999);
#92=CIRCLE('',#3925,0.239999999999999);
#93=CIRCLE('',#3927,0.239999999999999);
#94=CIRCLE('',#3930,0.239999999999999);
#95=CIRCLE('',#3931,0.239999999999999);
#96=CIRCLE('',#3933,0.239999999999999);
#97=CIRCLE('',#3935,0.239999999999999);
#98=CIRCLE('',#3938,0.239999999999999);
#99=CIRCLE('',#3939,0.239999999999999);
#100=CIRCLE('',#3941,0.0719999999999997);
#101=CIRCLE('',#3943,0.0719999999999997);
#102=CIRCLE('',#3946,0.0719999999999997);
#103=CIRCLE('',#3948,0.0719999999999997);
#104=CIRCLE('',#3971,0.0719999999999997);
#105=CIRCLE('',#3972,0.0719999999999997);
#106=CIRCLE('',#3982,0.0719999999999997);
#107=CIRCLE('',#3983,0.0719999999999997);
#108=CIRCLE('',#3986,0.239999999999999);
#109=CIRCLE('',#3987,0.239999999999999);
#110=CIRCLE('',#3988,0.239999999999999);
#111=CIRCLE('',#3989,0.239999999999999);
#112=CIRCLE('',#3996,0.239999999999999);
#113=CIRCLE('',#3998,0.167999999999999);
#114=CIRCLE('',#4000,0.167999999999999);
#115=CIRCLE('',#4002,0.239999999999999);
#116=CIRCLE('',#4009,0.239999999999999);
#117=CIRCLE('',#4011,0.167999999999999);
#118=CIRCLE('',#4013,0.167999999999999);
#119=CIRCLE('',#4015,0.239999999999999);
#120=B_SPLINE_CURVE_WITH_KNOTS('',3,(#4864,#4865,#4866,#4867),
 .UNSPECIFIED.,.F.,.F.,(4,4),(0.,0.000117946566334049),.UNSPECIFIED.);
#121=B_SPLINE_CURVE_WITH_KNOTS('',3,(#4871,#4872,#4873,#4874),
 .UNSPECIFIED.,.F.,.F.,(4,4),(0.,0.000117935892732213),.UNSPECIFIED.);
#122=B_SPLINE_CURVE_WITH_KNOTS('',3,(#4895,#4896,#4897,#4898),
 .UNSPECIFIED.,.F.,.F.,(4,4),(0.,0.00011794656633405),.UNSPECIFIED.);
#123=B_SPLINE_CURVE_WITH_KNOTS('',3,(#4902,#4903,#4904,#4905),
 .UNSPECIFIED.,.F.,.F.,(4,4),(0.,0.000117935892732212),.UNSPECIFIED.);
#124=B_SPLINE_CURVE_WITH_KNOTS('',3,(#5278,#5279,#5280,#5281),
 .UNSPECIFIED.,.F.,.F.,(4,4),(0.,5.65446222990148E-5),.UNSPECIFIED.);
#125=B_SPLINE_CURVE_WITH_KNOTS('',3,(#5291,#5292,#5293,#5294),
 .UNSPECIFIED.,.F.,.F.,(4,4),(0.,5.65810184852579E-5),.UNSPECIFIED.);
#126=B_SPLINE_CURVE_WITH_KNOTS('',3,(#5302,#5303,#5304,#5305),
 .UNSPECIFIED.,.F.,.F.,(4,4),(0.,5.65446222990156E-5),.UNSPECIFIED.);
#127=B_SPLINE_CURVE_WITH_KNOTS('',3,(#5315,#5316,#5317,#5318),
 .UNSPECIFIED.,.F.,.F.,(4,4),(0.,5.65810184852587E-5),.UNSPECIFIED.);
#128=B_SPLINE_CURVE_WITH_KNOTS('',3,(#5442,#5443,#5444,#5445),
 .UNSPECIFIED.,.F.,.F.,(4,4),(0.,5.65810184852587E-5),.UNSPECIFIED.);
#129=B_SPLINE_CURVE_WITH_KNOTS('',3,(#5447,#5448,#5449,#5450),
 .UNSPECIFIED.,.F.,.F.,(4,4),(0.,5.65446222990156E-5),.UNSPECIFIED.);
#130=B_SPLINE_CURVE_WITH_KNOTS('',3,(#5477,#5478,#5479,#5480),
 .UNSPECIFIED.,.F.,.F.,(4,4),(0.,5.65810184852579E-5),.UNSPECIFIED.);
#131=B_SPLINE_CURVE_WITH_KNOTS('',3,(#5484,#5485,#5486,#5487),
 .UNSPECIFIED.,.F.,.F.,(4,4),(0.,5.65446222990149E-5),.UNSPECIFIED.);
#132=B_SPLINE_CURVE_WITH_KNOTS('',3,(#5505,#5506,#5507,#5508),
 .UNSPECIFIED.,.F.,.F.,(4,4),(8.94056015336375E-19,0.000117935892732212),
 .UNSPECIFIED.);
#133=B_SPLINE_CURVE_WITH_KNOTS('',3,(#5516,#5517,#5518,#5519),
 .UNSPECIFIED.,.F.,.F.,(4,4),(0.,0.000117946566334049),.UNSPECIFIED.);
#134=B_SPLINE_CURVE_WITH_KNOTS('',3,(#5542,#5543,#5544,#5545),
 .UNSPECIFIED.,.F.,.F.,(4,4),(0.,0.000117935892732212),.UNSPECIFIED.);
#135=B_SPLINE_CURVE_WITH_KNOTS('',3,(#5553,#5554,#5555,#5556),
 .UNSPECIFIED.,.F.,.F.,(4,4),(0.,0.00011794656633405),.UNSPECIFIED.);
#136=ORIENTED_EDGE('',*,*,#920,.T.);
#137=ORIENTED_EDGE('',*,*,#921,.T.);
#138=ORIENTED_EDGE('',*,*,#922,.T.);
#139=ORIENTED_EDGE('',*,*,#923,.F.);
#140=ORIENTED_EDGE('',*,*,#924,.F.);
#141=ORIENTED_EDGE('',*,*,#925,.T.);
#142=ORIENTED_EDGE('',*,*,#926,.T.);
#143=ORIENTED_EDGE('',*,*,#927,.T.);
#144=ORIENTED_EDGE('',*,*,#928,.T.);
#145=ORIENTED_EDGE('',*,*,#929,.T.);
#146=ORIENTED_EDGE('',*,*,#930,.T.);
#147=ORIENTED_EDGE('',*,*,#931,.T.);
#148=ORIENTED_EDGE('',*,*,#932,.F.);
#149=ORIENTED_EDGE('',*,*,#933,.F.);
#150=ORIENTED_EDGE('',*,*,#934,.F.);
#151=ORIENTED_EDGE('',*,*,#935,.F.);
#152=ORIENTED_EDGE('',*,*,#936,.F.);
#153=ORIENTED_EDGE('',*,*,#937,.F.);
#154=ORIENTED_EDGE('',*,*,#938,.F.);
#155=ORIENTED_EDGE('',*,*,#939,.F.);
#156=ORIENTED_EDGE('',*,*,#940,.F.);
#157=ORIENTED_EDGE('',*,*,#941,.T.);
#158=ORIENTED_EDGE('',*,*,#942,.T.);
#159=ORIENTED_EDGE('',*,*,#943,.F.);
#160=ORIENTED_EDGE('',*,*,#944,.T.);
#161=ORIENTED_EDGE('',*,*,#945,.T.);
#162=ORIENTED_EDGE('',*,*,#946,.T.);
#163=ORIENTED_EDGE('',*,*,#947,.T.);
#164=ORIENTED_EDGE('',*,*,#948,.F.);
#165=ORIENTED_EDGE('',*,*,#949,.F.);
#166=ORIENTED_EDGE('',*,*,#950,.F.);
#167=ORIENTED_EDGE('',*,*,#951,.F.);
#168=ORIENTED_EDGE('',*,*,#952,.F.);
#169=ORIENTED_EDGE('',*,*,#953,.T.);
#170=ORIENTED_EDGE('',*,*,#954,.F.);
#171=ORIENTED_EDGE('',*,*,#949,.T.);
#172=ORIENTED_EDGE('',*,*,#955,.F.);
#173=ORIENTED_EDGE('',*,*,#953,.F.);
#174=ORIENTED_EDGE('',*,*,#956,.F.);
#175=ORIENTED_EDGE('',*,*,#957,.F.);
#176=ORIENTED_EDGE('',*,*,#958,.F.);
#177=ORIENTED_EDGE('',*,*,#959,.T.);
#178=ORIENTED_EDGE('',*,*,#940,.T.);
#179=ORIENTED_EDGE('',*,*,#960,.F.);
#180=ORIENTED_EDGE('',*,*,#961,.T.);
#181=ORIENTED_EDGE('',*,*,#962,.F.);
#182=ORIENTED_EDGE('',*,*,#963,.T.);
#183=ORIENTED_EDGE('',*,*,#964,.F.);
#184=ORIENTED_EDGE('',*,*,#965,.T.);
#185=ORIENTED_EDGE('',*,*,#966,.F.);
#186=ORIENTED_EDGE('',*,*,#967,.F.);
#187=ORIENTED_EDGE('',*,*,#968,.T.);
#188=ORIENTED_EDGE('',*,*,#958,.T.);
#189=ORIENTED_EDGE('',*,*,#969,.F.);
#190=ORIENTED_EDGE('',*,*,#942,.F.);
#191=ORIENTED_EDGE('',*,*,#970,.T.);
#192=ORIENTED_EDGE('',*,*,#967,.T.);
#193=ORIENTED_EDGE('',*,*,#971,.F.);
#194=ORIENTED_EDGE('',*,*,#972,.F.);
#195=ORIENTED_EDGE('',*,*,#973,.F.);
#196=ORIENTED_EDGE('',*,*,#974,.T.);
#197=ORIENTED_EDGE('',*,*,#975,.F.);
#198=ORIENTED_EDGE('',*,*,#976,.T.);
#199=ORIENTED_EDGE('',*,*,#977,.F.);
#200=ORIENTED_EDGE('',*,*,#978,.F.);
#201=ORIENTED_EDGE('',*,*,#972,.T.);
#202=ORIENTED_EDGE('',*,*,#979,.F.);
#203=ORIENTED_EDGE('',*,*,#965,.F.);
#204=ORIENTED_EDGE('',*,*,#980,.F.);
#205=ORIENTED_EDGE('',*,*,#981,.F.);
#206=ORIENTED_EDGE('',*,*,#982,.F.);
#207=ORIENTED_EDGE('',*,*,#983,.F.);
#208=ORIENTED_EDGE('',*,*,#984,.F.);
#209=ORIENTED_EDGE('',*,*,#985,.F.);
#210=ORIENTED_EDGE('',*,*,#986,.F.);
#211=ORIENTED_EDGE('',*,*,#987,.F.);
#212=ORIENTED_EDGE('',*,*,#988,.T.);
#213=ORIENTED_EDGE('',*,*,#987,.T.);
#214=ORIENTED_EDGE('',*,*,#989,.T.);
#215=ORIENTED_EDGE('',*,*,#983,.T.);
#216=ORIENTED_EDGE('',*,*,#954,.T.);
#217=ORIENTED_EDGE('',*,*,#955,.T.);
#218=ORIENTED_EDGE('',*,*,#990,.T.);
#219=ORIENTED_EDGE('',*,*,#991,.F.);
#220=ORIENTED_EDGE('',*,*,#992,.F.);
#221=ORIENTED_EDGE('',*,*,#950,.T.);
#222=ORIENTED_EDGE('',*,*,#993,.F.);
#223=ORIENTED_EDGE('',*,*,#951,.T.);
#224=ORIENTED_EDGE('',*,*,#992,.T.);
#225=ORIENTED_EDGE('',*,*,#994,.F.);
#226=ORIENTED_EDGE('',*,*,#995,.F.);
#227=ORIENTED_EDGE('',*,*,#956,.T.);
#228=ORIENTED_EDGE('',*,*,#952,.T.);
#229=ORIENTED_EDGE('',*,*,#948,.T.);
#230=ORIENTED_EDGE('',*,*,#993,.T.);
#231=ORIENTED_EDGE('',*,*,#996,.F.);
#232=ORIENTED_EDGE('',*,*,#990,.F.);
#233=ORIENTED_EDGE('',*,*,#957,.T.);
#234=ORIENTED_EDGE('',*,*,#995,.T.);
#235=ORIENTED_EDGE('',*,*,#997,.F.);
#236=ORIENTED_EDGE('',*,*,#998,.T.);
#237=ORIENTED_EDGE('',*,*,#999,.T.);
#238=ORIENTED_EDGE('',*,*,#1000,.T.);
#239=ORIENTED_EDGE('',*,*,#1001,.F.);
#240=ORIENTED_EDGE('',*,*,#1002,.T.);
#241=ORIENTED_EDGE('',*,*,#1001,.T.);
#242=ORIENTED_EDGE('',*,*,#1003,.T.);
#243=ORIENTED_EDGE('',*,*,#1004,.F.);
#244=ORIENTED_EDGE('',*,*,#1005,.T.);
#245=ORIENTED_EDGE('',*,*,#1004,.T.);
#246=ORIENTED_EDGE('',*,*,#1006,.T.);
#247=ORIENTED_EDGE('',*,*,#1007,.F.);
#248=ORIENTED_EDGE('',*,*,#979,.T.);
#249=ORIENTED_EDGE('',*,*,#971,.T.);
#250=ORIENTED_EDGE('',*,*,#969,.T.);
#251=ORIENTED_EDGE('',*,*,#966,.T.);
#252=ORIENTED_EDGE('',*,*,#1008,.F.);
#253=ORIENTED_EDGE('',*,*,#1007,.T.);
#254=ORIENTED_EDGE('',*,*,#1009,.F.);
#255=ORIENTED_EDGE('',*,*,#1010,.F.);
#256=ORIENTED_EDGE('',*,*,#1011,.T.);
#257=ORIENTED_EDGE('',*,*,#1010,.T.);
#258=ORIENTED_EDGE('',*,*,#1012,.T.);
#259=ORIENTED_EDGE('',*,*,#921,.F.);
#260=ORIENTED_EDGE('',*,*,#1013,.T.);
#261=ORIENTED_EDGE('',*,*,#923,.T.);
#262=ORIENTED_EDGE('',*,*,#1014,.T.);
#263=ORIENTED_EDGE('',*,*,#1015,.F.);
#264=ORIENTED_EDGE('',*,*,#1016,.F.);
#265=ORIENTED_EDGE('',*,*,#1015,.T.);
#266=ORIENTED_EDGE('',*,*,#1017,.F.);
#267=ORIENTED_EDGE('',*,*,#1018,.F.);
#268=ORIENTED_EDGE('',*,*,#1019,.F.);
#269=ORIENTED_EDGE('',*,*,#981,.T.);
#270=ORIENTED_EDGE('',*,*,#1020,.T.);
#271=ORIENTED_EDGE('',*,*,#1021,.T.);
#272=ORIENTED_EDGE('',*,*,#1022,.F.);
#273=ORIENTED_EDGE('',*,*,#984,.T.);
#274=ORIENTED_EDGE('',*,*,#988,.F.);
#275=ORIENTED_EDGE('',*,*,#982,.T.);
#276=ORIENTED_EDGE('',*,*,#1019,.T.);
#277=ORIENTED_EDGE('',*,*,#1023,.T.);
#278=ORIENTED_EDGE('',*,*,#1024,.F.);
#279=ORIENTED_EDGE('',*,*,#985,.T.);
#280=ORIENTED_EDGE('',*,*,#1022,.T.);
#281=ORIENTED_EDGE('',*,*,#1025,.T.);
#282=ORIENTED_EDGE('',*,*,#989,.F.);
#283=ORIENTED_EDGE('',*,*,#986,.T.);
#284=ORIENTED_EDGE('',*,*,#1024,.T.);
#285=ORIENTED_EDGE('',*,*,#1026,.T.);
#286=ORIENTED_EDGE('',*,*,#1020,.F.);
#287=ORIENTED_EDGE('',*,*,#980,.T.);
#288=ORIENTED_EDGE('',*,*,#999,.F.);
#289=ORIENTED_EDGE('',*,*,#1027,.F.);
#290=ORIENTED_EDGE('',*,*,#1028,.F.);
#291=ORIENTED_EDGE('',*,*,#1029,.F.);
#292=ORIENTED_EDGE('',*,*,#1030,.F.);
#293=ORIENTED_EDGE('',*,*,#1031,.F.);
#294=ORIENTED_EDGE('',*,*,#1032,.F.);
#295=ORIENTED_EDGE('',*,*,#1033,.F.);
#296=ORIENTED_EDGE('',*,*,#1034,.F.);
#297=ORIENTED_EDGE('',*,*,#1035,.F.);
#298=ORIENTED_EDGE('',*,*,#1036,.F.);
#299=ORIENTED_EDGE('',*,*,#1037,.F.);
#300=ORIENTED_EDGE('',*,*,#1038,.F.);
#301=ORIENTED_EDGE('',*,*,#1018,.T.);
#302=ORIENTED_EDGE('',*,*,#1039,.T.);
#303=ORIENTED_EDGE('',*,*,#1040,.F.);
#304=ORIENTED_EDGE('',*,*,#998,.F.);
#305=ORIENTED_EDGE('',*,*,#1002,.F.);
#306=ORIENTED_EDGE('',*,*,#1005,.F.);
#307=ORIENTED_EDGE('',*,*,#1008,.T.);
#308=ORIENTED_EDGE('',*,*,#1011,.F.);
#309=ORIENTED_EDGE('',*,*,#920,.F.);
#310=ORIENTED_EDGE('',*,*,#1013,.F.);
#311=ORIENTED_EDGE('',*,*,#1016,.T.);
#312=ORIENTED_EDGE('',*,*,#1038,.T.);
#313=ORIENTED_EDGE('',*,*,#1041,.F.);
#314=ORIENTED_EDGE('',*,*,#1042,.F.);
#315=ORIENTED_EDGE('',*,*,#1027,.T.);
#316=ORIENTED_EDGE('',*,*,#1026,.F.);
#317=ORIENTED_EDGE('',*,*,#1025,.F.);
#318=ORIENTED_EDGE('',*,*,#1023,.F.);
#319=ORIENTED_EDGE('',*,*,#1021,.F.);
#320=ORIENTED_EDGE('',*,*,#1043,.F.);
#321=ORIENTED_EDGE('',*,*,#1044,.T.);
#322=ORIENTED_EDGE('',*,*,#1045,.T.);
#323=ORIENTED_EDGE('',*,*,#1046,.T.);
#324=ORIENTED_EDGE('',*,*,#1047,.T.);
#325=ORIENTED_EDGE('',*,*,#1048,.T.);
#326=ORIENTED_EDGE('',*,*,#1049,.T.);
#327=ORIENTED_EDGE('',*,*,#1050,.T.);
#328=ORIENTED_EDGE('',*,*,#1051,.T.);
#329=ORIENTED_EDGE('',*,*,#1052,.T.);
#330=ORIENTED_EDGE('',*,*,#1053,.T.);
#331=ORIENTED_EDGE('',*,*,#1054,.T.);
#332=ORIENTED_EDGE('',*,*,#1055,.T.);
#333=ORIENTED_EDGE('',*,*,#1056,.T.);
#334=ORIENTED_EDGE('',*,*,#1057,.F.);
#335=ORIENTED_EDGE('',*,*,#1039,.F.);
#336=ORIENTED_EDGE('',*,*,#1017,.T.);
#337=ORIENTED_EDGE('',*,*,#1014,.F.);
#338=ORIENTED_EDGE('',*,*,#922,.F.);
#339=ORIENTED_EDGE('',*,*,#1012,.F.);
#340=ORIENTED_EDGE('',*,*,#1009,.T.);
#341=ORIENTED_EDGE('',*,*,#1006,.F.);
#342=ORIENTED_EDGE('',*,*,#1003,.F.);
#343=ORIENTED_EDGE('',*,*,#1000,.F.);
#344=ORIENTED_EDGE('',*,*,#1029,.T.);
#345=ORIENTED_EDGE('',*,*,#1058,.T.);
#346=ORIENTED_EDGE('',*,*,#997,.T.);
#347=ORIENTED_EDGE('',*,*,#996,.T.);
#348=ORIENTED_EDGE('',*,*,#994,.T.);
#349=ORIENTED_EDGE('',*,*,#991,.T.);
#350=ORIENTED_EDGE('',*,*,#1059,.F.);
#351=ORIENTED_EDGE('',*,*,#1060,.F.);
#352=ORIENTED_EDGE('',*,*,#1058,.F.);
#353=ORIENTED_EDGE('',*,*,#1028,.T.);
#354=ORIENTED_EDGE('',*,*,#1042,.T.);
#355=ORIENTED_EDGE('',*,*,#1061,.F.);
#356=ORIENTED_EDGE('',*,*,#1062,.F.);
#357=ORIENTED_EDGE('',*,*,#1063,.F.);
#358=ORIENTED_EDGE('',*,*,#1064,.F.);
#359=ORIENTED_EDGE('',*,*,#1065,.F.);
#360=ORIENTED_EDGE('',*,*,#1066,.F.);
#361=ORIENTED_EDGE('',*,*,#1067,.F.);
#362=ORIENTED_EDGE('',*,*,#1068,.T.);
#363=ORIENTED_EDGE('',*,*,#1069,.T.);
#364=ORIENTED_EDGE('',*,*,#1044,.F.);
#365=ORIENTED_EDGE('',*,*,#1070,.F.);
#366=ORIENTED_EDGE('',*,*,#1071,.T.);
#367=ORIENTED_EDGE('',*,*,#1072,.T.);
#368=ORIENTED_EDGE('',*,*,#1045,.F.);
#369=ORIENTED_EDGE('',*,*,#1069,.F.);
#370=ORIENTED_EDGE('',*,*,#1073,.T.);
#371=ORIENTED_EDGE('',*,*,#1074,.T.);
#372=ORIENTED_EDGE('',*,*,#1046,.F.);
#373=ORIENTED_EDGE('',*,*,#1072,.F.);
#374=ORIENTED_EDGE('',*,*,#1075,.T.);
#375=ORIENTED_EDGE('',*,*,#1076,.T.);
#376=ORIENTED_EDGE('',*,*,#1047,.F.);
#377=ORIENTED_EDGE('',*,*,#1074,.F.);
#378=ORIENTED_EDGE('',*,*,#1077,.T.);
#379=ORIENTED_EDGE('',*,*,#1078,.T.);
#380=ORIENTED_EDGE('',*,*,#1048,.F.);
#381=ORIENTED_EDGE('',*,*,#1076,.F.);
#382=ORIENTED_EDGE('',*,*,#1079,.T.);
#383=ORIENTED_EDGE('',*,*,#1080,.T.);
#384=ORIENTED_EDGE('',*,*,#1049,.F.);
#385=ORIENTED_EDGE('',*,*,#1078,.F.);
#386=ORIENTED_EDGE('',*,*,#1081,.T.);
#387=ORIENTED_EDGE('',*,*,#1082,.T.);
#388=ORIENTED_EDGE('',*,*,#1050,.F.);
#389=ORIENTED_EDGE('',*,*,#1080,.F.);
#390=ORIENTED_EDGE('',*,*,#1083,.T.);
#391=ORIENTED_EDGE('',*,*,#1084,.T.);
#392=ORIENTED_EDGE('',*,*,#1051,.F.);
#393=ORIENTED_EDGE('',*,*,#1082,.F.);
#394=ORIENTED_EDGE('',*,*,#1085,.T.);
#395=ORIENTED_EDGE('',*,*,#1086,.T.);
#396=ORIENTED_EDGE('',*,*,#1052,.F.);
#397=ORIENTED_EDGE('',*,*,#1084,.F.);
#398=ORIENTED_EDGE('',*,*,#1087,.T.);
#399=ORIENTED_EDGE('',*,*,#1088,.T.);
#400=ORIENTED_EDGE('',*,*,#1053,.F.);
#401=ORIENTED_EDGE('',*,*,#1086,.F.);
#402=ORIENTED_EDGE('',*,*,#1089,.T.);
#403=ORIENTED_EDGE('',*,*,#1090,.T.);
#404=ORIENTED_EDGE('',*,*,#1054,.F.);
#405=ORIENTED_EDGE('',*,*,#1088,.F.);
#406=ORIENTED_EDGE('',*,*,#1091,.T.);
#407=ORIENTED_EDGE('',*,*,#1092,.T.);
#408=ORIENTED_EDGE('',*,*,#1055,.F.);
#409=ORIENTED_EDGE('',*,*,#1090,.F.);
#410=ORIENTED_EDGE('',*,*,#1093,.T.);
#411=ORIENTED_EDGE('',*,*,#1094,.T.);
#412=ORIENTED_EDGE('',*,*,#1056,.F.);
#413=ORIENTED_EDGE('',*,*,#1092,.F.);
#414=ORIENTED_EDGE('',*,*,#1095,.F.);
#415=ORIENTED_EDGE('',*,*,#1096,.T.);
#416=ORIENTED_EDGE('',*,*,#1097,.T.);
#417=ORIENTED_EDGE('',*,*,#1030,.T.);
#418=ORIENTED_EDGE('',*,*,#1097,.F.);
#419=ORIENTED_EDGE('',*,*,#1098,.T.);
#420=ORIENTED_EDGE('',*,*,#1099,.T.);
#421=ORIENTED_EDGE('',*,*,#1031,.T.);
#422=ORIENTED_EDGE('',*,*,#1099,.F.);
#423=ORIENTED_EDGE('',*,*,#1100,.T.);
#424=ORIENTED_EDGE('',*,*,#1101,.T.);
#425=ORIENTED_EDGE('',*,*,#1032,.T.);
#426=ORIENTED_EDGE('',*,*,#1101,.F.);
#427=ORIENTED_EDGE('',*,*,#1102,.T.);
#428=ORIENTED_EDGE('',*,*,#1103,.T.);
#429=ORIENTED_EDGE('',*,*,#1033,.T.);
#430=ORIENTED_EDGE('',*,*,#1103,.F.);
#431=ORIENTED_EDGE('',*,*,#1104,.T.);
#432=ORIENTED_EDGE('',*,*,#1105,.T.);
#433=ORIENTED_EDGE('',*,*,#1034,.T.);
#434=ORIENTED_EDGE('',*,*,#1105,.F.);
#435=ORIENTED_EDGE('',*,*,#1106,.T.);
#436=ORIENTED_EDGE('',*,*,#1107,.T.);
#437=ORIENTED_EDGE('',*,*,#1035,.T.);
#438=ORIENTED_EDGE('',*,*,#1107,.F.);
#439=ORIENTED_EDGE('',*,*,#1108,.T.);
#440=ORIENTED_EDGE('',*,*,#1109,.T.);
#441=ORIENTED_EDGE('',*,*,#1036,.T.);
#442=ORIENTED_EDGE('',*,*,#1094,.F.);
#443=ORIENTED_EDGE('',*,*,#1110,.F.);
#444=ORIENTED_EDGE('',*,*,#1111,.F.);
#445=ORIENTED_EDGE('',*,*,#1095,.T.);
#446=ORIENTED_EDGE('',*,*,#1040,.T.);
#447=ORIENTED_EDGE('',*,*,#1057,.T.);
#448=ORIENTED_EDGE('',*,*,#1112,.F.);
#449=ORIENTED_EDGE('',*,*,#1061,.T.);
#450=ORIENTED_EDGE('',*,*,#1041,.T.);
#451=ORIENTED_EDGE('',*,*,#1037,.T.);
#452=ORIENTED_EDGE('',*,*,#1109,.F.);
#453=ORIENTED_EDGE('',*,*,#1113,.F.);
#454=ORIENTED_EDGE('',*,*,#1114,.T.);
#455=ORIENTED_EDGE('',*,*,#1115,.T.);
#456=ORIENTED_EDGE('',*,*,#1116,.F.);
#457=ORIENTED_EDGE('',*,*,#1059,.T.);
#458=ORIENTED_EDGE('',*,*,#1117,.F.);
#459=ORIENTED_EDGE('',*,*,#1070,.T.);
#460=ORIENTED_EDGE('',*,*,#1043,.T.);
#461=ORIENTED_EDGE('',*,*,#1060,.T.);
#462=ORIENTED_EDGE('',*,*,#1116,.T.);
#463=ORIENTED_EDGE('',*,*,#1118,.F.);
#464=ORIENTED_EDGE('',*,*,#1112,.T.);
#465=ORIENTED_EDGE('',*,*,#1119,.T.);
#466=ORIENTED_EDGE('',*,*,#1120,.F.);
#467=ORIENTED_EDGE('',*,*,#1062,.T.);
#468=ORIENTED_EDGE('',*,*,#1120,.T.);
#469=ORIENTED_EDGE('',*,*,#1121,.T.);
#470=ORIENTED_EDGE('',*,*,#1122,.F.);
#471=ORIENTED_EDGE('',*,*,#1063,.T.);
#472=ORIENTED_EDGE('',*,*,#1122,.T.);
#473=ORIENTED_EDGE('',*,*,#1123,.T.);
#474=ORIENTED_EDGE('',*,*,#1124,.F.);
#475=ORIENTED_EDGE('',*,*,#1064,.T.);
#476=ORIENTED_EDGE('',*,*,#1124,.T.);
#477=ORIENTED_EDGE('',*,*,#1125,.T.);
#478=ORIENTED_EDGE('',*,*,#1126,.F.);
#479=ORIENTED_EDGE('',*,*,#1065,.T.);
#480=ORIENTED_EDGE('',*,*,#1126,.T.);
#481=ORIENTED_EDGE('',*,*,#1127,.T.);
#482=ORIENTED_EDGE('',*,*,#1128,.F.);
#483=ORIENTED_EDGE('',*,*,#1066,.T.);
#484=ORIENTED_EDGE('',*,*,#1128,.T.);
#485=ORIENTED_EDGE('',*,*,#1129,.T.);
#486=ORIENTED_EDGE('',*,*,#1114,.F.);
#487=ORIENTED_EDGE('',*,*,#1067,.T.);
#488=ORIENTED_EDGE('',*,*,#1130,.T.);
#489=ORIENTED_EDGE('',*,*,#1131,.T.);
#490=ORIENTED_EDGE('',*,*,#1132,.T.);
#491=ORIENTED_EDGE('',*,*,#1133,.T.);
#492=ORIENTED_EDGE('',*,*,#1093,.F.);
#493=ORIENTED_EDGE('',*,*,#1091,.F.);
#494=ORIENTED_EDGE('',*,*,#1089,.F.);
#495=ORIENTED_EDGE('',*,*,#1087,.F.);
#496=ORIENTED_EDGE('',*,*,#1085,.F.);
#497=ORIENTED_EDGE('',*,*,#1083,.F.);
#498=ORIENTED_EDGE('',*,*,#1081,.F.);
#499=ORIENTED_EDGE('',*,*,#1079,.F.);
#500=ORIENTED_EDGE('',*,*,#1077,.F.);
#501=ORIENTED_EDGE('',*,*,#1075,.F.);
#502=ORIENTED_EDGE('',*,*,#1073,.F.);
#503=ORIENTED_EDGE('',*,*,#1071,.F.);
#504=ORIENTED_EDGE('',*,*,#1068,.F.);
#505=ORIENTED_EDGE('',*,*,#1117,.T.);
#506=ORIENTED_EDGE('',*,*,#1134,.F.);
#507=ORIENTED_EDGE('',*,*,#931,.F.);
#508=ORIENTED_EDGE('',*,*,#1135,.T.);
#509=ORIENTED_EDGE('',*,*,#1110,.T.);
#510=ORIENTED_EDGE('',*,*,#1111,.T.);
#511=ORIENTED_EDGE('',*,*,#1135,.F.);
#512=ORIENTED_EDGE('',*,*,#930,.F.);
#513=ORIENTED_EDGE('',*,*,#1136,.T.);
#514=ORIENTED_EDGE('',*,*,#1108,.F.);
#515=ORIENTED_EDGE('',*,*,#1106,.F.);
#516=ORIENTED_EDGE('',*,*,#1104,.F.);
#517=ORIENTED_EDGE('',*,*,#1102,.F.);
#518=ORIENTED_EDGE('',*,*,#1100,.F.);
#519=ORIENTED_EDGE('',*,*,#1098,.F.);
#520=ORIENTED_EDGE('',*,*,#1096,.F.);
#521=ORIENTED_EDGE('',*,*,#1113,.T.);
#522=ORIENTED_EDGE('',*,*,#1136,.F.);
#523=ORIENTED_EDGE('',*,*,#929,.F.);
#524=ORIENTED_EDGE('',*,*,#1137,.T.);
#525=ORIENTED_EDGE('',*,*,#1129,.F.);
#526=ORIENTED_EDGE('',*,*,#1127,.F.);
#527=ORIENTED_EDGE('',*,*,#1125,.F.);
#528=ORIENTED_EDGE('',*,*,#1123,.F.);
#529=ORIENTED_EDGE('',*,*,#1121,.F.);
#530=ORIENTED_EDGE('',*,*,#1119,.F.);
#531=ORIENTED_EDGE('',*,*,#1137,.F.);
#532=ORIENTED_EDGE('',*,*,#928,.F.);
#533=ORIENTED_EDGE('',*,*,#1134,.T.);
#534=ORIENTED_EDGE('',*,*,#1118,.T.);
#535=ORIENTED_EDGE('',*,*,#1115,.F.);
#536=ORIENTED_EDGE('',*,*,#1138,.T.);
#537=ORIENTED_EDGE('',*,*,#1139,.T.);
#538=ORIENTED_EDGE('',*,*,#1140,.F.);
#539=ORIENTED_EDGE('',*,*,#935,.T.);
#540=ORIENTED_EDGE('',*,*,#1141,.T.);
#541=ORIENTED_EDGE('',*,*,#1142,.T.);
#542=ORIENTED_EDGE('',*,*,#1138,.F.);
#543=ORIENTED_EDGE('',*,*,#934,.T.);
#544=ORIENTED_EDGE('',*,*,#1143,.T.);
#545=ORIENTED_EDGE('',*,*,#1144,.T.);
#546=ORIENTED_EDGE('',*,*,#1141,.F.);
#547=ORIENTED_EDGE('',*,*,#933,.T.);
#548=ORIENTED_EDGE('',*,*,#1140,.T.);
#549=ORIENTED_EDGE('',*,*,#1145,.T.);
#550=ORIENTED_EDGE('',*,*,#1143,.F.);
#551=ORIENTED_EDGE('',*,*,#932,.T.);
#552=ORIENTED_EDGE('',*,*,#1146,.T.);
#553=ORIENTED_EDGE('',*,*,#1147,.T.);
#554=ORIENTED_EDGE('',*,*,#1148,.T.);
#555=ORIENTED_EDGE('',*,*,#1149,.F.);
#556=ORIENTED_EDGE('',*,*,#975,.T.);
#557=ORIENTED_EDGE('',*,*,#1150,.T.);
#558=ORIENTED_EDGE('',*,*,#1151,.T.);
#559=ORIENTED_EDGE('',*,*,#1152,.T.);
#560=ORIENTED_EDGE('',*,*,#1153,.T.);
#561=ORIENTED_EDGE('',*,*,#1154,.T.);
#562=ORIENTED_EDGE('',*,*,#1155,.T.);
#563=ORIENTED_EDGE('',*,*,#1156,.F.);
#564=ORIENTED_EDGE('',*,*,#962,.T.);
#565=ORIENTED_EDGE('',*,*,#1157,.T.);
#566=ORIENTED_EDGE('',*,*,#1158,.T.);
#567=ORIENTED_EDGE('',*,*,#1159,.T.);
#568=ORIENTED_EDGE('',*,*,#1160,.F.);
#569=ORIENTED_EDGE('',*,*,#1161,.T.);
#570=ORIENTED_EDGE('',*,*,#1162,.T.);
#571=ORIENTED_EDGE('',*,*,#1163,.T.);
#572=ORIENTED_EDGE('',*,*,#964,.T.);
#573=ORIENTED_EDGE('',*,*,#1164,.T.);
#574=ORIENTED_EDGE('',*,*,#1153,.F.);
#575=ORIENTED_EDGE('',*,*,#1165,.T.);
#576=ORIENTED_EDGE('',*,*,#1166,.T.);
#577=ORIENTED_EDGE('',*,*,#1167,.F.);
#578=ORIENTED_EDGE('',*,*,#1148,.F.);
#579=ORIENTED_EDGE('',*,*,#1168,.T.);
#580=ORIENTED_EDGE('',*,*,#973,.T.);
#581=ORIENTED_EDGE('',*,*,#1169,.F.);
#582=ORIENTED_EDGE('',*,*,#1170,.F.);
#583=ORIENTED_EDGE('',*,*,#1171,.T.);
#584=ORIENTED_EDGE('',*,*,#1172,.T.);
#585=ORIENTED_EDGE('',*,*,#1173,.T.);
#586=ORIENTED_EDGE('',*,*,#977,.T.);
#587=ORIENTED_EDGE('',*,*,#1174,.T.);
#588=ORIENTED_EDGE('',*,*,#1146,.F.);
#589=ORIENTED_EDGE('',*,*,#1175,.T.);
#590=ORIENTED_EDGE('',*,*,#1176,.T.);
#591=ORIENTED_EDGE('',*,*,#1177,.F.);
#592=ORIENTED_EDGE('',*,*,#1155,.F.);
#593=ORIENTED_EDGE('',*,*,#1178,.T.);
#594=ORIENTED_EDGE('',*,*,#960,.T.);
#595=ORIENTED_EDGE('',*,*,#1179,.F.);
#596=ORIENTED_EDGE('',*,*,#976,.F.);
#597=ORIENTED_EDGE('',*,*,#1152,.F.);
#598=ORIENTED_EDGE('',*,*,#1180,.F.);
#599=ORIENTED_EDGE('',*,*,#1174,.F.);
#600=ORIENTED_EDGE('',*,*,#1180,.T.);
#601=ORIENTED_EDGE('',*,*,#1151,.F.);
#602=ORIENTED_EDGE('',*,*,#1181,.F.);
#603=ORIENTED_EDGE('',*,*,#1147,.F.);
#604=ORIENTED_EDGE('',*,*,#974,.F.);
#605=ORIENTED_EDGE('',*,*,#1168,.F.);
#606=ORIENTED_EDGE('',*,*,#1181,.T.);
#607=ORIENTED_EDGE('',*,*,#1150,.F.);
#608=ORIENTED_EDGE('',*,*,#963,.F.);
#609=ORIENTED_EDGE('',*,*,#1159,.F.);
#610=ORIENTED_EDGE('',*,*,#1182,.F.);
#611=ORIENTED_EDGE('',*,*,#1164,.F.);
#612=ORIENTED_EDGE('',*,*,#1182,.T.);
#613=ORIENTED_EDGE('',*,*,#1158,.F.);
#614=ORIENTED_EDGE('',*,*,#1183,.F.);
#615=ORIENTED_EDGE('',*,*,#1154,.F.);
#616=ORIENTED_EDGE('',*,*,#961,.F.);
#617=ORIENTED_EDGE('',*,*,#1178,.F.);
#618=ORIENTED_EDGE('',*,*,#1183,.T.);
#619=ORIENTED_EDGE('',*,*,#1157,.F.);
#620=ORIENTED_EDGE('',*,*,#1163,.F.);
#621=ORIENTED_EDGE('',*,*,#1184,.T.);
#622=ORIENTED_EDGE('',*,*,#1169,.T.);
#623=ORIENTED_EDGE('',*,*,#978,.T.);
#624=ORIENTED_EDGE('',*,*,#1173,.F.);
#625=ORIENTED_EDGE('',*,*,#1185,.T.);
#626=ORIENTED_EDGE('',*,*,#1179,.T.);
#627=ORIENTED_EDGE('',*,*,#943,.T.);
#628=ORIENTED_EDGE('',*,*,#1167,.T.);
#629=ORIENTED_EDGE('',*,*,#1186,.T.);
#630=ORIENTED_EDGE('',*,*,#1160,.T.);
#631=ORIENTED_EDGE('',*,*,#1156,.T.);
#632=ORIENTED_EDGE('',*,*,#1177,.T.);
#633=ORIENTED_EDGE('',*,*,#1187,.T.);
#634=ORIENTED_EDGE('',*,*,#1170,.T.);
#635=ORIENTED_EDGE('',*,*,#1149,.T.);
#636=ORIENTED_EDGE('',*,*,#1172,.F.);
#637=ORIENTED_EDGE('',*,*,#1188,.T.);
#638=ORIENTED_EDGE('',*,*,#1175,.F.);
#639=ORIENTED_EDGE('',*,*,#1185,.F.);
#640=ORIENTED_EDGE('',*,*,#1162,.F.);
#641=ORIENTED_EDGE('',*,*,#1189,.T.);
#642=ORIENTED_EDGE('',*,*,#1165,.F.);
#643=ORIENTED_EDGE('',*,*,#1184,.F.);
#644=ORIENTED_EDGE('',*,*,#1166,.F.);
#645=ORIENTED_EDGE('',*,*,#1189,.F.);
#646=ORIENTED_EDGE('',*,*,#1161,.F.);
#647=ORIENTED_EDGE('',*,*,#1186,.F.);
#648=ORIENTED_EDGE('',*,*,#1176,.F.);
#649=ORIENTED_EDGE('',*,*,#1188,.F.);
#650=ORIENTED_EDGE('',*,*,#1171,.F.);
#651=ORIENTED_EDGE('',*,*,#1187,.F.);
#652=ORIENTED_EDGE('',*,*,#1190,.F.);
#653=ORIENTED_EDGE('',*,*,#1142,.F.);
#654=ORIENTED_EDGE('',*,*,#1191,.F.);
#655=ORIENTED_EDGE('',*,*,#1133,.F.);
#656=ORIENTED_EDGE('',*,*,#1191,.T.);
#657=ORIENTED_EDGE('',*,*,#1144,.F.);
#658=ORIENTED_EDGE('',*,*,#1192,.F.);
#659=ORIENTED_EDGE('',*,*,#1130,.F.);
#660=ORIENTED_EDGE('',*,*,#1190,.T.);
#661=ORIENTED_EDGE('',*,*,#1132,.F.);
#662=ORIENTED_EDGE('',*,*,#1193,.F.);
#663=ORIENTED_EDGE('',*,*,#1139,.F.);
#664=ORIENTED_EDGE('',*,*,#1192,.T.);
#665=ORIENTED_EDGE('',*,*,#1145,.F.);
#666=ORIENTED_EDGE('',*,*,#1193,.T.);
#667=ORIENTED_EDGE('',*,*,#1131,.F.);
#668=ORIENTED_EDGE('',*,*,#1194,.F.);
#669=ORIENTED_EDGE('',*,*,#947,.F.);
#670=ORIENTED_EDGE('',*,*,#1195,.F.);
#671=ORIENTED_EDGE('',*,*,#970,.F.);
#672=ORIENTED_EDGE('',*,*,#1195,.T.);
#673=ORIENTED_EDGE('',*,*,#946,.F.);
#674=ORIENTED_EDGE('',*,*,#1196,.F.);
#675=ORIENTED_EDGE('',*,*,#968,.F.);
#676=ORIENTED_EDGE('',*,*,#1194,.T.);
#677=ORIENTED_EDGE('',*,*,#941,.F.);
#678=ORIENTED_EDGE('',*,*,#1197,.F.);
#679=ORIENTED_EDGE('',*,*,#944,.F.);
#680=ORIENTED_EDGE('',*,*,#1196,.T.);
#681=ORIENTED_EDGE('',*,*,#945,.F.);
#682=ORIENTED_EDGE('',*,*,#1197,.T.);
#683=ORIENTED_EDGE('',*,*,#959,.F.);
#684=ORIENTED_EDGE('',*,*,#1198,.F.);
#685=ORIENTED_EDGE('',*,*,#1199,.F.);
#686=ORIENTED_EDGE('',*,*,#1200,.T.);
#687=ORIENTED_EDGE('',*,*,#1201,.T.);
#688=ORIENTED_EDGE('',*,*,#1202,.F.);
#689=ORIENTED_EDGE('',*,*,#1203,.F.);
#690=ORIENTED_EDGE('',*,*,#1204,.F.);
#691=ORIENTED_EDGE('',*,*,#1205,.F.);
#692=ORIENTED_EDGE('',*,*,#1199,.T.);
#693=ORIENTED_EDGE('',*,*,#1206,.F.);
#694=ORIENTED_EDGE('',*,*,#1207,.F.);
#695=ORIENTED_EDGE('',*,*,#1208,.F.);
#696=ORIENTED_EDGE('',*,*,#925,.F.);
#697=ORIENTED_EDGE('',*,*,#1209,.T.);
#698=ORIENTED_EDGE('',*,*,#1210,.F.);
#699=ORIENTED_EDGE('',*,*,#1211,.T.);
#700=ORIENTED_EDGE('',*,*,#1212,.F.);
#701=ORIENTED_EDGE('',*,*,#1201,.F.);
#702=ORIENTED_EDGE('',*,*,#1213,.T.);
#703=ORIENTED_EDGE('',*,*,#927,.F.);
#704=ORIENTED_EDGE('',*,*,#1209,.F.);
#705=ORIENTED_EDGE('',*,*,#924,.T.);
#706=ORIENTED_EDGE('',*,*,#1213,.F.);
#707=ORIENTED_EDGE('',*,*,#1200,.F.);
#708=ORIENTED_EDGE('',*,*,#926,.F.);
#709=ORIENTED_EDGE('',*,*,#1208,.T.);
#710=ORIENTED_EDGE('',*,*,#1214,.F.);
#711=ORIENTED_EDGE('',*,*,#1210,.T.);
#712=ORIENTED_EDGE('',*,*,#1215,.T.);
#713=ORIENTED_EDGE('',*,*,#1216,.F.);
#714=ORIENTED_EDGE('',*,*,#1217,.F.);
#715=ORIENTED_EDGE('',*,*,#1218,.F.);
#716=ORIENTED_EDGE('',*,*,#1219,.T.);
#717=ORIENTED_EDGE('',*,*,#1218,.T.);
#718=ORIENTED_EDGE('',*,*,#1220,.T.);
#719=ORIENTED_EDGE('',*,*,#1221,.T.);
#720=ORIENTED_EDGE('',*,*,#1222,.T.);
#721=ORIENTED_EDGE('',*,*,#1223,.T.);
#722=ORIENTED_EDGE('',*,*,#1224,.T.);
#723=ORIENTED_EDGE('',*,*,#1225,.T.);
#724=ORIENTED_EDGE('',*,*,#1226,.T.);
#725=ORIENTED_EDGE('',*,*,#1224,.F.);
#726=ORIENTED_EDGE('',*,*,#1227,.F.);
#727=ORIENTED_EDGE('',*,*,#1228,.F.);
#728=ORIENTED_EDGE('',*,*,#1229,.F.);
#729=ORIENTED_EDGE('',*,*,#1230,.T.);
#730=ORIENTED_EDGE('',*,*,#1231,.T.);
#731=ORIENTED_EDGE('',*,*,#1232,.F.);
#732=ORIENTED_EDGE('',*,*,#1233,.F.);
#733=ORIENTED_EDGE('',*,*,#1234,.T.);
#734=ORIENTED_EDGE('',*,*,#1235,.F.);
#735=ORIENTED_EDGE('',*,*,#1230,.F.);
#736=ORIENTED_EDGE('',*,*,#1236,.F.);
#737=ORIENTED_EDGE('',*,*,#1234,.F.);
#738=ORIENTED_EDGE('',*,*,#1237,.F.);
#739=ORIENTED_EDGE('',*,*,#1238,.F.);
#740=ORIENTED_EDGE('',*,*,#1239,.T.);
#741=ORIENTED_EDGE('',*,*,#1240,.F.);
#742=ORIENTED_EDGE('',*,*,#1241,.F.);
#743=ORIENTED_EDGE('',*,*,#1242,.F.);
#744=ORIENTED_EDGE('',*,*,#1243,.T.);
#745=ORIENTED_EDGE('',*,*,#1240,.T.);
#746=ORIENTED_EDGE('',*,*,#1244,.T.);
#747=ORIENTED_EDGE('',*,*,#1245,.T.);
#748=ORIENTED_EDGE('',*,*,#1246,.F.);
#749=ORIENTED_EDGE('',*,*,#1247,.T.);
#750=ORIENTED_EDGE('',*,*,#1248,.F.);
#751=ORIENTED_EDGE('',*,*,#1221,.F.);
#752=ORIENTED_EDGE('',*,*,#1249,.F.);
#753=ORIENTED_EDGE('',*,*,#1238,.T.);
#754=ORIENTED_EDGE('',*,*,#1250,.F.);
#755=ORIENTED_EDGE('',*,*,#1245,.F.);
#756=ORIENTED_EDGE('',*,*,#1251,.F.);
#757=ORIENTED_EDGE('',*,*,#1252,.F.);
#758=ORIENTED_EDGE('',*,*,#1253,.F.);
#759=ORIENTED_EDGE('',*,*,#1247,.F.);
#760=ORIENTED_EDGE('',*,*,#1254,.F.);
#761=ORIENTED_EDGE('',*,*,#1252,.T.);
#762=ORIENTED_EDGE('',*,*,#1255,.F.);
#763=ORIENTED_EDGE('',*,*,#1256,.F.);
#764=ORIENTED_EDGE('',*,*,#1257,.F.);
#765=ORIENTED_EDGE('',*,*,#1256,.T.);
#766=ORIENTED_EDGE('',*,*,#1258,.T.);
#767=ORIENTED_EDGE('',*,*,#1259,.F.);
#768=ORIENTED_EDGE('',*,*,#1248,.T.);
#769=ORIENTED_EDGE('',*,*,#1253,.T.);
#770=ORIENTED_EDGE('',*,*,#1254,.T.);
#771=ORIENTED_EDGE('',*,*,#1257,.T.);
#772=ORIENTED_EDGE('',*,*,#1260,.F.);
#773=ORIENTED_EDGE('',*,*,#1261,.T.);
#774=ORIENTED_EDGE('',*,*,#1219,.F.);
#775=ORIENTED_EDGE('',*,*,#1262,.F.);
#776=ORIENTED_EDGE('',*,*,#1263,.F.);
#777=ORIENTED_EDGE('',*,*,#1215,.F.);
#778=ORIENTED_EDGE('',*,*,#1261,.F.);
#779=ORIENTED_EDGE('',*,*,#1264,.F.);
#780=ORIENTED_EDGE('',*,*,#1265,.T.);
#781=ORIENTED_EDGE('',*,*,#1216,.T.);
#782=ORIENTED_EDGE('',*,*,#1263,.T.);
#783=ORIENTED_EDGE('',*,*,#1266,.F.);
#784=ORIENTED_EDGE('',*,*,#1267,.F.);
#785=ORIENTED_EDGE('',*,*,#1217,.T.);
#786=ORIENTED_EDGE('',*,*,#1265,.F.);
#787=ORIENTED_EDGE('',*,*,#1235,.T.);
#788=ORIENTED_EDGE('',*,*,#1236,.T.);
#789=ORIENTED_EDGE('',*,*,#1249,.T.);
#790=ORIENTED_EDGE('',*,*,#1220,.F.);
#791=ORIENTED_EDGE('',*,*,#1267,.T.);
#792=ORIENTED_EDGE('',*,*,#1268,.F.);
#793=ORIENTED_EDGE('',*,*,#1231,.F.);
#794=ORIENTED_EDGE('',*,*,#1226,.F.);
#795=ORIENTED_EDGE('',*,*,#1269,.F.);
#796=ORIENTED_EDGE('',*,*,#1270,.F.);
#797=ORIENTED_EDGE('',*,*,#1225,.F.);
#798=ORIENTED_EDGE('',*,*,#1270,.T.);
#799=ORIENTED_EDGE('',*,*,#1271,.F.);
#800=ORIENTED_EDGE('',*,*,#1272,.F.);
#801=ORIENTED_EDGE('',*,*,#1222,.F.);
#802=ORIENTED_EDGE('',*,*,#1272,.T.);
#803=ORIENTED_EDGE('',*,*,#1273,.F.);
#804=ORIENTED_EDGE('',*,*,#1227,.T.);
#805=ORIENTED_EDGE('',*,*,#1223,.F.);
#806=ORIENTED_EDGE('',*,*,#1274,.F.);
#807=ORIENTED_EDGE('',*,*,#1228,.T.);
#808=ORIENTED_EDGE('',*,*,#1275,.T.);
#809=ORIENTED_EDGE('',*,*,#1232,.T.);
#810=ORIENTED_EDGE('',*,*,#1250,.T.);
#811=ORIENTED_EDGE('',*,*,#1237,.T.);
#812=ORIENTED_EDGE('',*,*,#1233,.T.);
#813=ORIENTED_EDGE('',*,*,#1229,.T.);
#814=ORIENTED_EDGE('',*,*,#1276,.F.);
#815=ORIENTED_EDGE('',*,*,#1277,.T.);
#816=ORIENTED_EDGE('',*,*,#1243,.F.);
#817=ORIENTED_EDGE('',*,*,#1241,.T.);
#818=ORIENTED_EDGE('',*,*,#1277,.F.);
#819=ORIENTED_EDGE('',*,*,#1278,.F.);
#820=ORIENTED_EDGE('',*,*,#1279,.F.);
#821=ORIENTED_EDGE('',*,*,#1242,.T.);
#822=ORIENTED_EDGE('',*,*,#1279,.T.);
#823=ORIENTED_EDGE('',*,*,#1280,.F.);
#824=ORIENTED_EDGE('',*,*,#1281,.T.);
#825=ORIENTED_EDGE('',*,*,#1282,.F.);
#826=ORIENTED_EDGE('',*,*,#1283,.F.);
#827=ORIENTED_EDGE('',*,*,#1239,.F.);
#828=ORIENTED_EDGE('',*,*,#1281,.F.);
#829=ORIENTED_EDGE('',*,*,#1255,.T.);
#830=ORIENTED_EDGE('',*,*,#1251,.T.);
#831=ORIENTED_EDGE('',*,*,#1246,.T.);
#832=ORIENTED_EDGE('',*,*,#1244,.F.);
#833=ORIENTED_EDGE('',*,*,#1283,.T.);
#834=ORIENTED_EDGE('',*,*,#1284,.F.);
#835=ORIENTED_EDGE('',*,*,#1258,.F.);
#836=ORIENTED_EDGE('',*,*,#1285,.T.);
#837=ORIENTED_EDGE('',*,*,#1204,.T.);
#838=ORIENTED_EDGE('',*,*,#1286,.F.);
#839=ORIENTED_EDGE('',*,*,#1284,.T.);
#840=ORIENTED_EDGE('',*,*,#1282,.T.);
#841=ORIENTED_EDGE('',*,*,#1280,.T.);
#842=ORIENTED_EDGE('',*,*,#1278,.T.);
#843=ORIENTED_EDGE('',*,*,#1276,.T.);
#844=ORIENTED_EDGE('',*,*,#1275,.F.);
#845=ORIENTED_EDGE('',*,*,#1273,.T.);
#846=ORIENTED_EDGE('',*,*,#1287,.T.);
#847=ORIENTED_EDGE('',*,*,#1288,.T.);
#848=ORIENTED_EDGE('',*,*,#1289,.T.);
#849=ORIENTED_EDGE('',*,*,#1205,.T.);
#850=ORIENTED_EDGE('',*,*,#1285,.F.);
#851=ORIENTED_EDGE('',*,*,#1271,.T.);
#852=ORIENTED_EDGE('',*,*,#1290,.T.);
#853=ORIENTED_EDGE('',*,*,#1291,.T.);
#854=ORIENTED_EDGE('',*,*,#1287,.F.);
#855=ORIENTED_EDGE('',*,*,#1269,.T.);
#856=ORIENTED_EDGE('',*,*,#1274,.T.);
#857=ORIENTED_EDGE('',*,*,#1268,.T.);
#858=ORIENTED_EDGE('',*,*,#1266,.T.);
#859=ORIENTED_EDGE('',*,*,#1264,.T.);
#860=ORIENTED_EDGE('',*,*,#1262,.T.);
#861=ORIENTED_EDGE('',*,*,#1260,.T.);
#862=ORIENTED_EDGE('',*,*,#1292,.T.);
#863=ORIENTED_EDGE('',*,*,#1293,.T.);
#864=ORIENTED_EDGE('',*,*,#1290,.F.);
#865=ORIENTED_EDGE('',*,*,#1259,.T.);
#866=ORIENTED_EDGE('',*,*,#1286,.T.);
#867=ORIENTED_EDGE('',*,*,#1203,.T.);
#868=ORIENTED_EDGE('',*,*,#1294,.T.);
#869=ORIENTED_EDGE('',*,*,#1295,.T.);
#870=ORIENTED_EDGE('',*,*,#1296,.T.);
#871=ORIENTED_EDGE('',*,*,#1297,.T.);
#872=ORIENTED_EDGE('',*,*,#1298,.T.);
#873=ORIENTED_EDGE('',*,*,#1296,.F.);
#874=ORIENTED_EDGE('',*,*,#1299,.F.);
#875=ORIENTED_EDGE('',*,*,#1300,.F.);
#876=ORIENTED_EDGE('',*,*,#1301,.F.);
#877=ORIENTED_EDGE('',*,*,#1297,.F.);
#878=ORIENTED_EDGE('',*,*,#1298,.F.);
#879=ORIENTED_EDGE('',*,*,#1302,.F.);
#880=ORIENTED_EDGE('',*,*,#1299,.T.);
#881=ORIENTED_EDGE('',*,*,#1295,.F.);
#882=ORIENTED_EDGE('',*,*,#1303,.T.);
#883=ORIENTED_EDGE('',*,*,#1304,.F.);
#884=ORIENTED_EDGE('',*,*,#1301,.T.);
#885=ORIENTED_EDGE('',*,*,#1305,.F.);
#886=ORIENTED_EDGE('',*,*,#1303,.F.);
#887=ORIENTED_EDGE('',*,*,#1294,.F.);
#888=ORIENTED_EDGE('',*,*,#1306,.F.);
#889=ORIENTED_EDGE('',*,*,#938,.T.);
#890=ORIENTED_EDGE('',*,*,#1307,.T.);
#891=ORIENTED_EDGE('',*,*,#1305,.T.);
#892=ORIENTED_EDGE('',*,*,#1307,.F.);
#893=ORIENTED_EDGE('',*,*,#937,.T.);
#894=ORIENTED_EDGE('',*,*,#1308,.T.);
#895=ORIENTED_EDGE('',*,*,#1304,.T.);
#896=ORIENTED_EDGE('',*,*,#1309,.F.);
#897=ORIENTED_EDGE('',*,*,#939,.T.);
#898=ORIENTED_EDGE('',*,*,#1306,.T.);
#899=ORIENTED_EDGE('',*,*,#1302,.T.);
#900=ORIENTED_EDGE('',*,*,#1308,.F.);
#901=ORIENTED_EDGE('',*,*,#936,.T.);
#902=ORIENTED_EDGE('',*,*,#1309,.T.);
#903=ORIENTED_EDGE('',*,*,#1300,.T.);
#904=ORIENTED_EDGE('',*,*,#1288,.F.);
#905=ORIENTED_EDGE('',*,*,#1291,.F.);
#906=ORIENTED_EDGE('',*,*,#1293,.F.);
#907=ORIENTED_EDGE('',*,*,#1310,.F.);
#908=ORIENTED_EDGE('',*,*,#1211,.F.);
#909=ORIENTED_EDGE('',*,*,#1214,.T.);
#910=ORIENTED_EDGE('',*,*,#1207,.T.);
#911=ORIENTED_EDGE('',*,*,#1311,.F.);
#912=ORIENTED_EDGE('',*,*,#1206,.T.);
#913=ORIENTED_EDGE('',*,*,#1198,.T.);
#914=ORIENTED_EDGE('',*,*,#1289,.F.);
#915=ORIENTED_EDGE('',*,*,#1311,.T.);
#916=ORIENTED_EDGE('',*,*,#1292,.F.);
#917=ORIENTED_EDGE('',*,*,#1202,.T.);
#918=ORIENTED_EDGE('',*,*,#1212,.T.);
#919=ORIENTED_EDGE('',*,*,#1310,.T.);
#920=EDGE_CURVE('',#1312,#1313,#1562,.T.);
#921=EDGE_CURVE('',#1313,#1314,#1563,.T.);
#922=EDGE_CURVE('',#1314,#1315,#1564,.T.);
#923=EDGE_CURVE('',#1312,#1315,#1565,.T.);
#924=EDGE_CURVE('',#1316,#1317,#1566,.T.);
#925=EDGE_CURVE('',#1316,#1318,#1567,.T.);
#926=EDGE_CURVE('',#1318,#1319,#1568,.T.);
#927=EDGE_CURVE('',#1319,#1317,#1569,.T.);
#928=EDGE_CURVE('',#1320,#1321,#1570,.T.);
#929=EDGE_CURVE('',#1321,#1322,#1571,.T.);
#930=EDGE_CURVE('',#1322,#1323,#1572,.T.);
#931=EDGE_CURVE('',#1323,#1320,#1573,.T.);
#932=EDGE_CURVE('',#1324,#1325,#1574,.T.);
#933=EDGE_CURVE('',#1326,#1324,#1575,.T.);
#934=EDGE_CURVE('',#1327,#1326,#1576,.T.);
#935=EDGE_CURVE('',#1325,#1327,#1577,.T.);
#936=EDGE_CURVE('',#1328,#1329,#1578,.T.);
#937=EDGE_CURVE('',#1330,#1328,#1579,.T.);
#938=EDGE_CURVE('',#1331,#1330,#1580,.T.);
#939=EDGE_CURVE('',#1329,#1331,#1581,.T.);
#940=EDGE_CURVE('',#1332,#1333,#1582,.T.);
#941=EDGE_CURVE('',#1332,#1334,#1583,.T.);
#942=EDGE_CURVE('',#1334,#1335,#1584,.T.);
#943=EDGE_CURVE('',#1333,#1335,#1585,.T.);
#944=EDGE_CURVE('',#1336,#1337,#1586,.T.);
#945=EDGE_CURVE('',#1337,#1338,#1587,.T.);
#946=EDGE_CURVE('',#1338,#1339,#1588,.T.);
#947=EDGE_CURVE('',#1339,#1336,#1589,.T.);
#948=EDGE_CURVE('',#1340,#1341,#1590,.T.);
#949=EDGE_CURVE('',#1342,#1340,#1591,.T.);
#950=EDGE_CURVE('',#1343,#1342,#1592,.T.);
#951=EDGE_CURVE('',#1341,#1343,#1593,.T.);
#952=EDGE_CURVE('',#1344,#1340,#1594,.T.);
#953=EDGE_CURVE('',#1344,#1345,#1595,.T.);
#954=EDGE_CURVE('',#1342,#1345,#1596,.T.);
#955=EDGE_CURVE('',#1345,#1346,#1597,.T.);
#956=EDGE_CURVE('',#1347,#1344,#1598,.T.);
#957=EDGE_CURVE('',#1346,#1347,#1599,.T.);
#958=EDGE_CURVE('',#1348,#1349,#1600,.T.);
#959=EDGE_CURVE('',#1348,#1332,#1601,.T.);
#960=EDGE_CURVE('',#1350,#1333,#1602,.T.);
#961=EDGE_CURVE('',#1350,#1351,#120,.T.);
#962=EDGE_CURVE('',#1352,#1351,#1603,.T.);
#963=EDGE_CURVE('',#1352,#1353,#121,.T.);
#964=EDGE_CURVE('',#1354,#1353,#1604,.T.);
#965=EDGE_CURVE('',#1354,#1355,#1605,.T.);
#966=EDGE_CURVE('',#1349,#1355,#1606,.T.);
#967=EDGE_CURVE('',#1356,#1357,#1607,.T.);
#968=EDGE_CURVE('',#1356,#1348,#1608,.T.);
#969=EDGE_CURVE('',#1357,#1349,#1609,.T.);
#970=EDGE_CURVE('',#1334,#1356,#1610,.T.);
#971=EDGE_CURVE('',#1358,#1357,#1611,.T.);
#972=EDGE_CURVE('',#1359,#1358,#1612,.T.);
#973=EDGE_CURVE('',#1360,#1359,#1613,.T.);
#974=EDGE_CURVE('',#1360,#1361,#122,.T.);
#975=EDGE_CURVE('',#1362,#1361,#1614,.T.);
#976=EDGE_CURVE('',#1362,#1363,#123,.T.);
#977=EDGE_CURVE('',#1335,#1363,#1615,.T.);
#978=EDGE_CURVE('',#1359,#1354,#1616,.T.);
#979=EDGE_CURVE('',#1355,#1358,#1617,.T.);
#980=EDGE_CURVE('',#1364,#1365,#1618,.T.);
#981=EDGE_CURVE('',#1366,#1364,#1619,.T.);
#982=EDGE_CURVE('',#1367,#1366,#1620,.T.);
#983=EDGE_CURVE('',#1365,#1367,#1621,.T.);
#984=EDGE_CURVE('',#1368,#1369,#1622,.T.);
#985=EDGE_CURVE('',#1370,#1368,#1623,.T.);
#986=EDGE_CURVE('',#1371,#1370,#1624,.T.);
#987=EDGE_CURVE('',#1369,#1371,#1625,.T.);
#988=EDGE_CURVE('',#1367,#1369,#1626,.T.);
#989=EDGE_CURVE('',#1371,#1365,#1627,.T.);
#990=EDGE_CURVE('',#1346,#1372,#1628,.T.);
#991=EDGE_CURVE('',#1373,#1372,#1629,.T.);
#992=EDGE_CURVE('',#1343,#1373,#1630,.T.);
#993=EDGE_CURVE('',#1341,#1374,#1631,.T.);
#994=EDGE_CURVE('',#1374,#1373,#1632,.T.);
#995=EDGE_CURVE('',#1347,#1375,#1633,.T.);
#996=EDGE_CURVE('',#1375,#1374,#1634,.T.);
#997=EDGE_CURVE('',#1372,#1375,#1635,.T.);
#998=EDGE_CURVE('',#1376,#1377,#1636,.T.);
#999=EDGE_CURVE('',#1377,#1378,#1637,.T.);
#1000=EDGE_CURVE('',#1378,#1379,#1638,.T.);
#1001=EDGE_CURVE('',#1376,#1379,#1639,.T.);
#1002=EDGE_CURVE('',#1380,#1376,#1640,.T.);
#1003=EDGE_CURVE('',#1379,#1381,#1641,.T.);
#1004=EDGE_CURVE('',#1380,#1381,#1642,.T.);
#1005=EDGE_CURVE('',#1382,#1380,#1643,.T.);
#1006=EDGE_CURVE('',#1381,#1383,#1644,.T.);
#1007=EDGE_CURVE('',#1382,#1383,#1645,.T.);
#1008=EDGE_CURVE('',#1382,#1384,#1646,.T.);
#1009=EDGE_CURVE('',#1385,#1383,#1647,.T.);
#1010=EDGE_CURVE('',#1384,#1385,#1648,.T.);
#1011=EDGE_CURVE('',#1313,#1384,#1649,.T.);
#1012=EDGE_CURVE('',#1385,#1314,#1650,.T.);
#1013=EDGE_CURVE('',#1386,#1312,#1651,.T.);
#1014=EDGE_CURVE('',#1315,#1387,#1652,.T.);
#1015=EDGE_CURVE('',#1386,#1387,#1653,.T.);
#1016=EDGE_CURVE('',#1386,#1388,#1654,.T.);
#1017=EDGE_CURVE('',#1389,#1387,#1655,.T.);
#1018=EDGE_CURVE('',#1388,#1389,#1656,.T.);
#1019=EDGE_CURVE('',#1366,#1390,#1657,.T.);
#1020=EDGE_CURVE('',#1364,#1391,#1658,.T.);
#1021=EDGE_CURVE('',#1391,#1390,#1659,.T.);
#1022=EDGE_CURVE('',#1368,#1392,#1660,.T.);
#1023=EDGE_CURVE('',#1390,#1392,#1661,.T.);
#1024=EDGE_CURVE('',#1370,#1393,#1662,.T.);
#1025=EDGE_CURVE('',#1392,#1393,#1663,.T.);
#1026=EDGE_CURVE('',#1393,#1391,#1664,.T.);
#1027=EDGE_CURVE('',#1394,#1377,#1665,.T.);
#1028=EDGE_CURVE('',#1395,#1394,#1666,.T.);
#1029=EDGE_CURVE('',#1378,#1395,#1667,.T.);
#1030=EDGE_CURVE('',#1396,#1397,#1668,.T.);
#1031=EDGE_CURVE('',#1398,#1396,#64,.T.);
#1032=EDGE_CURVE('',#1399,#1398,#1669,.T.);
#1033=EDGE_CURVE('',#1400,#1399,#1670,.T.);
#1034=EDGE_CURVE('',#1401,#1400,#1671,.T.);
#1035=EDGE_CURVE('',#1402,#1401,#65,.T.);
#1036=EDGE_CURVE('',#1403,#1402,#1672,.T.);
#1037=EDGE_CURVE('',#1404,#1403,#1673,.T.);
#1038=EDGE_CURVE('',#1388,#1404,#1674,.T.);
#1039=EDGE_CURVE('',#1389,#1405,#1675,.T.);
#1040=EDGE_CURVE('',#1397,#1405,#1676,.T.);
#1041=EDGE_CURVE('',#1406,#1404,#1677,.T.);
#1042=EDGE_CURVE('',#1394,#1406,#1678,.T.);
#1043=EDGE_CURVE('',#1407,#1408,#1679,.T.);
#1044=EDGE_CURVE('',#1407,#1409,#1680,.T.);
#1045=EDGE_CURVE('',#1409,#1410,#66,.T.);
#1046=EDGE_CURVE('',#1410,#1411,#1681,.T.);
#1047=EDGE_CURVE('',#1411,#1412,#67,.T.);
#1048=EDGE_CURVE('',#1412,#1413,#68,.T.);
#1049=EDGE_CURVE('',#1413,#1414,#69,.T.);
#1050=EDGE_CURVE('',#1414,#1415,#1682,.T.);
#1051=EDGE_CURVE('',#1415,#1416,#70,.T.);
#1052=EDGE_CURVE('',#1416,#1417,#71,.T.);
#1053=EDGE_CURVE('',#1417,#1418,#72,.T.);
#1054=EDGE_CURVE('',#1418,#1419,#1683,.T.);
#1055=EDGE_CURVE('',#1419,#1420,#73,.T.);
#1056=EDGE_CURVE('',#1420,#1421,#1684,.T.);
#1057=EDGE_CURVE('',#1405,#1421,#1685,.T.);
#1058=EDGE_CURVE('',#1395,#1408,#1686,.T.);
#1059=EDGE_CURVE('',#1422,#1423,#1687,.T.);
#1060=EDGE_CURVE('',#1408,#1422,#1688,.T.);
#1061=EDGE_CURVE('',#1424,#1406,#1689,.T.);
#1062=EDGE_CURVE('',#1425,#1424,#1690,.T.);
#1063=EDGE_CURVE('',#1426,#1425,#74,.T.);
#1064=EDGE_CURVE('',#1427,#1426,#1691,.T.);
#1065=EDGE_CURVE('',#1428,#1427,#1692,.T.);
#1066=EDGE_CURVE('',#1429,#1428,#1693,.T.);
#1067=EDGE_CURVE('',#1423,#1429,#75,.T.);
#1068=EDGE_CURVE('',#1430,#1431,#1694,.T.);
#1069=EDGE_CURVE('',#1431,#1409,#1695,.T.);
#1070=EDGE_CURVE('',#1430,#1407,#1696,.T.);
#1071=EDGE_CURVE('',#1431,#1432,#76,.T.);
#1072=EDGE_CURVE('',#1432,#1410,#1697,.T.);
#1073=EDGE_CURVE('',#1432,#1433,#1698,.T.);
#1074=EDGE_CURVE('',#1433,#1411,#1699,.T.);
#1075=EDGE_CURVE('',#1433,#1434,#77,.F.);
#1076=EDGE_CURVE('',#1434,#1412,#1700,.T.);
#1077=EDGE_CURVE('',#1434,#1435,#78,.F.);
#1078=EDGE_CURVE('',#1435,#1413,#1701,.T.);
#1079=EDGE_CURVE('',#1435,#1436,#79,.F.);
#1080=EDGE_CURVE('',#1436,#1414,#1702,.T.);
#1081=EDGE_CURVE('',#1436,#1437,#1703,.T.);
#1082=EDGE_CURVE('',#1437,#1415,#1704,.T.);
#1083=EDGE_CURVE('',#1437,#1438,#80,.F.);
#1084=EDGE_CURVE('',#1438,#1416,#1705,.T.);
#1085=EDGE_CURVE('',#1438,#1439,#81,.F.);
#1086=EDGE_CURVE('',#1439,#1417,#1706,.T.);
#1087=EDGE_CURVE('',#1439,#1440,#82,.F.);
#1088=EDGE_CURVE('',#1440,#1418,#1707,.T.);
#1089=EDGE_CURVE('',#1440,#1441,#1708,.T.);
#1090=EDGE_CURVE('',#1441,#1419,#1709,.T.);
#1091=EDGE_CURVE('',#1441,#1442,#83,.T.);
#1092=EDGE_CURVE('',#1442,#1420,#1710,.T.);
#1093=EDGE_CURVE('',#1442,#1443,#1711,.T.);
#1094=EDGE_CURVE('',#1443,#1421,#1712,.T.);
#1095=EDGE_CURVE('',#1444,#1397,#1713,.T.);
#1096=EDGE_CURVE('',#1444,#1445,#1714,.T.);
#1097=EDGE_CURVE('',#1445,#1396,#1715,.T.);
#1098=EDGE_CURVE('',#1445,#1446,#84,.F.);
#1099=EDGE_CURVE('',#1446,#1398,#1716,.T.);
#1100=EDGE_CURVE('',#1446,#1447,#1717,.T.);
#1101=EDGE_CURVE('',#1447,#1399,#1718,.T.);
#1102=EDGE_CURVE('',#1447,#1448,#1719,.T.);
#1103=EDGE_CURVE('',#1448,#1400,#1720,.T.);
#1104=EDGE_CURVE('',#1448,#1449,#1721,.T.);
#1105=EDGE_CURVE('',#1449,#1401,#1722,.T.);
#1106=EDGE_CURVE('',#1449,#1450,#85,.F.);
#1107=EDGE_CURVE('',#1450,#1402,#1723,.T.);
#1108=EDGE_CURVE('',#1450,#1451,#1724,.T.);
#1109=EDGE_CURVE('',#1451,#1403,#1725,.T.);
#1110=EDGE_CURVE('',#1452,#1443,#1726,.T.);
#1111=EDGE_CURVE('',#1444,#1452,#1727,.T.);
#1112=EDGE_CURVE('',#1424,#1453,#1728,.T.);
#1113=EDGE_CURVE('',#1453,#1451,#1729,.T.);
#1114=EDGE_CURVE('',#1423,#1454,#1730,.T.);
#1115=EDGE_CURVE('',#1454,#1455,#1731,.T.);
#1116=EDGE_CURVE('',#1422,#1455,#1732,.T.);
#1117=EDGE_CURVE('',#1430,#1456,#1733,.T.);
#1118=EDGE_CURVE('',#1456,#1455,#1734,.T.);
#1119=EDGE_CURVE('',#1453,#1457,#1735,.T.);
#1120=EDGE_CURVE('',#1425,#1457,#1736,.T.);
#1121=EDGE_CURVE('',#1457,#1458,#86,.F.);
#1122=EDGE_CURVE('',#1426,#1458,#1737,.T.);
#1123=EDGE_CURVE('',#1458,#1459,#1738,.T.);
#1124=EDGE_CURVE('',#1427,#1459,#1739,.T.);
#1125=EDGE_CURVE('',#1459,#1460,#1740,.T.);
#1126=EDGE_CURVE('',#1428,#1460,#1741,.T.);
#1127=EDGE_CURVE('',#1460,#1461,#1742,.T.);
#1128=EDGE_CURVE('',#1429,#1461,#1743,.T.);
#1129=EDGE_CURVE('',#1461,#1454,#87,.F.);
#1130=EDGE_CURVE('',#1462,#1463,#1744,.T.);
#1131=EDGE_CURVE('',#1463,#1464,#1745,.T.);
#1132=EDGE_CURVE('',#1464,#1465,#1746,.T.);
#1133=EDGE_CURVE('',#1465,#1462,#1747,.T.);
#1134=EDGE_CURVE('',#1320,#1456,#1748,.T.);
#1135=EDGE_CURVE('',#1323,#1452,#1749,.T.);
#1136=EDGE_CURVE('',#1322,#1451,#1750,.T.);
#1137=EDGE_CURVE('',#1321,#1453,#1751,.T.);
#1138=EDGE_CURVE('',#1327,#1466,#1752,.T.);
#1139=EDGE_CURVE('',#1466,#1467,#1753,.T.);
#1140=EDGE_CURVE('',#1325,#1467,#1754,.T.);
#1141=EDGE_CURVE('',#1326,#1468,#1755,.T.);
#1142=EDGE_CURVE('',#1468,#1466,#1756,.T.);
#1143=EDGE_CURVE('',#1324,#1469,#1757,.T.);
#1144=EDGE_CURVE('',#1469,#1468,#1758,.T.);
#1145=EDGE_CURVE('',#1467,#1469,#1759,.T.);
#1146=EDGE_CURVE('',#1470,#1471,#1760,.T.);
#1147=EDGE_CURVE('',#1471,#1472,#1761,.T.);
#1148=EDGE_CURVE('',#1472,#1473,#1762,.T.);
#1149=EDGE_CURVE('',#1470,#1473,#1763,.T.);
#1150=EDGE_CURVE('',#1361,#1474,#88,.F.);
#1151=EDGE_CURVE('',#1474,#1475,#1764,.F.);
#1152=EDGE_CURVE('',#1475,#1362,#89,.F.);
#1153=EDGE_CURVE('',#1476,#1477,#1765,.T.);
#1154=EDGE_CURVE('',#1477,#1478,#1766,.T.);
#1155=EDGE_CURVE('',#1478,#1479,#1767,.T.);
#1156=EDGE_CURVE('',#1476,#1479,#1768,.T.);
#1157=EDGE_CURVE('',#1351,#1480,#90,.F.);
#1158=EDGE_CURVE('',#1480,#1481,#1769,.F.);
#1159=EDGE_CURVE('',#1481,#1352,#91,.F.);
#1160=EDGE_CURVE('',#1482,#1476,#92,.T.);
#1161=EDGE_CURVE('',#1482,#1483,#124,.T.);
#1162=EDGE_CURVE('',#1483,#1484,#28,.F.);
#1163=EDGE_CURVE('',#1484,#1354,#1770,.T.);
#1164=EDGE_CURVE('',#1353,#1477,#93,.T.);
#1165=EDGE_CURVE('',#1485,#1486,#29,.F.);
#1166=EDGE_CURVE('',#1486,#1487,#125,.T.);
#1167=EDGE_CURVE('',#1473,#1487,#94,.T.);
#1168=EDGE_CURVE('',#1472,#1360,#95,.T.);
#1169=EDGE_CURVE('',#1485,#1359,#1771,.T.);
#1170=EDGE_CURVE('',#1488,#1470,#96,.T.);
#1171=EDGE_CURVE('',#1488,#1489,#126,.T.);
#1172=EDGE_CURVE('',#1489,#1490,#30,.F.);
#1173=EDGE_CURVE('',#1490,#1335,#1772,.T.);
#1174=EDGE_CURVE('',#1363,#1471,#97,.T.);
#1175=EDGE_CURVE('',#1491,#1492,#31,.F.);
#1176=EDGE_CURVE('',#1492,#1493,#127,.T.);
#1177=EDGE_CURVE('',#1479,#1493,#98,.T.);
#1178=EDGE_CURVE('',#1478,#1350,#99,.T.);
#1179=EDGE_CURVE('',#1491,#1333,#1773,.T.);
#1180=EDGE_CURVE('',#1471,#1475,#100,.T.);
#1181=EDGE_CURVE('',#1472,#1474,#101,.T.);
#1182=EDGE_CURVE('',#1477,#1481,#102,.T.);
#1183=EDGE_CURVE('',#1478,#1480,#103,.T.);
#1184=EDGE_CURVE('',#1484,#1485,#1774,.T.);
#1185=EDGE_CURVE('',#1490,#1491,#1775,.T.);
#1186=EDGE_CURVE('',#1487,#1482,#1776,.F.);
#1187=EDGE_CURVE('',#1493,#1488,#1777,.F.);
#1188=EDGE_CURVE('',#1489,#1492,#1778,.F.);
#1189=EDGE_CURVE('',#1483,#1486,#1779,.F.);
#1190=EDGE_CURVE('',#1466,#1465,#1780,.T.);
#1191=EDGE_CURVE('',#1462,#1468,#1781,.F.);
#1192=EDGE_CURVE('',#1463,#1469,#1782,.F.);
#1193=EDGE_CURVE('',#1467,#1464,#1783,.F.);
#1194=EDGE_CURVE('',#1336,#1334,#1784,.T.);
#1195=EDGE_CURVE('',#1356,#1339,#1785,.F.);
#1196=EDGE_CURVE('',#1348,#1338,#1786,.F.);
#1197=EDGE_CURVE('',#1337,#1332,#1787,.F.);
#1198=EDGE_CURVE('',#1494,#1495,#1788,.T.);
#1199=EDGE_CURVE('',#1496,#1494,#1789,.T.);
#1200=EDGE_CURVE('',#1496,#1497,#1790,.T.);
#1201=EDGE_CURVE('',#1497,#1498,#1791,.T.);
#1202=EDGE_CURVE('',#1499,#1498,#1792,.T.);
#1203=EDGE_CURVE('',#1500,#1499,#1793,.T.);
#1204=EDGE_CURVE('',#1501,#1500,#1794,.T.);
#1205=EDGE_CURVE('',#1495,#1501,#1795,.T.);
#1206=EDGE_CURVE('',#1502,#1494,#1796,.T.);
#1207=EDGE_CURVE('',#1503,#1502,#1797,.T.);
#1208=EDGE_CURVE('',#1318,#1503,#1798,.T.);
#1209=EDGE_CURVE('',#1316,#1496,#1799,.T.);
#1210=EDGE_CURVE('',#1504,#1319,#1800,.T.);
#1211=EDGE_CURVE('',#1504,#1505,#1801,.T.);
#1212=EDGE_CURVE('',#1498,#1505,#1802,.T.);
#1213=EDGE_CURVE('',#1497,#1317,#1803,.T.);
#1214=EDGE_CURVE('',#1504,#1503,#1804,.T.);
#1215=EDGE_CURVE('',#1506,#1507,#104,.T.);
#1216=EDGE_CURVE('',#1508,#1507,#1805,.T.);
#1217=EDGE_CURVE('',#1509,#1508,#105,.T.);
#1218=EDGE_CURVE('',#1506,#1509,#1806,.F.);
#1219=EDGE_CURVE('',#1510,#1506,#1807,.F.);
#1220=EDGE_CURVE('',#1509,#1511,#1808,.F.);
#1221=EDGE_CURVE('',#1511,#1510,#1809,.T.);
#1222=EDGE_CURVE('',#1512,#1513,#1810,.T.);
#1223=EDGE_CURVE('',#1513,#1514,#1811,.T.);
#1224=EDGE_CURVE('',#1514,#1515,#1812,.T.);
#1225=EDGE_CURVE('',#1515,#1512,#1813,.T.);
#1226=EDGE_CURVE('',#1516,#1515,#1814,.T.);
#1227=EDGE_CURVE('',#1517,#1514,#1815,.F.);
#1228=EDGE_CURVE('',#1516,#1517,#1816,.T.);
#1229=EDGE_CURVE('',#1518,#1519,#1817,.T.);
#1230=EDGE_CURVE('',#1518,#1520,#1818,.T.);
#1231=EDGE_CURVE('',#1520,#1521,#1819,.T.);
#1232=EDGE_CURVE('',#1519,#1521,#1820,.T.);
#1233=EDGE_CURVE('',#1522,#1518,#32,.F.);
#1234=EDGE_CURVE('',#1522,#1523,#1821,.F.);
#1235=EDGE_CURVE('',#1520,#1523,#33,.F.);
#1236=EDGE_CURVE('',#1523,#1524,#128,.T.);
#1237=EDGE_CURVE('',#1525,#1522,#129,.T.);
#1238=EDGE_CURVE('',#1524,#1525,#1822,.F.);
#1239=EDGE_CURVE('',#1526,#1527,#106,.T.);
#1240=EDGE_CURVE('',#1528,#1527,#1823,.F.);
#1241=EDGE_CURVE('',#1529,#1528,#107,.T.);
#1242=EDGE_CURVE('',#1526,#1529,#1824,.T.);
#1243=EDGE_CURVE('',#1530,#1528,#1825,.F.);
#1244=EDGE_CURVE('',#1527,#1531,#1826,.F.);
#1245=EDGE_CURVE('',#1531,#1530,#1827,.T.);
#1246=EDGE_CURVE('',#1532,#1531,#108,.T.);
#1247=EDGE_CURVE('',#1532,#1533,#1828,.F.);
#1248=EDGE_CURVE('',#1510,#1533,#109,.T.);
#1249=EDGE_CURVE('',#1524,#1511,#110,.T.);
#1250=EDGE_CURVE('',#1530,#1525,#111,.T.);
#1251=EDGE_CURVE('',#1534,#1532,#130,.T.);
#1252=EDGE_CURVE('',#1535,#1534,#1829,.F.);
#1253=EDGE_CURVE('',#1533,#1535,#131,.T.);
#1254=EDGE_CURVE('',#1535,#1536,#34,.F.);
#1255=EDGE_CURVE('',#1537,#1534,#35,.F.);
#1256=EDGE_CURVE('',#1536,#1537,#1830,.T.);
#1257=EDGE_CURVE('',#1536,#1538,#1831,.T.);
#1258=EDGE_CURVE('',#1537,#1539,#1832,.T.);
#1259=EDGE_CURVE('',#1538,#1539,#1833,.T.);
#1260=EDGE_CURVE('',#1540,#1538,#1834,.T.);
#1261=EDGE_CURVE('',#1540,#1506,#112,.F.);
#1262=EDGE_CURVE('',#1541,#1540,#132,.T.);
#1263=EDGE_CURVE('',#1507,#1541,#113,.T.);
#1264=EDGE_CURVE('',#1542,#1541,#1835,.T.);
#1265=EDGE_CURVE('',#1542,#1508,#114,.T.);
#1266=EDGE_CURVE('',#1543,#1542,#133,.T.);
#1267=EDGE_CURVE('',#1509,#1543,#115,.F.);
#1268=EDGE_CURVE('',#1521,#1543,#1836,.T.);
#1269=EDGE_CURVE('',#1544,#1516,#1837,.T.);
#1270=EDGE_CURVE('',#1512,#1544,#1838,.F.);
#1271=EDGE_CURVE('',#1545,#1544,#1839,.T.);
#1272=EDGE_CURVE('',#1513,#1545,#1840,.F.);
#1273=EDGE_CURVE('',#1517,#1545,#1841,.T.);
#1274=EDGE_CURVE('',#1516,#1521,#1842,.T.);
#1275=EDGE_CURVE('',#1517,#1519,#1843,.T.);
#1276=EDGE_CURVE('',#1546,#1519,#1844,.T.);
#1277=EDGE_CURVE('',#1546,#1528,#116,.F.);
#1278=EDGE_CURVE('',#1547,#1546,#134,.T.);
#1279=EDGE_CURVE('',#1529,#1547,#117,.T.);
#1280=EDGE_CURVE('',#1548,#1547,#1845,.T.);
#1281=EDGE_CURVE('',#1548,#1526,#118,.T.);
#1282=EDGE_CURVE('',#1549,#1548,#135,.T.);
#1283=EDGE_CURVE('',#1527,#1549,#119,.F.);
#1284=EDGE_CURVE('',#1539,#1549,#1846,.T.);
#1285=EDGE_CURVE('',#1545,#1501,#1847,.T.);
#1286=EDGE_CURVE('',#1539,#1500,#1848,.T.);
#1287=EDGE_CURVE('',#1544,#1550,#1849,.T.);
#1288=EDGE_CURVE('',#1550,#1551,#1850,.T.);
#1289=EDGE_CURVE('',#1551,#1495,#1851,.T.);
#1290=EDGE_CURVE('',#1538,#1552,#1852,.T.);
#1291=EDGE_CURVE('',#1552,#1550,#1853,.T.);
#1292=EDGE_CURVE('',#1499,#1553,#1854,.T.);
#1293=EDGE_CURVE('',#1553,#1552,#1855,.T.);
#1294=EDGE_CURVE('',#1554,#1555,#1856,.T.);
#1295=EDGE_CURVE('',#1555,#1556,#1857,.T.);
#1296=EDGE_CURVE('',#1556,#1557,#1858,.T.);
#1297=EDGE_CURVE('',#1557,#1554,#1859,.T.);
#1298=EDGE_CURVE('',#1558,#1557,#1860,.F.);
#1299=EDGE_CURVE('',#1559,#1556,#1861,.F.);
#1300=EDGE_CURVE('',#1558,#1559,#1862,.T.);
#1301=EDGE_CURVE('',#1554,#1560,#1863,.T.);
#1302=EDGE_CURVE('',#1560,#1558,#1864,.T.);
#1303=EDGE_CURVE('',#1555,#1561,#1865,.F.);
#1304=EDGE_CURVE('',#1559,#1561,#1866,.T.);
#1305=EDGE_CURVE('',#1561,#1560,#1867,.T.);
#1306=EDGE_CURVE('',#1331,#1560,#1868,.T.);
#1307=EDGE_CURVE('',#1330,#1561,#1869,.T.);
#1308=EDGE_CURVE('',#1328,#1559,#1870,.T.);
#1309=EDGE_CURVE('',#1329,#1558,#1871,.T.);
#1310=EDGE_CURVE('',#1505,#1553,#1872,.T.);
#1311=EDGE_CURVE('',#1551,#1502,#1873,.T.);
#1312=VERTEX_POINT('',#4778);
#1313=VERTEX_POINT('',#4779);
#1314=VERTEX_POINT('',#4781);
#1315=VERTEX_POINT('',#4783);
#1316=VERTEX_POINT('',#4786);
#1317=VERTEX_POINT('',#4787);
#1318=VERTEX_POINT('',#4789);
#1319=VERTEX_POINT('',#4791);
#1320=VERTEX_POINT('',#4795);
#1321=VERTEX_POINT('',#4796);
#1322=VERTEX_POINT('',#4798);
#1323=VERTEX_POINT('',#4800);
#1324=VERTEX_POINT('',#4803);
#1325=VERTEX_POINT('',#4804);
#1326=VERTEX_POINT('',#4806);
#1327=VERTEX_POINT('',#4808);
#1328=VERTEX_POINT('',#4811);
#1329=VERTEX_POINT('',#4812);
#1330=VERTEX_POINT('',#4814);
#1331=VERTEX_POINT('',#4816);
#1332=VERTEX_POINT('',#4820);
#1333=VERTEX_POINT('',#4821);
#1334=VERTEX_POINT('',#4823);
#1335=VERTEX_POINT('',#4825);
#1336=VERTEX_POINT('',#4829);
#1337=VERTEX_POINT('',#4830);
#1338=VERTEX_POINT('',#4832);
#1339=VERTEX_POINT('',#4834);
#1340=VERTEX_POINT('',#4838);
#1341=VERTEX_POINT('',#4839);
#1342=VERTEX_POINT('',#4841);
#1343=VERTEX_POINT('',#4843);
#1344=VERTEX_POINT('',#4847);
#1345=VERTEX_POINT('',#4849);
#1346=VERTEX_POINT('',#4853);
#1347=VERTEX_POINT('',#4855);
#1348=VERTEX_POINT('',#4859);
#1349=VERTEX_POINT('',#4860);
#1350=VERTEX_POINT('',#4863);
#1351=VERTEX_POINT('',#4868);
#1352=VERTEX_POINT('',#4870);
#1353=VERTEX_POINT('',#4875);
#1354=VERTEX_POINT('',#4877);
#1355=VERTEX_POINT('',#4879);
#1356=VERTEX_POINT('',#4883);
#1357=VERTEX_POINT('',#4884);
#1358=VERTEX_POINT('',#4890);
#1359=VERTEX_POINT('',#4892);
#1360=VERTEX_POINT('',#4894);
#1361=VERTEX_POINT('',#4899);
#1362=VERTEX_POINT('',#4901);
#1363=VERTEX_POINT('',#4906);
#1364=VERTEX_POINT('',#4913);
#1365=VERTEX_POINT('',#4914);
#1366=VERTEX_POINT('',#4916);
#1367=VERTEX_POINT('',#4918);
#1368=VERTEX_POINT('',#4922);
#1369=VERTEX_POINT('',#4923);
#1370=VERTEX_POINT('',#4925);
#1371=VERTEX_POINT('',#4927);
#1372=VERTEX_POINT('',#4934);
#1373=VERTEX_POINT('',#4936);
#1374=VERTEX_POINT('',#4940);
#1375=VERTEX_POINT('',#4944);
#1376=VERTEX_POINT('',#4950);
#1377=VERTEX_POINT('',#4951);
#1378=VERTEX_POINT('',#4953);
#1379=VERTEX_POINT('',#4955);
#1380=VERTEX_POINT('',#4959);
#1381=VERTEX_POINT('',#4961);
#1382=VERTEX_POINT('',#4965);
#1383=VERTEX_POINT('',#4967);
#1384=VERTEX_POINT('',#4971);
#1385=VERTEX_POINT('',#4973);
#1386=VERTEX_POINT('',#4980);
#1387=VERTEX_POINT('',#4982);
#1388=VERTEX_POINT('',#4986);
#1389=VERTEX_POINT('',#4988);
#1390=VERTEX_POINT('',#4992);
#1391=VERTEX_POINT('',#4994);
#1392=VERTEX_POINT('',#4998);
#1393=VERTEX_POINT('',#5002);
#1394=VERTEX_POINT('',#5008);
#1395=VERTEX_POINT('',#5010);
#1396=VERTEX_POINT('',#5014);
#1397=VERTEX_POINT('',#5015);
#1398=VERTEX_POINT('',#5017);
#1399=VERTEX_POINT('',#5019);
#1400=VERTEX_POINT('',#5021);
#1401=VERTEX_POINT('',#5023);
#1402=VERTEX_POINT('',#5025);
#1403=VERTEX_POINT('',#5027);
#1404=VERTEX_POINT('',#5029);
#1405=VERTEX_POINT('',#5032);
#1406=VERTEX_POINT('',#5036);
#1407=VERTEX_POINT('',#5040);
#1408=VERTEX_POINT('',#5041);
#1409=VERTEX_POINT('',#5043);
#1410=VERTEX_POINT('',#5045);
#1411=VERTEX_POINT('',#5047);
#1412=VERTEX_POINT('',#5049);
#1413=VERTEX_POINT('',#5051);
#1414=VERTEX_POINT('',#5053);
#1415=VERTEX_POINT('',#5055);
#1416=VERTEX_POINT('',#5057);
#1417=VERTEX_POINT('',#5059);
#1418=VERTEX_POINT('',#5061);
#1419=VERTEX_POINT('',#5063);
#1420=VERTEX_POINT('',#5065);
#1421=VERTEX_POINT('',#5067);
#1422=VERTEX_POINT('',#5072);
#1423=VERTEX_POINT('',#5073);
#1424=VERTEX_POINT('',#5076);
#1425=VERTEX_POINT('',#5078);
#1426=VERTEX_POINT('',#5080);
#1427=VERTEX_POINT('',#5082);
#1428=VERTEX_POINT('',#5084);
#1429=VERTEX_POINT('',#5086);
#1430=VERTEX_POINT('',#5090);
#1431=VERTEX_POINT('',#5091);
#1432=VERTEX_POINT('',#5096);
#1433=VERTEX_POINT('',#5100);
#1434=VERTEX_POINT('',#5104);
#1435=VERTEX_POINT('',#5108);
#1436=VERTEX_POINT('',#5112);
#1437=VERTEX_POINT('',#5116);
#1438=VERTEX_POINT('',#5120);
#1439=VERTEX_POINT('',#5124);
#1440=VERTEX_POINT('',#5128);
#1441=VERTEX_POINT('',#5132);
#1442=VERTEX_POINT('',#5136);
#1443=VERTEX_POINT('',#5140);
#1444=VERTEX_POINT('',#5144);
#1445=VERTEX_POINT('',#5146);
#1446=VERTEX_POINT('',#5150);
#1447=VERTEX_POINT('',#5154);
#1448=VERTEX_POINT('',#5158);
#1449=VERTEX_POINT('',#5162);
#1450=VERTEX_POINT('',#5166);
#1451=VERTEX_POINT('',#5170);
#1452=VERTEX_POINT('',#5174);
#1453=VERTEX_POINT('',#5178);
#1454=VERTEX_POINT('',#5182);
#1455=VERTEX_POINT('',#5184);
#1456=VERTEX_POINT('',#5188);
#1457=VERTEX_POINT('',#5192);
#1458=VERTEX_POINT('',#5196);
#1459=VERTEX_POINT('',#5200);
#1460=VERTEX_POINT('',#5204);
#1461=VERTEX_POINT('',#5208);
#1462=VERTEX_POINT('',#5214);
#1463=VERTEX_POINT('',#5215);
#1464=VERTEX_POINT('',#5217);
#1465=VERTEX_POINT('',#5219);
#1466=VERTEX_POINT('',#5231);
#1467=VERTEX_POINT('',#5233);
#1468=VERTEX_POINT('',#5237);
#1469=VERTEX_POINT('',#5241);
#1470=VERTEX_POINT('',#5247);
#1471=VERTEX_POINT('',#5248);
#1472=VERTEX_POINT('',#5250);
#1473=VERTEX_POINT('',#5252);
#1474=VERTEX_POINT('',#5256);
#1475=VERTEX_POINT('',#5258);
#1476=VERTEX_POINT('',#5262);
#1477=VERTEX_POINT('',#5263);
#1478=VERTEX_POINT('',#5265);
#1479=VERTEX_POINT('',#5267);
#1480=VERTEX_POINT('',#5271);
#1481=VERTEX_POINT('',#5273);
#1482=VERTEX_POINT('',#5277);
#1483=VERTEX_POINT('',#5282);
#1484=VERTEX_POINT('',#5284);
#1485=VERTEX_POINT('',#5289);
#1486=VERTEX_POINT('',#5290);
#1487=VERTEX_POINT('',#5295);
#1488=VERTEX_POINT('',#5301);
#1489=VERTEX_POINT('',#5306);
#1490=VERTEX_POINT('',#5308);
#1491=VERTEX_POINT('',#5313);
#1492=VERTEX_POINT('',#5314);
#1493=VERTEX_POINT('',#5319);
#1494=VERTEX_POINT('',#5364);
#1495=VERTEX_POINT('',#5365);
#1496=VERTEX_POINT('',#5367);
#1497=VERTEX_POINT('',#5369);
#1498=VERTEX_POINT('',#5371);
#1499=VERTEX_POINT('',#5373);
#1500=VERTEX_POINT('',#5375);
#1501=VERTEX_POINT('',#5377);
#1502=VERTEX_POINT('',#5381);
#1503=VERTEX_POINT('',#5383);
#1504=VERTEX_POINT('',#5388);
#1505=VERTEX_POINT('',#5390);
#1506=VERTEX_POINT('',#5398);
#1507=VERTEX_POINT('',#5399);
#1508=VERTEX_POINT('',#5401);
#1509=VERTEX_POINT('',#5403);
#1510=VERTEX_POINT('',#5407);
#1511=VERTEX_POINT('',#5409);
#1512=VERTEX_POINT('',#5413);
#1513=VERTEX_POINT('',#5414);
#1514=VERTEX_POINT('',#5416);
#1515=VERTEX_POINT('',#5418);
#1516=VERTEX_POINT('',#5422);
#1517=VERTEX_POINT('',#5424);
#1518=VERTEX_POINT('',#5428);
#1519=VERTEX_POINT('',#5429);
#1520=VERTEX_POINT('',#5431);
#1521=VERTEX_POINT('',#5433);
#1522=VERTEX_POINT('',#5437);
#1523=VERTEX_POINT('',#5439);
#1524=VERTEX_POINT('',#5446);
#1525=VERTEX_POINT('',#5451);
#1526=VERTEX_POINT('',#5455);
#1527=VERTEX_POINT('',#5456);
#1528=VERTEX_POINT('',#5458);
#1529=VERTEX_POINT('',#5460);
#1530=VERTEX_POINT('',#5464);
#1531=VERTEX_POINT('',#5466);
#1532=VERTEX_POINT('',#5470);
#1533=VERTEX_POINT('',#5472);
#1534=VERTEX_POINT('',#5481);
#1535=VERTEX_POINT('',#5483);
#1536=VERTEX_POINT('',#5490);
#1537=VERTEX_POINT('',#5492);
#1538=VERTEX_POINT('',#5496);
#1539=VERTEX_POINT('',#5498);
#1540=VERTEX_POINT('',#5502);
#1541=VERTEX_POINT('',#5509);
#1542=VERTEX_POINT('',#5513);
#1543=VERTEX_POINT('',#5520);
#1544=VERTEX_POINT('',#5526);
#1545=VERTEX_POINT('',#5530);
#1546=VERTEX_POINT('',#5539);
#1547=VERTEX_POINT('',#5546);
#1548=VERTEX_POINT('',#5550);
#1549=VERTEX_POINT('',#5557);
#1550=VERTEX_POINT('',#5566);
#1551=VERTEX_POINT('',#5568);
#1552=VERTEX_POINT('',#5572);
#1553=VERTEX_POINT('',#5576);
#1554=VERTEX_POINT('',#5580);
#1555=VERTEX_POINT('',#5581);
#1556=VERTEX_POINT('',#5583);
#1557=VERTEX_POINT('',#5585);
#1558=VERTEX_POINT('',#5589);
#1559=VERTEX_POINT('',#5591);
#1560=VERTEX_POINT('',#5595);
#1561=VERTEX_POINT('',#5599);
#1562=LINE('',#4777,#1874);
#1563=LINE('',#4780,#1875);
#1564=LINE('',#4782,#1876);
#1565=LINE('',#4784,#1877);
#1566=LINE('',#4785,#1878);
#1567=LINE('',#4788,#1879);
#1568=LINE('',#4790,#1880);
#1569=LINE('',#4792,#1881);
#1570=LINE('',#4794,#1882);
#1571=LINE('',#4797,#1883);
#1572=LINE('',#4799,#1884);
#1573=LINE('',#4801,#1885);
#1574=LINE('',#4802,#1886);
#1575=LINE('',#4805,#1887);
#1576=LINE('',#4807,#1888);
#1577=LINE('',#4809,#1889);
#1578=LINE('',#4810,#1890);
#1579=LINE('',#4813,#1891);
#1580=LINE('',#4815,#1892);
#1581=LINE('',#4817,#1893);
#1582=LINE('',#4819,#1894);
#1583=LINE('',#4822,#1895);
#1584=LINE('',#4824,#1896);
#1585=LINE('',#4826,#1897);
#1586=LINE('',#4828,#1898);
#1587=LINE('',#4831,#1899);
#1588=LINE('',#4833,#1900);
#1589=LINE('',#4835,#1901);
#1590=LINE('',#4837,#1902);
#1591=LINE('',#4840,#1903);
#1592=LINE('',#4842,#1904);
#1593=LINE('',#4844,#1905);
#1594=LINE('',#4846,#1906);
#1595=LINE('',#4848,#1907);
#1596=LINE('',#4850,#1908);
#1597=LINE('',#4852,#1909);
#1598=LINE('',#4854,#1910);
#1599=LINE('',#4856,#1911);
#1600=LINE('',#4858,#1912);
#1601=LINE('',#4861,#1913);
#1602=LINE('',#4862,#1914);
#1603=LINE('',#4869,#1915);
#1604=LINE('',#4876,#1916);
#1605=LINE('',#4878,#1917);
#1606=LINE('',#4880,#1918);
#1607=LINE('',#4882,#1919);
#1608=LINE('',#4885,#1920);
#1609=LINE('',#4886,#1921);
#1610=LINE('',#4888,#1922);
#1611=LINE('',#4889,#1923);
#1612=LINE('',#4891,#1924);
#1613=LINE('',#4893,#1925);
#1614=LINE('',#4900,#1926);
#1615=LINE('',#4907,#1927);
#1616=LINE('',#4909,#1928);
#1617=LINE('',#4910,#1929);
#1618=LINE('',#4912,#1930);
#1619=LINE('',#4915,#1931);
#1620=LINE('',#4917,#1932);
#1621=LINE('',#4919,#1933);
#1622=LINE('',#4921,#1934);
#1623=LINE('',#4924,#1935);
#1624=LINE('',#4926,#1936);
#1625=LINE('',#4928,#1937);
#1626=LINE('',#4930,#1938);
#1627=LINE('',#4931,#1939);
#1628=LINE('',#4933,#1940);
#1629=LINE('',#4935,#1941);
#1630=LINE('',#4937,#1942);
#1631=LINE('',#4939,#1943);
#1632=LINE('',#4941,#1944);
#1633=LINE('',#4943,#1945);
#1634=LINE('',#4945,#1946);
#1635=LINE('',#4947,#1947);
#1636=LINE('',#4949,#1948);
#1637=LINE('',#4952,#1949);
#1638=LINE('',#4954,#1950);
#1639=LINE('',#4956,#1951);
#1640=LINE('',#4958,#1952);
#1641=LINE('',#4960,#1953);
#1642=LINE('',#4962,#1954);
#1643=LINE('',#4964,#1955);
#1644=LINE('',#4966,#1956);
#1645=LINE('',#4968,#1957);
#1646=LINE('',#4970,#1958);
#1647=LINE('',#4972,#1959);
#1648=LINE('',#4974,#1960);
#1649=LINE('',#4976,#1961);
#1650=LINE('',#4977,#1962);
#1651=LINE('',#4979,#1963);
#1652=LINE('',#4981,#1964);
#1653=LINE('',#4983,#1965);
#1654=LINE('',#4985,#1966);
#1655=LINE('',#4987,#1967);
#1656=LINE('',#4989,#1968);
#1657=LINE('',#4991,#1969);
#1658=LINE('',#4993,#1970);
#1659=LINE('',#4995,#1971);
#1660=LINE('',#4997,#1972);
#1661=LINE('',#4999,#1973);
#1662=LINE('',#5001,#1974);
#1663=LINE('',#5003,#1975);
#1664=LINE('',#5005,#1976);
#1665=LINE('',#5007,#1977);
#1666=LINE('',#5009,#1978);
#1667=LINE('',#5011,#1979);
#1668=LINE('',#5013,#1980);
#1669=LINE('',#5018,#1981);
#1670=LINE('',#5020,#1982);
#1671=LINE('',#5022,#1983);
#1672=LINE('',#5026,#1984);
#1673=LINE('',#5028,#1985);
#1674=LINE('',#5030,#1986);
#1675=LINE('',#5031,#1987);
#1676=LINE('',#5033,#1988);
#1677=LINE('',#5035,#1989);
#1678=LINE('',#5037,#1990);
#1679=LINE('',#5039,#1991);
#1680=LINE('',#5042,#1992);
#1681=LINE('',#5046,#1993);
#1682=LINE('',#5054,#1994);
#1683=LINE('',#5062,#1995);
#1684=LINE('',#5066,#1996);
#1685=LINE('',#5068,#1997);
#1686=LINE('',#5069,#1998);
#1687=LINE('',#5071,#1999);
#1688=LINE('',#5074,#2000);
#1689=LINE('',#5075,#2001);
#1690=LINE('',#5077,#2002);
#1691=LINE('',#5081,#2003);
#1692=LINE('',#5083,#2004);
#1693=LINE('',#5085,#2005);
#1694=LINE('',#5089,#2006);
#1695=LINE('',#5092,#2007);
#1696=LINE('',#5093,#2008);
#1697=LINE('',#5097,#2009);
#1698=LINE('',#5099,#2010);
#1699=LINE('',#5101,#2011);
#1700=LINE('',#5105,#2012);
#1701=LINE('',#5109,#2013);
#1702=LINE('',#5113,#2014);
#1703=LINE('',#5115,#2015);
#1704=LINE('',#5117,#2016);
#1705=LINE('',#5121,#2017);
#1706=LINE('',#5125,#2018);
#1707=LINE('',#5129,#2019);
#1708=LINE('',#5131,#2020);
#1709=LINE('',#5133,#2021);
#1710=LINE('',#5137,#2022);
#1711=LINE('',#5139,#2023);
#1712=LINE('',#5141,#2024);
#1713=LINE('',#5143,#2025);
#1714=LINE('',#5145,#2026);
#1715=LINE('',#5147,#2027);
#1716=LINE('',#5151,#2028);
#1717=LINE('',#5153,#2029);
#1718=LINE('',#5155,#2030);
#1719=LINE('',#5157,#2031);
#1720=LINE('',#5159,#2032);
#1721=LINE('',#5161,#2033);
#1722=LINE('',#5163,#2034);
#1723=LINE('',#5167,#2035);
#1724=LINE('',#5169,#2036);
#1725=LINE('',#5171,#2037);
#1726=LINE('',#5173,#2038);
#1727=LINE('',#5175,#2039);
#1728=LINE('',#5177,#2040);
#1729=LINE('',#5179,#2041);
#1730=LINE('',#5181,#2042);
#1731=LINE('',#5183,#2043);
#1732=LINE('',#5185,#2044);
#1733=LINE('',#5187,#2045);
#1734=LINE('',#5189,#2046);
#1735=LINE('',#5191,#2047);
#1736=LINE('',#5193,#2048);
#1737=LINE('',#5197,#2049);
#1738=LINE('',#5199,#2050);
#1739=LINE('',#5201,#2051);
#1740=LINE('',#5203,#2052);
#1741=LINE('',#5205,#2053);
#1742=LINE('',#5207,#2054);
#1743=LINE('',#5209,#2055);
#1744=LINE('',#5213,#2056);
#1745=LINE('',#5216,#2057);
#1746=LINE('',#5218,#2058);
#1747=LINE('',#5220,#2059);
#1748=LINE('',#5222,#2060);
#1749=LINE('',#5223,#2061);
#1750=LINE('',#5225,#2062);
#1751=LINE('',#5227,#2063);
#1752=LINE('',#5230,#2064);
#1753=LINE('',#5232,#2065);
#1754=LINE('',#5234,#2066);
#1755=LINE('',#5236,#2067);
#1756=LINE('',#5238,#2068);
#1757=LINE('',#5240,#2069);
#1758=LINE('',#5242,#2070);
#1759=LINE('',#5244,#2071);
#1760=LINE('',#5246,#2072);
#1761=LINE('',#5249,#2073);
#1762=LINE('',#5251,#2074);
#1763=LINE('',#5253,#2075);
#1764=LINE('',#5257,#2076);
#1765=LINE('',#5261,#2077);
#1766=LINE('',#5264,#2078);
#1767=LINE('',#5266,#2079);
#1768=LINE('',#5268,#2080);
#1769=LINE('',#5272,#2081);
#1770=LINE('',#5285,#2082);
#1771=LINE('',#5298,#2083);
#1772=LINE('',#5309,#2084);
#1773=LINE('',#5322,#2085);
#1774=LINE('',#5334,#2086);
#1775=LINE('',#5336,#2087);
#1776=LINE('',#5338,#2088);
#1777=LINE('',#5339,#2089);
#1778=LINE('',#5341,#2090);
#1779=LINE('',#5343,#2091);
#1780=LINE('',#5347,#2092);
#1781=LINE('',#5348,#2093);
#1782=LINE('',#5350,#2094);
#1783=LINE('',#5352,#2095);
#1784=LINE('',#5355,#2096);
#1785=LINE('',#5356,#2097);
#1786=LINE('',#5358,#2098);
#1787=LINE('',#5360,#2099);
#1788=LINE('',#5363,#2100);
#1789=LINE('',#5366,#2101);
#1790=LINE('',#5368,#2102);
#1791=LINE('',#5370,#2103);
#1792=LINE('',#5372,#2104);
#1793=LINE('',#5374,#2105);
#1794=LINE('',#5376,#2106);
#1795=LINE('',#5378,#2107);
#1796=LINE('',#5380,#2108);
#1797=LINE('',#5382,#2109);
#1798=LINE('',#5384,#2110);
#1799=LINE('',#5385,#2111);
#1800=LINE('',#5387,#2112);
#1801=LINE('',#5389,#2113);
#1802=LINE('',#5391,#2114);
#1803=LINE('',#5392,#2115);
#1804=LINE('',#5395,#2116);
#1805=LINE('',#5400,#2117);
#1806=LINE('',#5404,#2118);
#1807=LINE('',#5406,#2119);
#1808=LINE('',#5408,#2120);
#1809=LINE('',#5410,#2121);
#1810=LINE('',#5412,#2122);
#1811=LINE('',#5415,#2123);
#1812=LINE('',#5417,#2124);
#1813=LINE('',#5419,#2125);
#1814=LINE('',#5421,#2126);
#1815=LINE('',#5423,#2127);
#1816=LINE('',#5425,#2128);
#1817=LINE('',#5427,#2129);
#1818=LINE('',#5430,#2130);
#1819=LINE('',#5432,#2131);
#1820=LINE('',#5434,#2132);
#1821=LINE('',#5438,#2133);
#1822=LINE('',#5452,#2134);
#1823=LINE('',#5457,#2135);
#1824=LINE('',#5461,#2136);
#1825=LINE('',#5463,#2137);
#1826=LINE('',#5465,#2138);
#1827=LINE('',#5467,#2139);
#1828=LINE('',#5471,#2140);
#1829=LINE('',#5482,#2141);
#1830=LINE('',#5493,#2142);
#1831=LINE('',#5495,#2143);
#1832=LINE('',#5497,#2144);
#1833=LINE('',#5499,#2145);
#1834=LINE('',#5501,#2146);
#1835=LINE('',#5512,#2147);
#1836=LINE('',#5523,#2148);
#1837=LINE('',#5525,#2149);
#1838=LINE('',#5527,#2150);
#1839=LINE('',#5529,#2151);
#1840=LINE('',#5531,#2152);
#1841=LINE('',#5533,#2153);
#1842=LINE('',#5535,#2154);
#1843=LINE('',#5536,#2155);
#1844=LINE('',#5538,#2156);
#1845=LINE('',#5549,#2157);
#1846=LINE('',#5560,#2158);
#1847=LINE('',#5562,#2159);
#1848=LINE('',#5563,#2160);
#1849=LINE('',#5565,#2161);
#1850=LINE('',#5567,#2162);
#1851=LINE('',#5569,#2163);
#1852=LINE('',#5571,#2164);
#1853=LINE('',#5573,#2165);
#1854=LINE('',#5575,#2166);
#1855=LINE('',#5577,#2167);
#1856=LINE('',#5579,#2168);
#1857=LINE('',#5582,#2169);
#1858=LINE('',#5584,#2170);
#1859=LINE('',#5586,#2171);
#1860=LINE('',#5588,#2172);
#1861=LINE('',#5590,#2173);
#1862=LINE('',#5592,#2174);
#1863=LINE('',#5594,#2175);
#1864=LINE('',#5596,#2176);
#1865=LINE('',#5598,#2177);
#1866=LINE('',#5600,#2178);
#1867=LINE('',#5602,#2179);
#1868=LINE('',#5604,#2180);
#1869=LINE('',#5605,#2181);
#1870=LINE('',#5607,#2182);
#1871=LINE('',#5609,#2183);
#1872=LINE('',#5612,#2184);
#1873=LINE('',#5613,#2185);
#1874=VECTOR('',#4037,1000.);
#1875=VECTOR('',#4038,1000.);
#1876=VECTOR('',#4039,1000.);
#1877=VECTOR('',#4040,1000.);
#1878=VECTOR('',#4041,1000.);
#1879=VECTOR('',#4042,1000.);
#1880=VECTOR('',#4043,1000.);
#1881=VECTOR('',#4044,1000.);
#1882=VECTOR('',#4047,1000.);
#1883=VECTOR('',#4048,1000.);
#1884=VECTOR('',#4049,1000.);
#1885=VECTOR('',#4050,1000.);
#1886=VECTOR('',#4051,1000.);
#1887=VECTOR('',#4052,1000.);
#1888=VECTOR('',#4053,1000.);
#1889=VECTOR('',#4054,1000.);
#1890=VECTOR('',#4055,1000.);
#1891=VECTOR('',#4056,1000.);
#1892=VECTOR('',#4057,1000.);
#1893=VECTOR('',#4058,1000.);
#1894=VECTOR('',#4061,1000.);
#1895=VECTOR('',#4062,1000.);
#1896=VECTOR('',#4063,1000.);
#1897=VECTOR('',#4064,1000.);
#1898=VECTOR('',#4067,1000.);
#1899=VECTOR('',#4068,1000.);
#1900=VECTOR('',#4069,1000.);
#1901=VECTOR('',#4070,1000.);
#1902=VECTOR('',#4073,1000.);
#1903=VECTOR('',#4074,1000.);
#1904=VECTOR('',#4075,1000.);
#1905=VECTOR('',#4076,1000.);
#1906=VECTOR('',#4079,1000.);
#1907=VECTOR('',#4080,1000.);
#1908=VECTOR('',#4081,1000.);
#1909=VECTOR('',#4084,1000.);
#1910=VECTOR('',#4085,1000.);
#1911=VECTOR('',#4086,1000.);
#1912=VECTOR('',#4089,1000.);
#1913=VECTOR('',#4090,1000.);
#1914=VECTOR('',#4091,1000.);
#1915=VECTOR('',#4092,1000.);
#1916=VECTOR('',#4093,1000.);
#1917=VECTOR('',#4094,1000.);
#1918=VECTOR('',#4095,1000.);
#1919=VECTOR('',#4098,1000.);
#1920=VECTOR('',#4099,1000.);
#1921=VECTOR('',#4100,1000.);
#1922=VECTOR('',#4103,1000.);
#1923=VECTOR('',#4104,1000.);
#1924=VECTOR('',#4105,1000.);
#1925=VECTOR('',#4106,1000.);
#1926=VECTOR('',#4107,1000.);
#1927=VECTOR('',#4108,1000.);
#1928=VECTOR('',#4111,1000.);
#1929=VECTOR('',#4112,1000.);
#1930=VECTOR('',#4115,1000.);
#1931=VECTOR('',#4116,1000.);
#1932=VECTOR('',#4117,1000.);
#1933=VECTOR('',#4118,1000.);
#1934=VECTOR('',#4121,1000.);
#1935=VECTOR('',#4122,1000.);
#1936=VECTOR('',#4123,1000.);
#1937=VECTOR('',#4124,1000.);
#1938=VECTOR('',#4127,1000.);
#1939=VECTOR('',#4128,1000.);
#1940=VECTOR('',#4131,1000.);
#1941=VECTOR('',#4132,1000.);
#1942=VECTOR('',#4133,1000.);
#1943=VECTOR('',#4136,1000.);
#1944=VECTOR('',#4137,1000.);
#1945=VECTOR('',#4140,1000.);
#1946=VECTOR('',#4141,1000.);
#1947=VECTOR('',#4144,1000.);
#1948=VECTOR('',#4147,1000.);
#1949=VECTOR('',#4148,1000.);
#1950=VECTOR('',#4149,1000.);
#1951=VECTOR('',#4150,1000.);
#1952=VECTOR('',#4153,1000.);
#1953=VECTOR('',#4154,1000.);
#1954=VECTOR('',#4155,1000.);
#1955=VECTOR('',#4158,1000.);
#1956=VECTOR('',#4159,1000.);
#1957=VECTOR('',#4160,1000.);
#1958=VECTOR('',#4163,1000.);
#1959=VECTOR('',#4164,1000.);
#1960=VECTOR('',#4165,1000.);
#1961=VECTOR('',#4168,1000.);
#1962=VECTOR('',#4169,1000.);
#1963=VECTOR('',#4172,1000.);
#1964=VECTOR('',#4173,1000.);
#1965=VECTOR('',#4174,1000.);
#1966=VECTOR('',#4177,1000.);
#1967=VECTOR('',#4178,1000.);
#1968=VECTOR('',#4179,1000.);
#1969=VECTOR('',#4182,1000.);
#1970=VECTOR('',#4183,1000.);
#1971=VECTOR('',#4184,1000.);
#1972=VECTOR('',#4187,1000.);
#1973=VECTOR('',#4188,1000.);
#1974=VECTOR('',#4191,1000.);
#1975=VECTOR('',#4192,1000.);
#1976=VECTOR('',#4195,1000.);
#1977=VECTOR('',#4198,1000.);
#1978=VECTOR('',#4199,1000.);
#1979=VECTOR('',#4200,1000.);
#1980=VECTOR('',#4203,1000.);
#1981=VECTOR('',#4206,1000.);
#1982=VECTOR('',#4207,1000.);
#1983=VECTOR('',#4208,1000.);
#1984=VECTOR('',#4211,1000.);
#1985=VECTOR('',#4212,1000.);
#1986=VECTOR('',#4213,1000.);
#1987=VECTOR('',#4214,1000.);
#1988=VECTOR('',#4215,1000.);
#1989=VECTOR('',#4218,1000.);
#1990=VECTOR('',#4219,1000.);
#1991=VECTOR('',#4222,1000.);
#1992=VECTOR('',#4223,1000.);
#1993=VECTOR('',#4226,1000.);
#1994=VECTOR('',#4233,1000.);
#1995=VECTOR('',#4240,1000.);
#1996=VECTOR('',#4243,1000.);
#1997=VECTOR('',#4244,1000.);
#1998=VECTOR('',#4245,1000.);
#1999=VECTOR('',#4248,1000.);
#2000=VECTOR('',#4249,1000.);
#2001=VECTOR('',#4250,1000.);
#2002=VECTOR('',#4251,1000.);
#2003=VECTOR('',#4254,1000.);
#2004=VECTOR('',#4255,1000.);
#2005=VECTOR('',#4256,1000.);
#2006=VECTOR('',#4261,1000.);
#2007=VECTOR('',#4262,1000.);
#2008=VECTOR('',#4263,1000.);
#2009=VECTOR('',#4268,1000.);
#2010=VECTOR('',#4271,1000.);
#2011=VECTOR('',#4272,1000.);
#2012=VECTOR('',#4277,1000.);
#2013=VECTOR('',#4282,1000.);
#2014=VECTOR('',#4287,1000.);
#2015=VECTOR('',#4290,1000.);
#2016=VECTOR('',#4291,1000.);
#2017=VECTOR('',#4296,1000.);
#2018=VECTOR('',#4301,1000.);
#2019=VECTOR('',#4306,1000.);
#2020=VECTOR('',#4309,1000.);
#2021=VECTOR('',#4310,1000.);
#2022=VECTOR('',#4315,1000.);
#2023=VECTOR('',#4318,1000.);
#2024=VECTOR('',#4319,1000.);
#2025=VECTOR('',#4322,1000.);
#2026=VECTOR('',#4323,1000.);
#2027=VECTOR('',#4324,1000.);
#2028=VECTOR('',#4329,1000.);
#2029=VECTOR('',#4332,1000.);
#2030=VECTOR('',#4333,1000.);
#2031=VECTOR('',#4336,1000.);
#2032=VECTOR('',#4337,1000.);
#2033=VECTOR('',#4340,1000.);
#2034=VECTOR('',#4341,1000.);
#2035=VECTOR('',#4346,1000.);
#2036=VECTOR('',#4349,1000.);
#2037=VECTOR('',#4350,1000.);
#2038=VECTOR('',#4353,1000.);
#2039=VECTOR('',#4354,1000.);
#2040=VECTOR('',#4357,1000.);
#2041=VECTOR('',#4358,1000.);
#2042=VECTOR('',#4361,1000.);
#2043=VECTOR('',#4362,1000.);
#2044=VECTOR('',#4363,1000.);
#2045=VECTOR('',#4366,1000.);
#2046=VECTOR('',#4367,1000.);
#2047=VECTOR('',#4370,1000.);
#2048=VECTOR('',#4371,1000.);
#2049=VECTOR('',#4376,1000.);
#2050=VECTOR('',#4379,1000.);
#2051=VECTOR('',#4380,1000.);
#2052=VECTOR('',#4383,1000.);
#2053=VECTOR('',#4384,1000.);
#2054=VECTOR('',#4387,1000.);
#2055=VECTOR('',#4388,1000.);
#2056=VECTOR('',#4395,1000.);
#2057=VECTOR('',#4396,1000.);
#2058=VECTOR('',#4397,1000.);
#2059=VECTOR('',#4398,1000.);
#2060=VECTOR('',#4401,1000.);
#2061=VECTOR('',#4402,1000.);
#2062=VECTOR('',#4405,1000.);
#2063=VECTOR('',#4408,1000.);
#2064=VECTOR('',#4413,1000.);
#2065=VECTOR('',#4414,1000.);
#2066=VECTOR('',#4415,1000.);
#2067=VECTOR('',#4418,1000.);
#2068=VECTOR('',#4419,1000.);
#2069=VECTOR('',#4422,1000.);
#2070=VECTOR('',#4423,1000.);
#2071=VECTOR('',#4426,1000.);
#2072=VECTOR('',#4429,1000.);
#2073=VECTOR('',#4430,1000.);
#2074=VECTOR('',#4431,1000.);
#2075=VECTOR('',#4432,1000.);
#2076=VECTOR('',#4437,1000.);
#2077=VECTOR('',#4442,1000.);
#2078=VECTOR('',#4443,1000.);
#2079=VECTOR('',#4444,1000.);
#2080=VECTOR('',#4445,1000.);
#2081=VECTOR('',#4450,1000.);
#2082=VECTOR('',#4459,1000.);
#2083=VECTOR('',#4470,1000.);
#2084=VECTOR('',#4477,1000.);
#2085=VECTOR('',#4488,1000.);
#2086=VECTOR('',#4511,1000.);
#2087=VECTOR('',#4514,1000.);
#2088=VECTOR('',#4517,1000.);
#2089=VECTOR('',#4518,1000.);
#2090=VECTOR('',#4521,1000.);
#2091=VECTOR('',#4524,1000.);
#2092=VECTOR('',#4531,1000.);
#2093=VECTOR('',#4532,1000.);
#2094=VECTOR('',#4535,1000.);
#2095=VECTOR('',#4538,1000.);
#2096=VECTOR('',#4543,1000.);
#2097=VECTOR('',#4544,1000.);
#2098=VECTOR('',#4547,1000.);
#2099=VECTOR('',#4550,1000.);
#2100=VECTOR('',#4555,1000.);
#2101=VECTOR('',#4556,1000.);
#2102=VECTOR('',#4557,1000.);
#2103=VECTOR('',#4558,1000.);
#2104=VECTOR('',#4559,1000.);
#2105=VECTOR('',#4560,1000.);
#2106=VECTOR('',#4561,1000.);
#2107=VECTOR('',#4562,1000.);
#2108=VECTOR('',#4565,1000.);
#2109=VECTOR('',#4566,1000.);
#2110=VECTOR('',#4567,1000.);
#2111=VECTOR('',#4568,1000.);
#2112=VECTOR('',#4571,1000.);
#2113=VECTOR('',#4572,1000.);
#2114=VECTOR('',#4573,1000.);
#2115=VECTOR('',#4574,1000.);
#2116=VECTOR('',#4579,1000.);
#2117=VECTOR('',#4584,1000.);
#2118=VECTOR('',#4587,1000.);
#2119=VECTOR('',#4590,1000.);
#2120=VECTOR('',#4591,1000.);
#2121=VECTOR('',#4592,1000.);
#2122=VECTOR('',#4595,1000.);
#2123=VECTOR('',#4596,1000.);
#2124=VECTOR('',#4597,1000.);
#2125=VECTOR('',#4598,1000.);
#2126=VECTOR('',#4601,1000.);
#2127=VECTOR('',#4602,1000.);
#2128=VECTOR('',#4603,1000.);
#2129=VECTOR('',#4606,1000.);
#2130=VECTOR('',#4607,1000.);
#2131=VECTOR('',#4608,1000.);
#2132=VECTOR('',#4609,1000.);
#2133=VECTOR('',#4614,1000.);
#2134=VECTOR('',#4619,1000.);
#2135=VECTOR('',#4624,1000.);
#2136=VECTOR('',#4627,1000.);
#2137=VECTOR('',#4630,1000.);
#2138=VECTOR('',#4631,1000.);
#2139=VECTOR('',#4632,1000.);
#2140=VECTOR('',#4637,1000.);
#2141=VECTOR('',#4646,1000.);
#2142=VECTOR('',#4653,1000.);
#2143=VECTOR('',#4656,1000.);
#2144=VECTOR('',#4657,1000.);
#2145=VECTOR('',#4658,1000.);
#2146=VECTOR('',#4661,1000.);
#2147=VECTOR('',#4670,1000.);
#2148=VECTOR('',#4679,1000.);
#2149=VECTOR('',#4682,1000.);
#2150=VECTOR('',#4683,1000.);
#2151=VECTOR('',#4686,1000.);
#2152=VECTOR('',#4687,1000.);
#2153=VECTOR('',#4690,1000.);
#2154=VECTOR('',#4693,1000.);
#2155=VECTOR('',#4694,1000.);
#2156=VECTOR('',#4697,1000.);
#2157=VECTOR('',#4706,1000.);
#2158=VECTOR('',#4715,1000.);
#2159=VECTOR('',#4718,1000.);
#2160=VECTOR('',#4719,1000.);
#2161=VECTOR('',#4722,1000.);
#2162=VECTOR('',#4723,1000.);
#2163=VECTOR('',#4724,1000.);
#2164=VECTOR('',#4727,1000.);
#2165=VECTOR('',#4728,1000.);
#2166=VECTOR('',#4731,1000.);
#2167=VECTOR('',#4732,1000.);
#2168=VECTOR('',#4735,1000.);
#2169=VECTOR('',#4736,1000.);
#2170=VECTOR('',#4737,1000.);
#2171=VECTOR('',#4738,1000.);
#2172=VECTOR('',#4741,1000.);
#2173=VECTOR('',#4742,1000.);
#2174=VECTOR('',#4743,1000.);
#2175=VECTOR('',#4746,1000.);
#2176=VECTOR('',#4747,1000.);
#2177=VECTOR('',#4750,1000.);
#2178=VECTOR('',#4751,1000.);
#2179=VECTOR('',#4754,1000.);
#2180=VECTOR('',#4757,1000.);
#2181=VECTOR('',#4758,1000.);
#2182=VECTOR('',#4761,1000.);
#2183=VECTOR('',#4764,1000.);
#2184=VECTOR('',#4769,1000.);
#2185=VECTOR('',#4770,1000.);
#2186=EDGE_LOOP('',(#136,#137,#138,#139));
#2187=EDGE_LOOP('',(#140,#141,#142,#143));
#2188=EDGE_LOOP('',(#144,#145,#146,#147));
#2189=EDGE_LOOP('',(#148,#149,#150,#151));
#2190=EDGE_LOOP('',(#152,#153,#154,#155));
#2191=EDGE_LOOP('',(#156,#157,#158,#159));
#2192=EDGE_LOOP('',(#160,#161,#162,#163));
#2193=EDGE_LOOP('',(#164,#165,#166,#167));
#2194=EDGE_LOOP('',(#168,#169,#170,#171));
#2195=EDGE_LOOP('',(#172,#173,#174,#175));
#2196=EDGE_LOOP('',(#176,#177,#178,#179,#180,#181,#182,#183,#184,#185));
#2197=EDGE_LOOP('',(#186,#187,#188,#189));
#2198=EDGE_LOOP('',(#190,#191,#192,#193,#194,#195,#196,#197,#198,#199));
#2199=EDGE_LOOP('',(#200,#201,#202,#203));
#2200=EDGE_LOOP('',(#204,#205,#206,#207));
#2201=EDGE_LOOP('',(#208,#209,#210,#211));
#2202=EDGE_LOOP('',(#212,#213,#214,#215));
#2203=EDGE_LOOP('',(#216,#217,#218,#219,#220,#221));
#2204=EDGE_LOOP('',(#222,#223,#224,#225));
#2205=EDGE_LOOP('',(#226,#227,#228,#229,#230,#231));
#2206=EDGE_LOOP('',(#232,#233,#234,#235));
#2207=EDGE_LOOP('',(#236,#237,#238,#239));
#2208=EDGE_LOOP('',(#240,#241,#242,#243));
#2209=EDGE_LOOP('',(#244,#245,#246,#247));
#2210=EDGE_LOOP('',(#248,#249,#250,#251));
#2211=EDGE_LOOP('',(#252,#253,#254,#255));
#2212=EDGE_LOOP('',(#256,#257,#258,#259));
#2213=EDGE_LOOP('',(#260,#261,#262,#263));
#2214=EDGE_LOOP('',(#264,#265,#266,#267));
#2215=EDGE_LOOP('',(#268,#269,#270,#271));
#2216=EDGE_LOOP('',(#272,#273,#274,#275,#276,#277));
#2217=EDGE_LOOP('',(#278,#279,#280,#281));
#2218=EDGE_LOOP('',(#282,#283,#284,#285,#286,#287));
#2219=EDGE_LOOP('',(#288,#289,#290,#291));
#2220=EDGE_LOOP('',(#292,#293,#294,#295,#296,#297,#298,#299,#300,#301,#302,
#303));
#2221=EDGE_LOOP('',(#304,#305,#306,#307,#308,#309,#310,#311,#312,#313,#314,
#315));
#2222=EDGE_LOOP('',(#316,#317,#318,#319));
#2223=EDGE_LOOP('',(#320,#321,#322,#323,#324,#325,#326,#327,#328,#329,#330,
#331,#332,#333,#334,#335,#336,#337,#338,#339,#340,#341,#342,#343,#344,#345));
#2224=EDGE_LOOP('',(#346,#347,#348,#349));
#2225=EDGE_LOOP('',(#350,#351,#352,#353,#354,#355,#356,#357,#358,#359,#360,
#361));
#2226=EDGE_LOOP('',(#362,#363,#364,#365));
#2227=EDGE_LOOP('',(#366,#367,#368,#369));
#2228=EDGE_LOOP('',(#370,#371,#372,#373));
#2229=EDGE_LOOP('',(#374,#375,#376,#377));
#2230=EDGE_LOOP('',(#378,#379,#380,#381));
#2231=EDGE_LOOP('',(#382,#383,#384,#385));
#2232=EDGE_LOOP('',(#386,#387,#388,#389));
#2233=EDGE_LOOP('',(#390,#391,#392,#393));
#2234=EDGE_LOOP('',(#394,#395,#396,#397));
#2235=EDGE_LOOP('',(#398,#399,#400,#401));
#2236=EDGE_LOOP('',(#402,#403,#404,#405));
#2237=EDGE_LOOP('',(#406,#407,#408,#409));
#2238=EDGE_LOOP('',(#410,#411,#412,#413));
#2239=EDGE_LOOP('',(#414,#415,#416,#417));
#2240=EDGE_LOOP('',(#418,#419,#420,#421));
#2241=EDGE_LOOP('',(#422,#423,#424,#425));
#2242=EDGE_LOOP('',(#426,#427,#428,#429));
#2243=EDGE_LOOP('',(#430,#431,#432,#433));
#2244=EDGE_LOOP('',(#434,#435,#436,#437));
#2245=EDGE_LOOP('',(#438,#439,#440,#441));
#2246=EDGE_LOOP('',(#442,#443,#444,#445,#446,#447));
#2247=EDGE_LOOP('',(#448,#449,#450,#451,#452,#453));
#2248=EDGE_LOOP('',(#454,#455,#456,#457));
#2249=EDGE_LOOP('',(#458,#459,#460,#461,#462,#463));
#2250=EDGE_LOOP('',(#464,#465,#466,#467));
#2251=EDGE_LOOP('',(#468,#469,#470,#471));
#2252=EDGE_LOOP('',(#472,#473,#474,#475));
#2253=EDGE_LOOP('',(#476,#477,#478,#479));
#2254=EDGE_LOOP('',(#480,#481,#482,#483));
#2255=EDGE_LOOP('',(#484,#485,#486,#487));
#2256=EDGE_LOOP('',(#488,#489,#490,#491));
#2257=EDGE_LOOP('',(#492,#493,#494,#495,#496,#497,#498,#499,#500,#501,#502,
#503,#504,#505,#506,#507,#508,#509));
#2258=EDGE_LOOP('',(#510,#511,#512,#513,#514,#515,#516,#517,#518,#519,#520));
#2259=EDGE_LOOP('',(#521,#522,#523,#524));
#2260=EDGE_LOOP('',(#525,#526,#527,#528,#529,#530,#531,#532,#533,#534,#535));
#2261=EDGE_LOOP('',(#536,#537,#538,#539));
#2262=EDGE_LOOP('',(#540,#541,#542,#543));
#2263=EDGE_LOOP('',(#544,#545,#546,#547));
#2264=EDGE_LOOP('',(#548,#549,#550,#551));
#2265=EDGE_LOOP('',(#552,#553,#554,#555));
#2266=EDGE_LOOP('',(#556,#557,#558,#559));
#2267=EDGE_LOOP('',(#560,#561,#562,#563));
#2268=EDGE_LOOP('',(#564,#565,#566,#567));
#2269=EDGE_LOOP('',(#568,#569,#570,#571,#572,#573,#574));
#2270=EDGE_LOOP('',(#575,#576,#577,#578,#579,#580,#581));
#2271=EDGE_LOOP('',(#582,#583,#584,#585,#586,#587,#588));
#2272=EDGE_LOOP('',(#589,#590,#591,#592,#593,#594,#595));
#2273=EDGE_LOOP('',(#596,#597,#598,#599));
#2274=EDGE_LOOP('',(#600,#601,#602,#603));
#2275=EDGE_LOOP('',(#604,#605,#606,#607));
#2276=EDGE_LOOP('',(#608,#609,#610,#611));
#2277=EDGE_LOOP('',(#612,#613,#614,#615));
#2278=EDGE_LOOP('',(#616,#617,#618,#619));
#2279=EDGE_LOOP('',(#620,#621,#622,#623));
#2280=EDGE_LOOP('',(#624,#625,#626,#627));
#2281=EDGE_LOOP('',(#628,#629,#630,#631,#632,#633,#634,#635));
#2282=EDGE_LOOP('',(#636,#637,#638,#639));
#2283=EDGE_LOOP('',(#640,#641,#642,#643));
#2284=EDGE_LOOP('',(#644,#645,#646,#647));
#2285=EDGE_LOOP('',(#648,#649,#650,#651));
#2286=EDGE_LOOP('',(#652,#653,#654,#655));
#2287=EDGE_LOOP('',(#656,#657,#658,#659));
#2288=EDGE_LOOP('',(#660,#661,#662,#663));
#2289=EDGE_LOOP('',(#664,#665,#666,#667));
#2290=EDGE_LOOP('',(#668,#669,#670,#671));
#2291=EDGE_LOOP('',(#672,#673,#674,#675));
#2292=EDGE_LOOP('',(#676,#677,#678,#679));
#2293=EDGE_LOOP('',(#680,#681,#682,#683));
#2294=EDGE_LOOP('',(#684,#685,#686,#687,#688,#689,#690,#691));
#2295=EDGE_LOOP('',(#692,#693,#694,#695,#696,#697));
#2296=EDGE_LOOP('',(#698,#699,#700,#701,#702,#703));
#2297=EDGE_LOOP('',(#704,#705,#706,#707));
#2298=EDGE_LOOP('',(#708,#709,#710,#711));
#2299=EDGE_LOOP('',(#712,#713,#714,#715));
#2300=EDGE_LOOP('',(#716,#717,#718,#719));
#2301=EDGE_LOOP('',(#720,#721,#722,#723));
#2302=EDGE_LOOP('',(#724,#725,#726,#727));
#2303=EDGE_LOOP('',(#728,#729,#730,#731));
#2304=EDGE_LOOP('',(#732,#733,#734,#735));
#2305=EDGE_LOOP('',(#736,#737,#738,#739));
#2306=EDGE_LOOP('',(#740,#741,#742,#743));
#2307=EDGE_LOOP('',(#744,#745,#746,#747));
#2308=EDGE_LOOP('',(#748,#749,#750,#751,#752,#753,#754,#755));
#2309=EDGE_LOOP('',(#756,#757,#758,#759));
#2310=EDGE_LOOP('',(#760,#761,#762,#763));
#2311=EDGE_LOOP('',(#764,#765,#766,#767));
#2312=EDGE_LOOP('',(#768,#769,#770,#771,#772,#773,#774));
#2313=EDGE_LOOP('',(#775,#776,#777,#778));
#2314=EDGE_LOOP('',(#779,#780,#781,#782));
#2315=EDGE_LOOP('',(#783,#784,#785,#786));
#2316=EDGE_LOOP('',(#787,#788,#789,#790,#791,#792,#793));
#2317=EDGE_LOOP('',(#794,#795,#796,#797));
#2318=EDGE_LOOP('',(#798,#799,#800,#801));
#2319=EDGE_LOOP('',(#802,#803,#804,#805));
#2320=EDGE_LOOP('',(#806,#807,#808,#809));
#2321=EDGE_LOOP('',(#810,#811,#812,#813,#814,#815,#816));
#2322=EDGE_LOOP('',(#817,#818,#819,#820));
#2323=EDGE_LOOP('',(#821,#822,#823,#824));
#2324=EDGE_LOOP('',(#825,#826,#827,#828));
#2325=EDGE_LOOP('',(#829,#830,#831,#832,#833,#834,#835));
#2326=EDGE_LOOP('',(#836,#837,#838,#839,#840,#841,#842,#843,#844,#845));
#2327=EDGE_LOOP('',(#846,#847,#848,#849,#850,#851));
#2328=EDGE_LOOP('',(#852,#853,#854,#855,#856,#857,#858,#859,#860,#861));
#2329=EDGE_LOOP('',(#862,#863,#864,#865,#866,#867));
#2330=EDGE_LOOP('',(#868,#869,#870,#871));
#2331=EDGE_LOOP('',(#872,#873,#874,#875));
#2332=EDGE_LOOP('',(#876,#877,#878,#879));
#2333=EDGE_LOOP('',(#880,#881,#882,#883));
#2334=EDGE_LOOP('',(#884,#885,#886,#887));
#2335=EDGE_LOOP('',(#888,#889,#890,#891));
#2336=EDGE_LOOP('',(#892,#893,#894,#895));
#2337=EDGE_LOOP('',(#896,#897,#898,#899));
#2338=EDGE_LOOP('',(#900,#901,#902,#903));
#2339=EDGE_LOOP('',(#904,#905,#906,#907,#908,#909,#910,#911));
#2340=EDGE_LOOP('',(#912,#913,#914,#915));
#2341=EDGE_LOOP('',(#916,#917,#918,#919));
#2342=FACE_BOUND('',#2186,.T.);
#2343=FACE_BOUND('',#2187,.T.);
#2344=FACE_BOUND('',#2188,.T.);
#2345=FACE_BOUND('',#2189,.T.);
#2346=FACE_BOUND('',#2190,.T.);
#2347=FACE_BOUND('',#2191,.T.);
#2348=FACE_BOUND('',#2192,.T.);
#2349=FACE_BOUND('',#2193,.T.);
#2350=FACE_BOUND('',#2194,.T.);
#2351=FACE_BOUND('',#2195,.T.);
#2352=FACE_BOUND('',#2196,.T.);
#2353=FACE_BOUND('',#2197,.T.);
#2354=FACE_BOUND('',#2198,.T.);
#2355=FACE_BOUND('',#2199,.T.);
#2356=FACE_BOUND('',#2200,.T.);
#2357=FACE_BOUND('',#2201,.T.);
#2358=FACE_BOUND('',#2202,.T.);
#2359=FACE_BOUND('',#2203,.T.);
#2360=FACE_BOUND('',#2204,.T.);
#2361=FACE_BOUND('',#2205,.T.);
#2362=FACE_BOUND('',#2206,.T.);
#2363=FACE_BOUND('',#2207,.T.);
#2364=FACE_BOUND('',#2208,.T.);
#2365=FACE_BOUND('',#2209,.T.);
#2366=FACE_BOUND('',#2210,.T.);
#2367=FACE_BOUND('',#2211,.T.);
#2368=FACE_BOUND('',#2212,.T.);
#2369=FACE_BOUND('',#2213,.T.);
#2370=FACE_BOUND('',#2214,.T.);
#2371=FACE_BOUND('',#2215,.T.);
#2372=FACE_BOUND('',#2216,.T.);
#2373=FACE_BOUND('',#2217,.T.);
#2374=FACE_BOUND('',#2218,.T.);
#2375=FACE_BOUND('',#2219,.T.);
#2376=FACE_BOUND('',#2220,.T.);
#2377=FACE_BOUND('',#2221,.T.);
#2378=FACE_BOUND('',#2222,.T.);
#2379=FACE_BOUND('',#2223,.T.);
#2380=FACE_BOUND('',#2224,.T.);
#2381=FACE_BOUND('',#2225,.T.);
#2382=FACE_BOUND('',#2226,.T.);
#2383=FACE_BOUND('',#2227,.T.);
#2384=FACE_BOUND('',#2228,.T.);
#2385=FACE_BOUND('',#2229,.T.);
#2386=FACE_BOUND('',#2230,.T.);
#2387=FACE_BOUND('',#2231,.T.);
#2388=FACE_BOUND('',#2232,.T.);
#2389=FACE_BOUND('',#2233,.T.);
#2390=FACE_BOUND('',#2234,.T.);
#2391=FACE_BOUND('',#2235,.T.);
#2392=FACE_BOUND('',#2236,.T.);
#2393=FACE_BOUND('',#2237,.T.);
#2394=FACE_BOUND('',#2238,.T.);
#2395=FACE_BOUND('',#2239,.T.);
#2396=FACE_BOUND('',#2240,.T.);
#2397=FACE_BOUND('',#2241,.T.);
#2398=FACE_BOUND('',#2242,.T.);
#2399=FACE_BOUND('',#2243,.T.);
#2400=FACE_BOUND('',#2244,.T.);
#2401=FACE_BOUND('',#2245,.T.);
#2402=FACE_BOUND('',#2246,.T.);
#2403=FACE_BOUND('',#2247,.T.);
#2404=FACE_BOUND('',#2248,.T.);
#2405=FACE_BOUND('',#2249,.T.);
#2406=FACE_BOUND('',#2250,.T.);
#2407=FACE_BOUND('',#2251,.T.);
#2408=FACE_BOUND('',#2252,.T.);
#2409=FACE_BOUND('',#2253,.T.);
#2410=FACE_BOUND('',#2254,.T.);
#2411=FACE_BOUND('',#2255,.T.);
#2412=FACE_BOUND('',#2256,.T.);
#2413=FACE_BOUND('',#2257,.T.);
#2414=FACE_BOUND('',#2258,.T.);
#2415=FACE_BOUND('',#2259,.T.);
#2416=FACE_BOUND('',#2260,.T.);
#2417=FACE_BOUND('',#2261,.T.);
#2418=FACE_BOUND('',#2262,.T.);
#2419=FACE_BOUND('',#2263,.T.);
#2420=FACE_BOUND('',#2264,.T.);
#2421=FACE_BOUND('',#2265,.T.);
#2422=FACE_BOUND('',#2266,.T.);
#2423=FACE_BOUND('',#2267,.T.);
#2424=FACE_BOUND('',#2268,.T.);
#2425=FACE_BOUND('',#2269,.T.);
#2426=FACE_BOUND('',#2270,.T.);
#2427=FACE_BOUND('',#2271,.T.);
#2428=FACE_BOUND('',#2272,.T.);
#2429=FACE_BOUND('',#2273,.T.);
#2430=FACE_BOUND('',#2274,.T.);
#2431=FACE_BOUND('',#2275,.T.);
#2432=FACE_BOUND('',#2276,.T.);
#2433=FACE_BOUND('',#2277,.T.);
#2434=FACE_BOUND('',#2278,.T.);
#2435=FACE_BOUND('',#2279,.T.);
#2436=FACE_BOUND('',#2280,.T.);
#2437=FACE_BOUND('',#2281,.T.);
#2438=FACE_BOUND('',#2282,.T.);
#2439=FACE_BOUND('',#2283,.T.);
#2440=FACE_BOUND('',#2284,.T.);
#2441=FACE_BOUND('',#2285,.T.);
#2442=FACE_BOUND('',#2286,.T.);
#2443=FACE_BOUND('',#2287,.T.);
#2444=FACE_BOUND('',#2288,.T.);
#2445=FACE_BOUND('',#2289,.T.);
#2446=FACE_BOUND('',#2290,.T.);
#2447=FACE_BOUND('',#2291,.T.);
#2448=FACE_BOUND('',#2292,.T.);
#2449=FACE_BOUND('',#2293,.T.);
#2450=FACE_BOUND('',#2294,.T.);
#2451=FACE_BOUND('',#2295,.T.);
#2452=FACE_BOUND('',#2296,.T.);
#2453=FACE_BOUND('',#2297,.T.);
#2454=FACE_BOUND('',#2298,.T.);
#2455=FACE_BOUND('',#2299,.T.);
#2456=FACE_BOUND('',#2300,.T.);
#2457=FACE_BOUND('',#2301,.T.);
#2458=FACE_BOUND('',#2302,.T.);
#2459=FACE_BOUND('',#2303,.T.);
#2460=FACE_BOUND('',#2304,.T.);
#2461=FACE_BOUND('',#2305,.T.);
#2462=FACE_BOUND('',#2306,.T.);
#2463=FACE_BOUND('',#2307,.T.);
#2464=FACE_BOUND('',#2308,.T.);
#2465=FACE_BOUND('',#2309,.T.);
#2466=FACE_BOUND('',#2310,.T.);
#2467=FACE_BOUND('',#2311,.T.);
#2468=FACE_BOUND('',#2312,.T.);
#2469=FACE_BOUND('',#2313,.T.);
#2470=FACE_BOUND('',#2314,.T.);
#2471=FACE_BOUND('',#2315,.T.);
#2472=FACE_BOUND('',#2316,.T.);
#2473=FACE_BOUND('',#2317,.T.);
#2474=FACE_BOUND('',#2318,.T.);
#2475=FACE_BOUND('',#2319,.T.);
#2476=FACE_BOUND('',#2320,.T.);
#2477=FACE_BOUND('',#2321,.T.);
#2478=FACE_BOUND('',#2322,.T.);
#2479=FACE_BOUND('',#2323,.T.);
#2480=FACE_BOUND('',#2324,.T.);
#2481=FACE_BOUND('',#2325,.T.);
#2482=FACE_BOUND('',#2326,.T.);
#2483=FACE_BOUND('',#2327,.T.);
#2484=FACE_BOUND('',#2328,.T.);
#2485=FACE_BOUND('',#2329,.T.);
#2486=FACE_BOUND('',#2330,.T.);
#2487=FACE_BOUND('',#2331,.T.);
#2488=FACE_BOUND('',#2332,.T.);
#2489=FACE_BOUND('',#2333,.T.);
#2490=FACE_BOUND('',#2334,.T.);
#2491=FACE_BOUND('',#2335,.T.);
#2492=FACE_BOUND('',#2336,.T.);
#2493=FACE_BOUND('',#2337,.T.);
#2494=FACE_BOUND('',#2338,.T.);
#2495=FACE_BOUND('',#2339,.T.);
#2496=FACE_BOUND('',#2340,.T.);
#2497=FACE_BOUND('',#2341,.T.);
#2498=PLANE('',#3819);
#2499=PLANE('',#3820);
#2500=PLANE('',#3821);
#2501=PLANE('',#3822);
#2502=PLANE('',#3823);
#2503=PLANE('',#3824);
#2504=PLANE('',#3825);
#2505=PLANE('',#3826);
#2506=PLANE('',#3827);
#2507=PLANE('',#3828);
#2508=PLANE('',#3829);
#2509=PLANE('',#3830);
#2510=PLANE('',#3831);
#2511=PLANE('',#3832);
#2512=PLANE('',#3833);
#2513=PLANE('',#3834);
#2514=PLANE('',#3835);
#2515=PLANE('',#3836);
#2516=PLANE('',#3837);
#2517=PLANE('',#3838);
#2518=PLANE('',#3839);
#2519=PLANE('',#3840);
#2520=PLANE('',#3841);
#2521=PLANE('',#3842);
#2522=PLANE('',#3843);
#2523=PLANE('',#3844);
#2524=PLANE('',#3845);
#2525=PLANE('',#3846);
#2526=PLANE('',#3847);
#2527=PLANE('',#3848);
#2528=PLANE('',#3849);
#2529=PLANE('',#3852);
#2530=PLANE('',#3853);
#2531=PLANE('',#3862);
#2532=PLANE('',#3865);
#2533=PLANE('',#3868);
#2534=PLANE('',#3875);
#2535=PLANE('',#3882);
#2536=PLANE('',#3885);
#2537=PLANE('',#3886);
#2538=PLANE('',#3889);
#2539=PLANE('',#3890);
#2540=PLANE('',#3891);
#2541=PLANE('',#3894);
#2542=PLANE('',#3895);
#2543=PLANE('',#3896);
#2544=PLANE('',#3897);
#2545=PLANE('',#3898);
#2546=PLANE('',#3899);
#2547=PLANE('',#3902);
#2548=PLANE('',#3903);
#2549=PLANE('',#3904);
#2550=PLANE('',#3907);
#2551=PLANE('',#3908);
#2552=PLANE('',#3909);
#2553=PLANE('',#3910);
#2554=PLANE('',#3911);
#2555=PLANE('',#3912);
#2556=PLANE('',#3913);
#2557=PLANE('',#3914);
#2558=PLANE('',#3915);
#2559=PLANE('',#3916);
#2560=PLANE('',#3917);
#2561=PLANE('',#3920);
#2562=PLANE('',#3921);
#2563=PLANE('',#3950);
#2564=PLANE('',#3951);
#2565=PLANE('',#3952);
#2566=PLANE('',#3953);
#2567=PLANE('',#3954);
#2568=PLANE('',#3957);
#2569=PLANE('',#3958);
#2570=PLANE('',#3959);
#2571=PLANE('',#3960);
#2572=PLANE('',#3961);
#2573=PLANE('',#3962);
#2574=PLANE('',#3963);
#2575=PLANE('',#3964);
#2576=PLANE('',#3965);
#2577=PLANE('',#3966);
#2578=PLANE('',#3967);
#2579=PLANE('',#3968);
#2580=PLANE('',#3969);
#2581=PLANE('',#3973);
#2582=PLANE('',#3974);
#2583=PLANE('',#3975);
#2584=PLANE('',#3976);
#2585=PLANE('',#3977);
#2586=PLANE('',#3984);
#2587=PLANE('',#3985);
#2588=PLANE('',#3991);
#2589=PLANE('',#3994);
#2590=PLANE('',#3999);
#2591=PLANE('',#4004);
#2592=PLANE('',#4005);
#2593=PLANE('',#4006);
#2594=PLANE('',#4007);
#2595=PLANE('',#4012);
#2596=PLANE('',#4017);
#2597=PLANE('',#4018);
#2598=PLANE('',#4019);
#2599=PLANE('',#4020);
#2600=PLANE('',#4021);
#2601=PLANE('',#4022);
#2602=PLANE('',#4023);
#2603=PLANE('',#4024);
#2604=PLANE('',#4025);
#2605=PLANE('',#4026);
#2606=PLANE('',#4027);
#2607=PLANE('',#4028);
#2608=PLANE('',#4029);
#2609=PLANE('',#4030);
#2610=PLANE('',#4031);
#2611=PLANE('',#4032);
#2612=STYLED_ITEM('',(#2762),#3664);
#2613=STYLED_ITEM('',(#2763),#3665);
#2614=STYLED_ITEM('',(#2764),#3666);
#2615=STYLED_ITEM('',(#2765),#3667);
#2616=STYLED_ITEM('',(#2766),#3668);
#2617=STYLED_ITEM('',(#2767),#3669);
#2618=STYLED_ITEM('',(#2768),#3670);
#2619=STYLED_ITEM('',(#2769),#3671);
#2620=STYLED_ITEM('',(#2770),#3672);
#2621=STYLED_ITEM('',(#2771),#3673);
#2622=STYLED_ITEM('',(#2772),#3674);
#2623=STYLED_ITEM('',(#2773),#3675);
#2624=STYLED_ITEM('',(#2774),#3676);
#2625=STYLED_ITEM('',(#2775),#3677);
#2626=STYLED_ITEM('',(#2776),#3678);
#2627=STYLED_ITEM('',(#2777),#3679);
#2628=STYLED_ITEM('',(#2778),#3680);
#2629=STYLED_ITEM('',(#2779),#3681);
#2630=STYLED_ITEM('',(#2780),#3682);
#2631=STYLED_ITEM('',(#2781),#3683);
#2632=STYLED_ITEM('',(#2782),#3684);
#2633=STYLED_ITEM('',(#2783),#3685);
#2634=STYLED_ITEM('',(#2784),#3686);
#2635=STYLED_ITEM('',(#2785),#3687);
#2636=STYLED_ITEM('',(#2786),#3688);
#2637=STYLED_ITEM('',(#2787),#3689);
#2638=STYLED_ITEM('',(#2788),#3690);
#2639=STYLED_ITEM('',(#2789),#3691);
#2640=STYLED_ITEM('',(#2790),#3692);
#2641=STYLED_ITEM('',(#2791),#3693);
#2642=STYLED_ITEM('',(#2792),#3694);
#2643=STYLED_ITEM('',(#2793),#3695);
#2644=STYLED_ITEM('',(#2794),#3696);
#2645=STYLED_ITEM('',(#2795),#3697);
#2646=STYLED_ITEM('',(#2796),#3698);
#2647=STYLED_ITEM('',(#2797),#3699);
#2648=STYLED_ITEM('',(#2798),#3700);
#2649=STYLED_ITEM('',(#2799),#3701);
#2650=STYLED_ITEM('',(#2800),#3702);
#2651=STYLED_ITEM('',(#2801),#3703);
#2652=STYLED_ITEM('',(#2802),#3704);
#2653=STYLED_ITEM('',(#2803),#3705);
#2654=STYLED_ITEM('',(#2804),#3706);
#2655=STYLED_ITEM('',(#2805),#3707);
#2656=STYLED_ITEM('',(#2806),#3708);
#2657=STYLED_ITEM('',(#2807),#3709);
#2658=STYLED_ITEM('',(#2808),#3710);
#2659=STYLED_ITEM('',(#2809),#3711);
#2660=STYLED_ITEM('',(#2810),#3712);
#2661=STYLED_ITEM('',(#2811),#3713);
#2662=STYLED_ITEM('',(#2812),#3714);
#2663=STYLED_ITEM('',(#2813),#3715);
#2664=STYLED_ITEM('',(#2814),#3716);
#2665=STYLED_ITEM('',(#2815),#3717);
#2666=STYLED_ITEM('',(#2816),#3718);
#2667=STYLED_ITEM('',(#2817),#3719);
#2668=STYLED_ITEM('',(#2818),#3720);
#2669=STYLED_ITEM('',(#2819),#3721);
#2670=STYLED_ITEM('',(#2820),#3722);
#2671=STYLED_ITEM('',(#2821),#3723);
#2672=STYLED_ITEM('',(#2822),#3724);
#2673=STYLED_ITEM('',(#2823),#3725);
#2674=STYLED_ITEM('',(#2824),#3726);
#2675=STYLED_ITEM('',(#2825),#3727);
#2676=STYLED_ITEM('',(#2826),#3728);
#2677=STYLED_ITEM('',(#2827),#3729);
#2678=STYLED_ITEM('',(#2828),#3730);
#2679=STYLED_ITEM('',(#2829),#3731);
#2680=STYLED_ITEM('',(#2830),#3732);
#2681=STYLED_ITEM('',(#2831),#3733);
#2682=STYLED_ITEM('',(#2832),#3734);
#2683=STYLED_ITEM('',(#2833),#3735);
#2684=STYLED_ITEM('',(#2834),#3736);
#2685=STYLED_ITEM('',(#2835),#3737);
#2686=STYLED_ITEM('',(#2836),#3738);
#2687=STYLED_ITEM('',(#2837),#3739);
#2688=STYLED_ITEM('',(#2838),#3740);
#2689=STYLED_ITEM('',(#2839),#3741);
#2690=STYLED_ITEM('',(#2840),#3742);
#2691=STYLED_ITEM('',(#2841),#3743);
#2692=STYLED_ITEM('',(#2842),#3744);
#2693=STYLED_ITEM('',(#2843),#3745);
#2694=STYLED_ITEM('',(#2844),#3746);
#2695=STYLED_ITEM('',(#2845),#3747);
#2696=STYLED_ITEM('',(#2846),#3748);
#2697=STYLED_ITEM('',(#2847),#3749);
#2698=STYLED_ITEM('',(#2848),#3750);
#2699=STYLED_ITEM('',(#2849),#3751);
#2700=STYLED_ITEM('',(#2850),#3752);
#2701=STYLED_ITEM('',(#2851),#3753);
#2702=STYLED_ITEM('',(#2852),#3754);
#2703=STYLED_ITEM('',(#2853),#3755);
#2704=STYLED_ITEM('',(#2854),#3756);
#2705=STYLED_ITEM('',(#2855),#3757);
#2706=STYLED_ITEM('',(#2856),#3758);
#2707=STYLED_ITEM('',(#2857),#3759);
#2708=STYLED_ITEM('',(#2858),#3760);
#2709=STYLED_ITEM('',(#2859),#3761);
#2710=STYLED_ITEM('',(#2860),#3762);
#2711=STYLED_ITEM('',(#2861),#3763);
#2712=STYLED_ITEM('',(#2862),#3764);
#2713=STYLED_ITEM('',(#2863),#3765);
#2714=STYLED_ITEM('',(#2864),#3766);
#2715=STYLED_ITEM('',(#2865),#3767);
#2716=STYLED_ITEM('',(#2866),#3768);
#2717=STYLED_ITEM('',(#2867),#3769);
#2718=STYLED_ITEM('',(#2868),#3770);
#2719=STYLED_ITEM('',(#2869),#3771);
#2720=STYLED_ITEM('',(#2870),#3772);
#2721=STYLED_ITEM('',(#2871),#3773);
#2722=STYLED_ITEM('',(#2872),#3774);
#2723=STYLED_ITEM('',(#2873),#3775);
#2724=STYLED_ITEM('',(#2874),#3776);
#2725=STYLED_ITEM('',(#2875),#3777);
#2726=STYLED_ITEM('',(#2876),#3778);
#2727=STYLED_ITEM('',(#2877),#3779);
#2728=STYLED_ITEM('',(#2878),#3780);
#2729=STYLED_ITEM('',(#2879),#3781);
#2730=STYLED_ITEM('',(#2880),#3782);
#2731=STYLED_ITEM('',(#2881),#3783);
#2732=STYLED_ITEM('',(#2882),#3784);
#2733=STYLED_ITEM('',(#2883),#3785);
#2734=STYLED_ITEM('',(#2884),#3786);
#2735=STYLED_ITEM('',(#2885),#3787);
#2736=STYLED_ITEM('',(#2886),#3788);
#2737=STYLED_ITEM('',(#2887),#3789);
#2738=STYLED_ITEM('',(#2888),#3790);
#2739=STYLED_ITEM('',(#2889),#3791);
#2740=STYLED_ITEM('',(#2890),#3792);
#2741=STYLED_ITEM('',(#2891),#3793);
#2742=STYLED_ITEM('',(#2892),#3794);
#2743=STYLED_ITEM('',(#2893),#3795);
#2744=STYLED_ITEM('',(#2894),#3796);
#2745=STYLED_ITEM('',(#2895),#3797);
#2746=STYLED_ITEM('',(#2896),#3798);
#2747=STYLED_ITEM('',(#2897),#3799);
#2748=STYLED_ITEM('',(#2898),#3800);
#2749=STYLED_ITEM('',(#2899),#3801);
#2750=STYLED_ITEM('',(#2900),#3802);
#2751=STYLED_ITEM('',(#2901),#3803);
#2752=STYLED_ITEM('',(#2902),#3804);
#2753=STYLED_ITEM('',(#2903),#3805);
#2754=STYLED_ITEM('',(#2904),#3806);
#2755=STYLED_ITEM('',(#2905),#3807);
#2756=STYLED_ITEM('',(#2906),#3808);
#2757=STYLED_ITEM('',(#2907),#3809);
#2758=STYLED_ITEM('',(#2908),#3810);
#2759=STYLED_ITEM('',(#2909),#3811);
#2760=STYLED_ITEM('',(#2910),#3812);
#2761=STYLED_ITEM('',(#2911),#3813);
#2762=PRESENTATION_STYLE_ASSIGNMENT((#2912));
#2763=PRESENTATION_STYLE_ASSIGNMENT((#2913));
#2764=PRESENTATION_STYLE_ASSIGNMENT((#2914));
#2765=PRESENTATION_STYLE_ASSIGNMENT((#2915));
#2766=PRESENTATION_STYLE_ASSIGNMENT((#2916));
#2767=PRESENTATION_STYLE_ASSIGNMENT((#2917));
#2768=PRESENTATION_STYLE_ASSIGNMENT((#2918));
#2769=PRESENTATION_STYLE_ASSIGNMENT((#2919));
#2770=PRESENTATION_STYLE_ASSIGNMENT((#2920));
#2771=PRESENTATION_STYLE_ASSIGNMENT((#2921));
#2772=PRESENTATION_STYLE_ASSIGNMENT((#2922));
#2773=PRESENTATION_STYLE_ASSIGNMENT((#2923));
#2774=PRESENTATION_STYLE_ASSIGNMENT((#2924));
#2775=PRESENTATION_STYLE_ASSIGNMENT((#2925));
#2776=PRESENTATION_STYLE_ASSIGNMENT((#2926));
#2777=PRESENTATION_STYLE_ASSIGNMENT((#2927));
#2778=PRESENTATION_STYLE_ASSIGNMENT((#2928));
#2779=PRESENTATION_STYLE_ASSIGNMENT((#2929));
#2780=PRESENTATION_STYLE_ASSIGNMENT((#2930));
#2781=PRESENTATION_STYLE_ASSIGNMENT((#2931));
#2782=PRESENTATION_STYLE_ASSIGNMENT((#2932));
#2783=PRESENTATION_STYLE_ASSIGNMENT((#2933));
#2784=PRESENTATION_STYLE_ASSIGNMENT((#2934));
#2785=PRESENTATION_STYLE_ASSIGNMENT((#2935));
#2786=PRESENTATION_STYLE_ASSIGNMENT((#2936));
#2787=PRESENTATION_STYLE_ASSIGNMENT((#2937));
#2788=PRESENTATION_STYLE_ASSIGNMENT((#2938));
#2789=PRESENTATION_STYLE_ASSIGNMENT((#2939));
#2790=PRESENTATION_STYLE_ASSIGNMENT((#2940));
#2791=PRESENTATION_STYLE_ASSIGNMENT((#2941));
#2792=PRESENTATION_STYLE_ASSIGNMENT((#2942));
#2793=PRESENTATION_STYLE_ASSIGNMENT((#2943));
#2794=PRESENTATION_STYLE_ASSIGNMENT((#2944));
#2795=PRESENTATION_STYLE_ASSIGNMENT((#2945));
#2796=PRESENTATION_STYLE_ASSIGNMENT((#2946));
#2797=PRESENTATION_STYLE_ASSIGNMENT((#2947));
#2798=PRESENTATION_STYLE_ASSIGNMENT((#2948));
#2799=PRESENTATION_STYLE_ASSIGNMENT((#2949));
#2800=PRESENTATION_STYLE_ASSIGNMENT((#2950));
#2801=PRESENTATION_STYLE_ASSIGNMENT((#2951));
#2802=PRESENTATION_STYLE_ASSIGNMENT((#2952));
#2803=PRESENTATION_STYLE_ASSIGNMENT((#2953));
#2804=PRESENTATION_STYLE_ASSIGNMENT((#2954));
#2805=PRESENTATION_STYLE_ASSIGNMENT((#2955));
#2806=PRESENTATION_STYLE_ASSIGNMENT((#2956));
#2807=PRESENTATION_STYLE_ASSIGNMENT((#2957));
#2808=PRESENTATION_STYLE_ASSIGNMENT((#2958));
#2809=PRESENTATION_STYLE_ASSIGNMENT((#2959));
#2810=PRESENTATION_STYLE_ASSIGNMENT((#2960));
#2811=PRESENTATION_STYLE_ASSIGNMENT((#2961));
#2812=PRESENTATION_STYLE_ASSIGNMENT((#2962));
#2813=PRESENTATION_STYLE_ASSIGNMENT((#2963));
#2814=PRESENTATION_STYLE_ASSIGNMENT((#2964));
#2815=PRESENTATION_STYLE_ASSIGNMENT((#2965));
#2816=PRESENTATION_STYLE_ASSIGNMENT((#2966));
#2817=PRESENTATION_STYLE_ASSIGNMENT((#2967));
#2818=PRESENTATION_STYLE_ASSIGNMENT((#2968));
#2819=PRESENTATION_STYLE_ASSIGNMENT((#2969));
#2820=PRESENTATION_STYLE_ASSIGNMENT((#2970));
#2821=PRESENTATION_STYLE_ASSIGNMENT((#2971));
#2822=PRESENTATION_STYLE_ASSIGNMENT((#2972));
#2823=PRESENTATION_STYLE_ASSIGNMENT((#2973));
#2824=PRESENTATION_STYLE_ASSIGNMENT((#2974));
#2825=PRESENTATION_STYLE_ASSIGNMENT((#2975));
#2826=PRESENTATION_STYLE_ASSIGNMENT((#2976));
#2827=PRESENTATION_STYLE_ASSIGNMENT((#2977));
#2828=PRESENTATION_STYLE_ASSIGNMENT((#2978));
#2829=PRESENTATION_STYLE_ASSIGNMENT((#2979));
#2830=PRESENTATION_STYLE_ASSIGNMENT((#2980));
#2831=PRESENTATION_STYLE_ASSIGNMENT((#2981));
#2832=PRESENTATION_STYLE_ASSIGNMENT((#2982));
#2833=PRESENTATION_STYLE_ASSIGNMENT((#2983));
#2834=PRESENTATION_STYLE_ASSIGNMENT((#2984));
#2835=PRESENTATION_STYLE_ASSIGNMENT((#2985));
#2836=PRESENTATION_STYLE_ASSIGNMENT((#2986));
#2837=PRESENTATION_STYLE_ASSIGNMENT((#2987));
#2838=PRESENTATION_STYLE_ASSIGNMENT((#2988));
#2839=PRESENTATION_STYLE_ASSIGNMENT((#2989));
#2840=PRESENTATION_STYLE_ASSIGNMENT((#2990));
#2841=PRESENTATION_STYLE_ASSIGNMENT((#2991));
#2842=PRESENTATION_STYLE_ASSIGNMENT((#2992));
#2843=PRESENTATION_STYLE_ASSIGNMENT((#2993));
#2844=PRESENTATION_STYLE_ASSIGNMENT((#2994));
#2845=PRESENTATION_STYLE_ASSIGNMENT((#2995));
#2846=PRESENTATION_STYLE_ASSIGNMENT((#2996));
#2847=PRESENTATION_STYLE_ASSIGNMENT((#2997));
#2848=PRESENTATION_STYLE_ASSIGNMENT((#2998));
#2849=PRESENTATION_STYLE_ASSIGNMENT((#2999));
#2850=PRESENTATION_STYLE_ASSIGNMENT((#3000));
#2851=PRESENTATION_STYLE_ASSIGNMENT((#3001));
#2852=PRESENTATION_STYLE_ASSIGNMENT((#3002));
#2853=PRESENTATION_STYLE_ASSIGNMENT((#3003));
#2854=PRESENTATION_STYLE_ASSIGNMENT((#3004));
#2855=PRESENTATION_STYLE_ASSIGNMENT((#3005));
#2856=PRESENTATION_STYLE_ASSIGNMENT((#3006));
#2857=PRESENTATION_STYLE_ASSIGNMENT((#3007));
#2858=PRESENTATION_STYLE_ASSIGNMENT((#3008));
#2859=PRESENTATION_STYLE_ASSIGNMENT((#3009));
#2860=PRESENTATION_STYLE_ASSIGNMENT((#3010));
#2861=PRESENTATION_STYLE_ASSIGNMENT((#3011));
#2862=PRESENTATION_STYLE_ASSIGNMENT((#3012));
#2863=PRESENTATION_STYLE_ASSIGNMENT((#3013));
#2864=PRESENTATION_STYLE_ASSIGNMENT((#3014));
#2865=PRESENTATION_STYLE_ASSIGNMENT((#3015));
#2866=PRESENTATION_STYLE_ASSIGNMENT((#3016));
#2867=PRESENTATION_STYLE_ASSIGNMENT((#3017));
#2868=PRESENTATION_STYLE_ASSIGNMENT((#3018));
#2869=PRESENTATION_STYLE_ASSIGNMENT((#3019));
#2870=PRESENTATION_STYLE_ASSIGNMENT((#3020));
#2871=PRESENTATION_STYLE_ASSIGNMENT((#3021));
#2872=PRESENTATION_STYLE_ASSIGNMENT((#3022));
#2873=PRESENTATION_STYLE_ASSIGNMENT((#3023));
#2874=PRESENTATION_STYLE_ASSIGNMENT((#3024));
#2875=PRESENTATION_STYLE_ASSIGNMENT((#3025));
#2876=PRESENTATION_STYLE_ASSIGNMENT((#3026));
#2877=PRESENTATION_STYLE_ASSIGNMENT((#3027));
#2878=PRESENTATION_STYLE_ASSIGNMENT((#3028));
#2879=PRESENTATION_STYLE_ASSIGNMENT((#3029));
#2880=PRESENTATION_STYLE_ASSIGNMENT((#3030));
#2881=PRESENTATION_STYLE_ASSIGNMENT((#3031));
#2882=PRESENTATION_STYLE_ASSIGNMENT((#3032));
#2883=PRESENTATION_STYLE_ASSIGNMENT((#3033));
#2884=PRESENTATION_STYLE_ASSIGNMENT((#3034));
#2885=PRESENTATION_STYLE_ASSIGNMENT((#3035));
#2886=PRESENTATION_STYLE_ASSIGNMENT((#3036));
#2887=PRESENTATION_STYLE_ASSIGNMENT((#3037));
#2888=PRESENTATION_STYLE_ASSIGNMENT((#3038));
#2889=PRESENTATION_STYLE_ASSIGNMENT((#3039));
#2890=PRESENTATION_STYLE_ASSIGNMENT((#3040));
#2891=PRESENTATION_STYLE_ASSIGNMENT((#3041));
#2892=PRESENTATION_STYLE_ASSIGNMENT((#3042));
#2893=PRESENTATION_STYLE_ASSIGNMENT((#3043));
#2894=PRESENTATION_STYLE_ASSIGNMENT((#3044));
#2895=PRESENTATION_STYLE_ASSIGNMENT((#3045));
#2896=PRESENTATION_STYLE_ASSIGNMENT((#3046));
#2897=PRESENTATION_STYLE_ASSIGNMENT((#3047));
#2898=PRESENTATION_STYLE_ASSIGNMENT((#3048));
#2899=PRESENTATION_STYLE_ASSIGNMENT((#3049));
#2900=PRESENTATION_STYLE_ASSIGNMENT((#3050));
#2901=PRESENTATION_STYLE_ASSIGNMENT((#3051));
#2902=PRESENTATION_STYLE_ASSIGNMENT((#3052));
#2903=PRESENTATION_STYLE_ASSIGNMENT((#3053));
#2904=PRESENTATION_STYLE_ASSIGNMENT((#3054));
#2905=PRESENTATION_STYLE_ASSIGNMENT((#3055));
#2906=PRESENTATION_STYLE_ASSIGNMENT((#3056));
#2907=PRESENTATION_STYLE_ASSIGNMENT((#3057));
#2908=PRESENTATION_STYLE_ASSIGNMENT((#3058));
#2909=PRESENTATION_STYLE_ASSIGNMENT((#3059));
#2910=PRESENTATION_STYLE_ASSIGNMENT((#3060));
#2911=PRESENTATION_STYLE_ASSIGNMENT((#3061));
#2912=SURFACE_STYLE_USAGE(.BOTH.,#3062);
#2913=SURFACE_STYLE_USAGE(.BOTH.,#3063);
#2914=SURFACE_STYLE_USAGE(.BOTH.,#3064);
#2915=SURFACE_STYLE_USAGE(.BOTH.,#3065);
#2916=SURFACE_STYLE_USAGE(.BOTH.,#3066);
#2917=SURFACE_STYLE_USAGE(.BOTH.,#3067);
#2918=SURFACE_STYLE_USAGE(.BOTH.,#3068);
#2919=SURFACE_STYLE_USAGE(.BOTH.,#3069);
#2920=SURFACE_STYLE_USAGE(.BOTH.,#3070);
#2921=SURFACE_STYLE_USAGE(.BOTH.,#3071);
#2922=SURFACE_STYLE_USAGE(.BOTH.,#3072);
#2923=SURFACE_STYLE_USAGE(.BOTH.,#3073);
#2924=SURFACE_STYLE_USAGE(.BOTH.,#3074);
#2925=SURFACE_STYLE_USAGE(.BOTH.,#3075);
#2926=SURFACE_STYLE_USAGE(.BOTH.,#3076);
#2927=SURFACE_STYLE_USAGE(.BOTH.,#3077);
#2928=SURFACE_STYLE_USAGE(.BOTH.,#3078);
#2929=SURFACE_STYLE_USAGE(.BOTH.,#3079);
#2930=SURFACE_STYLE_USAGE(.BOTH.,#3080);
#2931=SURFACE_STYLE_USAGE(.BOTH.,#3081);
#2932=SURFACE_STYLE_USAGE(.BOTH.,#3082);
#2933=SURFACE_STYLE_USAGE(.BOTH.,#3083);
#2934=SURFACE_STYLE_USAGE(.BOTH.,#3084);
#2935=SURFACE_STYLE_USAGE(.BOTH.,#3085);
#2936=SURFACE_STYLE_USAGE(.BOTH.,#3086);
#2937=SURFACE_STYLE_USAGE(.BOTH.,#3087);
#2938=SURFACE_STYLE_USAGE(.BOTH.,#3088);
#2939=SURFACE_STYLE_USAGE(.BOTH.,#3089);
#2940=SURFACE_STYLE_USAGE(.BOTH.,#3090);
#2941=SURFACE_STYLE_USAGE(.BOTH.,#3091);
#2942=SURFACE_STYLE_USAGE(.BOTH.,#3092);
#2943=SURFACE_STYLE_USAGE(.BOTH.,#3093);
#2944=SURFACE_STYLE_USAGE(.BOTH.,#3094);
#2945=SURFACE_STYLE_USAGE(.BOTH.,#3095);
#2946=SURFACE_STYLE_USAGE(.BOTH.,#3096);
#2947=SURFACE_STYLE_USAGE(.BOTH.,#3097);
#2948=SURFACE_STYLE_USAGE(.BOTH.,#3098);
#2949=SURFACE_STYLE_USAGE(.BOTH.,#3099);
#2950=SURFACE_STYLE_USAGE(.BOTH.,#3100);
#2951=SURFACE_STYLE_USAGE(.BOTH.,#3101);
#2952=SURFACE_STYLE_USAGE(.BOTH.,#3102);
#2953=SURFACE_STYLE_USAGE(.BOTH.,#3103);
#2954=SURFACE_STYLE_USAGE(.BOTH.,#3104);
#2955=SURFACE_STYLE_USAGE(.BOTH.,#3105);
#2956=SURFACE_STYLE_USAGE(.BOTH.,#3106);
#2957=SURFACE_STYLE_USAGE(.BOTH.,#3107);
#2958=SURFACE_STYLE_USAGE(.BOTH.,#3108);
#2959=SURFACE_STYLE_USAGE(.BOTH.,#3109);
#2960=SURFACE_STYLE_USAGE(.BOTH.,#3110);
#2961=SURFACE_STYLE_USAGE(.BOTH.,#3111);
#2962=SURFACE_STYLE_USAGE(.BOTH.,#3112);
#2963=SURFACE_STYLE_USAGE(.BOTH.,#3113);
#2964=SURFACE_STYLE_USAGE(.BOTH.,#3114);
#2965=SURFACE_STYLE_USAGE(.BOTH.,#3115);
#2966=SURFACE_STYLE_USAGE(.BOTH.,#3116);
#2967=SURFACE_STYLE_USAGE(.BOTH.,#3117);
#2968=SURFACE_STYLE_USAGE(.BOTH.,#3118);
#2969=SURFACE_STYLE_USAGE(.BOTH.,#3119);
#2970=SURFACE_STYLE_USAGE(.BOTH.,#3120);
#2971=SURFACE_STYLE_USAGE(.BOTH.,#3121);
#2972=SURFACE_STYLE_USAGE(.BOTH.,#3122);
#2973=SURFACE_STYLE_USAGE(.BOTH.,#3123);
#2974=SURFACE_STYLE_USAGE(.BOTH.,#3124);
#2975=SURFACE_STYLE_USAGE(.BOTH.,#3125);
#2976=SURFACE_STYLE_USAGE(.BOTH.,#3126);
#2977=SURFACE_STYLE_USAGE(.BOTH.,#3127);
#2978=SURFACE_STYLE_USAGE(.BOTH.,#3128);
#2979=SURFACE_STYLE_USAGE(.BOTH.,#3129);
#2980=SURFACE_STYLE_USAGE(.BOTH.,#3130);
#2981=SURFACE_STYLE_USAGE(.BOTH.,#3131);
#2982=SURFACE_STYLE_USAGE(.BOTH.,#3132);
#2983=SURFACE_STYLE_USAGE(.BOTH.,#3133);
#2984=SURFACE_STYLE_USAGE(.BOTH.,#3134);
#2985=SURFACE_STYLE_USAGE(.BOTH.,#3135);
#2986=SURFACE_STYLE_USAGE(.BOTH.,#3136);
#2987=SURFACE_STYLE_USAGE(.BOTH.,#3137);
#2988=SURFACE_STYLE_USAGE(.BOTH.,#3138);
#2989=SURFACE_STYLE_USAGE(.BOTH.,#3139);
#2990=SURFACE_STYLE_USAGE(.BOTH.,#3140);
#2991=SURFACE_STYLE_USAGE(.BOTH.,#3141);
#2992=SURFACE_STYLE_USAGE(.BOTH.,#3142);
#2993=SURFACE_STYLE_USAGE(.BOTH.,#3143);
#2994=SURFACE_STYLE_USAGE(.BOTH.,#3144);
#2995=SURFACE_STYLE_USAGE(.BOTH.,#3145);
#2996=SURFACE_STYLE_USAGE(.BOTH.,#3146);
#2997=SURFACE_STYLE_USAGE(.BOTH.,#3147);
#2998=SURFACE_STYLE_USAGE(.BOTH.,#3148);
#2999=SURFACE_STYLE_USAGE(.BOTH.,#3149);
#3000=SURFACE_STYLE_USAGE(.BOTH.,#3150);
#3001=SURFACE_STYLE_USAGE(.BOTH.,#3151);
#3002=SURFACE_STYLE_USAGE(.BOTH.,#3152);
#3003=SURFACE_STYLE_USAGE(.BOTH.,#3153);
#3004=SURFACE_STYLE_USAGE(.BOTH.,#3154);
#3005=SURFACE_STYLE_USAGE(.BOTH.,#3155);
#3006=SURFACE_STYLE_USAGE(.BOTH.,#3156);
#3007=SURFACE_STYLE_USAGE(.BOTH.,#3157);
#3008=SURFACE_STYLE_USAGE(.BOTH.,#3158);
#3009=SURFACE_STYLE_USAGE(.BOTH.,#3159);
#3010=SURFACE_STYLE_USAGE(.BOTH.,#3160);
#3011=SURFACE_STYLE_USAGE(.BOTH.,#3161);
#3012=SURFACE_STYLE_USAGE(.BOTH.,#3162);
#3013=SURFACE_STYLE_USAGE(.BOTH.,#3163);
#3014=SURFACE_STYLE_USAGE(.BOTH.,#3164);
#3015=SURFACE_STYLE_USAGE(.BOTH.,#3165);
#3016=SURFACE_STYLE_USAGE(.BOTH.,#3166);
#3017=SURFACE_STYLE_USAGE(.BOTH.,#3167);
#3018=SURFACE_STYLE_USAGE(.BOTH.,#3168);
#3019=SURFACE_STYLE_USAGE(.BOTH.,#3169);
#3020=SURFACE_STYLE_USAGE(.BOTH.,#3170);
#3021=SURFACE_STYLE_USAGE(.BOTH.,#3171);
#3022=SURFACE_STYLE_USAGE(.BOTH.,#3172);
#3023=SURFACE_STYLE_USAGE(.BOTH.,#3173);
#3024=SURFACE_STYLE_USAGE(.BOTH.,#3174);
#3025=SURFACE_STYLE_USAGE(.BOTH.,#3175);
#3026=SURFACE_STYLE_USAGE(.BOTH.,#3176);
#3027=SURFACE_STYLE_USAGE(.BOTH.,#3177);
#3028=SURFACE_STYLE_USAGE(.BOTH.,#3178);
#3029=SURFACE_STYLE_USAGE(.BOTH.,#3179);
#3030=SURFACE_STYLE_USAGE(.BOTH.,#3180);
#3031=SURFACE_STYLE_USAGE(.BOTH.,#3181);
#3032=SURFACE_STYLE_USAGE(.BOTH.,#3182);
#3033=SURFACE_STYLE_USAGE(.BOTH.,#3183);
#3034=SURFACE_STYLE_USAGE(.BOTH.,#3184);
#3035=SURFACE_STYLE_USAGE(.BOTH.,#3185);
#3036=SURFACE_STYLE_USAGE(.BOTH.,#3186);
#3037=SURFACE_STYLE_USAGE(.BOTH.,#3187);
#3038=SURFACE_STYLE_USAGE(.BOTH.,#3188);
#3039=SURFACE_STYLE_USAGE(.BOTH.,#3189);
#3040=SURFACE_STYLE_USAGE(.BOTH.,#3190);
#3041=SURFACE_STYLE_USAGE(.BOTH.,#3191);
#3042=SURFACE_STYLE_USAGE(.BOTH.,#3192);
#3043=SURFACE_STYLE_USAGE(.BOTH.,#3193);
#3044=SURFACE_STYLE_USAGE(.BOTH.,#3194);
#3045=SURFACE_STYLE_USAGE(.BOTH.,#3195);
#3046=SURFACE_STYLE_USAGE(.BOTH.,#3196);
#3047=SURFACE_STYLE_USAGE(.BOTH.,#3197);
#3048=SURFACE_STYLE_USAGE(.BOTH.,#3198);
#3049=SURFACE_STYLE_USAGE(.BOTH.,#3199);
#3050=SURFACE_STYLE_USAGE(.BOTH.,#3200);
#3051=SURFACE_STYLE_USAGE(.BOTH.,#3201);
#3052=SURFACE_STYLE_USAGE(.BOTH.,#3202);
#3053=SURFACE_STYLE_USAGE(.BOTH.,#3203);
#3054=SURFACE_STYLE_USAGE(.BOTH.,#3204);
#3055=SURFACE_STYLE_USAGE(.BOTH.,#3205);
#3056=SURFACE_STYLE_USAGE(.BOTH.,#3206);
#3057=SURFACE_STYLE_USAGE(.BOTH.,#3207);
#3058=SURFACE_STYLE_USAGE(.BOTH.,#3208);
#3059=SURFACE_STYLE_USAGE(.BOTH.,#3209);
#3060=SURFACE_STYLE_USAGE(.BOTH.,#3210);
#3061=SURFACE_STYLE_USAGE(.BOTH.,#3211);
#3062=SURFACE_SIDE_STYLE('',(#3212));
#3063=SURFACE_SIDE_STYLE('',(#3213));
#3064=SURFACE_SIDE_STYLE('',(#3214));
#3065=SURFACE_SIDE_STYLE('',(#3215));
#3066=SURFACE_SIDE_STYLE('',(#3216));
#3067=SURFACE_SIDE_STYLE('',(#3217));
#3068=SURFACE_SIDE_STYLE('',(#3218));
#3069=SURFACE_SIDE_STYLE('',(#3219));
#3070=SURFACE_SIDE_STYLE('',(#3220));
#3071=SURFACE_SIDE_STYLE('',(#3221));
#3072=SURFACE_SIDE_STYLE('',(#3222));
#3073=SURFACE_SIDE_STYLE('',(#3223));
#3074=SURFACE_SIDE_STYLE('',(#3224));
#3075=SURFACE_SIDE_STYLE('',(#3225));
#3076=SURFACE_SIDE_STYLE('',(#3226));
#3077=SURFACE_SIDE_STYLE('',(#3227));
#3078=SURFACE_SIDE_STYLE('',(#3228));
#3079=SURFACE_SIDE_STYLE('',(#3229));
#3080=SURFACE_SIDE_STYLE('',(#3230));
#3081=SURFACE_SIDE_STYLE('',(#3231));
#3082=SURFACE_SIDE_STYLE('',(#3232));
#3083=SURFACE_SIDE_STYLE('',(#3233));
#3084=SURFACE_SIDE_STYLE('',(#3234));
#3085=SURFACE_SIDE_STYLE('',(#3235));
#3086=SURFACE_SIDE_STYLE('',(#3236));
#3087=SURFACE_SIDE_STYLE('',(#3237));
#3088=SURFACE_SIDE_STYLE('',(#3238));
#3089=SURFACE_SIDE_STYLE('',(#3239));
#3090=SURFACE_SIDE_STYLE('',(#3240));
#3091=SURFACE_SIDE_STYLE('',(#3241));
#3092=SURFACE_SIDE_STYLE('',(#3242));
#3093=SURFACE_SIDE_STYLE('',(#3243));
#3094=SURFACE_SIDE_STYLE('',(#3244));
#3095=SURFACE_SIDE_STYLE('',(#3245));
#3096=SURFACE_SIDE_STYLE('',(#3246));
#3097=SURFACE_SIDE_STYLE('',(#3247));
#3098=SURFACE_SIDE_STYLE('',(#3248));
#3099=SURFACE_SIDE_STYLE('',(#3249));
#3100=SURFACE_SIDE_STYLE('',(#3250));
#3101=SURFACE_SIDE_STYLE('',(#3251));
#3102=SURFACE_SIDE_STYLE('',(#3252));
#3103=SURFACE_SIDE_STYLE('',(#3253));
#3104=SURFACE_SIDE_STYLE('',(#3254));
#3105=SURFACE_SIDE_STYLE('',(#3255));
#3106=SURFACE_SIDE_STYLE('',(#3256));
#3107=SURFACE_SIDE_STYLE('',(#3257));
#3108=SURFACE_SIDE_STYLE('',(#3258));
#3109=SURFACE_SIDE_STYLE('',(#3259));
#3110=SURFACE_SIDE_STYLE('',(#3260));
#3111=SURFACE_SIDE_STYLE('',(#3261));
#3112=SURFACE_SIDE_STYLE('',(#3262));
#3113=SURFACE_SIDE_STYLE('',(#3263));
#3114=SURFACE_SIDE_STYLE('',(#3264));
#3115=SURFACE_SIDE_STYLE('',(#3265));
#3116=SURFACE_SIDE_STYLE('',(#3266));
#3117=SURFACE_SIDE_STYLE('',(#3267));
#3118=SURFACE_SIDE_STYLE('',(#3268));
#3119=SURFACE_SIDE_STYLE('',(#3269));
#3120=SURFACE_SIDE_STYLE('',(#3270));
#3121=SURFACE_SIDE_STYLE('',(#3271));
#3122=SURFACE_SIDE_STYLE('',(#3272));
#3123=SURFACE_SIDE_STYLE('',(#3273));
#3124=SURFACE_SIDE_STYLE('',(#3274));
#3125=SURFACE_SIDE_STYLE('',(#3275));
#3126=SURFACE_SIDE_STYLE('',(#3276));
#3127=SURFACE_SIDE_STYLE('',(#3277));
#3128=SURFACE_SIDE_STYLE('',(#3278));
#3129=SURFACE_SIDE_STYLE('',(#3279));
#3130=SURFACE_SIDE_STYLE('',(#3280));
#3131=SURFACE_SIDE_STYLE('',(#3281));
#3132=SURFACE_SIDE_STYLE('',(#3282));
#3133=SURFACE_SIDE_STYLE('',(#3283));
#3134=SURFACE_SIDE_STYLE('',(#3284));
#3135=SURFACE_SIDE_STYLE('',(#3285));
#3136=SURFACE_SIDE_STYLE('',(#3286));
#3137=SURFACE_SIDE_STYLE('',(#3287));
#3138=SURFACE_SIDE_STYLE('',(#3288));
#3139=SURFACE_SIDE_STYLE('',(#3289));
#3140=SURFACE_SIDE_STYLE('',(#3290));
#3141=SURFACE_SIDE_STYLE('',(#3291));
#3142=SURFACE_SIDE_STYLE('',(#3292));
#3143=SURFACE_SIDE_STYLE('',(#3293));
#3144=SURFACE_SIDE_STYLE('',(#3294));
#3145=SURFACE_SIDE_STYLE('',(#3295));
#3146=SURFACE_SIDE_STYLE('',(#3296));
#3147=SURFACE_SIDE_STYLE('',(#3297));
#3148=SURFACE_SIDE_STYLE('',(#3298));
#3149=SURFACE_SIDE_STYLE('',(#3299));
#3150=SURFACE_SIDE_STYLE('',(#3300));
#3151=SURFACE_SIDE_STYLE('',(#3301));
#3152=SURFACE_SIDE_STYLE('',(#3302));
#3153=SURFACE_SIDE_STYLE('',(#3303));
#3154=SURFACE_SIDE_STYLE('',(#3304));
#3155=SURFACE_SIDE_STYLE('',(#3305));
#3156=SURFACE_SIDE_STYLE('',(#3306));
#3157=SURFACE_SIDE_STYLE('',(#3307));
#3158=SURFACE_SIDE_STYLE('',(#3308));
#3159=SURFACE_SIDE_STYLE('',(#3309));
#3160=SURFACE_SIDE_STYLE('',(#3310));
#3161=SURFACE_SIDE_STYLE('',(#3311));
#3162=SURFACE_SIDE_STYLE('',(#3312));
#3163=SURFACE_SIDE_STYLE('',(#3313));
#3164=SURFACE_SIDE_STYLE('',(#3314));
#3165=SURFACE_SIDE_STYLE('',(#3315));
#3166=SURFACE_SIDE_STYLE('',(#3316));
#3167=SURFACE_SIDE_STYLE('',(#3317));
#3168=SURFACE_SIDE_STYLE('',(#3318));
#3169=SURFACE_SIDE_STYLE('',(#3319));
#3170=SURFACE_SIDE_STYLE('',(#3320));
#3171=SURFACE_SIDE_STYLE('',(#3321));
#3172=SURFACE_SIDE_STYLE('',(#3322));
#3173=SURFACE_SIDE_STYLE('',(#3323));
#3174=SURFACE_SIDE_STYLE('',(#3324));
#3175=SURFACE_SIDE_STYLE('',(#3325));
#3176=SURFACE_SIDE_STYLE('',(#3326));
#3177=SURFACE_SIDE_STYLE('',(#3327));
#3178=SURFACE_SIDE_STYLE('',(#3328));
#3179=SURFACE_SIDE_STYLE('',(#3329));
#3180=SURFACE_SIDE_STYLE('',(#3330));
#3181=SURFACE_SIDE_STYLE('',(#3331));
#3182=SURFACE_SIDE_STYLE('',(#3332));
#3183=SURFACE_SIDE_STYLE('',(#3333));
#3184=SURFACE_SIDE_STYLE('',(#3334));
#3185=SURFACE_SIDE_STYLE('',(#3335));
#3186=SURFACE_SIDE_STYLE('',(#3336));
#3187=SURFACE_SIDE_STYLE('',(#3337));
#3188=SURFACE_SIDE_STYLE('',(#3338));
#3189=SURFACE_SIDE_STYLE('',(#3339));
#3190=SURFACE_SIDE_STYLE('',(#3340));
#3191=SURFACE_SIDE_STYLE('',(#3341));
#3192=SURFACE_SIDE_STYLE('',(#3342));
#3193=SURFACE_SIDE_STYLE('',(#3343));
#3194=SURFACE_SIDE_STYLE('',(#3344));
#3195=SURFACE_SIDE_STYLE('',(#3345));
#3196=SURFACE_SIDE_STYLE('',(#3346));
#3197=SURFACE_SIDE_STYLE('',(#3347));
#3198=SURFACE_SIDE_STYLE('',(#3348));
#3199=SURFACE_SIDE_STYLE('',(#3349));
#3200=SURFACE_SIDE_STYLE('',(#3350));
#3201=SURFACE_SIDE_STYLE('',(#3351));
#3202=SURFACE_SIDE_STYLE('',(#3352));
#3203=SURFACE_SIDE_STYLE('',(#3353));
#3204=SURFACE_SIDE_STYLE('',(#3354));
#3205=SURFACE_SIDE_STYLE('',(#3355));
#3206=SURFACE_SIDE_STYLE('',(#3356));
#3207=SURFACE_SIDE_STYLE('',(#3357));
#3208=SURFACE_SIDE_STYLE('',(#3358));
#3209=SURFACE_SIDE_STYLE('',(#3359));
#3210=SURFACE_SIDE_STYLE('',(#3360));
#3211=SURFACE_SIDE_STYLE('',(#3361));
#3212=SURFACE_STYLE_FILL_AREA(#3362);
#3213=SURFACE_STYLE_FILL_AREA(#3363);
#3214=SURFACE_STYLE_FILL_AREA(#3364);
#3215=SURFACE_STYLE_FILL_AREA(#3365);
#3216=SURFACE_STYLE_FILL_AREA(#3366);
#3217=SURFACE_STYLE_FILL_AREA(#3367);
#3218=SURFACE_STYLE_FILL_AREA(#3368);
#3219=SURFACE_STYLE_FILL_AREA(#3369);
#3220=SURFACE_STYLE_FILL_AREA(#3370);
#3221=SURFACE_STYLE_FILL_AREA(#3371);
#3222=SURFACE_STYLE_FILL_AREA(#3372);
#3223=SURFACE_STYLE_FILL_AREA(#3373);
#3224=SURFACE_STYLE_FILL_AREA(#3374);
#3225=SURFACE_STYLE_FILL_AREA(#3375);
#3226=SURFACE_STYLE_FILL_AREA(#3376);
#3227=SURFACE_STYLE_FILL_AREA(#3377);
#3228=SURFACE_STYLE_FILL_AREA(#3378);
#3229=SURFACE_STYLE_FILL_AREA(#3379);
#3230=SURFACE_STYLE_FILL_AREA(#3380);
#3231=SURFACE_STYLE_FILL_AREA(#3381);
#3232=SURFACE_STYLE_FILL_AREA(#3382);
#3233=SURFACE_STYLE_FILL_AREA(#3383);
#3234=SURFACE_STYLE_FILL_AREA(#3384);
#3235=SURFACE_STYLE_FILL_AREA(#3385);
#3236=SURFACE_STYLE_FILL_AREA(#3386);
#3237=SURFACE_STYLE_FILL_AREA(#3387);
#3238=SURFACE_STYLE_FILL_AREA(#3388);
#3239=SURFACE_STYLE_FILL_AREA(#3389);
#3240=SURFACE_STYLE_FILL_AREA(#3390);
#3241=SURFACE_STYLE_FILL_AREA(#3391);
#3242=SURFACE_STYLE_FILL_AREA(#3392);
#3243=SURFACE_STYLE_FILL_AREA(#3393);
#3244=SURFACE_STYLE_FILL_AREA(#3394);
#3245=SURFACE_STYLE_FILL_AREA(#3395);
#3246=SURFACE_STYLE_FILL_AREA(#3396);
#3247=SURFACE_STYLE_FILL_AREA(#3397);
#3248=SURFACE_STYLE_FILL_AREA(#3398);
#3249=SURFACE_STYLE_FILL_AREA(#3399);
#3250=SURFACE_STYLE_FILL_AREA(#3400);
#3251=SURFACE_STYLE_FILL_AREA(#3401);
#3252=SURFACE_STYLE_FILL_AREA(#3402);
#3253=SURFACE_STYLE_FILL_AREA(#3403);
#3254=SURFACE_STYLE_FILL_AREA(#3404);
#3255=SURFACE_STYLE_FILL_AREA(#3405);
#3256=SURFACE_STYLE_FILL_AREA(#3406);
#3257=SURFACE_STYLE_FILL_AREA(#3407);
#3258=SURFACE_STYLE_FILL_AREA(#3408);
#3259=SURFACE_STYLE_FILL_AREA(#3409);
#3260=SURFACE_STYLE_FILL_AREA(#3410);
#3261=SURFACE_STYLE_FILL_AREA(#3411);
#3262=SURFACE_STYLE_FILL_AREA(#3412);
#3263=SURFACE_STYLE_FILL_AREA(#3413);
#3264=SURFACE_STYLE_FILL_AREA(#3414);
#3265=SURFACE_STYLE_FILL_AREA(#3415);
#3266=SURFACE_STYLE_FILL_AREA(#3416);
#3267=SURFACE_STYLE_FILL_AREA(#3417);
#3268=SURFACE_STYLE_FILL_AREA(#3418);
#3269=SURFACE_STYLE_FILL_AREA(#3419);
#3270=SURFACE_STYLE_FILL_AREA(#3420);
#3271=SURFACE_STYLE_FILL_AREA(#3421);
#3272=SURFACE_STYLE_FILL_AREA(#3422);
#3273=SURFACE_STYLE_FILL_AREA(#3423);
#3274=SURFACE_STYLE_FILL_AREA(#3424);
#3275=SURFACE_STYLE_FILL_AREA(#3425);
#3276=SURFACE_STYLE_FILL_AREA(#3426);
#3277=SURFACE_STYLE_FILL_AREA(#3427);
#3278=SURFACE_STYLE_FILL_AREA(#3428);
#3279=SURFACE_STYLE_FILL_AREA(#3429);
#3280=SURFACE_STYLE_FILL_AREA(#3430);
#3281=SURFACE_STYLE_FILL_AREA(#3431);
#3282=SURFACE_STYLE_FILL_AREA(#3432);
#3283=SURFACE_STYLE_FILL_AREA(#3433);
#3284=SURFACE_STYLE_FILL_AREA(#3434);
#3285=SURFACE_STYLE_FILL_AREA(#3435);
#3286=SURFACE_STYLE_FILL_AREA(#3436);
#3287=SURFACE_STYLE_FILL_AREA(#3437);
#3288=SURFACE_STYLE_FILL_AREA(#3438);
#3289=SURFACE_STYLE_FILL_AREA(#3439);
#3290=SURFACE_STYLE_FILL_AREA(#3440);
#3291=SURFACE_STYLE_FILL_AREA(#3441);
#3292=SURFACE_STYLE_FILL_AREA(#3442);
#3293=SURFACE_STYLE_FILL_AREA(#3443);
#3294=SURFACE_STYLE_FILL_AREA(#3444);
#3295=SURFACE_STYLE_FILL_AREA(#3445);
#3296=SURFACE_STYLE_FILL_AREA(#3446);
#3297=SURFACE_STYLE_FILL_AREA(#3447);
#3298=SURFACE_STYLE_FILL_AREA(#3448);
#3299=SURFACE_STYLE_FILL_AREA(#3449);
#3300=SURFACE_STYLE_FILL_AREA(#3450);
#3301=SURFACE_STYLE_FILL_AREA(#3451);
#3302=SURFACE_STYLE_FILL_AREA(#3452);
#3303=SURFACE_STYLE_FILL_AREA(#3453);
#3304=SURFACE_STYLE_FILL_AREA(#3454);
#3305=SURFACE_STYLE_FILL_AREA(#3455);
#3306=SURFACE_STYLE_FILL_AREA(#3456);
#3307=SURFACE_STYLE_FILL_AREA(#3457);
#3308=SURFACE_STYLE_FILL_AREA(#3458);
#3309=SURFACE_STYLE_FILL_AREA(#3459);
#3310=SURFACE_STYLE_FILL_AREA(#3460);
#3311=SURFACE_STYLE_FILL_AREA(#3461);
#3312=SURFACE_STYLE_FILL_AREA(#3462);
#3313=SURFACE_STYLE_FILL_AREA(#3463);
#3314=SURFACE_STYLE_FILL_AREA(#3464);
#3315=SURFACE_STYLE_FILL_AREA(#3465);
#3316=SURFACE_STYLE_FILL_AREA(#3466);
#3317=SURFACE_STYLE_FILL_AREA(#3467);
#3318=SURFACE_STYLE_FILL_AREA(#3468);
#3319=SURFACE_STYLE_FILL_AREA(#3469);
#3320=SURFACE_STYLE_FILL_AREA(#3470);
#3321=SURFACE_STYLE_FILL_AREA(#3471);
#3322=SURFACE_STYLE_FILL_AREA(#3472);
#3323=SURFACE_STYLE_FILL_AREA(#3473);
#3324=SURFACE_STYLE_FILL_AREA(#3474);
#3325=SURFACE_STYLE_FILL_AREA(#3475);
#3326=SURFACE_STYLE_FILL_AREA(#3476);
#3327=SURFACE_STYLE_FILL_AREA(#3477);
#3328=SURFACE_STYLE_FILL_AREA(#3478);
#3329=SURFACE_STYLE_FILL_AREA(#3479);
#3330=SURFACE_STYLE_FILL_AREA(#3480);
#3331=SURFACE_STYLE_FILL_AREA(#3481);
#3332=SURFACE_STYLE_FILL_AREA(#3482);
#3333=SURFACE_STYLE_FILL_AREA(#3483);
#3334=SURFACE_STYLE_FILL_AREA(#3484);
#3335=SURFACE_STYLE_FILL_AREA(#3485);
#3336=SURFACE_STYLE_FILL_AREA(#3486);
#3337=SURFACE_STYLE_FILL_AREA(#3487);
#3338=SURFACE_STYLE_FILL_AREA(#3488);
#3339=SURFACE_STYLE_FILL_AREA(#3489);
#3340=SURFACE_STYLE_FILL_AREA(#3490);
#3341=SURFACE_STYLE_FILL_AREA(#3491);
#3342=SURFACE_STYLE_FILL_AREA(#3492);
#3343=SURFACE_STYLE_FILL_AREA(#3493);
#3344=SURFACE_STYLE_FILL_AREA(#3494);
#3345=SURFACE_STYLE_FILL_AREA(#3495);
#3346=SURFACE_STYLE_FILL_AREA(#3496);
#3347=SURFACE_STYLE_FILL_AREA(#3497);
#3348=SURFACE_STYLE_FILL_AREA(#3498);
#3349=SURFACE_STYLE_FILL_AREA(#3499);
#3350=SURFACE_STYLE_FILL_AREA(#3500);
#3351=SURFACE_STYLE_FILL_AREA(#3501);
#3352=SURFACE_STYLE_FILL_AREA(#3502);
#3353=SURFACE_STYLE_FILL_AREA(#3503);
#3354=SURFACE_STYLE_FILL_AREA(#3504);
#3355=SURFACE_STYLE_FILL_AREA(#3505);
#3356=SURFACE_STYLE_FILL_AREA(#3506);
#3357=SURFACE_STYLE_FILL_AREA(#3507);
#3358=SURFACE_STYLE_FILL_AREA(#3508);
#3359=SURFACE_STYLE_FILL_AREA(#3509);
#3360=SURFACE_STYLE_FILL_AREA(#3510);
#3361=SURFACE_STYLE_FILL_AREA(#3511);
#3362=FILL_AREA_STYLE('',(#3512));
#3363=FILL_AREA_STYLE('',(#3513));
#3364=FILL_AREA_STYLE('',(#3514));
#3365=FILL_AREA_STYLE('',(#3515));
#3366=FILL_AREA_STYLE('',(#3516));
#3367=FILL_AREA_STYLE('',(#3517));
#3368=FILL_AREA_STYLE('',(#3518));
#3369=FILL_AREA_STYLE('',(#3519));
#3370=FILL_AREA_STYLE('',(#3520));
#3371=FILL_AREA_STYLE('',(#3521));
#3372=FILL_AREA_STYLE('',(#3522));
#3373=FILL_AREA_STYLE('',(#3523));
#3374=FILL_AREA_STYLE('',(#3524));
#3375=FILL_AREA_STYLE('',(#3525));
#3376=FILL_AREA_STYLE('',(#3526));
#3377=FILL_AREA_STYLE('',(#3527));
#3378=FILL_AREA_STYLE('',(#3528));
#3379=FILL_AREA_STYLE('',(#3529));
#3380=FILL_AREA_STYLE('',(#3530));
#3381=FILL_AREA_STYLE('',(#3531));
#3382=FILL_AREA_STYLE('',(#3532));
#3383=FILL_AREA_STYLE('',(#3533));
#3384=FILL_AREA_STYLE('',(#3534));
#3385=FILL_AREA_STYLE('',(#3535));
#3386=FILL_AREA_STYLE('',(#3536));
#3387=FILL_AREA_STYLE('',(#3537));
#3388=FILL_AREA_STYLE('',(#3538));
#3389=FILL_AREA_STYLE('',(#3539));
#3390=FILL_AREA_STYLE('',(#3540));
#3391=FILL_AREA_STYLE('',(#3541));
#3392=FILL_AREA_STYLE('',(#3542));
#3393=FILL_AREA_STYLE('',(#3543));
#3394=FILL_AREA_STYLE('',(#3544));
#3395=FILL_AREA_STYLE('',(#3545));
#3396=FILL_AREA_STYLE('',(#3546));
#3397=FILL_AREA_STYLE('',(#3547));
#3398=FILL_AREA_STYLE('',(#3548));
#3399=FILL_AREA_STYLE('',(#3549));
#3400=FILL_AREA_STYLE('',(#3550));
#3401=FILL_AREA_STYLE('',(#3551));
#3402=FILL_AREA_STYLE('',(#3552));
#3403=FILL_AREA_STYLE('',(#3553));
#3404=FILL_AREA_STYLE('',(#3554));
#3405=FILL_AREA_STYLE('',(#3555));
#3406=FILL_AREA_STYLE('',(#3556));
#3407=FILL_AREA_STYLE('',(#3557));
#3408=FILL_AREA_STYLE('',(#3558));
#3409=FILL_AREA_STYLE('',(#3559));
#3410=FILL_AREA_STYLE('',(#3560));
#3411=FILL_AREA_STYLE('',(#3561));
#3412=FILL_AREA_STYLE('',(#3562));
#3413=FILL_AREA_STYLE('',(#3563));
#3414=FILL_AREA_STYLE('',(#3564));
#3415=FILL_AREA_STYLE('',(#3565));
#3416=FILL_AREA_STYLE('',(#3566));
#3417=FILL_AREA_STYLE('',(#3567));
#3418=FILL_AREA_STYLE('',(#3568));
#3419=FILL_AREA_STYLE('',(#3569));
#3420=FILL_AREA_STYLE('',(#3570));
#3421=FILL_AREA_STYLE('',(#3571));
#3422=FILL_AREA_STYLE('',(#3572));
#3423=FILL_AREA_STYLE('',(#3573));
#3424=FILL_AREA_STYLE('',(#3574));
#3425=FILL_AREA_STYLE('',(#3575));
#3426=FILL_AREA_STYLE('',(#3576));
#3427=FILL_AREA_STYLE('',(#3577));
#3428=FILL_AREA_STYLE('',(#3578));
#3429=FILL_AREA_STYLE('',(#3579));
#3430=FILL_AREA_STYLE('',(#3580));
#3431=FILL_AREA_STYLE('',(#3581));
#3432=FILL_AREA_STYLE('',(#3582));
#3433=FILL_AREA_STYLE('',(#3583));
#3434=FILL_AREA_STYLE('',(#3584));
#3435=FILL_AREA_STYLE('',(#3585));
#3436=FILL_AREA_STYLE('',(#3586));
#3437=FILL_AREA_STYLE('',(#3587));
#3438=FILL_AREA_STYLE('',(#3588));
#3439=FILL_AREA_STYLE('',(#3589));
#3440=FILL_AREA_STYLE('',(#3590));
#3441=FILL_AREA_STYLE('',(#3591));
#3442=FILL_AREA_STYLE('',(#3592));
#3443=FILL_AREA_STYLE('',(#3593));
#3444=FILL_AREA_STYLE('',(#3594));
#3445=FILL_AREA_STYLE('',(#3595));
#3446=FILL_AREA_STYLE('',(#3596));
#3447=FILL_AREA_STYLE('',(#3597));
#3448=FILL_AREA_STYLE('',(#3598));
#3449=FILL_AREA_STYLE('',(#3599));
#3450=FILL_AREA_STYLE('',(#3600));
#3451=FILL_AREA_STYLE('',(#3601));
#3452=FILL_AREA_STYLE('',(#3602));
#3453=FILL_AREA_STYLE('',(#3603));
#3454=FILL_AREA_STYLE('',(#3604));
#3455=FILL_AREA_STYLE('',(#3605));
#3456=FILL_AREA_STYLE('',(#3606));
#3457=FILL_AREA_STYLE('',(#3607));
#3458=FILL_AREA_STYLE('',(#3608));
#3459=FILL_AREA_STYLE('',(#3609));
#3460=FILL_AREA_STYLE('',(#3610));
#3461=FILL_AREA_STYLE('',(#3611));
#3462=FILL_AREA_STYLE('',(#3612));
#3463=FILL_AREA_STYLE('',(#3613));
#3464=FILL_AREA_STYLE('',(#3614));
#3465=FILL_AREA_STYLE('',(#3615));
#3466=FILL_AREA_STYLE('',(#3616));
#3467=FILL_AREA_STYLE('',(#3617));
#3468=FILL_AREA_STYLE('',(#3618));
#3469=FILL_AREA_STYLE('',(#3619));
#3470=FILL_AREA_STYLE('',(#3620));
#3471=FILL_AREA_STYLE('',(#3621));
#3472=FILL_AREA_STYLE('',(#3622));
#3473=FILL_AREA_STYLE('',(#3623));
#3474=FILL_AREA_STYLE('',(#3624));
#3475=FILL_AREA_STYLE('',(#3625));
#3476=FILL_AREA_STYLE('',(#3626));
#3477=FILL_AREA_STYLE('',(#3627));
#3478=FILL_AREA_STYLE('',(#3628));
#3479=FILL_AREA_STYLE('',(#3629));
#3480=FILL_AREA_STYLE('',(#3630));
#3481=FILL_AREA_STYLE('',(#3631));
#3482=FILL_AREA_STYLE('',(#3632));
#3483=FILL_AREA_STYLE('',(#3633));
#3484=FILL_AREA_STYLE('',(#3634));
#3485=FILL_AREA_STYLE('',(#3635));
#3486=FILL_AREA_STYLE('',(#3636));
#3487=FILL_AREA_STYLE('',(#3637));
#3488=FILL_AREA_STYLE('',(#3638));
#3489=FILL_AREA_STYLE('',(#3639));
#3490=FILL_AREA_STYLE('',(#3640));
#3491=FILL_AREA_STYLE('',(#3641));
#3492=FILL_AREA_STYLE('',(#3642));
#3493=FILL_AREA_STYLE('',(#3643));
#3494=FILL_AREA_STYLE('',(#3644));
#3495=FILL_AREA_STYLE('',(#3645));
#3496=FILL_AREA_STYLE('',(#3646));
#3497=FILL_AREA_STYLE('',(#3647));
#3498=FILL_AREA_STYLE('',(#3648));
#3499=FILL_AREA_STYLE('',(#3649));
#3500=FILL_AREA_STYLE('',(#3650));
#3501=FILL_AREA_STYLE('',(#3651));
#3502=FILL_AREA_STYLE('',(#3652));
#3503=FILL_AREA_STYLE('',(#3653));
#3504=FILL_AREA_STYLE('',(#3654));
#3505=FILL_AREA_STYLE('',(#3655));
#3506=FILL_AREA_STYLE('',(#3656));
#3507=FILL_AREA_STYLE('',(#3657));
#3508=FILL_AREA_STYLE('',(#3658));
#3509=FILL_AREA_STYLE('',(#3659));
#3510=FILL_AREA_STYLE('',(#3660));
#3511=FILL_AREA_STYLE('',(#3661));
#3512=FILL_AREA_STYLE_COLOUR('',#3662);
#3513=FILL_AREA_STYLE_COLOUR('',#3662);
#3514=FILL_AREA_STYLE_COLOUR('',#3663);
#3515=FILL_AREA_STYLE_COLOUR('',#3663);
#3516=FILL_AREA_STYLE_COLOUR('',#3662);
#3517=FILL_AREA_STYLE_COLOUR('',#3662);
#3518=FILL_AREA_STYLE_COLOUR('',#3662);
#3519=FILL_AREA_STYLE_COLOUR('',#3663);
#3520=FILL_AREA_STYLE_COLOUR('',#3663);
#3521=FILL_AREA_STYLE_COLOUR('',#3663);
#3522=FILL_AREA_STYLE_COLOUR('',#3663);
#3523=FILL_AREA_STYLE_COLOUR('',#3662);
#3524=FILL_AREA_STYLE_COLOUR('',#3662);
#3525=FILL_AREA_STYLE_COLOUR('',#3662);
#3526=FILL_AREA_STYLE_COLOUR('',#3662);
#3527=FILL_AREA_STYLE_COLOUR('',#3662);
#3528=FILL_AREA_STYLE_COLOUR('',#3662);
#3529=FILL_AREA_STYLE_COLOUR('',#3662);
#3530=FILL_AREA_STYLE_COLOUR('',#3662);
#3531=FILL_AREA_STYLE_COLOUR('',#3662);
#3532=FILL_AREA_STYLE_COLOUR('',#3662);
#3533=FILL_AREA_STYLE_COLOUR('',#3662);
#3534=FILL_AREA_STYLE_COLOUR('',#3662);
#3535=FILL_AREA_STYLE_COLOUR('',#3662);
#3536=FILL_AREA_STYLE_COLOUR('',#3662);
#3537=FILL_AREA_STYLE_COLOUR('',#3662);
#3538=FILL_AREA_STYLE_COLOUR('',#3662);
#3539=FILL_AREA_STYLE_COLOUR('',#3662);
#3540=FILL_AREA_STYLE_COLOUR('',#3662);
#3541=FILL_AREA_STYLE_COLOUR('',#3662);
#3542=FILL_AREA_STYLE_COLOUR('',#3662);
#3543=FILL_AREA_STYLE_COLOUR('',#3662);
#3544=FILL_AREA_STYLE_COLOUR('',#3662);
#3545=FILL_AREA_STYLE_COLOUR('',#3662);
#3546=FILL_AREA_STYLE_COLOUR('',#3662);
#3547=FILL_AREA_STYLE_COLOUR('',#3662);
#3548=FILL_AREA_STYLE_COLOUR('',#3662);
#3549=FILL_AREA_STYLE_COLOUR('',#3662);
#3550=FILL_AREA_STYLE_COLOUR('',#3662);
#3551=FILL_AREA_STYLE_COLOUR('',#3662);
#3552=FILL_AREA_STYLE_COLOUR('',#3662);
#3553=FILL_AREA_STYLE_COLOUR('',#3662);
#3554=FILL_AREA_STYLE_COLOUR('',#3662);
#3555=FILL_AREA_STYLE_COLOUR('',#3662);
#3556=FILL_AREA_STYLE_COLOUR('',#3662);
#3557=FILL_AREA_STYLE_COLOUR('',#3662);
#3558=FILL_AREA_STYLE_COLOUR('',#3662);
#3559=FILL_AREA_STYLE_COLOUR('',#3662);
#3560=FILL_AREA_STYLE_COLOUR('',#3662);
#3561=FILL_AREA_STYLE_COLOUR('',#3662);
#3562=FILL_AREA_STYLE_COLOUR('',#3662);
#3563=FILL_AREA_STYLE_COLOUR('',#3662);
#3564=FILL_AREA_STYLE_COLOUR('',#3662);
#3565=FILL_AREA_STYLE_COLOUR('',#3662);
#3566=FILL_AREA_STYLE_COLOUR('',#3662);
#3567=FILL_AREA_STYLE_COLOUR('',#3662);
#3568=FILL_AREA_STYLE_COLOUR('',#3662);
#3569=FILL_AREA_STYLE_COLOUR('',#3662);
#3570=FILL_AREA_STYLE_COLOUR('',#3662);
#3571=FILL_AREA_STYLE_COLOUR('',#3662);
#3572=FILL_AREA_STYLE_COLOUR('',#3662);
#3573=FILL_AREA_STYLE_COLOUR('',#3662);
#3574=FILL_AREA_STYLE_COLOUR('',#3662);
#3575=FILL_AREA_STYLE_COLOUR('',#3662);
#3576=FILL_AREA_STYLE_COLOUR('',#3663);
#3577=FILL_AREA_STYLE_COLOUR('',#3662);
#3578=FILL_AREA_STYLE_COLOUR('',#3662);
#3579=FILL_AREA_STYLE_COLOUR('',#3662);
#3580=FILL_AREA_STYLE_COLOUR('',#3662);
#3581=FILL_AREA_STYLE_COLOUR('',#3663);
#3582=FILL_AREA_STYLE_COLOUR('',#3663);
#3583=FILL_AREA_STYLE_COLOUR('',#3663);
#3584=FILL_AREA_STYLE_COLOUR('',#3663);
#3585=FILL_AREA_STYLE_COLOUR('',#3663);
#3586=FILL_AREA_STYLE_COLOUR('',#3663);
#3587=FILL_AREA_STYLE_COLOUR('',#3663);
#3588=FILL_AREA_STYLE_COLOUR('',#3663);
#3589=FILL_AREA_STYLE_COLOUR('',#3663);
#3590=FILL_AREA_STYLE_COLOUR('',#3663);
#3591=FILL_AREA_STYLE_COLOUR('',#3663);
#3592=FILL_AREA_STYLE_COLOUR('',#3663);
#3593=FILL_AREA_STYLE_COLOUR('',#3663);
#3594=FILL_AREA_STYLE_COLOUR('',#3663);
#3595=FILL_AREA_STYLE_COLOUR('',#3663);
#3596=FILL_AREA_STYLE_COLOUR('',#3663);
#3597=FILL_AREA_STYLE_COLOUR('',#3663);
#3598=FILL_AREA_STYLE_COLOUR('',#3663);
#3599=FILL_AREA_STYLE_COLOUR('',#3663);
#3600=FILL_AREA_STYLE_COLOUR('',#3663);
#3601=FILL_AREA_STYLE_COLOUR('',#3663);
#3602=FILL_AREA_STYLE_COLOUR('',#3663);
#3603=FILL_AREA_STYLE_COLOUR('',#3663);
#3604=FILL_AREA_STYLE_COLOUR('',#3663);
#3605=FILL_AREA_STYLE_COLOUR('',#3663);
#3606=FILL_AREA_STYLE_COLOUR('',#3663);
#3607=FILL_AREA_STYLE_COLOUR('',#3663);
#3608=FILL_AREA_STYLE_COLOUR('',#3663);
#3609=FILL_AREA_STYLE_COLOUR('',#3663);
#3610=FILL_AREA_STYLE_COLOUR('',#3663);
#3611=FILL_AREA_STYLE_COLOUR('',#3663);
#3612=FILL_AREA_STYLE_COLOUR('',#3663);
#3613=FILL_AREA_STYLE_COLOUR('',#3663);
#3614=FILL_AREA_STYLE_COLOUR('',#3662);
#3615=FILL_AREA_STYLE_COLOUR('',#3662);
#3616=FILL_AREA_STYLE_COLOUR('',#3662);
#3617=FILL_AREA_STYLE_COLOUR('',#3662);
#3618=FILL_AREA_STYLE_COLOUR('',#3662);
#3619=FILL_AREA_STYLE_COLOUR('',#3663);
#3620=FILL_AREA_STYLE_COLOUR('',#3663);
#3621=FILL_AREA_STYLE_COLOUR('',#3663);
#3622=FILL_AREA_STYLE_COLOUR('',#3663);
#3623=FILL_AREA_STYLE_COLOUR('',#3663);
#3624=FILL_AREA_STYLE_COLOUR('',#3663);
#3625=FILL_AREA_STYLE_COLOUR('',#3663);
#3626=FILL_AREA_STYLE_COLOUR('',#3663);
#3627=FILL_AREA_STYLE_COLOUR('',#3663);
#3628=FILL_AREA_STYLE_COLOUR('',#3663);
#3629=FILL_AREA_STYLE_COLOUR('',#3663);
#3630=FILL_AREA_STYLE_COLOUR('',#3663);
#3631=FILL_AREA_STYLE_COLOUR('',#3663);
#3632=FILL_AREA_STYLE_COLOUR('',#3663);
#3633=FILL_AREA_STYLE_COLOUR('',#3663);
#3634=FILL_AREA_STYLE_COLOUR('',#3663);
#3635=FILL_AREA_STYLE_COLOUR('',#3663);
#3636=FILL_AREA_STYLE_COLOUR('',#3663);
#3637=FILL_AREA_STYLE_COLOUR('',#3663);
#3638=FILL_AREA_STYLE_COLOUR('',#3663);
#3639=FILL_AREA_STYLE_COLOUR('',#3663);
#3640=FILL_AREA_STYLE_COLOUR('',#3663);
#3641=FILL_AREA_STYLE_COLOUR('',#3663);
#3642=FILL_AREA_STYLE_COLOUR('',#3663);
#3643=FILL_AREA_STYLE_COLOUR('',#3663);
#3644=FILL_AREA_STYLE_COLOUR('',#3663);
#3645=FILL_AREA_STYLE_COLOUR('',#3663);
#3646=FILL_AREA_STYLE_COLOUR('',#3663);
#3647=FILL_AREA_STYLE_COLOUR('',#3663);
#3648=FILL_AREA_STYLE_COLOUR('',#3663);
#3649=FILL_AREA_STYLE_COLOUR('',#3663);
#3650=FILL_AREA_STYLE_COLOUR('',#3663);
#3651=FILL_AREA_STYLE_COLOUR('',#3663);
#3652=FILL_AREA_STYLE_COLOUR('',#3663);
#3653=FILL_AREA_STYLE_COLOUR('',#3663);
#3654=FILL_AREA_STYLE_COLOUR('',#3663);
#3655=FILL_AREA_STYLE_COLOUR('',#3663);
#3656=FILL_AREA_STYLE_COLOUR('',#3663);
#3657=FILL_AREA_STYLE_COLOUR('',#3663);
#3658=FILL_AREA_STYLE_COLOUR('',#3663);
#3659=FILL_AREA_STYLE_COLOUR('',#3662);
#3660=FILL_AREA_STYLE_COLOUR('',#3662);
#3661=FILL_AREA_STYLE_COLOUR('',#3662);
#3662=COLOUR_RGB('',0.,0.25,0.75);
#3663=COLOUR_RGB('',0.699999988079071,0.699999988079071,0.699999988079071);
#3664=ADVANCED_FACE('',(#2342,#2343),#2498,.F.);
#3665=ADVANCED_FACE('',(#2344,#2345,#2346),#2499,.T.);
#3666=ADVANCED_FACE('',(#2347),#2500,.T.);
#3667=ADVANCED_FACE('',(#2348),#2501,.F.);
#3668=ADVANCED_FACE('',(#2349),#2502,.T.);
#3669=ADVANCED_FACE('',(#2350),#2503,.F.);
#3670=ADVANCED_FACE('',(#2351),#2504,.T.);
#3671=ADVANCED_FACE('',(#2352),#2505,.T.);
#3672=ADVANCED_FACE('',(#2353),#2506,.T.);
#3673=ADVANCED_FACE('',(#2354),#2507,.T.);
#3674=ADVANCED_FACE('',(#2355),#2508,.T.);
#3675=ADVANCED_FACE('',(#2356),#2509,.T.);
#3676=ADVANCED_FACE('',(#2357),#2510,.T.);
#3677=ADVANCED_FACE('',(#2358),#2511,.T.);
#3678=ADVANCED_FACE('',(#2359),#2512,.T.);
#3679=ADVANCED_FACE('',(#2360),#2513,.T.);
#3680=ADVANCED_FACE('',(#2361),#2514,.T.);
#3681=ADVANCED_FACE('',(#2362),#2515,.T.);
#3682=ADVANCED_FACE('',(#2363),#2516,.F.);
#3683=ADVANCED_FACE('',(#2364),#2517,.F.);
#3684=ADVANCED_FACE('',(#2365),#2518,.F.);
#3685=ADVANCED_FACE('',(#2366,#2367),#2519,.F.);
#3686=ADVANCED_FACE('',(#2368),#2520,.F.);
#3687=ADVANCED_FACE('',(#2369),#2521,.F.);
#3688=ADVANCED_FACE('',(#2370),#2522,.F.);
#3689=ADVANCED_FACE('',(#2371),#2523,.F.);
#3690=ADVANCED_FACE('',(#2372),#2524,.F.);
#3691=ADVANCED_FACE('',(#2373),#2525,.F.);
#3692=ADVANCED_FACE('',(#2374),#2526,.F.);
#3693=ADVANCED_FACE('',(#2375),#2527,.F.);
#3694=ADVANCED_FACE('',(#2376),#2528,.T.);
#3695=ADVANCED_FACE('',(#2377),#2529,.T.);
#3696=ADVANCED_FACE('',(#2378,#2379,#2380),#2530,.T.);
#3697=ADVANCED_FACE('',(#2381),#2531,.T.);
#3698=ADVANCED_FACE('',(#2382),#2532,.T.);
#3699=ADVANCED_FACE('',(#2383),#36,.T.);
#3700=ADVANCED_FACE('',(#2384),#2533,.T.);
#3701=ADVANCED_FACE('',(#2385),#37,.F.);
#3702=ADVANCED_FACE('',(#2386),#38,.F.);
#3703=ADVANCED_FACE('',(#2387),#39,.F.);
#3704=ADVANCED_FACE('',(#2388),#2534,.T.);
#3705=ADVANCED_FACE('',(#2389),#40,.F.);
#3706=ADVANCED_FACE('',(#2390),#41,.F.);
#3707=ADVANCED_FACE('',(#2391),#42,.F.);
#3708=ADVANCED_FACE('',(#2392),#2535,.T.);
#3709=ADVANCED_FACE('',(#2393),#43,.T.);
#3710=ADVANCED_FACE('',(#2394),#2536,.T.);
#3711=ADVANCED_FACE('',(#2395),#2537,.F.);
#3712=ADVANCED_FACE('',(#2396),#44,.F.);
#3713=ADVANCED_FACE('',(#2397),#2538,.F.);
#3714=ADVANCED_FACE('',(#2398),#2539,.F.);
#3715=ADVANCED_FACE('',(#2399),#2540,.F.);
#3716=ADVANCED_FACE('',(#2400),#45,.F.);
#3717=ADVANCED_FACE('',(#2401),#2541,.F.);
#3718=ADVANCED_FACE('',(#2402),#2542,.T.);
#3719=ADVANCED_FACE('',(#2403),#2543,.T.);
#3720=ADVANCED_FACE('',(#2404),#2544,.F.);
#3721=ADVANCED_FACE('',(#2405),#2545,.T.);
#3722=ADVANCED_FACE('',(#2406),#2546,.F.);
#3723=ADVANCED_FACE('',(#2407),#46,.F.);
#3724=ADVANCED_FACE('',(#2408),#2547,.F.);
#3725=ADVANCED_FACE('',(#2409),#2548,.F.);
#3726=ADVANCED_FACE('',(#2410),#2549,.F.);
#3727=ADVANCED_FACE('',(#2411),#47,.F.);
#3728=ADVANCED_FACE('',(#2412),#2550,.T.);
#3729=ADVANCED_FACE('',(#2413),#2551,.F.);
#3730=ADVANCED_FACE('',(#2414),#2552,.F.);
#3731=ADVANCED_FACE('',(#2415),#2553,.F.);
#3732=ADVANCED_FACE('',(#2416),#2554,.F.);
#3733=ADVANCED_FACE('',(#2417),#2555,.T.);
#3734=ADVANCED_FACE('',(#2418),#2556,.T.);
#3735=ADVANCED_FACE('',(#2419),#2557,.T.);
#3736=ADVANCED_FACE('',(#2420),#2558,.T.);
#3737=ADVANCED_FACE('',(#2421),#2559,.T.);
#3738=ADVANCED_FACE('',(#2422),#2560,.F.);
#3739=ADVANCED_FACE('',(#2423),#2561,.T.);
#3740=ADVANCED_FACE('',(#2424),#2562,.F.);
#3741=ADVANCED_FACE('',(#2425),#48,.F.);
#3742=ADVANCED_FACE('',(#2426),#49,.F.);
#3743=ADVANCED_FACE('',(#2427),#50,.F.);
#3744=ADVANCED_FACE('',(#2428),#51,.F.);
#3745=ADVANCED_FACE('',(#2429),#20,.F.);
#3746=ADVANCED_FACE('',(#2430),#52,.F.);
#3747=ADVANCED_FACE('',(#2431),#21,.F.);
#3748=ADVANCED_FACE('',(#2432),#22,.F.);
#3749=ADVANCED_FACE('',(#2433),#53,.F.);
#3750=ADVANCED_FACE('',(#2434),#23,.F.);
#3751=ADVANCED_FACE('',(#2435),#2563,.F.);
#3752=ADVANCED_FACE('',(#2436),#2564,.F.);
#3753=ADVANCED_FACE('',(#2437),#2565,.F.);
#3754=ADVANCED_FACE('',(#2438),#2566,.F.);
#3755=ADVANCED_FACE('',(#2439),#2567,.F.);
#3756=ADVANCED_FACE('',(#2440),#54,.T.);
#3757=ADVANCED_FACE('',(#2441),#55,.T.);
#3758=ADVANCED_FACE('',(#2442),#2568,.F.);
#3759=ADVANCED_FACE('',(#2443),#2569,.F.);
#3760=ADVANCED_FACE('',(#2444),#2570,.F.);
#3761=ADVANCED_FACE('',(#2445),#2571,.F.);
#3762=ADVANCED_FACE('',(#2446),#2572,.T.);
#3763=ADVANCED_FACE('',(#2447),#2573,.T.);
#3764=ADVANCED_FACE('',(#2448),#2574,.T.);
#3765=ADVANCED_FACE('',(#2449),#2575,.T.);
#3766=ADVANCED_FACE('',(#2450),#2576,.T.);
#3767=ADVANCED_FACE('',(#2451),#2577,.T.);
#3768=ADVANCED_FACE('',(#2452),#2578,.T.);
#3769=ADVANCED_FACE('',(#2453),#2579,.F.);
#3770=ADVANCED_FACE('',(#2454),#2580,.T.);
#3771=ADVANCED_FACE('',(#2455),#56,.F.);
#3772=ADVANCED_FACE('',(#2456),#2581,.F.);
#3773=ADVANCED_FACE('',(#2457),#2582,.T.);
#3774=ADVANCED_FACE('',(#2458),#2583,.T.);
#3775=ADVANCED_FACE('',(#2459),#2584,.T.);
#3776=ADVANCED_FACE('',(#2460),#2585,.F.);
#3777=ADVANCED_FACE('',(#2461),#57,.T.);
#3778=ADVANCED_FACE('',(#2462),#58,.F.);
#3779=ADVANCED_FACE('',(#2463),#2586,.F.);
#3780=ADVANCED_FACE('',(#2464),#2587,.T.);
#3781=ADVANCED_FACE('',(#2465),#59,.T.);
#3782=ADVANCED_FACE('',(#2466),#2588,.F.);
#3783=ADVANCED_FACE('',(#2467),#2589,.T.);
#3784=ADVANCED_FACE('',(#2468),#60,.F.);
#3785=ADVANCED_FACE('',(#2469),#24,.F.);
#3786=ADVANCED_FACE('',(#2470),#2590,.T.);
#3787=ADVANCED_FACE('',(#2471),#25,.F.);
#3788=ADVANCED_FACE('',(#2472),#61,.F.);
#3789=ADVANCED_FACE('',(#2473),#2591,.T.);
#3790=ADVANCED_FACE('',(#2474),#2592,.T.);
#3791=ADVANCED_FACE('',(#2475),#2593,.T.);
#3792=ADVANCED_FACE('',(#2476),#2594,.F.);
#3793=ADVANCED_FACE('',(#2477),#62,.F.);
#3794=ADVANCED_FACE('',(#2478),#26,.F.);
#3795=ADVANCED_FACE('',(#2479),#2595,.T.);
#3796=ADVANCED_FACE('',(#2480),#27,.F.);
#3797=ADVANCED_FACE('',(#2481),#63,.F.);
#3798=ADVANCED_FACE('',(#2482),#2596,.F.);
#3799=ADVANCED_FACE('',(#2483),#2597,.F.);
#3800=ADVANCED_FACE('',(#2484),#2598,.F.);
#3801=ADVANCED_FACE('',(#2485),#2599,.F.);
#3802=ADVANCED_FACE('',(#2486),#2600,.F.);
#3803=ADVANCED_FACE('',(#2487),#2601,.F.);
#3804=ADVANCED_FACE('',(#2488),#2602,.F.);
#3805=ADVANCED_FACE('',(#2489),#2603,.F.);
#3806=ADVANCED_FACE('',(#2490),#2604,.F.);
#3807=ADVANCED_FACE('',(#2491),#2605,.F.);
#3808=ADVANCED_FACE('',(#2492),#2606,.F.);
#3809=ADVANCED_FACE('',(#2493),#2607,.F.);
#3810=ADVANCED_FACE('',(#2494),#2608,.F.);
#3811=ADVANCED_FACE('',(#2495),#2609,.T.);
#3812=ADVANCED_FACE('',(#2496),#2610,.T.);
#3813=ADVANCED_FACE('',(#2497),#2611,.T.);
#3814=CLOSED_SHELL('',(#3664,#3665,#3666,#3667,#3668,#3669,#3670,#3671,
#3672,#3673,#3674,#3675,#3676,#3677,#3678,#3679,#3680,#3681,#3682,#3683,
#3684,#3685,#3686,#3687,#3688,#3689,#3690,#3691,#3692,#3693,#3694,#3695,
#3696,#3697,#3698,#3699,#3700,#3701,#3702,#3703,#3704,#3705,#3706,#3707,
#3708,#3709,#3710,#3711,#3712,#3713,#3714,#3715,#3716,#3717,#3718,#3719,
#3720,#3721,#3722,#3723,#3724,#3725,#3726,#3727,#3728,#3729,#3730,#3731,
#3732,#3733,#3734,#3735,#3736,#3737,#3738,#3739,#3740,#3741,#3742,#3743,
#3744,#3745,#3746,#3747,#3748,#3749,#3750,#3751,#3752,#3753,#3754,#3755,
#3756,#3757,#3758,#3759,#3760,#3761,#3762,#3763,#3764,#3765,#3766,#3767,
#3768,#3769,#3770,#3771,#3772,#3773,#3774,#3775,#3776,#3777,#3778,#3779,
#3780,#3781,#3782,#3783,#3784,#3785,#3786,#3787,#3788,#3789,#3790,#3791,
#3792,#3793,#3794,#3795,#3796,#3797,#3798,#3799,#3800,#3801,#3802,#3803,
#3804,#3805,#3806,#3807,#3808,#3809,#3810,#3811,#3812,#3813));
#3815=MANIFOLD_SOLID_BREP('',#3814);
#3816=SHAPE_DEFINITION_REPRESENTATION(#5622,#3817);
#3817=SHAPE_REPRESENTATION('B2B-XH-2-TV4(LF)(SN)',(#3818),#5617);
#3818=AXIS2_PLACEMENT_3D('',#4775,#4033,#4034);
#3819=AXIS2_PLACEMENT_3D('',#4776,#4035,#4036);
#3820=AXIS2_PLACEMENT_3D('',#4793,#4045,#4046);
#3821=AXIS2_PLACEMENT_3D('',#4818,#4059,#4060);
#3822=AXIS2_PLACEMENT_3D('',#4827,#4065,#4066);
#3823=AXIS2_PLACEMENT_3D('',#4836,#4071,#4072);
#3824=AXIS2_PLACEMENT_3D('',#4845,#4077,#4078);
#3825=AXIS2_PLACEMENT_3D('',#4851,#4082,#4083);
#3826=AXIS2_PLACEMENT_3D('',#4857,#4087,#4088);
#3827=AXIS2_PLACEMENT_3D('',#4881,#4096,#4097);
#3828=AXIS2_PLACEMENT_3D('',#4887,#4101,#4102);
#3829=AXIS2_PLACEMENT_3D('',#4908,#4109,#4110);
#3830=AXIS2_PLACEMENT_3D('',#4911,#4113,#4114);
#3831=AXIS2_PLACEMENT_3D('',#4920,#4119,#4120);
#3832=AXIS2_PLACEMENT_3D('',#4929,#4125,#4126);
#3833=AXIS2_PLACEMENT_3D('',#4932,#4129,#4130);
#3834=AXIS2_PLACEMENT_3D('',#4938,#4134,#4135);
#3835=AXIS2_PLACEMENT_3D('',#4942,#4138,#4139);
#3836=AXIS2_PLACEMENT_3D('',#4946,#4142,#4143);
#3837=AXIS2_PLACEMENT_3D('',#4948,#4145,#4146);
#3838=AXIS2_PLACEMENT_3D('',#4957,#4151,#4152);
#3839=AXIS2_PLACEMENT_3D('',#4963,#4156,#4157);
#3840=AXIS2_PLACEMENT_3D('',#4969,#4161,#4162);
#3841=AXIS2_PLACEMENT_3D('',#4975,#4166,#4167);
#3842=AXIS2_PLACEMENT_3D('',#4978,#4170,#4171);
#3843=AXIS2_PLACEMENT_3D('',#4984,#4175,#4176);
#3844=AXIS2_PLACEMENT_3D('',#4990,#4180,#4181);
#3845=AXIS2_PLACEMENT_3D('',#4996,#4185,#4186);
#3846=AXIS2_PLACEMENT_3D('',#5000,#4189,#4190);
#3847=AXIS2_PLACEMENT_3D('',#5004,#4193,#4194);
#3848=AXIS2_PLACEMENT_3D('',#5006,#4196,#4197);
#3849=AXIS2_PLACEMENT_3D('',#5012,#4201,#4202);
#3850=AXIS2_PLACEMENT_3D('',#5016,#4204,#4205);
#3851=AXIS2_PLACEMENT_3D('',#5024,#4209,#4210);
#3852=AXIS2_PLACEMENT_3D('',#5034,#4216,#4217);
#3853=AXIS2_PLACEMENT_3D('',#5038,#4220,#4221);
#3854=AXIS2_PLACEMENT_3D('',#5044,#4224,#4225);
#3855=AXIS2_PLACEMENT_3D('',#5048,#4227,#4228);
#3856=AXIS2_PLACEMENT_3D('',#5050,#4229,#4230);
#3857=AXIS2_PLACEMENT_3D('',#5052,#4231,#4232);
#3858=AXIS2_PLACEMENT_3D('',#5056,#4234,#4235);
#3859=AXIS2_PLACEMENT_3D('',#5058,#4236,#4237);
#3860=AXIS2_PLACEMENT_3D('',#5060,#4238,#4239);
#3861=AXIS2_PLACEMENT_3D('',#5064,#4241,#4242);
#3862=AXIS2_PLACEMENT_3D('',#5070,#4246,#4247);
#3863=AXIS2_PLACEMENT_3D('',#5079,#4252,#4253);
#3864=AXIS2_PLACEMENT_3D('',#5087,#4257,#4258);
#3865=AXIS2_PLACEMENT_3D('',#5088,#4259,#4260);
#3866=AXIS2_PLACEMENT_3D('',#5094,#4264,#4265);
#3867=AXIS2_PLACEMENT_3D('',#5095,#4266,#4267);
#3868=AXIS2_PLACEMENT_3D('',#5098,#4269,#4270);
#3869=AXIS2_PLACEMENT_3D('',#5102,#4273,#4274);
#3870=AXIS2_PLACEMENT_3D('',#5103,#4275,#4276);
#3871=AXIS2_PLACEMENT_3D('',#5106,#4278,#4279);
#3872=AXIS2_PLACEMENT_3D('',#5107,#4280,#4281);
#3873=AXIS2_PLACEMENT_3D('',#5110,#4283,#4284);
#3874=AXIS2_PLACEMENT_3D('',#5111,#4285,#4286);
#3875=AXIS2_PLACEMENT_3D('',#5114,#4288,#4289);
#3876=AXIS2_PLACEMENT_3D('',#5118,#4292,#4293);
#3877=AXIS2_PLACEMENT_3D('',#5119,#4294,#4295);
#3878=AXIS2_PLACEMENT_3D('',#5122,#4297,#4298);
#3879=AXIS2_PLACEMENT_3D('',#5123,#4299,#4300);
#3880=AXIS2_PLACEMENT_3D('',#5126,#4302,#4303);
#3881=AXIS2_PLACEMENT_3D('',#5127,#4304,#4305);
#3882=AXIS2_PLACEMENT_3D('',#5130,#4307,#4308);
#3883=AXIS2_PLACEMENT_3D('',#5134,#4311,#4312);
#3884=AXIS2_PLACEMENT_3D('',#5135,#4313,#4314);
#3885=AXIS2_PLACEMENT_3D('',#5138,#4316,#4317);
#3886=AXIS2_PLACEMENT_3D('',#5142,#4320,#4321);
#3887=AXIS2_PLACEMENT_3D('',#5148,#4325,#4326);
#3888=AXIS2_PLACEMENT_3D('',#5149,#4327,#4328);
#3889=AXIS2_PLACEMENT_3D('',#5152,#4330,#4331);
#3890=AXIS2_PLACEMENT_3D('',#5156,#4334,#4335);
#3891=AXIS2_PLACEMENT_3D('',#5160,#4338,#4339);
#3892=AXIS2_PLACEMENT_3D('',#5164,#4342,#4343);
#3893=AXIS2_PLACEMENT_3D('',#5165,#4344,#4345);
#3894=AXIS2_PLACEMENT_3D('',#5168,#4347,#4348);
#3895=AXIS2_PLACEMENT_3D('',#5172,#4351,#4352);
#3896=AXIS2_PLACEMENT_3D('',#5176,#4355,#4356);
#3897=AXIS2_PLACEMENT_3D('',#5180,#4359,#4360);
#3898=AXIS2_PLACEMENT_3D('',#5186,#4364,#4365);
#3899=AXIS2_PLACEMENT_3D('',#5190,#4368,#4369);
#3900=AXIS2_PLACEMENT_3D('',#5194,#4372,#4373);
#3901=AXIS2_PLACEMENT_3D('',#5195,#4374,#4375);
#3902=AXIS2_PLACEMENT_3D('',#5198,#4377,#4378);
#3903=AXIS2_PLACEMENT_3D('',#5202,#4381,#4382);
#3904=AXIS2_PLACEMENT_3D('',#5206,#4385,#4386);
#3905=AXIS2_PLACEMENT_3D('',#5210,#4389,#4390);
#3906=AXIS2_PLACEMENT_3D('',#5211,#4391,#4392);
#3907=AXIS2_PLACEMENT_3D('',#5212,#4393,#4394);
#3908=AXIS2_PLACEMENT_3D('',#5221,#4399,#4400);
#3909=AXIS2_PLACEMENT_3D('',#5224,#4403,#4404);
#3910=AXIS2_PLACEMENT_3D('',#5226,#4406,#4407);
#3911=AXIS2_PLACEMENT_3D('',#5228,#4409,#4410);
#3912=AXIS2_PLACEMENT_3D('',#5229,#4411,#4412);
#3913=AXIS2_PLACEMENT_3D('',#5235,#4416,#4417);
#3914=AXIS2_PLACEMENT_3D('',#5239,#4420,#4421);
#3915=AXIS2_PLACEMENT_3D('',#5243,#4424,#4425);
#3916=AXIS2_PLACEMENT_3D('',#5245,#4427,#4428);
#3917=AXIS2_PLACEMENT_3D('',#5254,#4433,#4434);
#3918=AXIS2_PLACEMENT_3D('',#5255,#4435,#4436);
#3919=AXIS2_PLACEMENT_3D('',#5259,#4438,#4439);
#3920=AXIS2_PLACEMENT_3D('',#5260,#4440,#4441);
#3921=AXIS2_PLACEMENT_3D('',#5269,#4446,#4447);
#3922=AXIS2_PLACEMENT_3D('',#5270,#4448,#4449);
#3923=AXIS2_PLACEMENT_3D('',#5274,#4451,#4452);
#3924=AXIS2_PLACEMENT_3D('',#5275,#4453,#4454);
#3925=AXIS2_PLACEMENT_3D('',#5276,#4455,#4456);
#3926=AXIS2_PLACEMENT_3D('',#5283,#4457,#4458);
#3927=AXIS2_PLACEMENT_3D('',#5286,#4460,#4461);
#3928=AXIS2_PLACEMENT_3D('',#5287,#4462,#4463);
#3929=AXIS2_PLACEMENT_3D('',#5288,#4464,#4465);
#3930=AXIS2_PLACEMENT_3D('',#5296,#4466,#4467);
#3931=AXIS2_PLACEMENT_3D('',#5297,#4468,#4469);
#3932=AXIS2_PLACEMENT_3D('',#5299,#4471,#4472);
#3933=AXIS2_PLACEMENT_3D('',#5300,#4473,#4474);
#3934=AXIS2_PLACEMENT_3D('',#5307,#4475,#4476);
#3935=AXIS2_PLACEMENT_3D('',#5310,#4478,#4479);
#3936=AXIS2_PLACEMENT_3D('',#5311,#4480,#4481);
#3937=AXIS2_PLACEMENT_3D('',#5312,#4482,#4483);
#3938=AXIS2_PLACEMENT_3D('',#5320,#4484,#4485);
#3939=AXIS2_PLACEMENT_3D('',#5321,#4486,#4487);
#3940=AXIS2_PLACEMENT_3D('',#5323,#4489,#4490);
#3941=AXIS2_PLACEMENT_3D('',#5324,#4491,#4492);
#3942=AXIS2_PLACEMENT_3D('',#5325,#4493,#4494);
#3943=AXIS2_PLACEMENT_3D('',#5326,#4495,#4496);
#3944=AXIS2_PLACEMENT_3D('',#5327,#4497,#4498);
#3945=AXIS2_PLACEMENT_3D('',#5328,#4499,#4500);
#3946=AXIS2_PLACEMENT_3D('',#5329,#4501,#4502);
#3947=AXIS2_PLACEMENT_3D('',#5330,#4503,#4504);
#3948=AXIS2_PLACEMENT_3D('',#5331,#4505,#4506);
#3949=AXIS2_PLACEMENT_3D('',#5332,#4507,#4508);
#3950=AXIS2_PLACEMENT_3D('',#5333,#4509,#4510);
#3951=AXIS2_PLACEMENT_3D('',#5335,#4512,#4513);
#3952=AXIS2_PLACEMENT_3D('',#5337,#4515,#4516);
#3953=AXIS2_PLACEMENT_3D('',#5340,#4519,#4520);
#3954=AXIS2_PLACEMENT_3D('',#5342,#4522,#4523);
#3955=AXIS2_PLACEMENT_3D('',#5344,#4525,#4526);
#3956=AXIS2_PLACEMENT_3D('',#5345,#4527,#4528);
#3957=AXIS2_PLACEMENT_3D('',#5346,#4529,#4530);
#3958=AXIS2_PLACEMENT_3D('',#5349,#4533,#4534);
#3959=AXIS2_PLACEMENT_3D('',#5351,#4536,#4537);
#3960=AXIS2_PLACEMENT_3D('',#5353,#4539,#4540);
#3961=AXIS2_PLACEMENT_3D('',#5354,#4541,#4542);
#3962=AXIS2_PLACEMENT_3D('',#5357,#4545,#4546);
#3963=AXIS2_PLACEMENT_3D('',#5359,#4548,#4549);
#3964=AXIS2_PLACEMENT_3D('',#5361,#4551,#4552);
#3965=AXIS2_PLACEMENT_3D('',#5362,#4553,#4554);
#3966=AXIS2_PLACEMENT_3D('',#5379,#4563,#4564);
#3967=AXIS2_PLACEMENT_3D('',#5386,#4569,#4570);
#3968=AXIS2_PLACEMENT_3D('',#5393,#4575,#4576);
#3969=AXIS2_PLACEMENT_3D('',#5394,#4577,#4578);
#3970=AXIS2_PLACEMENT_3D('',#5396,#4580,#4581);
#3971=AXIS2_PLACEMENT_3D('',#5397,#4582,#4583);
#3972=AXIS2_PLACEMENT_3D('',#5402,#4585,#4586);
#3973=AXIS2_PLACEMENT_3D('',#5405,#4588,#4589);
#3974=AXIS2_PLACEMENT_3D('',#5411,#4593,#4594);
#3975=AXIS2_PLACEMENT_3D('',#5420,#4599,#4600);
#3976=AXIS2_PLACEMENT_3D('',#5426,#4604,#4605);
#3977=AXIS2_PLACEMENT_3D('',#5435,#4610,#4611);
#3978=AXIS2_PLACEMENT_3D('',#5436,#4612,#4613);
#3979=AXIS2_PLACEMENT_3D('',#5440,#4615,#4616);
#3980=AXIS2_PLACEMENT_3D('',#5441,#4617,#4618);
#3981=AXIS2_PLACEMENT_3D('',#5453,#4620,#4621);
#3982=AXIS2_PLACEMENT_3D('',#5454,#4622,#4623);
#3983=AXIS2_PLACEMENT_3D('',#5459,#4625,#4626);
#3984=AXIS2_PLACEMENT_3D('',#5462,#4628,#4629);
#3985=AXIS2_PLACEMENT_3D('',#5468,#4633,#4634);
#3986=AXIS2_PLACEMENT_3D('',#5469,#4635,#4636);
#3987=AXIS2_PLACEMENT_3D('',#5473,#4638,#4639);
#3988=AXIS2_PLACEMENT_3D('',#5474,#4640,#4641);
#3989=AXIS2_PLACEMENT_3D('',#5475,#4642,#4643);
#3990=AXIS2_PLACEMENT_3D('',#5476,#4644,#4645);
#3991=AXIS2_PLACEMENT_3D('',#5488,#4647,#4648);
#3992=AXIS2_PLACEMENT_3D('',#5489,#4649,#4650);
#3993=AXIS2_PLACEMENT_3D('',#5491,#4651,#4652);
#3994=AXIS2_PLACEMENT_3D('',#5494,#4654,#4655);
#3995=AXIS2_PLACEMENT_3D('',#5500,#4659,#4660);
#3996=AXIS2_PLACEMENT_3D('',#5503,#4662,#4663);
#3997=AXIS2_PLACEMENT_3D('',#5504,#4664,#4665);
#3998=AXIS2_PLACEMENT_3D('',#5510,#4666,#4667);
#3999=AXIS2_PLACEMENT_3D('',#5511,#4668,#4669);
#4000=AXIS2_PLACEMENT_3D('',#5514,#4671,#4672);
#4001=AXIS2_PLACEMENT_3D('',#5515,#4673,#4674);
#4002=AXIS2_PLACEMENT_3D('',#5521,#4675,#4676);
#4003=AXIS2_PLACEMENT_3D('',#5522,#4677,#4678);
#4004=AXIS2_PLACEMENT_3D('',#5524,#4680,#4681);
#4005=AXIS2_PLACEMENT_3D('',#5528,#4684,#4685);
#4006=AXIS2_PLACEMENT_3D('',#5532,#4688,#4689);
#4007=AXIS2_PLACEMENT_3D('',#5534,#4691,#4692);
#4008=AXIS2_PLACEMENT_3D('',#5537,#4695,#4696);
#4009=AXIS2_PLACEMENT_3D('',#5540,#4698,#4699);
#4010=AXIS2_PLACEMENT_3D('',#5541,#4700,#4701);
#4011=AXIS2_PLACEMENT_3D('',#5547,#4702,#4703);
#4012=AXIS2_PLACEMENT_3D('',#5548,#4704,#4705);
#4013=AXIS2_PLACEMENT_3D('',#5551,#4707,#4708);
#4014=AXIS2_PLACEMENT_3D('',#5552,#4709,#4710);
#4015=AXIS2_PLACEMENT_3D('',#5558,#4711,#4712);
#4016=AXIS2_PLACEMENT_3D('',#5559,#4713,#4714);
#4017=AXIS2_PLACEMENT_3D('',#5561,#4716,#4717);
#4018=AXIS2_PLACEMENT_3D('',#5564,#4720,#4721);
#4019=AXIS2_PLACEMENT_3D('',#5570,#4725,#4726);
#4020=AXIS2_PLACEMENT_3D('',#5574,#4729,#4730);
#4021=AXIS2_PLACEMENT_3D('',#5578,#4733,#4734);
#4022=AXIS2_PLACEMENT_3D('',#5587,#4739,#4740);
#4023=AXIS2_PLACEMENT_3D('',#5593,#4744,#4745);
#4024=AXIS2_PLACEMENT_3D('',#5597,#4748,#4749);
#4025=AXIS2_PLACEMENT_3D('',#5601,#4752,#4753);
#4026=AXIS2_PLACEMENT_3D('',#5603,#4755,#4756);
#4027=AXIS2_PLACEMENT_3D('',#5606,#4759,#4760);
#4028=AXIS2_PLACEMENT_3D('',#5608,#4762,#4763);
#4029=AXIS2_PLACEMENT_3D('',#5610,#4765,#4766);
#4030=AXIS2_PLACEMENT_3D('',#5611,#4767,#4768);
#4031=AXIS2_PLACEMENT_3D('',#5614,#4771,#4772);
#4032=AXIS2_PLACEMENT_3D('',#5615,#4773,#4774);
#4033=DIRECTION('',(0.,0.,1.));
#4034=DIRECTION('',(1.,0.,0.));
#4035=DIRECTION('',(0.,0.,1.));
#4036=DIRECTION('',(1.,0.,0.));
#4037=DIRECTION('',(1.,0.,0.));
#4038=DIRECTION('',(0.,-1.,0.));
#4039=DIRECTION('',(-1.,0.,0.));
#4040=DIRECTION('',(0.,-1.,0.));
#4041=DIRECTION('',(-1.,0.,0.));
#4042=DIRECTION('',(0.,1.,0.));
#4043=DIRECTION('',(-1.,0.,0.));
#4044=DIRECTION('',(0.,-1.,0.));
#4045=DIRECTION('',(0.,0.,1.));
#4046=DIRECTION('',(1.,0.,0.));
#4047=DIRECTION('',(0.,1.,0.));
#4048=DIRECTION('',(-1.,-1.37676466347366E-16,0.));
#4049=DIRECTION('',(3.73058812038023E-16,-1.,0.));
#4050=DIRECTION('',(1.,1.37676466347366E-16,0.));
#4051=DIRECTION('',(1.,1.6940658945086E-16,0.));
#4052=DIRECTION('',(1.6940658945086E-16,-1.,0.));
#4053=DIRECTION('',(-1.,-4.2351647362715E-17,0.));
#4054=DIRECTION('',(0.,1.,0.));
#4055=DIRECTION('',(1.6940658945086E-16,1.,0.));
#4056=DIRECTION('',(1.,-1.6940658945086E-16,0.));
#4057=DIRECTION('',(0.,-1.,0.));
#4058=DIRECTION('',(-1.,4.2351647362715E-17,0.));
#4059=DIRECTION('',(1.,0.,0.));
#4060=DIRECTION('',(0.,0.,-1.));
#4061=DIRECTION('',(0.,0.,1.));
#4062=DIRECTION('',(0.,1.,0.));
#4063=DIRECTION('',(0.,0.,1.));
#4064=DIRECTION('',(0.,1.,0.));
#4065=DIRECTION('',(0.,0.,1.));
#4066=DIRECTION('',(1.,0.,0.));
#4067=DIRECTION('',(0.,-1.,0.));
#4068=DIRECTION('',(-1.,-1.6940658945086E-16,0.));
#4069=DIRECTION('',(-1.6940658945086E-16,1.,0.));
#4070=DIRECTION('',(1.,4.2351647362715E-17,0.));
#4071=DIRECTION('',(0.707106781186548,-0.707106781186547,0.));
#4072=DIRECTION('',(0.,0.,1.));
#4073=DIRECTION('',(0.707106781186547,0.707106781186548,0.));
#4074=DIRECTION('',(0.,0.,1.));
#4075=DIRECTION('',(-0.707106781186547,-0.707106781186548,0.));
#4076=DIRECTION('',(0.,0.,-1.));
#4077=DIRECTION('',(0.,1.,0.));
#4078=DIRECTION('',(0.,0.,1.));
#4079=DIRECTION('',(1.,0.,0.));
#4080=DIRECTION('',(-8.8351540097519E-17,0.,-1.));
#4081=DIRECTION('',(-1.,0.,0.));
#4082=DIRECTION('',(-0.707106781186547,-0.707106781186548,6.24739731312308E-17));
#4083=DIRECTION('',(-8.8351540097519E-17,0.,-1.));
#4084=DIRECTION('',(-0.707106781186548,0.707106781186547,0.));
#4085=DIRECTION('',(0.707106781186548,-0.707106781186547,0.));
#4086=DIRECTION('',(8.8351540097519E-17,0.,1.));
#4087=DIRECTION('',(1.6940658945086E-16,-1.,0.));
#4088=DIRECTION('',(1.,1.6940658945086E-16,0.));
#4089=DIRECTION('',(0.,0.,1.));
#4090=DIRECTION('',(1.,1.6940658945086E-16,0.));
#4091=DIRECTION('',(1.,1.6940658945086E-16,0.));
#4092=DIRECTION('',(0.,0.,-1.));
#4093=DIRECTION('',(-1.,-1.6940658945086E-16,0.));
#4094=DIRECTION('',(0.,0.,1.));
#4095=DIRECTION('',(1.,1.6940658945086E-16,0.));
#4096=DIRECTION('',(-1.,-1.6940658945086E-16,0.));
#4097=DIRECTION('',(1.6940658945086E-16,-1.,0.));
#4098=DIRECTION('',(0.,0.,1.));
#4099=DIRECTION('',(1.6940658945086E-16,-1.,0.));
#4100=DIRECTION('',(1.6940658945086E-16,-1.,0.));
#4101=DIRECTION('',(-4.2351647362715E-17,1.,0.));
#4102=DIRECTION('',(-1.,-4.2351647362715E-17,0.));
#4103=DIRECTION('',(-1.,-4.2351647362715E-17,0.));
#4104=DIRECTION('',(-1.,-4.2351647362715E-17,0.));
#4105=DIRECTION('',(0.,0.,1.));
#4106=DIRECTION('',(1.,-4.2351647362715E-17,-2.41196404092407E-17));
#4107=DIRECTION('',(2.40898803804841E-16,6.02991010231015E-18,1.));
#4108=DIRECTION('',(-1.,4.2351647362715E-17,2.41196404092407E-17));
#4109=DIRECTION('',(1.,0.,0.));
#4110=DIRECTION('',(0.,0.,-1.));
#4111=DIRECTION('',(0.,-1.,0.));
#4112=DIRECTION('',(0.,1.,0.));
#4113=DIRECTION('',(0.707106781186547,-0.707106781186548,6.24739731312308E-17));
#4114=DIRECTION('',(8.8351540097519E-17,0.,-1.));
#4115=DIRECTION('',(-0.707106781186548,-0.707106781186547,0.));
#4116=DIRECTION('',(8.8351540097519E-17,0.,-1.));
#4117=DIRECTION('',(0.707106781186548,0.707106781186547,0.));
#4118=DIRECTION('',(-8.8351540097519E-17,0.,1.));
#4119=DIRECTION('',(-0.707106781186548,-0.707106781186547,0.));
#4120=DIRECTION('',(0.,0.,1.));
#4121=DIRECTION('',(0.707106781186547,-0.707106781186548,0.));
#4122=DIRECTION('',(0.,0.,1.));
#4123=DIRECTION('',(-0.707106781186547,0.707106781186548,0.));
#4124=DIRECTION('',(0.,0.,-1.));
#4125=DIRECTION('',(0.,-1.,0.));
#4126=DIRECTION('',(0.,0.,-1.));
#4127=DIRECTION('',(-1.,0.,0.));
#4128=DIRECTION('',(1.,0.,0.));
#4129=DIRECTION('',(0.,0.,-1.));
#4130=DIRECTION('',(-1.,0.,0.));
#4131=DIRECTION('',(0.,1.,0.));
#4132=DIRECTION('',(-1.,0.,0.));
#4133=DIRECTION('',(0.,1.,0.));
#4134=DIRECTION('',(1.,0.,0.));
#4135=DIRECTION('',(0.,0.,-1.));
#4136=DIRECTION('',(0.,1.,0.));
#4137=DIRECTION('',(0.,0.,-1.));
#4138=DIRECTION('',(0.,0.,1.));
#4139=DIRECTION('',(1.,0.,0.));
#4140=DIRECTION('',(0.,1.,0.));
#4141=DIRECTION('',(1.,0.,0.));
#4142=DIRECTION('',(-1.,0.,8.8351540097519E-17));
#4143=DIRECTION('',(8.8351540097519E-17,0.,1.));
#4144=DIRECTION('',(8.8351540097519E-17,0.,1.));
#4145=DIRECTION('',(1.,0.,0.));
#4146=DIRECTION('',(0.,0.,-1.));
#4147=DIRECTION('',(0.,0.,-1.));
#4148=DIRECTION('',(0.,-1.,0.));
#4149=DIRECTION('',(0.,0.,1.));
#4150=DIRECTION('',(0.,-1.,0.));
#4151=DIRECTION('',(0.,0.,1.));
#4152=DIRECTION('',(1.,0.,0.));
#4153=DIRECTION('',(1.,0.,0.));
#4154=DIRECTION('',(-1.,0.,0.));
#4155=DIRECTION('',(0.,-1.,0.));
#4156=DIRECTION('',(-1.,0.,0.));
#4157=DIRECTION('',(0.,0.,1.));
#4158=DIRECTION('',(0.,0.,1.));
#4159=DIRECTION('',(0.,0.,-1.));
#4160=DIRECTION('',(0.,-1.,0.));
#4161=DIRECTION('',(0.,0.,1.));
#4162=DIRECTION('',(1.,0.,0.));
#4163=DIRECTION('',(-1.,0.,0.));
#4164=DIRECTION('',(1.,0.,0.));
#4165=DIRECTION('',(0.,-1.,0.));
#4166=DIRECTION('',(1.,0.,0.));
#4167=DIRECTION('',(0.,0.,-1.));
#4168=DIRECTION('',(0.,0.,-1.));
#4169=DIRECTION('',(0.,0.,1.));
#4170=DIRECTION('',(-1.,0.,0.));
#4171=DIRECTION('',(0.,0.,1.));
#4172=DIRECTION('',(0.,0.,1.));
#4173=DIRECTION('',(0.,0.,-1.));
#4174=DIRECTION('',(0.,-1.,0.));
#4175=DIRECTION('',(0.,0.,1.));
#4176=DIRECTION('',(1.,0.,0.));
#4177=DIRECTION('',(-1.,0.,0.));
#4178=DIRECTION('',(1.,0.,0.));
#4179=DIRECTION('',(0.,-1.,0.));
#4180=DIRECTION('',(-1.,0.,-8.8351540097519E-17));
#4181=DIRECTION('',(-8.8351540097519E-17,0.,1.));
#4182=DIRECTION('',(0.,1.,0.));
#4183=DIRECTION('',(0.,1.,0.));
#4184=DIRECTION('',(-8.8351540097519E-17,0.,1.));
#4185=DIRECTION('',(0.,0.,-1.));
#4186=DIRECTION('',(-1.,0.,0.));
#4187=DIRECTION('',(0.,1.,0.));
#4188=DIRECTION('',(-1.,0.,0.));
#4189=DIRECTION('',(1.,0.,0.));
#4190=DIRECTION('',(0.,0.,-1.));
#4191=DIRECTION('',(0.,1.,0.));
#4192=DIRECTION('',(0.,0.,-1.));
#4193=DIRECTION('',(0.,0.,1.));
#4194=DIRECTION('',(1.,0.,0.));
#4195=DIRECTION('',(1.,0.,0.));
#4196=DIRECTION('',(0.,0.,1.));
#4197=DIRECTION('',(1.,0.,0.));
#4198=DIRECTION('',(-1.,0.,0.));
#4199=DIRECTION('',(0.,1.,0.));
#4200=DIRECTION('',(1.,0.,0.));
#4201=DIRECTION('',(-1.,0.,0.));
#4202=DIRECTION('',(0.,0.,1.));
#4203=DIRECTION('',(0.,-1.93477507278953E-16,1.));
#4204=DIRECTION('',(-1.,0.,0.));
#4205=DIRECTION('',(0.,0.,1.));
#4206=DIRECTION('',(0.,-1.,0.));
#4207=DIRECTION('',(0.,0.,-1.));
#4208=DIRECTION('',(0.,-1.,0.));
#4209=DIRECTION('',(-1.,0.,0.));
#4210=DIRECTION('',(0.,0.,1.));
#4211=DIRECTION('',(0.,-0.466647368620333,-0.884443459673776));
#4212=DIRECTION('',(0.,-1.,0.));
#4213=DIRECTION('',(0.,0.,1.));
#4214=DIRECTION('',(0.,0.,1.));
#4215=DIRECTION('',(0.,-1.,0.));
#4216=DIRECTION('',(0.,1.,0.));
#4217=DIRECTION('',(0.,0.,1.));
#4218=DIRECTION('',(-1.,0.,0.));
#4219=DIRECTION('',(0.,0.,1.));
#4220=DIRECTION('',(0.,-1.,0.));
#4221=DIRECTION('',(0.,0.,-1.));
#4222=DIRECTION('',(1.,0.,0.));
#4223=DIRECTION('',(-0.755509196068755,0.,-0.655138042442616));
#4224=DIRECTION('',(0.,-1.,0.));
#4225=DIRECTION('',(1.,0.,0.));
#4226=DIRECTION('',(0.,0.,-1.));
#4227=DIRECTION('',(0.,1.,0.));
#4228=DIRECTION('',(-1.,0.,0.));
#4229=DIRECTION('',(0.,1.,0.));
#4230=DIRECTION('',(1.,0.,0.));
#4231=DIRECTION('',(0.,1.,0.));
#4232=DIRECTION('',(1.,0.,0.));
#4233=DIRECTION('',(-1.,0.,0.));
#4234=DIRECTION('',(0.,1.,0.));
#4235=DIRECTION('',(1.,0.,0.));
#4236=DIRECTION('',(0.,1.,0.));
#4237=DIRECTION('',(1.,0.,0.));
#4238=DIRECTION('',(0.,1.,0.));
#4239=DIRECTION('',(1.,0.,0.));
#4240=DIRECTION('',(0.,0.,1.));
#4241=DIRECTION('',(0.,-1.,0.));
#4242=DIRECTION('',(-1.,0.,0.));
#4243=DIRECTION('',(-0.755509196068755,0.,0.655138042442616));
#4244=DIRECTION('',(1.,0.,0.));
#4245=DIRECTION('',(0.,0.,1.));
#4246=DIRECTION('',(1.,0.,0.));
#4247=DIRECTION('',(0.,0.,-1.));
#4248=DIRECTION('',(0.,1.93477507278953E-16,-1.));
#4249=DIRECTION('',(0.,1.,0.));
#4250=DIRECTION('',(0.,1.,0.));
#4251=DIRECTION('',(0.,0.466647368620333,0.884443459673776));
#4252=DIRECTION('',(1.,0.,0.));
#4253=DIRECTION('',(0.,0.,-1.));
#4254=DIRECTION('',(0.,1.,0.));
#4255=DIRECTION('',(0.,0.,1.));
#4256=DIRECTION('',(0.,1.,0.));
#4257=DIRECTION('',(1.,0.,0.));
#4258=DIRECTION('',(0.,0.,-1.));
#4259=DIRECTION('',(-0.655138042442616,0.,0.755509196068755));
#4260=DIRECTION('',(0.755509196068755,0.,0.655138042442616));
#4261=DIRECTION('',(-0.755509196068755,-1.04015836407685E-16,-0.655138042442616));
#4262=DIRECTION('',(0.,-1.,0.));
#4263=DIRECTION('',(0.,-1.,0.));
#4264=DIRECTION('',(0.,-1.,0.));
#4265=DIRECTION('',(0.,0.,-1.));
#4266=DIRECTION('',(1.37676466347366E-16,-1.,0.));
#4267=DIRECTION('',(1.,1.37676466347366E-16,0.));
#4268=DIRECTION('',(0.,-1.,0.));
#4269=DIRECTION('',(-1.,0.,0.));
#4270=DIRECTION('',(0.,0.,1.));
#4271=DIRECTION('',(0.,0.,-1.));
#4272=DIRECTION('',(0.,-1.,0.));
#4273=DIRECTION('',(0.,-1.,0.));
#4274=DIRECTION('',(0.,0.,-1.));
#4275=DIRECTION('',(1.37676466347366E-16,-1.,0.));
#4276=DIRECTION('',(1.,1.37676466347366E-16,0.));
#4277=DIRECTION('',(0.,-1.,0.));
#4278=DIRECTION('',(0.,-1.,0.));
#4279=DIRECTION('',(0.,0.,-1.));
#4280=DIRECTION('',(1.37676466347366E-16,-1.,0.));
#4281=DIRECTION('',(1.,1.37676466347366E-16,0.));
#4282=DIRECTION('',(0.,-1.,0.));
#4283=DIRECTION('',(0.,-1.,0.));
#4284=DIRECTION('',(0.,0.,-1.));
#4285=DIRECTION('',(1.37676466347366E-16,-1.,0.));
#4286=DIRECTION('',(1.,1.37676466347366E-16,0.));
#4287=DIRECTION('',(0.,-1.,0.));
#4288=DIRECTION('',(0.,0.,1.));
#4289=DIRECTION('',(1.,0.,0.));
#4290=DIRECTION('',(-1.,-1.37676466347366E-16,0.));
#4291=DIRECTION('',(0.,-1.,0.));
#4292=DIRECTION('',(0.,-1.,0.));
#4293=DIRECTION('',(0.,0.,-1.));
#4294=DIRECTION('',(1.37676466347366E-16,-1.,0.));
#4295=DIRECTION('',(1.,1.37676466347366E-16,0.));
#4296=DIRECTION('',(0.,-1.,0.));
#4297=DIRECTION('',(0.,-1.,0.));
#4298=DIRECTION('',(0.,0.,-1.));
#4299=DIRECTION('',(1.37676466347366E-16,-1.,0.));
#4300=DIRECTION('',(1.,1.37676466347366E-16,0.));
#4301=DIRECTION('',(0.,-1.,0.));
#4302=DIRECTION('',(0.,-1.,0.));
#4303=DIRECTION('',(0.,0.,-1.));
#4304=DIRECTION('',(1.37676466347366E-16,-1.,0.));
#4305=DIRECTION('',(1.,1.37676466347366E-16,0.));
#4306=DIRECTION('',(0.,-1.,0.));
#4307=DIRECTION('',(1.,0.,0.));
#4308=DIRECTION('',(0.,0.,-1.));
#4309=DIRECTION('',(0.,0.,1.));
#4310=DIRECTION('',(0.,-1.,0.));
#4311=DIRECTION('',(0.,-1.,0.));
#4312=DIRECTION('',(0.,0.,-1.));
#4313=DIRECTION('',(1.37676466347366E-16,-1.,0.));
#4314=DIRECTION('',(1.,1.37676466347366E-16,0.));
#4315=DIRECTION('',(0.,-1.,0.));
#4316=DIRECTION('',(0.655138042442616,0.,0.755509196068755));
#4317=DIRECTION('',(0.755509196068755,0.,-0.655138042442616));
#4318=DIRECTION('',(-0.755509196068755,-1.04015836407685E-16,0.655138042442616));
#4319=DIRECTION('',(0.,-1.,0.));
#4320=DIRECTION('',(0.,-1.,-1.93477507278953E-16));
#4321=DIRECTION('',(0.,1.93477507278953E-16,-1.));
#4322=DIRECTION('',(-1.,0.,0.));
#4323=DIRECTION('',(-7.21784890215641E-32,1.93477507278953E-16,-1.));
#4324=DIRECTION('',(-1.,0.,0.));
#4325=DIRECTION('',(-1.,0.,0.));
#4326=DIRECTION('',(0.,0.,1.));
#4327=DIRECTION('',(-1.,-3.73058812038023E-16,0.));
#4328=DIRECTION('',(3.73058812038023E-16,-1.,0.));
#4329=DIRECTION('',(-1.,0.,0.));
#4330=DIRECTION('',(0.,0.,-1.));
#4331=DIRECTION('',(-1.,0.,0.));
#4332=DIRECTION('',(-3.73058812038023E-16,1.,0.));
#4333=DIRECTION('',(-1.,0.,0.));
#4334=DIRECTION('',(0.,1.,0.));
#4335=DIRECTION('',(0.,0.,1.));
#4336=DIRECTION('',(0.,0.,1.));
#4337=DIRECTION('',(-1.,0.,0.));
#4338=DIRECTION('',(0.,0.,-1.));
#4339=DIRECTION('',(-1.,0.,0.));
#4340=DIRECTION('',(-3.73058812038023E-16,1.,0.));
#4341=DIRECTION('',(-1.,0.,0.));
#4342=DIRECTION('',(-1.,0.,0.));
#4343=DIRECTION('',(0.,0.,1.));
#4344=DIRECTION('',(-1.,-3.73058812038023E-16,0.));
#4345=DIRECTION('',(3.73058812038023E-16,-1.,0.));
#4346=DIRECTION('',(-1.,0.,0.));
#4347=DIRECTION('',(0.,0.884443459673776,-0.466647368620333));
#4348=DIRECTION('',(0.,0.466647368620333,0.884443459673776));
#4349=DIRECTION('',(-1.74086912978171E-16,0.466647368620333,0.884443459673776));
#4350=DIRECTION('',(-1.,0.,0.));
#4351=DIRECTION('',(0.,0.,1.));
#4352=DIRECTION('',(1.,0.,0.));
#4353=DIRECTION('',(1.,1.37676466347366E-16,0.));
#4354=DIRECTION('',(3.73058812038023E-16,-1.,0.));
#4355=DIRECTION('',(0.,0.,1.));
#4356=DIRECTION('',(1.,0.,0.));
#4357=DIRECTION('',(-1.,0.,0.));
#4358=DIRECTION('',(-1.,-1.37676466347366E-16,0.));
#4359=DIRECTION('',(0.,-1.,-1.93477507278953E-16));
#4360=DIRECTION('',(0.,1.93477507278953E-16,-1.));
#4361=DIRECTION('',(-1.,0.,0.));
#4362=DIRECTION('',(0.,-1.93477507278953E-16,1.));
#4363=DIRECTION('',(-1.,0.,0.));
#4364=DIRECTION('',(0.,0.,1.));
#4365=DIRECTION('',(1.,0.,0.));
#4366=DIRECTION('',(1.,1.37676466347366E-16,0.));
#4367=DIRECTION('',(0.,1.,0.));
#4368=DIRECTION('',(0.,0.884443459673776,-0.466647368620333));
#4369=DIRECTION('',(0.,0.466647368620333,0.884443459673776));
#4370=DIRECTION('',(0.,-0.466647368620333,-0.884443459673776));
#4371=DIRECTION('',(-1.,0.,0.));
#4372=DIRECTION('',(-1.,0.,0.));
#4373=DIRECTION('',(0.,0.,1.));
#4374=DIRECTION('',(1.,0.,0.));
#4375=DIRECTION('',(0.,0.,-1.));
#4376=DIRECTION('',(-1.,0.,0.));
#4377=DIRECTION('',(0.,0.,-1.));
#4378=DIRECTION('',(-1.,0.,0.));
#4379=DIRECTION('',(0.,-1.,0.));
#4380=DIRECTION('',(-1.,0.,0.));
#4381=DIRECTION('',(0.,1.,0.));
#4382=DIRECTION('',(0.,0.,1.));
#4383=DIRECTION('',(0.,0.,-1.));
#4384=DIRECTION('',(-1.,0.,0.));
#4385=DIRECTION('',(0.,0.,-1.));
#4386=DIRECTION('',(-1.,0.,0.));
#4387=DIRECTION('',(0.,-1.,0.));
#4388=DIRECTION('',(-1.,0.,0.));
#4389=DIRECTION('',(-1.,0.,0.));
#4390=DIRECTION('',(0.,0.,1.));
#4391=DIRECTION('',(1.,0.,0.));
#4392=DIRECTION('',(0.,0.,-1.));
#4393=DIRECTION('',(0.,0.,1.));
#4394=DIRECTION('',(1.,0.,0.));
#4395=DIRECTION('',(1.6940658945086E-16,-1.,0.));
#4396=DIRECTION('',(1.,1.6940658945086E-16,0.));
#4397=DIRECTION('',(0.,1.,0.));
#4398=DIRECTION('',(-1.,-4.2351647362715E-17,0.));
#4399=DIRECTION('',(1.37676466347366E-16,-1.,0.));
#4400=DIRECTION('',(1.,1.37676466347366E-16,0.));
#4401=DIRECTION('',(0.,0.,1.));
#4402=DIRECTION('',(0.,0.,1.));
#4403=DIRECTION('',(-1.,-3.73058812038023E-16,0.));
#4404=DIRECTION('',(3.73058812038023E-16,-1.,0.));
#4405=DIRECTION('',(0.,0.,1.));
#4406=DIRECTION('',(-1.37676466347366E-16,1.,0.));
#4407=DIRECTION('',(-1.,-1.37676466347366E-16,0.));
#4408=DIRECTION('',(0.,0.,1.));
#4409=DIRECTION('',(1.,0.,0.));
#4410=DIRECTION('',(0.,0.,-1.));
#4411=DIRECTION('',(1.,0.,0.));
#4412=DIRECTION('',(0.,0.,-1.));
#4413=DIRECTION('',(0.,0.,1.));
#4414=DIRECTION('',(0.,-1.,0.));
#4415=DIRECTION('',(0.,0.,1.));
#4416=DIRECTION('',(-4.2351647362715E-17,1.,0.));
#4417=DIRECTION('',(-1.,-4.2351647362715E-17,0.));
#4418=DIRECTION('',(0.,0.,1.));
#4419=DIRECTION('',(1.,4.2351647362715E-17,0.));
#4420=DIRECTION('',(-1.,-1.6940658945086E-16,0.));
#4421=DIRECTION('',(1.6940658945086E-16,-1.,0.));
#4422=DIRECTION('',(0.,0.,1.));
#4423=DIRECTION('',(-1.6940658945086E-16,1.,0.));
#4424=DIRECTION('',(1.6940658945086E-16,-1.,0.));
#4425=DIRECTION('',(1.,1.6940658945086E-16,0.));
#4426=DIRECTION('',(-1.,-1.6940658945086E-16,0.));
#4427=DIRECTION('',(4.2351647362715E-17,1.,-6.02991010231016E-18));
#4428=DIRECTION('',(-1.,4.2351647362715E-17,0.));
#4429=DIRECTION('',(-1.,4.2351647362715E-17,2.41196404092407E-17));
#4430=DIRECTION('',(2.40898803804841E-16,6.02991010231015E-18,1.));
#4431=DIRECTION('',(1.,-4.2351647362715E-17,-2.41196404092407E-17));
#4432=DIRECTION('',(0.,0.,1.));
#4433=DIRECTION('',(-1.,4.2351647362715E-17,2.40898803804841E-16));
#4434=DIRECTION('',(2.40898803804841E-16,0.,1.));
#4435=DIRECTION('',(-1.,4.2351647362715E-17,2.40898803804841E-16));
#4436=DIRECTION('',(2.40898803804841E-16,0.,1.));
#4437=DIRECTION('',(2.40898803804841E-16,6.02991010231016E-18,1.));
#4438=DIRECTION('',(-1.,4.2351647362715E-17,2.40898803804841E-16));
#4439=DIRECTION('',(2.40898803804841E-16,0.,1.));
#4440=DIRECTION('',(1.6940658945086E-16,-1.,0.));
#4441=DIRECTION('',(1.,1.6940658945086E-16,0.));
#4442=DIRECTION('',(-1.,-1.6940658945086E-16,0.));
#4443=DIRECTION('',(0.,0.,-1.));
#4444=DIRECTION('',(1.,1.6940658945086E-16,0.));
#4445=DIRECTION('',(0.,0.,-1.));
#4446=DIRECTION('',(-1.,-1.6940658945086E-16,0.));
#4447=DIRECTION('',(1.6940658945086E-16,-1.,0.));
#4448=DIRECTION('',(-1.,-1.6940658945086E-16,0.));
#4449=DIRECTION('',(1.6940658945086E-16,-1.,0.));
#4450=DIRECTION('',(0.,0.,-1.));
#4451=DIRECTION('',(-1.,-1.6940658945086E-16,0.));
#4452=DIRECTION('',(1.6940658945086E-16,-1.,0.));
#4453=DIRECTION('',(1.,1.6940658945086E-16,0.));
#4454=DIRECTION('',(-1.6940658945086E-16,1.,0.));
#4455=DIRECTION('',(-1.,0.,0.));
#4456=DIRECTION('',(0.,0.,-1.));
#4457=DIRECTION('',(-0.707106781186547,0.,-0.707106781186548));
#4458=DIRECTION('',(0.707106781186548,2.39577096356777E-16,-0.707106781186547));
#4459=DIRECTION('',(-1.,0.,0.));
#4460=DIRECTION('',(-1.,-1.6940658945086E-16,0.));
#4461=DIRECTION('',(1.6940658945086E-16,-1.,0.));
#4462=DIRECTION('',(-1.,-4.2351647362715E-17,2.41196404092407E-17));
#4463=DIRECTION('',(4.2351647362715E-17,-1.,0.));
#4464=DIRECTION('',(-0.707106781186547,0.,-0.707106781186548));
#4465=DIRECTION('',(-0.707106781186548,-5.98942740891943E-17,0.707106781186547));
#4466=DIRECTION('',(-1.,0.,0.));
#4467=DIRECTION('',(0.,0.,-1.));
#4468=DIRECTION('',(-1.,4.2351647362715E-17,2.40898803804841E-16));
#4469=DIRECTION('',(2.40898803804841E-16,0.,1.));
#4470=DIRECTION('',(-1.,0.,0.));
#4471=DIRECTION('',(1.,4.2351647362715E-17,-2.41196404092407E-17));
#4472=DIRECTION('',(-4.2351647362715E-17,1.,0.));
#4473=DIRECTION('',(-1.,0.,0.));
#4474=DIRECTION('',(0.,0.,-1.));
#4475=DIRECTION('',(-0.707106781186547,0.,0.707106781186548));
#4476=DIRECTION('',(0.707106781186548,5.98942740891943E-17,0.707106781186547));
#4477=DIRECTION('',(-1.,0.,0.));
#4478=DIRECTION('',(-1.,4.2351647362715E-17,2.40898803804841E-16));
#4479=DIRECTION('',(2.40898803804841E-16,0.,1.));
#4480=DIRECTION('',(-1.,-1.6940658945086E-16,0.));
#4481=DIRECTION('',(1.6940658945086E-16,-1.,0.));
#4482=DIRECTION('',(-0.707106781186547,0.,0.707106781186548));
#4483=DIRECTION('',(-0.707106781186548,-2.39577096356777E-16,-0.707106781186547));
#4484=DIRECTION('',(-1.,0.,0.));
#4485=DIRECTION('',(0.,0.,-1.));
#4486=DIRECTION('',(-1.,-1.6940658945086E-16,0.));
#4487=DIRECTION('',(1.6940658945086E-16,-1.,0.));
#4488=DIRECTION('',(-1.,0.,0.));
#4489=DIRECTION('',(-1.,4.2351647362715E-17,2.40898803804841E-16));
#4490=DIRECTION('',(2.40898803804841E-16,0.,1.));
#4491=DIRECTION('',(0.,0.,-1.));
#4492=DIRECTION('',(-1.,0.,0.));
#4493=DIRECTION('',(2.40898803804841E-16,6.02991010231015E-18,1.));
#4494=DIRECTION('',(1.,0.,-2.40898803804841E-16));
#4495=DIRECTION('',(0.,0.,-1.));
#4496=DIRECTION('',(-1.,0.,0.));
#4497=DIRECTION('',(-1.,4.2351647362715E-17,2.40898803804841E-16));
#4498=DIRECTION('',(2.40898803804841E-16,0.,1.));
#4499=DIRECTION('',(-1.,-1.6940658945086E-16,0.));
#4500=DIRECTION('',(1.6940658945086E-16,-1.,0.));
#4501=DIRECTION('',(0.,0.,1.));
#4502=DIRECTION('',(1.,0.,0.));
#4503=DIRECTION('',(0.,0.,-1.));
#4504=DIRECTION('',(-1.,0.,0.));
#4505=DIRECTION('',(0.,0.,1.));
#4506=DIRECTION('',(1.,0.,0.));
#4507=DIRECTION('',(-1.,-1.6940658945086E-16,0.));
#4508=DIRECTION('',(1.6940658945086E-16,-1.,0.));
#4509=DIRECTION('',(0.,0.,-1.));
#4510=DIRECTION('',(-1.,0.,0.));
#4511=DIRECTION('',(0.,1.,0.));
#4512=DIRECTION('',(0.,0.,1.));
#4513=DIRECTION('',(1.,0.,0.));
#4514=DIRECTION('',(0.,-1.,0.));
#4515=DIRECTION('',(-1.,0.,0.));
#4516=DIRECTION('',(0.,0.,1.));
#4517=DIRECTION('',(0.,1.,0.));
#4518=DIRECTION('',(0.,-1.,0.));
#4519=DIRECTION('',(-0.707106781186547,0.,0.707106781186548));
#4520=DIRECTION('',(0.,1.,0.));
#4521=DIRECTION('',(0.,1.,0.));
#4522=DIRECTION('',(-0.707106781186547,0.,-0.707106781186548));
#4523=DIRECTION('',(0.,-1.,0.));
#4524=DIRECTION('',(0.,-1.,0.));
#4525=DIRECTION('',(0.,-1.,0.));
#4526=DIRECTION('',(0.,0.,-1.));
#4527=DIRECTION('',(0.,1.,0.));
#4528=DIRECTION('',(0.,0.,1.));
#4529=DIRECTION('',(2.99471370445973E-17,-0.707106781186549,-0.707106781186546));
#4530=DIRECTION('',(-1.,-4.2351647362715E-17,0.));
#4531=DIRECTION('',(-0.577350269189625,-0.577350269189625,0.577350269189628));
#4532=DIRECTION('',(0.577350269189624,-0.577350269189625,0.577350269189628));
#4533=DIRECTION('',(0.70710678118655,1.19788548178389E-16,-0.707106781186545));
#4534=DIRECTION('',(1.6940658945086E-16,-1.,0.));
#4535=DIRECTION('',(0.577350269189624,0.577350269189625,0.577350269189628));
#4536=DIRECTION('',(-0.70710678118655,0.,-0.707106781186545));
#4537=DIRECTION('',(0.,1.,0.));
#4538=DIRECTION('',(0.577350269189625,-0.577350269189625,-0.577350269189628));
#4539=DIRECTION('',(-1.19788548178389E-16,0.707106781186549,-0.707106781186546));
#4540=DIRECTION('',(1.,1.6940658945086E-16,0.));
#4541=DIRECTION('',(-2.99471370445971E-17,0.707106781186546,-0.707106781186549));
#4542=DIRECTION('',(1.,4.2351647362715E-17,0.));
#4543=DIRECTION('',(0.577350269189626,0.577350269189627,0.577350269189625));
#4544=DIRECTION('',(-0.577350269189626,0.577350269189626,0.577350269189625));
#4545=DIRECTION('',(-0.707106781186547,-1.19788548178388E-16,-0.707106781186548));
#4546=DIRECTION('',(-1.6940658945086E-16,1.,0.));
#4547=DIRECTION('',(-0.577350269189626,-0.577350269189627,0.577350269189625));
#4548=DIRECTION('',(0.707106781186547,0.,-0.707106781186548));
#4549=DIRECTION('',(0.,-1.,0.));
#4550=DIRECTION('',(-0.577350269189626,0.577350269189626,-0.577350269189625));
#4551=DIRECTION('',(1.19788548178389E-16,-0.707106781186546,-0.707106781186549));
#4552=DIRECTION('',(-1.,-1.6940658945086E-16,0.));
#4553=DIRECTION('',(0.,0.,-1.));
#4554=DIRECTION('',(-1.,0.,0.));
#4555=DIRECTION('',(-1.,1.6940658945086E-16,0.));
#4556=DIRECTION('',(0.,1.,0.));
#4557=DIRECTION('',(-1.,0.,0.));
#4558=DIRECTION('',(0.,1.,0.));
#4559=DIRECTION('',(-1.,1.6940658945086E-16,0.));
#4560=DIRECTION('',(0.,1.,0.));
#4561=DIRECTION('',(-1.,1.6940658945086E-16,0.));
#4562=DIRECTION('',(-1.6940658945086E-16,-1.,0.));
#4563=DIRECTION('',(1.,0.,0.));
#4564=DIRECTION('',(0.,0.,-1.));
#4565=DIRECTION('',(0.,0.,1.));
#4566=DIRECTION('',(-1.6940658945086E-16,-1.,0.));
#4567=DIRECTION('',(0.,0.,-1.));
#4568=DIRECTION('',(0.,0.,-1.));
#4569=DIRECTION('',(-1.,0.,0.));
#4570=DIRECTION('',(0.,0.,1.));
#4571=DIRECTION('',(0.,0.,1.));
#4572=DIRECTION('',(-1.6940658945086E-16,-1.,0.));
#4573=DIRECTION('',(0.,0.,-1.));
#4574=DIRECTION('',(0.,0.,1.));
#4575=DIRECTION('',(0.,1.,0.));
#4576=DIRECTION('',(0.,0.,1.));
#4577=DIRECTION('',(0.,1.,0.));
#4578=DIRECTION('',(0.,0.,1.));
#4579=DIRECTION('',(1.,-1.6940658945086E-16,4.33541956798597E-16));
#4580=DIRECTION('',(-1.11367336713009E-16,6.02991010231017E-18,1.));
#4581=DIRECTION('',(1.,0.,1.11367336713009E-16));
#4582=DIRECTION('',(0.,0.,1.));
#4583=DIRECTION('',(1.,0.,0.));
#4584=DIRECTION('',(-1.11367336713009E-16,6.02991010231017E-18,1.));
#4585=DIRECTION('',(0.,0.,1.));
#4586=DIRECTION('',(1.,0.,0.));
#4587=DIRECTION('',(-1.11367336713009E-16,6.02991010231017E-18,1.));
#4588=DIRECTION('',(-4.2351647362715E-17,-1.,6.02991010231016E-18));
#4589=DIRECTION('',(1.,-4.2351647362715E-17,0.));
#4590=DIRECTION('',(-1.,4.2351647362715E-17,2.41196404092407E-17));
#4591=DIRECTION('',(1.,-4.2351647362715E-17,-2.41196404092407E-17));
#4592=DIRECTION('',(0.,7.09385387612863E-18,1.));
#4593=DIRECTION('',(0.,0.,-1.));
#4594=DIRECTION('',(-1.,0.,0.));
#4595=DIRECTION('',(-1.6940658945086E-16,-1.,0.));
#4596=DIRECTION('',(-1.,1.6940658945086E-16,0.));
#4597=DIRECTION('',(0.,1.,0.));
#4598=DIRECTION('',(1.,-4.2351647362715E-17,0.));
#4599=DIRECTION('',(-0.707106781186547,0.,-0.707106781186548));
#4600=DIRECTION('',(0.,-1.,0.));
#4601=DIRECTION('',(0.577350269189626,-0.577350269189627,-0.577350269189625));
#4602=DIRECTION('',(-0.577350269189626,-0.577350269189626,0.577350269189625));
#4603=DIRECTION('',(0.,-1.,0.));
#4604=DIRECTION('',(0.,9.1831300502919E-17,-1.));
#4605=DIRECTION('',(0.,1.,9.1831300502919E-17));
#4606=DIRECTION('',(1.,0.,0.));
#4607=DIRECTION('',(0.,1.,9.1831300502919E-17));
#4608=DIRECTION('',(1.,0.,0.));
#4609=DIRECTION('',(0.,1.,9.1831300502919E-17));
#4610=DIRECTION('',(0.707106781186547,-6.49345353107937E-17,0.707106781186548));
#4611=DIRECTION('',(0.,1.,9.1831300502919E-17));
#4612=DIRECTION('',(0.707106781186547,-6.49345353107937E-17,0.707106781186548));
#4613=DIRECTION('',(-0.707106781186548,1.74642561045984E-16,0.707106781186547));
#4614=DIRECTION('',(-8.71576399210526E-33,-1.,-9.1831300502919E-17));
#4615=DIRECTION('',(0.707106781186547,-6.49345353107937E-17,0.707106781186548));
#4616=DIRECTION('',(0.707106781186548,5.04026122159929E-18,-0.707106781186547));
#4617=DIRECTION('',(0.,1.,9.1831300502919E-17));
#4618=DIRECTION('',(0.,-9.1831300502919E-17,1.));
#4619=DIRECTION('',(0.,1.,9.1831300502919E-17));
#4620=DIRECTION('',(0.,0.,-1.));
#4621=DIRECTION('',(-1.,0.,0.));
#4622=DIRECTION('',(0.,0.,1.));
#4623=DIRECTION('',(1.,0.,0.));
#4624=DIRECTION('',(0.,0.,-1.));
#4625=DIRECTION('',(0.,0.,1.));
#4626=DIRECTION('',(1.,0.,0.));
#4627=DIRECTION('',(0.,0.,-1.));
#4628=DIRECTION('',(-1.6940658945086E-16,1.,0.));
#4629=DIRECTION('',(-1.,-1.6940658945086E-16,0.));
#4630=DIRECTION('',(-1.,-1.6940658945086E-16,0.));
#4631=DIRECTION('',(1.,1.6940658945086E-16,0.));
#4632=DIRECTION('',(0.,-7.09385387612839E-18,-1.));
#4633=DIRECTION('',(-1.,0.,0.));
#4634=DIRECTION('',(0.,0.,1.));
#4635=DIRECTION('',(-1.,0.,0.));
#4636=DIRECTION('',(0.,-4.30644479404639E-16,1.));
#4637=DIRECTION('',(0.,-1.,7.75752889479404E-17));
#4638=DIRECTION('',(-1.,0.,0.));
#4639=DIRECTION('',(0.,-4.30644479404639E-16,1.));
#4640=DIRECTION('',(-1.,0.,0.));
#4641=DIRECTION('',(0.,-4.30644479404639E-16,1.));
#4642=DIRECTION('',(-1.,0.,0.));
#4643=DIRECTION('',(0.,-4.30644479404639E-16,1.));
#4644=DIRECTION('',(0.,-1.,7.75752889479404E-17));
#4645=DIRECTION('',(0.,-7.75752889479404E-17,-1.));
#4646=DIRECTION('',(0.,1.,-7.75752889479404E-17));
#4647=DIRECTION('',(0.707106781186547,-5.48540128675946E-17,-0.707106781186548));
#4648=DIRECTION('',(0.,-1.,7.75752889479404E-17));
#4649=DIRECTION('',(0.707106781186547,-5.48540128675946E-17,-0.707106781186548));
#4650=DIRECTION('',(-0.707106781186548,5.04026122159984E-18,-0.707106781186547));
#4651=DIRECTION('',(0.707106781186547,-5.48540128675946E-17,-0.707106781186548));
#4652=DIRECTION('',(0.707106781186548,-1.84723083489183E-16,0.707106781186547));
#4653=DIRECTION('',(0.,-1.,7.75752889479404E-17));
#4654=DIRECTION('',(0.,7.75752889479404E-17,1.));
#4655=DIRECTION('',(0.,-1.,7.75752889479404E-17));
#4656=DIRECTION('',(1.,0.,0.));
#4657=DIRECTION('',(1.,0.,0.));
#4658=DIRECTION('',(0.,-1.,7.75752889479404E-17));
#4659=DIRECTION('',(-1.,4.2351647362715E-17,2.41196404092407E-17));
#4660=DIRECTION('',(-4.2351647362715E-17,-1.,0.));
#4661=DIRECTION('',(-1.,4.2351647362715E-17,2.41196404092407E-17));
#4662=DIRECTION('',(-1.,4.2351647362715E-17,-1.11367336713009E-16));
#4663=DIRECTION('',(-1.11367336713009E-16,0.,1.));
#4664=DIRECTION('',(-1.,4.2351647362715E-17,-1.11367336713009E-16));
#4665=DIRECTION('',(-1.11367336713009E-16,0.,1.));
#4666=DIRECTION('',(-1.,4.2351647362715E-17,-1.11367336713009E-16));
#4667=DIRECTION('',(-1.11367336713009E-16,0.,1.));
#4668=DIRECTION('',(-1.,4.2351647362715E-17,-1.11367336713009E-16));
#4669=DIRECTION('',(-1.11367336713009E-16,0.,1.));
#4670=DIRECTION('',(-1.11367336713009E-16,6.02991010231017E-18,1.));
#4671=DIRECTION('',(-1.,4.2351647362715E-17,-1.11367336713009E-16));
#4672=DIRECTION('',(-1.11367336713009E-16,0.,1.));
#4673=DIRECTION('',(-1.,4.2351647362715E-17,-1.11367336713009E-16));
#4674=DIRECTION('',(-1.11367336713009E-16,0.,1.));
#4675=DIRECTION('',(-1.,4.2351647362715E-17,-1.11367336713009E-16));
#4676=DIRECTION('',(-1.11367336713009E-16,0.,1.));
#4677=DIRECTION('',(1.,-4.2351647362715E-17,-2.41196404092407E-17));
#4678=DIRECTION('',(4.2351647362715E-17,1.,0.));
#4679=DIRECTION('',(1.,-4.2351647362715E-17,-2.41196404092407E-17));
#4680=DIRECTION('',(2.99471370445971E-17,0.707106781186546,-0.707106781186549));
#4681=DIRECTION('',(-1.,4.2351647362715E-17,0.));
#4682=DIRECTION('',(-1.,4.2351647362715E-17,0.));
#4683=DIRECTION('',(-0.577350269189626,-0.577350269189626,-0.577350269189625));
#4684=DIRECTION('',(0.707106781186547,-1.19788548178388E-16,-0.707106781186548));
#4685=DIRECTION('',(1.6940658945086E-16,1.,0.));
#4686=DIRECTION('',(1.6940658945086E-16,1.,0.));
#4687=DIRECTION('',(-0.577350269189626,0.577350269189627,-0.577350269189625));
#4688=DIRECTION('',(-1.19788548178389E-16,-0.707106781186546,-0.707106781186549));
#4689=DIRECTION('',(1.,-1.6940658945086E-16,0.));
#4690=DIRECTION('',(1.,-1.6940658945086E-16,0.));
#4691=DIRECTION('',(1.,0.,0.));
#4692=DIRECTION('',(0.,0.,-1.));
#4693=DIRECTION('',(0.,0.,1.));
#4694=DIRECTION('',(0.,0.,1.));
#4695=DIRECTION('',(-1.,1.6940658945086E-16,0.));
#4696=DIRECTION('',(-1.6940658945086E-16,-1.,0.));
#4697=DIRECTION('',(-1.,-1.6940658945086E-16,0.));
#4698=DIRECTION('',(-1.,-1.6940658945086E-16,0.));
#4699=DIRECTION('',(1.6940658945086E-16,-1.,0.));
#4700=DIRECTION('',(-1.,-1.6940658945086E-16,0.));
#4701=DIRECTION('',(1.6940658945086E-16,-1.,0.));
#4702=DIRECTION('',(-1.,-1.6940658945086E-16,0.));
#4703=DIRECTION('',(1.6940658945086E-16,-1.,0.));
#4704=DIRECTION('',(-1.,-1.6940658945086E-16,0.));
#4705=DIRECTION('',(1.6940658945086E-16,-1.,0.));
#4706=DIRECTION('',(0.,0.,-1.));
#4707=DIRECTION('',(-1.,-1.6940658945086E-16,0.));
#4708=DIRECTION('',(1.6940658945086E-16,-1.,0.));
#4709=DIRECTION('',(-1.,-1.6940658945086E-16,0.));
#4710=DIRECTION('',(1.6940658945086E-16,-1.,0.));
#4711=DIRECTION('',(-1.,-1.6940658945086E-16,0.));
#4712=DIRECTION('',(1.6940658945086E-16,-1.,0.));
#4713=DIRECTION('',(1.,-1.6940658945086E-16,0.));
#4714=DIRECTION('',(1.6940658945086E-16,1.,0.));
#4715=DIRECTION('',(1.,1.6940658945086E-16,0.));
#4716=DIRECTION('',(1.6940658945086E-16,1.,0.));
#4717=DIRECTION('',(-1.,1.6940658945086E-16,0.));
#4718=DIRECTION('',(0.,0.,1.));
#4719=DIRECTION('',(0.,0.,1.));
#4720=DIRECTION('',(-1.,1.6940658945086E-16,0.));
#4721=DIRECTION('',(-1.6940658945086E-16,-1.,0.));
#4722=DIRECTION('',(0.,0.,1.));
#4723=DIRECTION('',(-1.6940658945086E-16,-1.,5.47382212626882E-47));
#4724=DIRECTION('',(0.,0.,1.));
#4725=DIRECTION('',(-4.2351647362715E-17,-1.,0.));
#4726=DIRECTION('',(1.,-4.2351647362715E-17,0.));
#4727=DIRECTION('',(0.,0.,1.));
#4728=DIRECTION('',(1.,-4.2351647362715E-17,4.33541956798597E-16));
#4729=DIRECTION('',(1.,0.,0.));
#4730=DIRECTION('',(0.,0.,-1.));
#4731=DIRECTION('',(0.,0.,-1.));
#4732=DIRECTION('',(0.,1.,-7.34448642851024E-32));
#4733=DIRECTION('',(0.,0.,-1.));
#4734=DIRECTION('',(-1.,0.,0.));
#4735=DIRECTION('',(0.,-1.,0.));
#4736=DIRECTION('',(1.,-1.6940658945086E-16,0.));
#4737=DIRECTION('',(1.6940658945086E-16,1.,0.));
#4738=DIRECTION('',(-1.,4.2351647362715E-17,0.));
#4739=DIRECTION('',(-0.70710678118655,1.19788548178389E-16,-0.707106781186545));
#4740=DIRECTION('',(-1.6940658945086E-16,-1.,0.));
#4741=DIRECTION('',(0.577350269189624,0.577350269189625,-0.577350269189628));
#4742=DIRECTION('',(0.577350269189624,-0.577350269189625,-0.577350269189628));
#4743=DIRECTION('',(-1.6940658945086E-16,-1.,0.));
#4744=DIRECTION('',(-2.99471370445973E-17,-0.707106781186549,-0.707106781186546));
#4745=DIRECTION('',(1.,-4.2351647362715E-17,0.));
#4746=DIRECTION('',(-0.577350269189625,0.577350269189625,-0.577350269189628));
#4747=DIRECTION('',(1.,-4.2351647362715E-17,0.));
#4748=DIRECTION('',(1.19788548178389E-16,0.707106781186549,-0.707106781186546));
#4749=DIRECTION('',(-1.,1.6940658945086E-16,0.));
#4750=DIRECTION('',(0.577350269189625,0.577350269189625,0.577350269189628));
#4751=DIRECTION('',(-1.,1.6940658945086E-16,0.));
#4752=DIRECTION('',(0.70710678118655,0.,-0.707106781186545));
#4753=DIRECTION('',(0.,1.,0.));
#4754=DIRECTION('',(0.,1.,0.));
#4755=DIRECTION('',(1.,0.,0.));
#4756=DIRECTION('',(0.,0.,-1.));
#4757=DIRECTION('',(0.,0.,1.));
#4758=DIRECTION('',(0.,0.,1.));
#4759=DIRECTION('',(1.6940658945086E-16,1.,0.));
#4760=DIRECTION('',(-1.,1.6940658945086E-16,0.));
#4761=DIRECTION('',(0.,0.,1.));
#4762=DIRECTION('',(-4.2351647362715E-17,-1.,0.));
#4763=DIRECTION('',(1.,-4.2351647362715E-17,0.));
#4764=DIRECTION('',(0.,0.,1.));
#4765=DIRECTION('',(-1.,1.6940658945086E-16,0.));
#4766=DIRECTION('',(-1.6940658945086E-16,-1.,0.));
#4767=DIRECTION('',(4.33541956798597E-16,-7.34448642851024E-32,-1.));
#4768=DIRECTION('',(-1.,0.,-4.33541956798597E-16));
#4769=DIRECTION('',(1.,-1.6940658945086E-16,4.33541956798597E-16));
#4770=DIRECTION('',(1.,-1.6940658945086E-16,4.33541956798597E-16));
#4771=DIRECTION('',(-1.6940658945086E-16,-1.,0.));
#4772=DIRECTION('',(1.,-1.6940658945086E-16,0.));
#4773=DIRECTION('',(-1.6940658945086E-16,-1.,0.));
#4774=DIRECTION('',(1.,-1.6940658945086E-16,0.));
#4775=CARTESIAN_POINT('',(0.,0.,0.));
#4776=CARTESIAN_POINT('',(0.227628045284007,15.4522060948027,-5.90489910259969));
#4777=CARTESIAN_POINT('',(3.7,2.875,-5.90489910259969));
#4778=CARTESIAN_POINT('',(-2.84273800835962,2.875,-5.90489910259969));
#4779=CARTESIAN_POINT('',(0.227628045284007,2.875,-5.90489910259969));
#4780=CARTESIAN_POINT('',(0.227628045284007,15.4522060948027,-5.90489910259969));
#4781=CARTESIAN_POINT('',(0.227628045284007,-2.875,-5.90489910259969));
#4782=CARTESIAN_POINT('',(0.227628045284007,-2.875,-5.90489910259969));
#4783=CARTESIAN_POINT('',(-2.84273800835962,-2.875,-5.90489910259969));
#4784=CARTESIAN_POINT('',(-2.84273800835962,15.4522060948027,-5.90489910259969));
#4785=CARTESIAN_POINT('',(0.227628045284007,-1.46108153688997,-5.90489910259969));
#4786=CARTESIAN_POINT('',(-0.249679587653682,-1.46108153688997,-5.90489910259969));
#4787=CARTESIAN_POINT('',(-2.25032041234632,-1.46108153688997,-5.90489910259969));
#4788=CARTESIAN_POINT('',(-0.249679587653682,15.4522060948027,-5.90489910259969));
#4789=CARTESIAN_POINT('',(-0.249679587653682,0.538918463110027,-5.90489910259969));
#4790=CARTESIAN_POINT('',(0.227628045284007,0.538918463110028,-5.90489910259969));
#4791=CARTESIAN_POINT('',(-2.25032041234632,0.538918463110028,-5.90489910259969));
#4792=CARTESIAN_POINT('',(-2.25032041234632,15.4522060948027,-5.90489910259969));
#4793=CARTESIAN_POINT('',(0.,0.,-5.40489910259969));
#4794=CARTESIAN_POINT('',(3.15,-2.325,-5.40489910259969));
#4795=CARTESIAN_POINT('',(3.15,-2.325,-5.40489910259969));
#4796=CARTESIAN_POINT('',(3.15,2.325,-5.40489910259969));
#4797=CARTESIAN_POINT('',(3.15,2.325,-5.40489910259969));
#4798=CARTESIAN_POINT('',(-3.15,2.325,-5.40489910259969));
#4799=CARTESIAN_POINT('',(-3.15,2.325,-5.40489910259969));
#4800=CARTESIAN_POINT('',(-3.15,-2.325,-5.40489910259969));
#4801=CARTESIAN_POINT('',(-3.15,-2.325,-5.40489910259969));
#4802=CARTESIAN_POINT('',(1.32320359247567E-16,-0.781081536889973,-5.40489910259969));
#4803=CARTESIAN_POINT('',(0.93,-0.781081536889973,-5.40489910259969));
#4804=CARTESIAN_POINT('',(1.57,-0.781081536889973,-5.40489910259969));
#4805=CARTESIAN_POINT('',(0.93,1.575481281893E-16,-5.40489910259969));
#4806=CARTESIAN_POINT('',(0.93,-0.141081536889973,-5.40489910259969));
#4807=CARTESIAN_POINT('',(5.97503549975401E-18,-0.141081536889973,-5.40489910259969));
#4808=CARTESIAN_POINT('',(1.57,-0.141081536889973,-5.40489910259969));
#4809=CARTESIAN_POINT('',(1.57,0.,-5.40489910259969));
#4810=CARTESIAN_POINT('',(-0.93,-0.141081536889973,-5.40489910259969));
#4811=CARTESIAN_POINT('',(-0.93,-0.781081536889973,-5.40489910259969));
#4812=CARTESIAN_POINT('',(-0.93,-0.141081536889973,-5.40489910259969));
#4813=CARTESIAN_POINT('',(-0.93,-0.781081536889973,-5.40489910259969));
#4814=CARTESIAN_POINT('',(-1.57,-0.781081536889973,-5.40489910259969));
#4815=CARTESIAN_POINT('',(-1.57,-0.781081536889973,-5.40489910259969));
#4816=CARTESIAN_POINT('',(-1.57,-0.141081536889973,-5.40489910259969));
#4817=CARTESIAN_POINT('',(-1.57,-0.141081536889973,-5.40489910259969));
#4818=CARTESIAN_POINT('',(1.57,-0.781081536889973,-10.4));
#4819=CARTESIAN_POINT('',(1.57,-0.781081536889973,-10.4));
#4820=CARTESIAN_POINT('',(1.57,-0.781081536889973,-10.1465));
#4821=CARTESIAN_POINT('',(1.57,-0.781081536889973,-9.39294919653037));
#4822=CARTESIAN_POINT('',(1.57,-0.141081536889973,-10.1465));
#4823=CARTESIAN_POINT('',(1.57,-0.141081536889973,-10.1465));
#4824=CARTESIAN_POINT('',(1.57,-0.141081536889973,-10.4));
#4825=CARTESIAN_POINT('',(1.57,-0.141081536889973,-9.39294919653037));
#4826=CARTESIAN_POINT('',(1.57,-0.781081536889973,-9.39294919653037));
#4827=CARTESIAN_POINT('',(0.,0.0808677042909433,-10.4));
#4828=CARTESIAN_POINT('',(1.3165,-0.781081536889973,-10.4));
#4829=CARTESIAN_POINT('',(1.3165,-0.394581536889972,-10.4));
#4830=CARTESIAN_POINT('',(1.3165,-0.527581536889974,-10.4));
#4831=CARTESIAN_POINT('',(0.93,-0.527581536889974,-10.4));
#4832=CARTESIAN_POINT('',(1.1835,-0.527581536889974,-10.4));
#4833=CARTESIAN_POINT('',(1.1835,-0.141081536889973,-10.4));
#4834=CARTESIAN_POINT('',(1.1835,-0.394581536889972,-10.4));
#4835=CARTESIAN_POINT('',(1.57,-0.394581536889972,-10.4));
#4836=CARTESIAN_POINT('',(1.76752957678947,-3.775,-4.66942762618469));
#4837=CARTESIAN_POINT('',(1.20125466430091,-4.34127491248856,-4.66942762618469));
#4838=CARTESIAN_POINT('',(1.66752957678947,-3.875,-4.66942762618469));
#4839=CARTESIAN_POINT('',(1.76752957678947,-3.775,-4.66942762618469));
#4840=CARTESIAN_POINT('',(1.66752957678947,-3.875,-4.66942762618469));
#4841=CARTESIAN_POINT('',(1.66752957678947,-3.875,-5.8965733797152));
#4842=CARTESIAN_POINT('',(1.71752957678947,-3.825,-5.8965733797152));
#4843=CARTESIAN_POINT('',(1.76752957678947,-3.775,-5.8965733797152));
#4844=CARTESIAN_POINT('',(1.76752957678947,-3.775,-5.8965733797152));
#4845=CARTESIAN_POINT('',(0.,-3.875,0.));
#4846=CARTESIAN_POINT('',(0.734979751812343,-3.875,-4.66942762618469));
#4847=CARTESIAN_POINT('',(0.834979751812343,-3.875,-4.66942762618469));
#4848=CARTESIAN_POINT('',(0.834979751812343,-3.875,-5.8965733797152));
#4849=CARTESIAN_POINT('',(0.834979751812343,-3.875,-5.8965733797152));
#4850=CARTESIAN_POINT('',(1.76752957678947,-3.875,-5.8965733797152));
#4851=CARTESIAN_POINT('',(0.734979751812343,-3.775,-5.8965733797152));
#4852=CARTESIAN_POINT('',(1.3012546643009,-4.34127491248856,-5.8965733797152));
#4853=CARTESIAN_POINT('',(0.734979751812343,-3.775,-5.8965733797152));
#4854=CARTESIAN_POINT('',(0.784979751812343,-3.825,-4.66942762618469));
#4855=CARTESIAN_POINT('',(0.734979751812343,-3.775,-4.66942762618469));
#4856=CARTESIAN_POINT('',(0.734979751812343,-3.775,-4.66942762618469));
#4857=CARTESIAN_POINT('',(0.93,-0.781081536889973,-10.4));
#4858=CARTESIAN_POINT('',(0.93,-0.781081536889973,-10.4));
#4859=CARTESIAN_POINT('',(0.93,-0.781081536889973,-10.1465));
#4860=CARTESIAN_POINT('',(0.93,-0.781081536889973,-7.));
#4861=CARTESIAN_POINT('',(1.57,-0.781081536889973,-10.1465));
#4862=CARTESIAN_POINT('',(1.57,-0.781081536889973,-9.39294919653037));
#4863=CARTESIAN_POINT('',(1.12534277549084,-0.781081536889973,-9.39294919653037));
#4864=CARTESIAN_POINT('',(1.12534277549084,-0.781081536889973,-9.39294919653037));
#4865=CARTESIAN_POINT('',(1.08545010602987,-0.781081536889973,-9.39294919653037));
#4866=CARTESIAN_POINT('',(1.05334277548584,-0.781081536889973,-9.3541993617861));
#4867=CARTESIAN_POINT('',(1.05334277548517,-0.781081536889973,-9.31440450905321));
#4868=CARTESIAN_POINT('',(1.05334277549084,-0.781081536889973,-9.31440450905163));
#4869=CARTESIAN_POINT('',(1.05334277549084,-0.781081536889973,-7.3923839106372));
#4870=CARTESIAN_POINT('',(1.05334277549084,-0.781081536889973,-7.47092859811594));
#4871=CARTESIAN_POINT('',(1.05334277549084,-0.781081536889973,-7.47092859811594));
#4872=CARTESIAN_POINT('',(1.05334277549084,-0.781081536889973,-7.43109310447449));
#4873=CARTESIAN_POINT('',(1.08537456603236,-0.781081536889973,-7.39238391063718));
#4874=CARTESIAN_POINT('',(1.12534277549084,-0.781081536889973,-7.39238391063718));
#4875=CARTESIAN_POINT('',(1.12534277549084,-0.781081536889973,-7.3923839106372));
#4876=CARTESIAN_POINT('',(1.57,-0.781081536889973,-7.3923839106372));
#4877=CARTESIAN_POINT('',(1.57,-0.781081536889973,-7.3923839106372));
#4878=CARTESIAN_POINT('',(1.57,-0.781081536889973,-10.4));
#4879=CARTESIAN_POINT('',(1.57,-0.781081536889973,-7.));
#4880=CARTESIAN_POINT('',(1.32320359247567E-16,-0.781081536889973,-7.));
#4881=CARTESIAN_POINT('',(0.93,-0.141081536889973,-10.4));
#4882=CARTESIAN_POINT('',(0.93,-0.141081536889973,-10.4));
#4883=CARTESIAN_POINT('',(0.93,-0.141081536889973,-10.1465));
#4884=CARTESIAN_POINT('',(0.93,-0.141081536889973,-7.));
#4885=CARTESIAN_POINT('',(0.93,-0.781081536889973,-10.1465));
#4886=CARTESIAN_POINT('',(0.93,1.575481281893E-16,-7.));
#4887=CARTESIAN_POINT('',(1.57,-0.141081536889973,-10.4));
#4888=CARTESIAN_POINT('',(0.93,-0.141081536889973,-10.1465));
#4889=CARTESIAN_POINT('',(5.97503549975401E-18,-0.141081536889973,-7.));
#4890=CARTESIAN_POINT('',(1.57,-0.141081536889973,-7.));
#4891=CARTESIAN_POINT('',(1.57,-0.141081536889973,-10.4));
#4892=CARTESIAN_POINT('',(1.57,-0.141081536889973,-7.3923839106372));
#4893=CARTESIAN_POINT('',(1.57,-0.141081536889973,-7.3923839106372));
#4894=CARTESIAN_POINT('',(1.12534277549084,-0.141081536889973,-7.3923839106372));
#4895=CARTESIAN_POINT('',(1.12534277549084,-0.141081536889973,-7.3923839106372));
#4896=CARTESIAN_POINT('',(1.08545010602986,-0.141081536889973,-7.3923839106372));
#4897=CARTESIAN_POINT('',(1.05334277548584,-0.141081536889973,-7.43113374538147));
#4898=CARTESIAN_POINT('',(1.05334277548517,-0.141081536889973,-7.47092859811437));
#4899=CARTESIAN_POINT('',(1.05334277549084,-0.141081536889973,-7.47092859811594));
#4900=CARTESIAN_POINT('',(1.05334277549084,-0.141081536889973,-9.39294919653037));
#4901=CARTESIAN_POINT('',(1.05334277549084,-0.141081536889973,-9.31440450905163));
#4902=CARTESIAN_POINT('',(1.05334277549084,-0.141081536889973,-9.31440450905163));
#4903=CARTESIAN_POINT('',(1.05334277549084,-0.141081536889973,-9.35424000269309));
#4904=CARTESIAN_POINT('',(1.08537456603236,-0.141081536889973,-9.39294919653039));
#4905=CARTESIAN_POINT('',(1.12534277549084,-0.141081536889973,-9.39294919653039));
#4906=CARTESIAN_POINT('',(1.12534277549084,-0.141081536889973,-9.39294919653037));
#4907=CARTESIAN_POINT('',(1.57,-0.141081536889973,-9.39294919653037));
#4908=CARTESIAN_POINT('',(1.57,-0.781081536889973,-10.4));
#4909=CARTESIAN_POINT('',(1.57,-0.781081536889973,-7.3923839106372));
#4910=CARTESIAN_POINT('',(1.57,0.,-7.));
#4911=CARTESIAN_POINT('',(-0.834979751812343,-3.875,-7.37717470228647E-17));
#4912=CARTESIAN_POINT('',(-0.834979751812343,-3.875,-5.8965733797152));
#4913=CARTESIAN_POINT('',(-0.734979751812343,-3.775,-5.8965733797152));
#4914=CARTESIAN_POINT('',(-0.834979751812343,-3.875,-5.8965733797152));
#4915=CARTESIAN_POINT('',(-0.734979751812343,-3.775,-5.8965733797152));
#4916=CARTESIAN_POINT('',(-0.734979751812343,-3.775,-4.66942762618469));
#4917=CARTESIAN_POINT('',(-0.834979751812343,-3.875,-4.66942762618469));
#4918=CARTESIAN_POINT('',(-0.834979751812343,-3.875,-4.66942762618469));
#4919=CARTESIAN_POINT('',(-0.834979751812343,-3.875,-4.66942762618469));
#4920=CARTESIAN_POINT('',(-1.66752957678947,-3.875,0.));
#4921=CARTESIAN_POINT('',(-1.66752957678947,-3.875,-4.66942762618469));
#4922=CARTESIAN_POINT('',(-1.76752957678947,-3.775,-4.66942762618469));
#4923=CARTESIAN_POINT('',(-1.66752957678947,-3.875,-4.66942762618469));
#4924=CARTESIAN_POINT('',(-1.76752957678947,-3.775,-4.66942762618469));
#4925=CARTESIAN_POINT('',(-1.76752957678947,-3.775,-5.8965733797152));
#4926=CARTESIAN_POINT('',(-1.66752957678947,-3.875,-5.8965733797152));
#4927=CARTESIAN_POINT('',(-1.66752957678947,-3.875,-5.8965733797152));
#4928=CARTESIAN_POINT('',(-1.66752957678947,-3.875,-5.8965733797152));
#4929=CARTESIAN_POINT('',(0.,-3.875,0.));
#4930=CARTESIAN_POINT('',(-0.734979751812343,-3.875,-4.66942762618469));
#4931=CARTESIAN_POINT('',(-1.76752957678947,-3.875,-5.8965733797152));
#4932=CARTESIAN_POINT('',(1.76752957678947,-3.875,-5.8965733797152));
#4933=CARTESIAN_POINT('',(0.734979751812343,-3.875,-5.8965733797152));
#4934=CARTESIAN_POINT('',(0.734979751812343,-2.875,-5.8965733797152));
#4935=CARTESIAN_POINT('',(1.76752957678947,-2.875,-5.8965733797152));
#4936=CARTESIAN_POINT('',(1.76752957678947,-2.875,-5.8965733797152));
#4937=CARTESIAN_POINT('',(1.76752957678947,-3.875,-5.8965733797152));
#4938=CARTESIAN_POINT('',(1.76752957678947,-3.875,-4.66942762618469));
#4939=CARTESIAN_POINT('',(1.76752957678947,-3.875,-4.66942762618469));
#4940=CARTESIAN_POINT('',(1.76752957678947,-2.875,-4.66942762618469));
#4941=CARTESIAN_POINT('',(1.76752957678947,-2.875,-4.66942762618469));
#4942=CARTESIAN_POINT('',(0.734979751812343,-3.875,-4.66942762618469));
#4943=CARTESIAN_POINT('',(0.734979751812343,-3.875,-4.66942762618469));
#4944=CARTESIAN_POINT('',(0.734979751812343,-2.875,-4.66942762618469));
#4945=CARTESIAN_POINT('',(0.734979751812343,-2.875,-4.66942762618469));
#4946=CARTESIAN_POINT('',(0.734979751812343,-3.875,-5.8965733797152));
#4947=CARTESIAN_POINT('',(0.734979751812343,-2.875,-5.8965733797152));
#4948=CARTESIAN_POINT('',(2.8330300490286,15.4522060948027,-7.));
#4949=CARTESIAN_POINT('',(2.8330300490286,2.875,-7.));
#4950=CARTESIAN_POINT('',(2.8330300490286,2.875,-5.90489910259969));
#4951=CARTESIAN_POINT('',(2.8330300490286,2.875,-7.));
#4952=CARTESIAN_POINT('',(2.8330300490286,15.4522060948027,-7.));
#4953=CARTESIAN_POINT('',(2.8330300490286,-2.875,-7.));
#4954=CARTESIAN_POINT('',(2.8330300490286,-2.875,-7.));
#4955=CARTESIAN_POINT('',(2.8330300490286,-2.875,-5.90489910259969));
#4956=CARTESIAN_POINT('',(2.8330300490286,15.4522060948027,-5.90489910259969));
#4957=CARTESIAN_POINT('',(2.8330300490286,15.4522060948027,-5.90489910259969));
#4958=CARTESIAN_POINT('',(3.7,2.875,-5.90489910259969));
#4959=CARTESIAN_POINT('',(2.25839861632579,2.875,-5.90489910259969));
#4960=CARTESIAN_POINT('',(2.8330300490286,-2.875,-5.90489910259969));
#4961=CARTESIAN_POINT('',(2.25839861632579,-2.875,-5.90489910259969));
#4962=CARTESIAN_POINT('',(2.25839861632579,15.4522060948027,-5.90489910259969));
#4963=CARTESIAN_POINT('',(2.25839861632579,15.4522060948027,-5.90489910259969));
#4964=CARTESIAN_POINT('',(2.25839861632579,2.875,-7.));
#4965=CARTESIAN_POINT('',(2.25839861632579,2.875,-7.));
#4966=CARTESIAN_POINT('',(2.25839861632579,-2.875,-5.90489910259969));
#4967=CARTESIAN_POINT('',(2.25839861632579,-2.875,-7.));
#4968=CARTESIAN_POINT('',(2.25839861632579,15.4522060948027,-7.));
#4969=CARTESIAN_POINT('',(0.,0.,-7.));
#4970=CARTESIAN_POINT('',(3.7,2.875,-7.));
#4971=CARTESIAN_POINT('',(0.227628045284007,2.875,-7.));
#4972=CARTESIAN_POINT('',(-3.7,-2.875,-7.));
#4973=CARTESIAN_POINT('',(0.227628045284007,-2.875,-7.));
#4974=CARTESIAN_POINT('',(0.227628045284007,15.4522060948027,-7.));
#4975=CARTESIAN_POINT('',(0.227628045284007,15.4522060948027,-7.));
#4976=CARTESIAN_POINT('',(0.227628045284007,2.875,-7.));
#4977=CARTESIAN_POINT('',(0.227628045284007,-2.875,-7.));
#4978=CARTESIAN_POINT('',(-2.84273800835962,15.4522060948027,-5.90489910259969));
#4979=CARTESIAN_POINT('',(-2.84273800835962,2.875,-7.));
#4980=CARTESIAN_POINT('',(-2.84273800835962,2.875,-7.));
#4981=CARTESIAN_POINT('',(-2.84273800835962,-2.875,-5.90489910259969));
#4982=CARTESIAN_POINT('',(-2.84273800835962,-2.875,-7.));
#4983=CARTESIAN_POINT('',(-2.84273800835962,15.4522060948027,-7.));
#4984=CARTESIAN_POINT('',(0.,0.,-7.));
#4985=CARTESIAN_POINT('',(3.7,2.875,-7.));
#4986=CARTESIAN_POINT('',(-3.7,2.875,-7.));
#4987=CARTESIAN_POINT('',(-3.7,-2.875,-7.));
#4988=CARTESIAN_POINT('',(-3.7,-2.875,-7.));
#4989=CARTESIAN_POINT('',(-3.7,2.875,-7.));
#4990=CARTESIAN_POINT('',(-0.734979751812343,-3.875,-5.8965733797152));
#4991=CARTESIAN_POINT('',(-0.734979751812343,-3.875,-4.66942762618469));
#4992=CARTESIAN_POINT('',(-0.734979751812343,-2.875,-4.66942762618469));
#4993=CARTESIAN_POINT('',(-0.734979751812343,-3.875,-5.8965733797152));
#4994=CARTESIAN_POINT('',(-0.734979751812343,-2.875,-5.8965733797152));
#4995=CARTESIAN_POINT('',(-0.734979751812343,-2.875,-5.8965733797152));
#4996=CARTESIAN_POINT('',(-0.734979751812343,-3.875,-4.66942762618469));
#4997=CARTESIAN_POINT('',(-1.76752957678947,-3.875,-4.66942762618469));
#4998=CARTESIAN_POINT('',(-1.76752957678947,-2.875,-4.66942762618469));
#4999=CARTESIAN_POINT('',(-0.734979751812343,-2.875,-4.66942762618469));
#5000=CARTESIAN_POINT('',(-1.76752957678947,-3.875,-4.66942762618469));
#5001=CARTESIAN_POINT('',(-1.76752957678947,-3.875,-5.8965733797152));
#5002=CARTESIAN_POINT('',(-1.76752957678947,-2.875,-5.8965733797152));
#5003=CARTESIAN_POINT('',(-1.76752957678947,-2.875,-4.66942762618469));
#5004=CARTESIAN_POINT('',(-1.76752957678947,-3.875,-5.8965733797152));
#5005=CARTESIAN_POINT('',(-1.76752957678947,-2.875,-5.8965733797152));
#5006=CARTESIAN_POINT('',(0.,0.,-7.));
#5007=CARTESIAN_POINT('',(3.7,2.875,-7.));
#5008=CARTESIAN_POINT('',(3.7,2.875,-7.));
#5009=CARTESIAN_POINT('',(3.7,-2.875,-7.));
#5010=CARTESIAN_POINT('',(3.7,-2.875,-7.));
#5011=CARTESIAN_POINT('',(-3.7,-2.875,-7.));
#5012=CARTESIAN_POINT('',(-3.7,2.875,-7.));
#5013=CARTESIAN_POINT('',(-3.7,-2.03150081340856,-7.));
#5014=CARTESIAN_POINT('',(-3.7,-2.03150081340857,-2.24150535684196));
#5015=CARTESIAN_POINT('',(-3.7,-2.03150081340857,0.));
#5016=CARTESIAN_POINT('',(-3.7,-1.12383227461745,-2.24150535684196));
#5017=CARTESIAN_POINT('',(-3.7,-1.12383227461745,-3.14917389563308));
#5018=CARTESIAN_POINT('',(-3.7,2.875,-3.14917389563308));
#5019=CARTESIAN_POINT('',(-3.7,-1.05421876207878,-3.14917389563308));
#5020=CARTESIAN_POINT('',(-3.7,-1.05421876207878,-7.));
#5021=CARTESIAN_POINT('',(-3.7,-1.05421876207878,-0.876389844716853));
#5022=CARTESIAN_POINT('',(-3.7,2.875,-0.876389844716853));
#5023=CARTESIAN_POINT('',(-3.7,1.75561983309166,-0.876389844716853));
#5024=CARTESIAN_POINT('',(-3.7,1.75561983309166,-0.698984608105227));
#5025=CARTESIAN_POINT('',(-3.7,1.91252473432469,-0.78177029494951));
#5026=CARTESIAN_POINT('',(-3.7,-0.444294620399467,-5.2486838662854));
#5027=CARTESIAN_POINT('',(-3.7,2.325,0.));
#5028=CARTESIAN_POINT('',(-3.7,2.875,0.));
#5029=CARTESIAN_POINT('',(-3.7,2.875,0.));
#5030=CARTESIAN_POINT('',(-3.7,2.875,-7.));
#5031=CARTESIAN_POINT('',(-3.7,-2.875,-7.));
#5032=CARTESIAN_POINT('',(-3.7,-2.875,0.));
#5033=CARTESIAN_POINT('',(-3.7,2.875,0.));
#5034=CARTESIAN_POINT('',(3.7,2.875,-7.));
#5035=CARTESIAN_POINT('',(3.7,2.875,0.));
#5036=CARTESIAN_POINT('',(3.7,2.875,0.));
#5037=CARTESIAN_POINT('',(3.7,2.875,-7.));
#5038=CARTESIAN_POINT('',(-3.7,-2.875,-7.));
#5039=CARTESIAN_POINT('',(-3.7,-2.875,0.));
#5040=CARTESIAN_POINT('',(2.17375384143802,-2.875,0.));
#5041=CARTESIAN_POINT('',(3.7,-2.875,0.));
#5042=CARTESIAN_POINT('',(2.17375384143802,-2.875,0.));
#5043=CARTESIAN_POINT('',(1.61788705358866,-2.875,-0.482018592421411));
#5044=CARTESIAN_POINT('',(1.75799690356853,-2.875,-0.64359412805194));
#5045=CARTESIAN_POINT('',(1.73194165671223,-2.875,-0.855864116243701));
#5046=CARTESIAN_POINT('',(1.73194165671223,-2.875,-0.855864116243701));
#5047=CARTESIAN_POINT('',(1.73194165671223,-2.875,-2.31975687435065));
#5048=CARTESIAN_POINT('',(0.690784452434333,-2.875,-2.31975687435065));
#5049=CARTESIAN_POINT('',(1.71220835409974,-2.875,-2.52150309395932));
#5050=CARTESIAN_POINT('',(-3.14168506026854,-2.875,-1.5627878679542));
#5051=CARTESIAN_POINT('',(0.764366092605816,-2.875,-4.59959220043114));
#5052=CARTESIAN_POINT('',(0.633175487100633,-2.875,-4.4975965573671));
#5053=CARTESIAN_POINT('',(0.633175487100633,-2.875,-4.66377142362811));
#5054=CARTESIAN_POINT('',(0.,-2.875,-4.66377142362811));
#5055=CARTESIAN_POINT('',(-0.633175487100633,-2.875,-4.66377142362811));
#5056=CARTESIAN_POINT('',(-0.633175487100633,-2.875,-4.4975965573671));
#5057=CARTESIAN_POINT('',(-0.764366092605816,-2.875,-4.59959220043113));
#5058=CARTESIAN_POINT('',(3.14168506026854,-2.875,-1.5627878679542));
#5059=CARTESIAN_POINT('',(-1.71220835409974,-2.875,-2.5215030939593));
#5060=CARTESIAN_POINT('',(-0.690784452434333,-2.875,-2.31975687435065));
#5061=CARTESIAN_POINT('',(-1.73194165671223,-2.875,-2.31975687435065));
#5062=CARTESIAN_POINT('',(-1.73194165671223,-2.875,-0.855864116243701));
#5063=CARTESIAN_POINT('',(-1.73194165671223,-2.875,-0.855864116243701));
#5064=CARTESIAN_POINT('',(-1.75799690356853,-2.875,-0.64359412805194));
#5065=CARTESIAN_POINT('',(-1.61788705358866,-2.875,-0.482018592421411));
#5066=CARTESIAN_POINT('',(-2.17375384143802,-2.875,0.));
#5067=CARTESIAN_POINT('',(-2.17375384143802,-2.875,0.));
#5068=CARTESIAN_POINT('',(-3.7,-2.875,0.));
#5069=CARTESIAN_POINT('',(3.7,-2.875,-7.));
#5070=CARTESIAN_POINT('',(3.7,-2.875,-7.));
#5071=CARTESIAN_POINT('',(3.7,-2.03150081340856,-7.));
#5072=CARTESIAN_POINT('',(3.7,-2.03150081340857,0.));
#5073=CARTESIAN_POINT('',(3.7,-2.03150081340857,-2.24150535684196));
#5074=CARTESIAN_POINT('',(3.7,-2.875,0.));
#5075=CARTESIAN_POINT('',(3.7,-2.875,0.));
#5076=CARTESIAN_POINT('',(3.7,2.325,0.));
#5077=CARTESIAN_POINT('',(3.7,-1.69641327858108,-7.62184234189924));
#5078=CARTESIAN_POINT('',(3.7,1.91252473432469,-0.78177029494951));
#5079=CARTESIAN_POINT('',(3.7,1.75561983309166,-0.698984608105227));
#5080=CARTESIAN_POINT('',(3.7,1.75561983309166,-0.876389844716853));
#5081=CARTESIAN_POINT('',(3.7,-2.875,-0.876389844716853));
#5082=CARTESIAN_POINT('',(3.7,-1.05421876207878,-0.876389844716853));
#5083=CARTESIAN_POINT('',(3.7,-1.05421876207878,-7.));
#5084=CARTESIAN_POINT('',(3.7,-1.05421876207878,-3.14917389563308));
#5085=CARTESIAN_POINT('',(3.7,-2.875,-3.14917389563308));
#5086=CARTESIAN_POINT('',(3.7,-1.12383227461745,-3.14917389563308));
#5087=CARTESIAN_POINT('',(3.7,-1.12383227461745,-2.24150535684196));
#5088=CARTESIAN_POINT('',(2.17375384143802,-2.01304105391963,0.));
#5089=CARTESIAN_POINT('',(-2.7231105016722,-2.325,-4.24630452752335));
#5090=CARTESIAN_POINT('',(2.17375384143802,-2.325,0.));
#5091=CARTESIAN_POINT('',(1.61788705358866,-2.325,-0.482018592421411));
#5092=CARTESIAN_POINT('',(1.61788705358866,-2.01304105391963,-0.482018592421411));
#5093=CARTESIAN_POINT('',(2.17375384143802,-2.01304105391963,0.));
#5094=CARTESIAN_POINT('',(1.75799690356853,-2.01304105391963,-0.64359412805194));
#5095=CARTESIAN_POINT('',(1.75799690356853,-2.325,-0.64359412805194));
#5096=CARTESIAN_POINT('',(1.73194165671223,-2.325,-0.855864116243701));
#5097=CARTESIAN_POINT('',(1.73194165671223,-2.01304105391963,-0.855864116243701));
#5098=CARTESIAN_POINT('',(1.73194165671223,-2.01304105391963,-0.855864116243701));
#5099=CARTESIAN_POINT('',(1.73194165671223,-2.325,-3.75401294804286));
#5100=CARTESIAN_POINT('',(1.73194165671223,-2.325,-2.31975687435065));
#5101=CARTESIAN_POINT('',(1.73194165671223,-2.01304105391963,-2.31975687435065));
#5102=CARTESIAN_POINT('',(0.690784452434333,-2.01304105391963,-2.31975687435065));
#5103=CARTESIAN_POINT('',(0.690784452434333,-2.325,-2.31975687435065));
#5104=CARTESIAN_POINT('',(1.71220835409974,-2.325,-2.52150309395932));
#5105=CARTESIAN_POINT('',(1.71220835409974,-2.01304105391963,-2.52150309395932));
#5106=CARTESIAN_POINT('',(-3.14168506026854,-2.01304105391963,-1.5627878679542));
#5107=CARTESIAN_POINT('',(-3.14168506026854,-2.325,-1.5627878679542));
#5108=CARTESIAN_POINT('',(0.764366092605816,-2.325,-4.59959220043114));
#5109=CARTESIAN_POINT('',(0.764366092605816,-2.01304105391963,-4.59959220043114));
#5110=CARTESIAN_POINT('',(0.633175487100633,-2.01304105391963,-4.4975965573671));
#5111=CARTESIAN_POINT('',(0.633175487100633,-2.325,-4.4975965573671));
#5112=CARTESIAN_POINT('',(0.633175487100633,-2.325,-4.66377142362811));
#5113=CARTESIAN_POINT('',(0.633175487100633,-2.01304105391963,-4.66377142362811));
#5114=CARTESIAN_POINT('',(0.,-2.01304105391963,-4.66377142362811));
#5115=CARTESIAN_POINT('',(-3.15,-2.325,-4.66377142362811));
#5116=CARTESIAN_POINT('',(-0.633175487100633,-2.325,-4.66377142362811));
#5117=CARTESIAN_POINT('',(-0.633175487100633,-2.01304105391963,-4.66377142362811));
#5118=CARTESIAN_POINT('',(-0.633175487100633,-2.01304105391963,-4.4975965573671));
#5119=CARTESIAN_POINT('',(-0.633175487100633,-2.325,-4.4975965573671));
#5120=CARTESIAN_POINT('',(-0.764366092605816,-2.325,-4.59959220043113));
#5121=CARTESIAN_POINT('',(-0.764366092605816,-2.01304105391963,-4.59959220043113));
#5122=CARTESIAN_POINT('',(3.14168506026854,-2.01304105391963,-1.5627878679542));
#5123=CARTESIAN_POINT('',(3.14168506026854,-2.325,-1.5627878679542));
#5124=CARTESIAN_POINT('',(-1.71220835409974,-2.325,-2.5215030939593));
#5125=CARTESIAN_POINT('',(-1.71220835409974,-2.01304105391963,-2.5215030939593));
#5126=CARTESIAN_POINT('',(-0.690784452434333,-2.01304105391963,-2.31975687435065));
#5127=CARTESIAN_POINT('',(-0.690784452434333,-2.325,-2.31975687435065));
#5128=CARTESIAN_POINT('',(-1.73194165671223,-2.325,-2.31975687435065));
#5129=CARTESIAN_POINT('',(-1.73194165671223,-2.01304105391963,-2.31975687435065));
#5130=CARTESIAN_POINT('',(-1.73194165671223,-2.01304105391963,-0.855864116243701));
#5131=CARTESIAN_POINT('',(-1.73194165671223,-2.325,-3.75401294804286));
#5132=CARTESIAN_POINT('',(-1.73194165671223,-2.325,-0.855864116243701));
#5133=CARTESIAN_POINT('',(-1.73194165671223,-2.01304105391963,-0.855864116243701));
#5134=CARTESIAN_POINT('',(-1.75799690356853,-2.01304105391963,-0.64359412805194));
#5135=CARTESIAN_POINT('',(-1.75799690356853,-2.325,-0.64359412805194));
#5136=CARTESIAN_POINT('',(-1.61788705358866,-2.325,-0.482018592421411));
#5137=CARTESIAN_POINT('',(-1.61788705358866,-2.01304105391963,-0.482018592421411));
#5138=CARTESIAN_POINT('',(-2.17375384143802,-2.01304105391963,0.));
#5139=CARTESIAN_POINT('',(-0.872892613997873,-2.325,-1.12803878823611));
#5140=CARTESIAN_POINT('',(-2.17375384143802,-2.325,0.));
#5141=CARTESIAN_POINT('',(-2.17375384143802,-2.01304105391963,0.));
#5142=CARTESIAN_POINT('',(12.8854299324436,-2.03150081340857,-2.24150535684196));
#5143=CARTESIAN_POINT('',(12.8854299324436,-2.03150081340857,0.));
#5144=CARTESIAN_POINT('',(-3.15,-2.03150081340857,0.));
#5145=CARTESIAN_POINT('',(-3.15,-2.03150081340857,-2.24150535684196));
#5146=CARTESIAN_POINT('',(-3.15,-2.03150081340857,-2.24150535684196));
#5147=CARTESIAN_POINT('',(12.8854299324436,-2.03150081340857,-2.24150535684196));
#5148=CARTESIAN_POINT('',(12.8854299324436,-1.12383227461745,-2.24150535684196));
#5149=CARTESIAN_POINT('',(-3.15,-1.12383227461745,-2.24150535684196));
#5150=CARTESIAN_POINT('',(-3.15,-1.12383227461745,-3.14917389563308));
#5151=CARTESIAN_POINT('',(12.8854299324436,-1.12383227461745,-3.14917389563308));
#5152=CARTESIAN_POINT('',(12.8854299324436,-1.05421876207878,-3.14917389563308));
#5153=CARTESIAN_POINT('',(-3.15,-1.05421876207878,-3.14917389563308));
#5154=CARTESIAN_POINT('',(-3.15,-1.05421876207878,-3.14917389563308));
#5155=CARTESIAN_POINT('',(12.8854299324436,-1.05421876207878,-3.14917389563308));
#5156=CARTESIAN_POINT('',(12.8854299324436,-1.05421876207878,-0.876389844716853));
#5157=CARTESIAN_POINT('',(-3.15,-1.05421876207878,-0.876389844716853));
#5158=CARTESIAN_POINT('',(-3.15,-1.05421876207877,-0.876389844716853));
#5159=CARTESIAN_POINT('',(12.8854299324436,-1.05421876207878,-0.876389844716853));
#5160=CARTESIAN_POINT('',(12.8854299324436,1.75561983309166,-0.876389844716853));
#5161=CARTESIAN_POINT('',(-3.15,1.75561983309165,-0.876389844716853));
#5162=CARTESIAN_POINT('',(-3.15,1.75561983309166,-0.876389844716853));
#5163=CARTESIAN_POINT('',(12.8854299324436,1.75561983309166,-0.876389844716853));
#5164=CARTESIAN_POINT('',(12.8854299324436,1.75561983309166,-0.698984608105227));
#5165=CARTESIAN_POINT('',(-3.15,1.75561983309166,-0.698984608105227));
#5166=CARTESIAN_POINT('',(-3.15,1.91252473432469,-0.78177029494951));
#5167=CARTESIAN_POINT('',(12.8854299324436,1.91252473432469,-0.78177029494951));
#5168=CARTESIAN_POINT('',(12.8854299324436,2.325,0.));
#5169=CARTESIAN_POINT('',(-3.15,2.325,-2.46897565339133E-15));
#5170=CARTESIAN_POINT('',(-3.15,2.325,0.));
#5171=CARTESIAN_POINT('',(12.8854299324436,2.325,0.));
#5172=CARTESIAN_POINT('',(0.,0.,0.));
#5173=CARTESIAN_POINT('',(-3.15,-2.325,0.));
#5174=CARTESIAN_POINT('',(-3.15,-2.325,0.));
#5175=CARTESIAN_POINT('',(-3.15,2.325,0.));
#5176=CARTESIAN_POINT('',(0.,0.,0.));
#5177=CARTESIAN_POINT('',(12.8854299324436,2.325,0.));
#5178=CARTESIAN_POINT('',(3.15,2.325,0.));
#5179=CARTESIAN_POINT('',(3.15,2.325,0.));
#5180=CARTESIAN_POINT('',(12.8854299324436,-2.03150081340857,-2.24150535684196));
#5181=CARTESIAN_POINT('',(12.8854299324436,-2.03150081340857,-2.24150535684196));
#5182=CARTESIAN_POINT('',(3.15,-2.03150081340857,-2.24150535684196));
#5183=CARTESIAN_POINT('',(3.15,-2.03150081340857,-2.24150535684196));
#5184=CARTESIAN_POINT('',(3.15,-2.03150081340857,0.));
#5185=CARTESIAN_POINT('',(12.8854299324436,-2.03150081340857,0.));
#5186=CARTESIAN_POINT('',(0.,0.,0.));
#5187=CARTESIAN_POINT('',(-3.15,-2.325,0.));
#5188=CARTESIAN_POINT('',(3.15,-2.325,0.));
#5189=CARTESIAN_POINT('',(3.15,-2.325,0.));
#5190=CARTESIAN_POINT('',(12.8854299324436,2.325,0.));
#5191=CARTESIAN_POINT('',(3.15,2.325,0.));
#5192=CARTESIAN_POINT('',(3.15,1.91252473432469,-0.78177029494951));
#5193=CARTESIAN_POINT('',(12.8854299324436,1.91252473432469,-0.78177029494951));
#5194=CARTESIAN_POINT('',(12.8854299324436,1.75561983309166,-0.698984608105227));
#5195=CARTESIAN_POINT('',(3.15,1.75561983309166,-0.698984608105227));
#5196=CARTESIAN_POINT('',(3.15,1.75561983309166,-0.876389844716853));
#5197=CARTESIAN_POINT('',(12.8854299324436,1.75561983309166,-0.876389844716853));
#5198=CARTESIAN_POINT('',(12.8854299324436,1.75561983309166,-0.876389844716853));
#5199=CARTESIAN_POINT('',(3.15,1.75561983309166,-0.876389844716853));
#5200=CARTESIAN_POINT('',(3.15,-1.05421876207877,-0.876389844716853));
#5201=CARTESIAN_POINT('',(12.8854299324436,-1.05421876207878,-0.876389844716853));
#5202=CARTESIAN_POINT('',(12.8854299324436,-1.05421876207878,-0.876389844716853));
#5203=CARTESIAN_POINT('',(3.15,-1.05421876207878,-0.876389844716853));
#5204=CARTESIAN_POINT('',(3.15,-1.05421876207878,-3.14917389563308));
#5205=CARTESIAN_POINT('',(12.8854299324436,-1.05421876207878,-3.14917389563308));
#5206=CARTESIAN_POINT('',(12.8854299324436,-1.05421876207878,-3.14917389563308));
#5207=CARTESIAN_POINT('',(3.15,-1.05421876207878,-3.14917389563308));
#5208=CARTESIAN_POINT('',(3.15,-1.12383227461745,-3.14917389563308));
#5209=CARTESIAN_POINT('',(12.8854299324436,-1.12383227461745,-3.14917389563308));
#5210=CARTESIAN_POINT('',(12.8854299324436,-1.12383227461745,-2.24150535684196));
#5211=CARTESIAN_POINT('',(3.15,-1.12383227461745,-2.24150535684196));
#5212=CARTESIAN_POINT('',(0.,0.0808677042909433,-0.211256134418027));
#5213=CARTESIAN_POINT('',(1.1835,0.0808677042909435,-0.211256134418027));
#5214=CARTESIAN_POINT('',(1.1835,-0.394581536889972,-0.211256134418027));
#5215=CARTESIAN_POINT('',(1.1835,-0.527581536889974,-0.211256134418027));
#5216=CARTESIAN_POINT('',(1.03075310802423E-16,-0.527581536889974,-0.211256134418027));
#5217=CARTESIAN_POINT('',(1.3165,-0.527581536889974,-0.211256134418027));
#5218=CARTESIAN_POINT('',(1.3165,0.0808677042909433,-0.211256134418027));
#5219=CARTESIAN_POINT('',(1.3165,-0.394581536889972,-0.211256134418027));
#5220=CARTESIAN_POINT('',(2.01360586013646E-17,-0.394581536889972,-0.211256134418027));
#5221=CARTESIAN_POINT('',(-3.15,-2.325,-3.75401294804286));
#5222=CARTESIAN_POINT('',(3.15,-2.325,-3.75401294804286));
#5223=CARTESIAN_POINT('',(-3.15,-2.325,-3.75401294804286));
#5224=CARTESIAN_POINT('',(-3.15,2.325,-3.75401294804286));
#5225=CARTESIAN_POINT('',(-3.15,2.325,-3.75401294804286));
#5226=CARTESIAN_POINT('',(3.15,2.325,-3.75401294804286));
#5227=CARTESIAN_POINT('',(3.15,2.325,-3.75401294804286));
#5228=CARTESIAN_POINT('',(3.15,-2.325,-3.75401294804286));
#5229=CARTESIAN_POINT('',(1.57,-0.781081536889973,-10.4));
#5230=CARTESIAN_POINT('',(1.57,-0.141081536889973,-10.4));
#5231=CARTESIAN_POINT('',(1.57,-0.141081536889973,-0.464756134418027));
#5232=CARTESIAN_POINT('',(1.57,-0.781081536889973,-0.464756134418027));
#5233=CARTESIAN_POINT('',(1.57,-0.781081536889973,-0.464756134418027));
#5234=CARTESIAN_POINT('',(1.57,-0.781081536889973,-10.4));
#5235=CARTESIAN_POINT('',(1.57,-0.141081536889973,-10.4));
#5236=CARTESIAN_POINT('',(0.93,-0.141081536889973,-10.4));
#5237=CARTESIAN_POINT('',(0.93,-0.141081536889973,-0.464756134418027));
#5238=CARTESIAN_POINT('',(1.57,-0.141081536889973,-0.464756134418027));
#5239=CARTESIAN_POINT('',(0.93,-0.141081536889973,-10.4));
#5240=CARTESIAN_POINT('',(0.93,-0.781081536889973,-10.4));
#5241=CARTESIAN_POINT('',(0.93,-0.781081536889973,-0.464756134418027));
#5242=CARTESIAN_POINT('',(0.93,-0.141081536889973,-0.464756134418027));
#5243=CARTESIAN_POINT('',(0.93,-0.781081536889973,-10.4));
#5244=CARTESIAN_POINT('',(0.93,-0.781081536889973,-0.464756134418027));
#5245=CARTESIAN_POINT('',(-1.27512990777884E-17,-0.301081536889973,8.50708984542292E-19));
#5246=CARTESIAN_POINT('',(1.05334277549084,-0.301081536889973,-9.16667502655068));
#5247=CARTESIAN_POINT('',(1.77,-0.301081536889973,-9.16667502655068));
#5248=CARTESIAN_POINT('',(1.12534277549084,-0.301081536889973,-9.16667502655068));
#5249=CARTESIAN_POINT('',(1.12534277549085,-0.301081536889973,-2.70243019501622E-16));
#5250=CARTESIAN_POINT('',(1.12534277549084,-0.301081536889973,-7.61865808061689));
#5251=CARTESIAN_POINT('',(1.57,-0.301081536889973,-7.61865808061689));
#5252=CARTESIAN_POINT('',(1.77,-0.301081536889973,-7.61865808061689));
#5253=CARTESIAN_POINT('',(1.77,-0.301081536889973,-9.16667502655068));
#5254=CARTESIAN_POINT('',(1.05334277549084,-0.301081536889973,-9.39294919653037));
#5255=CARTESIAN_POINT('',(1.05334277549084,-0.0610815368899743,-7.61865808061689));
#5256=CARTESIAN_POINT('',(1.05334277549084,-0.229081536889973,-7.61865808061689));
#5257=CARTESIAN_POINT('',(1.05334277549084,-0.229081536889973,-9.39294919653037));
#5258=CARTESIAN_POINT('',(1.05334277549084,-0.229081536889973,-9.16667502655068));
#5259=CARTESIAN_POINT('',(1.05334277549084,-0.0610815368899744,-9.16667502655068));
#5260=CARTESIAN_POINT('',(1.05215304935429E-16,-0.621081536889973,0.));
#5261=CARTESIAN_POINT('',(1.05334277549084,-0.621081536889973,-7.61865808061689));
#5262=CARTESIAN_POINT('',(1.77,-0.621081536889973,-7.61865808061689));
#5263=CARTESIAN_POINT('',(1.12534277549084,-0.621081536889973,-7.61865808061689));
#5264=CARTESIAN_POINT('',(1.12534277549084,-0.621081536889973,0.));
#5265=CARTESIAN_POINT('',(1.12534277549084,-0.621081536889973,-9.16667502655068));
#5266=CARTESIAN_POINT('',(1.57,-0.621081536889973,-9.16667502655068));
#5267=CARTESIAN_POINT('',(1.77,-0.621081536889973,-9.16667502655068));
#5268=CARTESIAN_POINT('',(1.77,-0.621081536889973,-7.61865808061689));
#5269=CARTESIAN_POINT('',(1.05334277549084,-0.621081536889973,-7.3923839106372));
#5270=CARTESIAN_POINT('',(1.05334277549084,-0.861081536889972,-9.16667502655068));
#5271=CARTESIAN_POINT('',(1.05334277549084,-0.693081536889973,-9.16667502655068));
#5272=CARTESIAN_POINT('',(1.05334277549084,-0.693081536889973,-7.3923839106372));
#5273=CARTESIAN_POINT('',(1.05334277549084,-0.693081536889973,-7.61865808061689));
#5274=CARTESIAN_POINT('',(1.05334277549084,-0.861081536889972,-7.61865808061689));
#5275=CARTESIAN_POINT('',(1.57,-0.861081536889972,-7.61865808061689));
#5276=CARTESIAN_POINT('',(1.77,-0.861081536889972,-7.61865808061689));
#5277=CARTESIAN_POINT('',(1.77,-0.621085921933673,-7.61720728712806));
#5278=CARTESIAN_POINT('',(1.77,-0.621085921933673,-7.61720728712806));
#5279=CARTESIAN_POINT('',(1.77,-0.621201549634796,-7.59807972593437));
#5280=CARTESIAN_POINT('',(1.76226305841836,-0.623878455737445,-7.57964696905554));
#5281=CARTESIAN_POINT('',(1.74891168824544,-0.626863325585582,-7.56629559888262));
#5282=CARTESIAN_POINT('',(1.74891168824543,-0.626863325585581,-7.56629559888263));
#5283=CARTESIAN_POINT('',(1.8012741699797,-0.861081536889972,-7.61865808061689));
#5284=CARTESIAN_POINT('',(1.575,-0.781081536889973,-7.3923839106372));
#5285=CARTESIAN_POINT('',(1.77,-0.781081536889973,-7.3923839106372));
#5286=CARTESIAN_POINT('',(1.12534277549084,-0.861081536889972,-7.61865808061689));
#5287=CARTESIAN_POINT('',(1.57,-0.0610815368899743,-7.61865808061689));
#5288=CARTESIAN_POINT('',(1.8012741699797,-0.0610815368899743,-7.61865808061689));
#5289=CARTESIAN_POINT('',(1.575,-0.141081536889973,-7.3923839106372));
#5290=CARTESIAN_POINT('',(1.74891168824543,-0.295299748194365,-7.56629559888263));
#5291=CARTESIAN_POINT('',(1.74891168824543,-0.295299748194365,-7.56629559888263));
#5292=CARTESIAN_POINT('',(1.76226859995464,-0.298285856923931,-7.57965251059184));
#5293=CARTESIAN_POINT('',(1.77,-0.300961470796944,-7.59807090087723));
#5294=CARTESIAN_POINT('',(1.77,-0.301077151846273,-7.61720728712806));
#5295=CARTESIAN_POINT('',(1.77,-0.301077151846273,-7.61720728712806));
#5296=CARTESIAN_POINT('',(1.77,-0.0610815368899744,-7.61865808061689));
#5297=CARTESIAN_POINT('',(1.12534277549084,-0.0610815368899743,-7.61865808061689));
#5298=CARTESIAN_POINT('',(1.77,-0.141081536889973,-7.3923839106372));
#5299=CARTESIAN_POINT('',(1.57,-0.0610815368899743,-9.16667502655068));
#5300=CARTESIAN_POINT('',(1.77,-0.0610815368899744,-9.16667502655068));
#5301=CARTESIAN_POINT('',(1.77,-0.301077151846273,-9.16812582003951));
#5302=CARTESIAN_POINT('',(1.77,-0.301077151846273,-9.16812582003951));
#5303=CARTESIAN_POINT('',(1.77,-0.30096152414515,-9.1872533812332));
#5304=CARTESIAN_POINT('',(1.76226305841836,-0.298284618042501,-9.20568613811203));
#5305=CARTESIAN_POINT('',(1.74891168824544,-0.295299748194364,-9.21903750828495));
#5306=CARTESIAN_POINT('',(1.74891168824543,-0.295299748194365,-9.21903750828494));
#5307=CARTESIAN_POINT('',(1.80127416997969,-0.0610815368899743,-9.16667502655068));
#5308=CARTESIAN_POINT('',(1.575,-0.141081536889973,-9.39294919653037));
#5309=CARTESIAN_POINT('',(1.77,-0.141081536889973,-9.39294919653037));
#5310=CARTESIAN_POINT('',(1.12534277549084,-0.0610815368899744,-9.16667502655068));
#5311=CARTESIAN_POINT('',(1.57,-0.861081536889972,-9.16667502655068));
#5312=CARTESIAN_POINT('',(1.80127416997969,-0.861081536889972,-9.16667502655068));
#5313=CARTESIAN_POINT('',(1.575,-0.781081536889972,-9.39294919653037));
#5314=CARTESIAN_POINT('',(1.74891168824543,-0.626863325585581,-9.21903750828494));
#5315=CARTESIAN_POINT('',(1.74891168824543,-0.626863325585581,-9.21903750828494));
#5316=CARTESIAN_POINT('',(1.76226859995464,-0.623877216856014,-9.20568059657574));
#5317=CARTESIAN_POINT('',(1.77,-0.621201602983001,-9.18726220629034));
#5318=CARTESIAN_POINT('',(1.77,-0.621085921933673,-9.16812582003951));
#5319=CARTESIAN_POINT('',(1.77,-0.621085921933673,-9.16812582003951));
#5320=CARTESIAN_POINT('',(1.77,-0.861081536889972,-9.16667502655068));
#5321=CARTESIAN_POINT('',(1.12534277549084,-0.861081536889972,-9.16667502655068));
#5322=CARTESIAN_POINT('',(1.77,-0.781081536889972,-9.39294919653037));
#5323=CARTESIAN_POINT('',(1.12534277549084,-0.0610815368899744,-9.16667502655068));
#5324=CARTESIAN_POINT('',(1.12534277549084,-0.229081536889973,-9.16667502655068));
#5325=CARTESIAN_POINT('',(1.12534277549085,-0.229081536889973,-2.70677173028988E-16));
#5326=CARTESIAN_POINT('',(1.12534277549084,-0.229081536889973,-7.61865808061689));
#5327=CARTESIAN_POINT('',(1.12534277549084,-0.0610815368899743,-7.61865808061689));
#5328=CARTESIAN_POINT('',(1.12534277549084,-0.861081536889972,-7.61865808061689));
#5329=CARTESIAN_POINT('',(1.12534277549084,-0.693081536889973,-7.61865808061689));
#5330=CARTESIAN_POINT('',(1.12534277549084,-0.693081536889973,0.));
#5331=CARTESIAN_POINT('',(1.12534277549084,-0.693081536889973,-9.16667502655068));
#5332=CARTESIAN_POINT('',(1.12534277549084,-0.861081536889972,-9.16667502655068));
#5333=CARTESIAN_POINT('',(1.77,-0.781081536889973,-7.3923839106372));
#5334=CARTESIAN_POINT('',(1.575,-0.781081536889973,-7.3923839106372));
#5335=CARTESIAN_POINT('',(1.77,-0.781081536889973,-9.39294919653037));
#5336=CARTESIAN_POINT('',(1.575,-0.781081536889973,-9.39294919653037));
#5337=CARTESIAN_POINT('',(1.77,-0.0610815368899744,-9.16667502655068));
#5338=CARTESIAN_POINT('',(1.77,-0.623127914744646,-7.61720728712806));
#5339=CARTESIAN_POINT('',(1.77,-0.2990351590353,-9.16812582003951));
#5340=CARTESIAN_POINT('',(1.77,-0.0610815368899744,-9.19794919653037));
#5341=CARTESIAN_POINT('',(1.74891168824543,-0.623127914744646,-9.21903750828494));
#5342=CARTESIAN_POINT('',(1.77,-0.0610815368899744,-7.5873839106372));
#5343=CARTESIAN_POINT('',(1.74891168824543,-0.2990351590353,-7.56629559888263));
#5344=CARTESIAN_POINT('',(1.698,-0.0610815368899744,-7.61720728712806));
#5345=CARTESIAN_POINT('',(1.698,-0.0610815368899744,-9.16812582003951));
#5346=CARTESIAN_POINT('',(2.01360586013646E-17,-0.394581536889972,-0.211256134418027));
#5347=CARTESIAN_POINT('',(1.47498308039364,-0.236098456496334,-0.369739214811665));
#5348=CARTESIAN_POINT('',(0.789000000000001,-8.15368899740221E-5,-0.605756134418027));
#5349=CARTESIAN_POINT('',(1.1835,0.0808677042909435,-0.211256134418027));
#5350=CARTESIAN_POINT('',(1.38631641372697,-0.324765123163002,-0.00843972069105369));
#5351=CARTESIAN_POINT('',(1.3165,0.0808677042909433,-0.211256134418027));
#5352=CARTESIAN_POINT('',(1.11368358627303,-0.324765123163002,-0.00843972069105382));
#5353=CARTESIAN_POINT('',(1.03075310802423E-16,-0.527581536889974,-0.211256134418027));
#5354=CARTESIAN_POINT('',(1.57,-0.141081536889973,-10.1465));
#5355=CARTESIAN_POINT('',(1.35666666666667,-0.354414870223307,-10.3598333333333));
#5356=CARTESIAN_POINT('',(1.14333333333333,-0.354414870223307,-10.3598333333333));
#5357=CARTESIAN_POINT('',(0.93,-0.141081536889973,-10.1465));
#5358=CARTESIAN_POINT('',(1.14333333333333,-0.567748203556639,-10.3598333333333));
#5359=CARTESIAN_POINT('',(1.57,-0.781081536889973,-10.1465));
#5360=CARTESIAN_POINT('',(1.57,-0.781081536889973,-10.1465));
#5361=CARTESIAN_POINT('',(0.93,-0.781081536889973,-10.1465));
#5362=CARTESIAN_POINT('',(-0.249679587653682,-1.,-6.62135169404841));
#5363=CARTESIAN_POINT('',(-0.249679587653682,-0.461081536889973,-6.62135169404841));
#5364=CARTESIAN_POINT('',(-0.249679587653682,-0.461081536889973,-6.62135169404841));
#5365=CARTESIAN_POINT('',(-0.93,-0.461081536889973,-6.62135169404841));
#5366=CARTESIAN_POINT('',(-0.249679587653682,-1.,-6.62135169404841));
#5367=CARTESIAN_POINT('',(-0.249679587653682,-1.46108153688997,-6.62135169404841));
#5368=CARTESIAN_POINT('',(-0.249679587653682,-1.46108153688997,-6.62135169404841));
#5369=CARTESIAN_POINT('',(-2.25032041234632,-1.46108153688997,-6.62135169404841));
#5370=CARTESIAN_POINT('',(-2.25032041234632,-1.,-6.62135169404841));
#5371=CARTESIAN_POINT('',(-2.25032041234632,-0.461081536889973,-6.62135169404841));
#5372=CARTESIAN_POINT('',(-0.249679587653682,-0.461081536889973,-6.62135169404841));
#5373=CARTESIAN_POINT('',(-1.57,-0.461081536889973,-6.62135169404841));
#5374=CARTESIAN_POINT('',(-1.57,-0.781081536889973,-6.62135169404841));
#5375=CARTESIAN_POINT('',(-1.57,-0.781081536889973,-6.62135169404841));
#5376=CARTESIAN_POINT('',(-0.93,-0.781081536889973,-6.62135169404841));
#5377=CARTESIAN_POINT('',(-0.93,-0.781081536889973,-6.62135169404841));
#5378=CARTESIAN_POINT('',(-0.93,-0.141081536889973,-6.62135169404841));
#5379=CARTESIAN_POINT('',(-0.249679587653682,-1.,-5.18844651115098));
#5380=CARTESIAN_POINT('',(-0.249679587653682,-0.461081536889973,-6.979891424968));
#5381=CARTESIAN_POINT('',(-0.249679587653682,-0.461081536889973,-6.979891424968));
#5382=CARTESIAN_POINT('',(-0.249679587653682,0.538918463110027,-6.979891424968));
#5383=CARTESIAN_POINT('',(-0.249679587653682,0.538918463110027,-6.979891424968));
#5384=CARTESIAN_POINT('',(-0.249679587653682,0.538918463110027,-5.18844651115098));
#5385=CARTESIAN_POINT('',(-0.249679587653682,-1.46108153688997,-5.18844651115098));
#5386=CARTESIAN_POINT('',(-2.25032041234632,-1.,-6.62135169404841));
#5387=CARTESIAN_POINT('',(-2.25032041234632,0.538918463110027,-6.62135169404841));
#5388=CARTESIAN_POINT('',(-2.25032041234632,0.538918463110027,-6.979891424968));
#5389=CARTESIAN_POINT('',(-2.25032041234632,0.538918463110027,-6.979891424968));
#5390=CARTESIAN_POINT('',(-2.25032041234632,-0.461081536889973,-6.979891424968));
#5391=CARTESIAN_POINT('',(-2.25032041234632,-0.461081536889973,-6.26281196312881));
#5392=CARTESIAN_POINT('',(-2.25032041234632,-1.46108153688997,-6.62135169404841));
#5393=CARTESIAN_POINT('',(0.,-1.46108153688997,0.));
#5394=CARTESIAN_POINT('',(0.,0.538918463110027,0.));
#5395=CARTESIAN_POINT('',(-2.25032041234632,0.538918463110027,-6.979891424968));
#5396=CARTESIAN_POINT('',(-1.12534277549084,-0.229081536889973,-9.39294919653037));
#5397=CARTESIAN_POINT('',(-1.12534277549084,-0.229081536889973,-7.61865808061689));
#5398=CARTESIAN_POINT('',(-1.12534277549084,-0.301081536889973,-7.61865808061689));
#5399=CARTESIAN_POINT('',(-1.05334277549084,-0.229081536889973,-7.61865808061689));
#5400=CARTESIAN_POINT('',(-1.05334277549084,-0.229081536889973,-9.39294919653037));
#5401=CARTESIAN_POINT('',(-1.05334277549084,-0.229081536889973,-9.16667502655068));
#5402=CARTESIAN_POINT('',(-1.12534277549084,-0.229081536889973,-9.16667502655068));
#5403=CARTESIAN_POINT('',(-1.12534277549084,-0.301081536889973,-9.16667502655068));
#5404=CARTESIAN_POINT('',(-1.12534277549084,-0.301081536889973,-1.24475718811099E-16));
#5405=CARTESIAN_POINT('',(-1.27512990777884E-17,-0.301081536889973,8.50708984542292E-19));
#5406=CARTESIAN_POINT('',(-1.96510592383223E-16,-0.301081536889973,-7.61865808061689));
#5407=CARTESIAN_POINT('',(-1.77,-0.301081536889973,-7.61865808061689));
#5408=CARTESIAN_POINT('',(-2.33848204466557E-16,-0.301081536889973,-9.16667502655068));
#5409=CARTESIAN_POINT('',(-1.77,-0.301081536889973,-9.16667502655068));
#5410=CARTESIAN_POINT('',(-1.77,-0.301081536889973,-7.61865808061689));
#5411=CARTESIAN_POINT('',(0.,0.0808677042909433,-10.4));
#5412=CARTESIAN_POINT('',(-1.1835,-0.781081536889973,-10.4));
#5413=CARTESIAN_POINT('',(-1.1835,-0.394581536889972,-10.4));
#5414=CARTESIAN_POINT('',(-1.1835,-0.527581536889974,-10.4));
#5415=CARTESIAN_POINT('',(-1.57,-0.527581536889974,-10.4));
#5416=CARTESIAN_POINT('',(-1.3165,-0.527581536889974,-10.4));
#5417=CARTESIAN_POINT('',(-1.3165,-0.141081536889973,-10.4));
#5418=CARTESIAN_POINT('',(-1.3165,-0.394581536889972,-10.4));
#5419=CARTESIAN_POINT('',(-0.93,-0.394581536889972,-10.4));
#5420=CARTESIAN_POINT('',(-1.3165,0.0808677042909433,-10.4));
#5421=CARTESIAN_POINT('',(-1.47498308039364,-0.236098456496333,-10.2415169196064));
#5422=CARTESIAN_POINT('',(-1.57,-0.141081536889973,-10.1465));
#5423=CARTESIAN_POINT('',(-1.11368358627303,-0.324765123163001,-10.602816413727));
#5424=CARTESIAN_POINT('',(-1.57,-0.781081536889973,-10.1465));
#5425=CARTESIAN_POINT('',(-1.57,-0.781081536889973,-10.1465));
#5426=CARTESIAN_POINT('',(-1.77,-0.781081536889973,-9.39294919653037));
#5427=CARTESIAN_POINT('',(-1.77,-0.781081536889973,-9.39294919653037));
#5428=CARTESIAN_POINT('',(-1.575,-0.781081536889973,-9.39294919653037));
#5429=CARTESIAN_POINT('',(-1.57,-0.781081536889973,-9.39294919653037));
#5430=CARTESIAN_POINT('',(-1.575,-0.781081536889973,-9.39294919653037));
#5431=CARTESIAN_POINT('',(-1.575,-0.141081536889973,-9.39294919653037));
#5432=CARTESIAN_POINT('',(-1.77,-0.141081536889973,-9.39294919653037));
#5433=CARTESIAN_POINT('',(-1.57,-0.141081536889973,-9.39294919653037));
#5434=CARTESIAN_POINT('',(-1.57,-0.781081536889973,-9.39294919653037));
#5435=CARTESIAN_POINT('',(-1.575,-0.781081536889973,-9.39294919653037));
#5436=CARTESIAN_POINT('',(-1.80127416997969,-0.861081536889972,-9.16667502655068));
#5437=CARTESIAN_POINT('',(-1.74891168824543,-0.626863325585581,-9.21903750828494));
#5438=CARTESIAN_POINT('',(-1.74891168824543,-0.781081536889973,-9.21903750828494));
#5439=CARTESIAN_POINT('',(-1.74891168824543,-0.295299748194365,-9.21903750828494));
#5440=CARTESIAN_POINT('',(-1.80127416997969,-0.0610815368899742,-9.16667502655068));
#5441=CARTESIAN_POINT('',(-1.698,-0.861081536889972,-9.16812582003951));
#5442=CARTESIAN_POINT('',(-1.74891168824543,-0.295299748194365,-9.21903750828494));
#5443=CARTESIAN_POINT('',(-1.76226859995464,-0.298285856923931,-9.20568059657574));
#5444=CARTESIAN_POINT('',(-1.77,-0.300961470796944,-9.18726220629034));
#5445=CARTESIAN_POINT('',(-1.77,-0.301077151846273,-9.16812582003951));
#5446=CARTESIAN_POINT('',(-1.77,-0.301077151846273,-9.16812582003951));
#5447=CARTESIAN_POINT('',(-1.77,-0.621085921933673,-9.16812582003951));
#5448=CARTESIAN_POINT('',(-1.77,-0.621201549634796,-9.1872533812332));
#5449=CARTESIAN_POINT('',(-1.76226305841836,-0.623878455737445,-9.20568613811203));
#5450=CARTESIAN_POINT('',(-1.74891168824544,-0.626863325585582,-9.21903750828495));
#5451=CARTESIAN_POINT('',(-1.77,-0.621085921933673,-9.16812582003951));
#5452=CARTESIAN_POINT('',(-1.77,-0.861081536889972,-9.16812582003951));
#5453=CARTESIAN_POINT('',(-1.12534277549084,-0.693081536889973,-7.3923839106372));
#5454=CARTESIAN_POINT('',(-1.12534277549084,-0.693081536889973,-7.61865808061689));
#5455=CARTESIAN_POINT('',(-1.05334277549084,-0.693081536889973,-7.61865808061689));
#5456=CARTESIAN_POINT('',(-1.12534277549084,-0.621081536889973,-7.61865808061689));
#5457=CARTESIAN_POINT('',(-1.12534277549084,-0.621081536889973,0.));
#5458=CARTESIAN_POINT('',(-1.12534277549084,-0.621081536889973,-9.16667502655068));
#5459=CARTESIAN_POINT('',(-1.12534277549084,-0.693081536889973,-9.16667502655068));
#5460=CARTESIAN_POINT('',(-1.05334277549084,-0.693081536889973,-9.16667502655068));
#5461=CARTESIAN_POINT('',(-1.05334277549084,-0.693081536889973,-7.3923839106372));
#5462=CARTESIAN_POINT('',(1.05215304935429E-16,-0.621081536889973,0.));
#5463=CARTESIAN_POINT('',(1.05215304935429E-16,-0.621081536889973,-9.16667502655068));
#5464=CARTESIAN_POINT('',(-1.77,-0.621081536889973,-9.16667502655068));
#5465=CARTESIAN_POINT('',(1.05215304935429E-16,-0.621081536889973,-7.61865808061689));
#5466=CARTESIAN_POINT('',(-1.77,-0.621081536889973,-7.61865808061689));
#5467=CARTESIAN_POINT('',(-1.77,-0.621081536889973,-9.16667502655068));
#5468=CARTESIAN_POINT('',(-1.77,-0.861081536889972,-9.16667502655068));
#5469=CARTESIAN_POINT('',(-1.77,-0.861081536889972,-7.61865808061689));
#5470=CARTESIAN_POINT('',(-1.77,-0.621085921933673,-7.61720728712806));
#5471=CARTESIAN_POINT('',(-1.77,-0.861081536889972,-7.61720728712806));
#5472=CARTESIAN_POINT('',(-1.77,-0.301077151846273,-7.61720728712806));
#5473=CARTESIAN_POINT('',(-1.77,-0.0610815368899741,-7.61865808061689));
#5474=CARTESIAN_POINT('',(-1.77,-0.0610815368899742,-9.16667502655068));
#5475=CARTESIAN_POINT('',(-1.77,-0.861081536889972,-9.16667502655068));
#5476=CARTESIAN_POINT('',(-1.698,-0.861081536889972,-7.61720728712806));
#5477=CARTESIAN_POINT('',(-1.74891168824543,-0.626863325585581,-7.56629559888263));
#5478=CARTESIAN_POINT('',(-1.76226859995464,-0.623877216856015,-7.57965251059184));
#5479=CARTESIAN_POINT('',(-1.77,-0.621201602983002,-7.59807090087723));
#5480=CARTESIAN_POINT('',(-1.77,-0.621085921933673,-7.61720728712806));
#5481=CARTESIAN_POINT('',(-1.74891168824543,-0.626863325585581,-7.56629559888263));
#5482=CARTESIAN_POINT('',(-1.74891168824543,-0.141081536889973,-7.56629559888263));
#5483=CARTESIAN_POINT('',(-1.74891168824543,-0.295299748194365,-7.56629559888263));
#5484=CARTESIAN_POINT('',(-1.77,-0.301077151846273,-7.61720728712806));
#5485=CARTESIAN_POINT('',(-1.77,-0.30096152414515,-7.59807972593437));
#5486=CARTESIAN_POINT('',(-1.76226305841836,-0.298284618042501,-7.57964696905554));
#5487=CARTESIAN_POINT('',(-1.74891168824544,-0.295299748194364,-7.56629559888262));
#5488=CARTESIAN_POINT('',(-1.575,-0.141081536889973,-7.3923839106372));
#5489=CARTESIAN_POINT('',(-1.8012741699797,-0.0610815368899742,-7.61865808061689));
#5490=CARTESIAN_POINT('',(-1.575,-0.141081536889972,-7.3923839106372));
#5491=CARTESIAN_POINT('',(-1.80127416997969,-0.861081536889972,-7.61865808061689));
#5492=CARTESIAN_POINT('',(-1.575,-0.781081536889973,-7.3923839106372));
#5493=CARTESIAN_POINT('',(-1.575,-0.141081536889973,-7.3923839106372));
#5494=CARTESIAN_POINT('',(-1.77,-0.141081536889973,-7.3923839106372));
#5495=CARTESIAN_POINT('',(-1.77,-0.141081536889972,-7.3923839106372));
#5496=CARTESIAN_POINT('',(-1.57,-0.141081536889972,-7.3923839106372));
#5497=CARTESIAN_POINT('',(-1.77,-0.781081536889973,-7.3923839106372));
#5498=CARTESIAN_POINT('',(-1.57,-0.781081536889973,-7.3923839106372));
#5499=CARTESIAN_POINT('',(-1.57,-0.141081536889973,-7.3923839106372));
#5500=CARTESIAN_POINT('',(-1.57,-0.0610815368899742,-7.61865808061689));
#5501=CARTESIAN_POINT('',(-1.57,-0.141081536889973,-7.3923839106372));
#5502=CARTESIAN_POINT('',(-1.12534277549084,-0.141081536889973,-7.3923839106372));
#5503=CARTESIAN_POINT('',(-1.12534277549084,-0.0610815368899742,-7.61865808061689));
#5504=CARTESIAN_POINT('',(-1.12534277549084,-0.0610815368899742,-7.61865808061689));
#5505=CARTESIAN_POINT('',(-1.05334277549084,-0.141081536889972,-7.47092859811594));
#5506=CARTESIAN_POINT('',(-1.05334277549084,-0.141081536889972,-7.43109310447449));
#5507=CARTESIAN_POINT('',(-1.08537456603236,-0.141081536889973,-7.39238391063718));
#5508=CARTESIAN_POINT('',(-1.12534277549084,-0.141081536889973,-7.39238391063718));
#5509=CARTESIAN_POINT('',(-1.05334277549084,-0.141081536889973,-7.47092859811594));
#5510=CARTESIAN_POINT('',(-1.05334277549084,-0.0610815368899742,-7.61865808061689));
#5511=CARTESIAN_POINT('',(-1.05334277549084,-0.301081536889973,-9.39294919653037));
#5512=CARTESIAN_POINT('',(-1.05334277549084,-0.141081536889973,-9.39294919653037));
#5513=CARTESIAN_POINT('',(-1.05334277549084,-0.141081536889973,-9.31440450905163));
#5514=CARTESIAN_POINT('',(-1.05334277549084,-0.0610815368899742,-9.16667502655068));
#5515=CARTESIAN_POINT('',(-1.12534277549084,-0.0610815368899742,-9.16667502655068));
#5516=CARTESIAN_POINT('',(-1.12534277549084,-0.141081536889973,-9.39294919653037));
#5517=CARTESIAN_POINT('',(-1.08545010602987,-0.141081536889973,-9.39294919653037));
#5518=CARTESIAN_POINT('',(-1.05334277548584,-0.141081536889973,-9.3541993617861));
#5519=CARTESIAN_POINT('',(-1.05334277548517,-0.141081536889973,-9.31440450905321));
#5520=CARTESIAN_POINT('',(-1.12534277549084,-0.141081536889973,-9.39294919653037));
#5521=CARTESIAN_POINT('',(-1.12534277549084,-0.0610815368899742,-9.16667502655068));
#5522=CARTESIAN_POINT('',(-1.57,-0.0610815368899742,-9.16667502655068));
#5523=CARTESIAN_POINT('',(-1.57,-0.141081536889973,-9.39294919653037));
#5524=CARTESIAN_POINT('',(-2.01360586013646E-17,-0.394581536889972,-10.4));
#5525=CARTESIAN_POINT('',(-1.57,-0.141081536889973,-10.1465));
#5526=CARTESIAN_POINT('',(-0.93,-0.141081536889973,-10.1465));
#5527=CARTESIAN_POINT('',(-0.788999999999999,-8.15368899717995E-5,-10.0055));
#5528=CARTESIAN_POINT('',(-1.1835,0.0808677042909435,-10.4));
#5529=CARTESIAN_POINT('',(-0.93,-0.141081536889973,-10.1465));
#5530=CARTESIAN_POINT('',(-0.93,-0.781081536889973,-10.1465));
#5531=CARTESIAN_POINT('',(-1.38631641372697,-0.324765123163001,-10.602816413727));
#5532=CARTESIAN_POINT('',(-1.03075310802423E-16,-0.527581536889974,-10.4));
#5533=CARTESIAN_POINT('',(-0.93,-0.781081536889973,-10.1465));
#5534=CARTESIAN_POINT('',(-1.57,-0.781081536889973,-10.4));
#5535=CARTESIAN_POINT('',(-1.57,-0.141081536889973,-10.4));
#5536=CARTESIAN_POINT('',(-1.57,-0.781081536889973,-10.4));
#5537=CARTESIAN_POINT('',(-1.57,-0.861081536889972,-9.16667502655068));
#5538=CARTESIAN_POINT('',(-1.57,-0.781081536889973,-9.39294919653037));
#5539=CARTESIAN_POINT('',(-1.12534277549084,-0.781081536889973,-9.39294919653037));
#5540=CARTESIAN_POINT('',(-1.12534277549084,-0.861081536889972,-9.16667502655068));
#5541=CARTESIAN_POINT('',(-1.12534277549084,-0.861081536889972,-9.16667502655068));
#5542=CARTESIAN_POINT('',(-1.05334277549084,-0.781081536889974,-9.31440450905163));
#5543=CARTESIAN_POINT('',(-1.05334277549084,-0.781081536889974,-9.35424000269309));
#5544=CARTESIAN_POINT('',(-1.08537456603236,-0.781081536889973,-9.39294919653039));
#5545=CARTESIAN_POINT('',(-1.12534277549084,-0.781081536889973,-9.39294919653039));
#5546=CARTESIAN_POINT('',(-1.05334277549084,-0.781081536889973,-9.31440450905163));
#5547=CARTESIAN_POINT('',(-1.05334277549084,-0.861081536889972,-9.16667502655068));
#5548=CARTESIAN_POINT('',(-1.05334277549084,-0.621081536889973,-7.3923839106372));
#5549=CARTESIAN_POINT('',(-1.05334277549084,-0.781081536889973,-7.3923839106372));
#5550=CARTESIAN_POINT('',(-1.05334277549084,-0.781081536889973,-7.47092859811594));
#5551=CARTESIAN_POINT('',(-1.05334277549084,-0.861081536889972,-7.61865808061689));
#5552=CARTESIAN_POINT('',(-1.12534277549084,-0.861081536889972,-7.61865808061689));
#5553=CARTESIAN_POINT('',(-1.12534277549084,-0.781081536889973,-7.3923839106372));
#5554=CARTESIAN_POINT('',(-1.08545010602986,-0.781081536889973,-7.3923839106372));
#5555=CARTESIAN_POINT('',(-1.05334277548584,-0.781081536889973,-7.43113374538147));
#5556=CARTESIAN_POINT('',(-1.05334277548517,-0.781081536889973,-7.47092859811437));
#5557=CARTESIAN_POINT('',(-1.12534277549084,-0.781081536889973,-7.3923839106372));
#5558=CARTESIAN_POINT('',(-1.12534277549084,-0.861081536889972,-7.61865808061689));
#5559=CARTESIAN_POINT('',(-1.57,-0.861081536889972,-7.61865808061689));
#5560=CARTESIAN_POINT('',(-1.57,-0.781081536889973,-7.3923839106372));
#5561=CARTESIAN_POINT('',(-0.93,-0.781081536889973,-10.4));
#5562=CARTESIAN_POINT('',(-0.93,-0.781081536889973,-10.4));
#5563=CARTESIAN_POINT('',(-1.57,-0.781081536889973,-10.4));
#5564=CARTESIAN_POINT('',(-0.93,-0.141081536889973,-10.4));
#5565=CARTESIAN_POINT('',(-0.93,-0.141081536889973,-10.4));
#5566=CARTESIAN_POINT('',(-0.93,-0.141081536889973,-6.979891424968));
#5567=CARTESIAN_POINT('',(-0.93,-0.141081536889973,-6.979891424968));
#5568=CARTESIAN_POINT('',(-0.93,-0.461081536889973,-6.979891424968));
#5569=CARTESIAN_POINT('',(-0.93,-0.461081536889973,-10.4));
#5570=CARTESIAN_POINT('',(-1.57,-0.141081536889973,-10.4));
#5571=CARTESIAN_POINT('',(-1.57,-0.141081536889973,-10.4));
#5572=CARTESIAN_POINT('',(-1.57,-0.141081536889973,-6.979891424968));
#5573=CARTESIAN_POINT('',(-1.57,-0.141081536889973,-6.979891424968));
#5574=CARTESIAN_POINT('',(-1.57,-0.781081536889973,-10.4));
#5575=CARTESIAN_POINT('',(-1.57,-0.461081536889973,-10.4));
#5576=CARTESIAN_POINT('',(-1.57,-0.461081536889973,-6.979891424968));
#5577=CARTESIAN_POINT('',(-1.57,-0.781081536889973,-6.979891424968));
#5578=CARTESIAN_POINT('',(0.,0.0808677042909433,-0.211256134418027));
#5579=CARTESIAN_POINT('',(-1.3165,0.0808677042909433,-0.211256134418027));
#5580=CARTESIAN_POINT('',(-1.3165,-0.394581536889972,-0.211256134418027));
#5581=CARTESIAN_POINT('',(-1.3165,-0.527581536889974,-0.211256134418027));
#5582=CARTESIAN_POINT('',(-1.03075310802423E-16,-0.527581536889974,-0.211256134418027));
#5583=CARTESIAN_POINT('',(-1.1835,-0.527581536889974,-0.211256134418027));
#5584=CARTESIAN_POINT('',(-1.1835,0.0808677042909435,-0.211256134418027));
#5585=CARTESIAN_POINT('',(-1.1835,-0.394581536889972,-0.211256134418027));
#5586=CARTESIAN_POINT('',(-2.01360586013646E-17,-0.394581536889972,-0.211256134418027));
#5587=CARTESIAN_POINT('',(-0.93,-0.141081536889973,-0.464756134418027));
#5588=CARTESIAN_POINT('',(-1.14333333333333,-0.354414870223305,-0.251422801084694));
#5589=CARTESIAN_POINT('',(-0.93,-0.141081536889973,-0.464756134418027));
#5590=CARTESIAN_POINT('',(-1.14333333333333,-0.56774820355664,-0.251422801084693));
#5591=CARTESIAN_POINT('',(-0.93,-0.781081536889973,-0.464756134418027));
#5592=CARTESIAN_POINT('',(-0.93,-0.141081536889973,-0.464756134418027));
#5593=CARTESIAN_POINT('',(-1.57,-0.141081536889973,-0.464756134418027));
#5594=CARTESIAN_POINT('',(-1.35666666666667,-0.354414870223306,-0.251422801084693));
#5595=CARTESIAN_POINT('',(-1.57,-0.141081536889973,-0.464756134418027));
#5596=CARTESIAN_POINT('',(-1.57,-0.141081536889973,-0.464756134418027));
#5597=CARTESIAN_POINT('',(-0.93,-0.781081536889973,-0.464756134418027));
#5598=CARTESIAN_POINT('',(-1.57,-0.781081536889973,-0.464756134418027));
#5599=CARTESIAN_POINT('',(-1.57,-0.781081536889973,-0.464756134418027));
#5600=CARTESIAN_POINT('',(-0.93,-0.781081536889973,-0.464756134418027));
#5601=CARTESIAN_POINT('',(-1.57,-0.781081536889973,-0.464756134418027));
#5602=CARTESIAN_POINT('',(-1.57,-0.781081536889973,-0.464756134418027));
#5603=CARTESIAN_POINT('',(-1.57,-0.781081536889973,-10.4));
#5604=CARTESIAN_POINT('',(-1.57,-0.141081536889973,-10.4));
#5605=CARTESIAN_POINT('',(-1.57,-0.781081536889973,-10.4));
#5606=CARTESIAN_POINT('',(-0.93,-0.781081536889973,-10.4));
#5607=CARTESIAN_POINT('',(-0.93,-0.781081536889973,-10.4));
#5608=CARTESIAN_POINT('',(-1.57,-0.141081536889973,-10.4));
#5609=CARTESIAN_POINT('',(-0.93,-0.141081536889973,-10.4));
#5610=CARTESIAN_POINT('',(-0.93,-0.141081536889973,-10.4));
#5611=CARTESIAN_POINT('',(-2.25032041234632,0.538918463110027,-6.979891424968));
#5612=CARTESIAN_POINT('',(-2.25032041234632,-0.461081536889973,-6.979891424968));
#5613=CARTESIAN_POINT('',(-2.25032041234632,-0.461081536889973,-6.979891424968));
#5614=CARTESIAN_POINT('',(-7.81102506232913E-17,-0.461081536889973,0.));
#5615=CARTESIAN_POINT('',(-7.81102506232913E-17,-0.461081536889973,0.));
#5616=MECHANICAL_DESIGN_GEOMETRIC_PRESENTATION_REPRESENTATION('',(#2612,
#2613,#2614,#2615,#2616,#2617,#2618,#2619,#2620,#2621,#2622,#2623,#2624,
#2625,#2626,#2627,#2628,#2629,#2630,#2631,#2632,#2633,#2634,#2635,#2636,
#2637,#2638,#2639,#2640,#2641,#2642,#2643,#2644,#2645,#2646,#2647,#2648,
#2649,#2650,#2651,#2652,#2653,#2654,#2655,#2656,#2657,#2658,#2659,#2660,
#2661,#2662,#2663,#2664,#2665,#2666,#2667,#2668,#2669,#2670,#2671,#2672,
#2673,#2674,#2675,#2676,#2677,#2678,#2679,#2680,#2681,#2682,#2683,#2684,
#2685,#2686,#2687,#2688,#2689,#2690,#2691,#2692,#2693,#2694,#2695,#2696,
#2697,#2698,#2699,#2700,#2701,#2702,#2703,#2704,#2705,#2706,#2707,#2708,
#2709,#2710,#2711,#2712,#2713,#2714,#2715,#2716,#2717,#2718,#2719,#2720,
#2721,#2722,#2723,#2724,#2725,#2726,#2727,#2728,#2729,#2730,#2731,#2732,
#2733,#2734,#2735,#2736,#2737,#2738,#2739,#2740,#2741,#2742,#2743,#2744,
#2745,#2746,#2747,#2748,#2749,#2750,#2751,#2752,#2753,#2754,#2755,#2756,
#2757,#2758,#2759,#2760,#2761),#5617);
#5617=(
GEOMETRIC_REPRESENTATION_CONTEXT(3)
GLOBAL_UNCERTAINTY_ASSIGNED_CONTEXT((#5618))
GLOBAL_UNIT_ASSIGNED_CONTEXT((#5621,#5620,#5619))
REPRESENTATION_CONTEXT('B2B-XH-2-TV4(LF)(SN)','TOP_LEVEL_ASSEMBLY_PART')
);
#5618=UNCERTAINTY_MEASURE_WITH_UNIT(LENGTH_MEASURE(0.005),#5621,
'DISTANCE_ACCURACY_VALUE','Maximum Tolerance applied to model');
#5619=(
NAMED_UNIT(*)
SI_UNIT($,.STERADIAN.)
SOLID_ANGLE_UNIT()
);
#5620=(
NAMED_UNIT(*)
PLANE_ANGLE_UNIT()
SI_UNIT($,.RADIAN.)
);
#5621=(
LENGTH_UNIT()
NAMED_UNIT(*)
SI_UNIT(.MILLI.,.METRE.)
);
#5622=PRODUCT_DEFINITION_SHAPE('','',#5623);
#5623=PRODUCT_DEFINITION('','',#5625,#5624);
#5624=PRODUCT_DEFINITION_CONTEXT('',#5631,'design');
#5625=PRODUCT_DEFINITION_FORMATION_WITH_SPECIFIED_SOURCE('','',#5627,
 .NOT_KNOWN.);
#5626=PRODUCT_RELATED_PRODUCT_CATEGORY('','',(#5627));
#5627=PRODUCT('B2B-XH-2-TV4(LF)(SN)','B2B-XH-2-TV4(LF)(SN)',
'B2B-XH-2-TV4(LF)(SN)',(#5629));
#5628=PRODUCT_CATEGORY('','');
#5629=PRODUCT_CONTEXT('',#5631,'mechanical');
#5630=APPLICATION_PROTOCOL_DEFINITION('international standard',
'automotive_design',2010,#5631);
#5631=APPLICATION_CONTEXT(
'core data for automotive mechanical design processes');
ENDSEC;
END-ISO-10303-21;
